{"type": "FeatureCollection", "features": [{"type": "Feature", "geometry": {"type": "LineString", "coordinates": [[6.86947, 45.923807], [6.869282, 45.923867], [6.869115, 45.923907], [6.868952, 45.923962], [6.868896, 45.923964], [6.868788, 45.923992], [6.868735, 45.923997], [6.868536, 45.92398], [6.868479, 45.923986], [6.868342, 45.924016], [6.868238, 45.924099], [6.868189, 45.924148], [6.86815, 45.924154], [6.868058, 45.924182], [6.868005, 45.924189], [6.867949, 45.924165], [6.86784, 45.924153], [6.867767, 45.924163], [6.8676, 45.924204], [6.867569, 45.924216], [6.86753, 45.924394], [6.867517, 45.924453], [6.867511, 45.92448], [6.867467, 45.924668], [6.867244, 45.924713], [6.867228, 45.924728], [6.866518, 45.92492], [6.866479, 45.924986], [6.866531, 45.925136], [6.866652, 45.925367], [6.866726, 45.92558], [6.866725, 45.925642], [6.866813, 45.925734], [6.866829, 45.925938], [6.866886, 45.926242], [6.866614, 45.926068], [6.8664, 45.925975], [6.866015, 45.925912], [6.865659, 45.925886], [6.865552, 45.925865], [6.865286, 45.925796], [6.864754, 45.925688], [6.864632, 45.925645], [6.864416, 45.925605], [6.864072, 45.925513], [6.863703, 45.925438], [6.863174, 45.925274], [6.863036, 45.925261], [6.86294, 45.925241], [6.862804, 45.925228], [6.862766, 45.925218], [6.862737, 45.925202], [6.86261, 45.925207], [6.862282, 45.925247], [6.86214, 45.925252], [6.861952, 45.925236], [6.86178, 45.925175], [6.861708, 45.925178], [6.861676, 45.925186], [6.861606, 45.925219], [6.861528, 45.925271], [6.861452, 45.925334], [6.861409, 45.925369], [6.861328, 45.925395], [6.861273, 45.925422], [6.861243, 45.925426], [6.861144, 45.925424], [6.861048, 45.925413], [6.861015, 45.925343], [6.86101, 45.925464], [6.861016, 45.92551], [6.86104, 45.925551], [6.861269, 45.925794], [6.861387, 45.925931], [6.861507, 45.926041], [6.861934, 45.926591], [6.862111, 45.926739], [6.862296, 45.926923], [6.862478, 45.927146], [6.86262, 45.927346], [6.862555, 45.927389], [6.862593, 45.927571], [6.862577, 45.927848], [6.862662, 45.927965], [6.862767, 45.928063], [6.862991, 45.928187], [6.863088, 45.928424], [6.863102, 45.928459], [6.863193, 45.928516], [6.86336, 45.928652], [6.863445, 45.928754], [6.863628, 45.928875], [6.863822, 45.929017], [6.863886, 45.929107], [6.864035, 45.92923], [6.864152, 45.929397], [6.8642, 45.929591], [6.864325, 45.929673], [6.864836, 45.930121], [6.864702, 45.930294], [6.864675, 45.930388], [6.864666, 45.930459], [6.864667, 45.930528], [6.864685, 45.930586], [6.864688, 45.930632], [6.864677, 45.930683], [6.864678, 45.930723], [6.864697, 45.930764], [6.864744, 45.930799], [6.864867, 45.930853], [6.864911, 45.930861], [6.864935, 45.930873], [6.86495, 45.930893], [6.864955, 45.93093], [6.864922, 45.931119], [6.864928, 45.931144], [6.86495, 45.931175], [6.864956, 45.931208], [6.864909, 45.931351], [6.864911, 45.931378], [6.864935, 45.931402], [6.865026, 45.931431], [6.865073, 45.931457], [6.865097, 45.931485], [6.865098, 45.931669], [6.865153, 45.93179], [6.865156, 45.931834], [6.865111, 45.931893], [6.865118, 45.931923], [6.865149, 45.931947], [6.865213, 45.93198], [6.865237, 45.932014], [6.865252, 45.932069], [6.865255, 45.932116], [6.865274, 45.932158], [6.865303, 45.932191], [6.865384, 45.932255], [6.865398, 45.932299], [6.865383, 45.932423], [6.865346, 45.932487], [6.865348, 45.932511], [6.865362, 45.932526], [6.865424, 45.932562], [6.865477, 45.932614], [6.865565, 45.932676], [6.865577, 45.932694], [6.86558, 45.932719], [6.865527, 45.932792], [6.865518, 45.93283], [6.86553, 45.932937], [6.865564, 45.933017], [6.865567, 45.933045], [6.865547, 45.933073], [6.865384, 45.933221], [6.865342, 45.933309], [6.865321, 45.933337], [6.865215, 45.933417], [6.865086, 45.933535], [6.865009, 45.933587], [6.864986, 45.933614], [6.864962, 45.933674], [6.864942, 45.933687], [6.86493, 45.933681], [6.864916, 45.933641], [6.864921, 45.933611], [6.865063, 45.933327], [6.8651, 45.933162], [6.865144, 45.933011], [6.865036, 45.93291], [6.8648, 45.93277], [6.864661, 45.932627], [6.864449, 45.932569], [6.864086, 45.932419], [6.86395, 45.932173], [6.863827, 45.932081], [6.863601, 45.932049], [6.863558, 45.931873], [6.863416, 45.931762], [6.863355, 45.931655], [6.863176, 45.931577], [6.862907, 45.931496], [6.862829, 45.931084], [6.86241, 45.931002], [6.862094, 45.930853], [6.861396, 45.930856], [6.86064, 45.93067], [6.860318, 45.930629], [6.860023, 45.930651], [6.859744, 45.93064], [6.859444, 45.930491], [6.85916, 45.930515], [6.858577, 45.930599], [6.858222, 45.930666], [6.858089, 45.930602], [6.857903, 45.930471], [6.857694, 45.930425], [6.857578, 45.93035], [6.857509, 45.930326], [6.857445, 45.930285], [6.857385, 45.930227], [6.857348, 45.930182], [6.857279, 45.930042], [6.857237, 45.930011], [6.857147, 45.930015], [6.856949, 45.930047], [6.856851, 45.930049], [6.856788, 45.93004], [6.856723, 45.930039], [6.856556, 45.930054], [6.856515, 45.930065], [6.856399, 45.930076], [6.856341, 45.930076], [6.856235, 45.930064], [6.855895, 45.930005], [6.855799, 45.929979], [6.855707, 45.929944], [6.855646, 45.929911], [6.855584, 45.929866], [6.855528, 45.929804], [6.855505, 45.929792], [6.85548, 45.929791], [6.855461, 45.9298], [6.855441, 45.929814], [6.855408, 45.929868], [6.855309, 45.929972], [6.855269, 45.930078], [6.854958, 45.930249], [6.854832, 45.93029], [6.854658, 45.93033], [6.854561, 45.930331], [6.854281, 45.930487], [6.854089, 45.930576], [6.853885, 45.93058], [6.85366, 45.930502], [6.853607, 45.930552], [6.853601, 45.930616], [6.853472, 45.930653], [6.853275, 45.930769], [6.853096, 45.930798], [6.852399, 45.930998], [6.852251, 45.931079], [6.852042, 45.931097], [6.851848, 45.93115], [6.851754, 45.931156], [6.851438, 45.931113], [6.851268, 45.931119], [6.850995, 45.931209], [6.850852, 45.931225], [6.850756, 45.931182], [6.850656, 45.931169], [6.850609, 45.931128], [6.850543, 45.9311], [6.850499, 45.931087], [6.850399, 45.931085], [6.850253, 45.930996], [6.850169, 45.930996], [6.849807, 45.930918], [6.849713, 45.930931], [6.849623, 45.930877], [6.849519, 45.930841], [6.849502, 45.930808], [6.849459, 45.930797], [6.849446, 45.930847], [6.849478, 45.931017], [6.84956, 45.931175], [6.849726, 45.931349], [6.84986, 45.931601], [6.849894, 45.93165], [6.849901, 45.931677], [6.849884, 45.931702], [6.849858, 45.93171], [6.849788, 45.931693], [6.849581, 45.931586], [6.849231, 45.931436], [6.849103, 45.93143], [6.849005, 45.931399], [6.848975, 45.931368], [6.848919, 45.931369], [6.848876, 45.931303], [6.848822, 45.931281], [6.848765, 45.93121], [6.848765, 45.931198], [6.848742, 45.931178], [6.848665, 45.931173], [6.848607, 45.931135], [6.848563, 45.931132], [6.848631, 45.931445], [6.848662, 45.931487], [6.848702, 45.931564], [6.848732, 45.931596], [6.848751, 45.931629], [6.848746, 45.931693], [6.848763, 45.931801], [6.848789, 45.931814], [6.848806, 45.931866], [6.848844, 45.9319], [6.848862, 45.931942], [6.848856, 45.932016], [6.848892, 45.932095], [6.848878, 45.932172], [6.848877, 45.932235], [6.848892, 45.932418], [6.848876, 45.932506], [6.8489, 45.932576], [6.848905, 45.932648], [6.848893, 45.932668], [6.848875, 45.932681], [6.848846, 45.93268], [6.848784, 45.932586], [6.848735, 45.932543], [6.848706, 45.932536], [6.848665, 45.93249], [6.848525, 45.932396], [6.848478, 45.932375], [6.848452, 45.932304], [6.8484, 45.932292], [6.848318, 45.932254], [6.848288, 45.932246], [6.848263, 45.932198], [6.848122, 45.93213], [6.848022, 45.932043], [6.847918, 45.931935], [6.847865, 45.93186], [6.847782, 45.93182], [6.847772, 45.931828], [6.847763, 45.931836], [6.847775, 45.931861], [6.84776, 45.931898], [6.847762, 45.93195], [6.847794, 45.932082], [6.847782, 45.932154], [6.847789, 45.932252], [6.847825, 45.932405], [6.847831, 45.932527], [6.847824, 45.93257], [6.847872, 45.932779], [6.847936, 45.93286], [6.84802, 45.932939], [6.848116, 45.93305], [6.848131, 45.933117], [6.848175, 45.933229], [6.848363, 45.933309], [6.848447, 45.933365], [6.848609, 45.933521], [6.848689, 45.933572], [6.84885, 45.933642], [6.848933, 45.933669], [6.849112, 45.933712], [6.849261, 45.933778], [6.849323, 45.933796], [6.849362, 45.933799], [6.849399, 45.933794], [6.849503, 45.933764], [6.849613, 45.933745], [6.849637, 45.933749], [6.849644, 45.933758], [6.849641, 45.93379], [6.849454, 45.933907], [6.849403, 45.933947], [6.849318, 45.933981], [6.849146, 45.934002], [6.848965, 45.934005], [6.848928, 45.934016], [6.848903, 45.934031], [6.848898, 45.934047], [6.848903, 45.934031], [6.848928, 45.934016], [6.848965, 45.934005], [6.849146, 45.934002], [6.849318, 45.933981], [6.849403, 45.933947], [6.849454, 45.933907], [6.849641, 45.93379], [6.849644, 45.933758], [6.849637, 45.933749], [6.849613, 45.933745], [6.849503, 45.933764], [6.849399, 45.933794], [6.849362, 45.933799], [6.849323, 45.933796], [6.849261, 45.933778], [6.849112, 45.933712], [6.848933, 45.933669], [6.84885, 45.933642], [6.848689, 45.933572], [6.848609, 45.933521], [6.848447, 45.933365], [6.848363, 45.933309], [6.848175, 45.933229], [6.848131, 45.933117], [6.848116, 45.93305], [6.84802, 45.932939], [6.847936, 45.93286], [6.847872, 45.932779], [6.847824, 45.93257], [6.847831, 45.932527], [6.847825, 45.932405], [6.847789, 45.932252], [6.847782, 45.932154], [6.847794, 45.932082], [6.847762, 45.93195], [6.84776, 45.931898], [6.847775, 45.931861], [6.847763, 45.931836], [6.847772, 45.931828], [6.847782, 45.93182], [6.847865, 45.93186], [6.847918, 45.931935], [6.848022, 45.932043], [6.848122, 45.93213], [6.848263, 45.932198], [6.848288, 45.932246], [6.848318, 45.932254], [6.8484, 45.932292], [6.848452, 45.932304], [6.848478, 45.932375], [6.848525, 45.932396], [6.848665, 45.93249], [6.848706, 45.932536], [6.848735, 45.932543], [6.848784, 45.932586], [6.848846, 45.93268], [6.848875, 45.932681], [6.848893, 45.932668], [6.848905, 45.932648], [6.8489, 45.932576], [6.848876, 45.932506], [6.848892, 45.932418], [6.848877, 45.932235], [6.848878, 45.932172], [6.848892, 45.932095], [6.848856, 45.932016], [6.848862, 45.931942], [6.848844, 45.9319], [6.848806, 45.931866], [6.848789, 45.931814], [6.848763, 45.931801], [6.848746, 45.931693], [6.848751, 45.931629], [6.848732, 45.931596], [6.848702, 45.931564], [6.848662, 45.931487], [6.848631, 45.931445], [6.848563, 45.931132], [6.848607, 45.931135], [6.848665, 45.931173], [6.848742, 45.931178], [6.848765, 45.931198], [6.848765, 45.93121], [6.848822, 45.931281], [6.848876, 45.931303], [6.848919, 45.931369], [6.848975, 45.931368], [6.849005, 45.931399], [6.849103, 45.93143], [6.849231, 45.931436], [6.849581, 45.931586], [6.849788, 45.931693], [6.849858, 45.93171], [6.849884, 45.931702], [6.849901, 45.931677], [6.849894, 45.93165], [6.84986, 45.931601], [6.849726, 45.931349], [6.84956, 45.931175], [6.849478, 45.931017], [6.849446, 45.930847], [6.849459, 45.930797], [6.849502, 45.930808], [6.849519, 45.930841], [6.849623, 45.930877], [6.849713, 45.930931], [6.849807, 45.930918], [6.850169, 45.930996], [6.850253, 45.930996], [6.850399, 45.931085], [6.850499, 45.931087], [6.850543, 45.9311], [6.850609, 45.931128], [6.850656, 45.931169], [6.850756, 45.931182], [6.850852, 45.931225], [6.850995, 45.931209], [6.851268, 45.931119], [6.851438, 45.931113], [6.851754, 45.931156], [6.851848, 45.93115], [6.852042, 45.931097], [6.852251, 45.931079], [6.852399, 45.930998], [6.853096, 45.930798], [6.853275, 45.930769], [6.853472, 45.930653], [6.853601, 45.930616], [6.853607, 45.930552], [6.85366, 45.930502], [6.853885, 45.93058], [6.854089, 45.930576], [6.854281, 45.930487], [6.854561, 45.930331], [6.854658, 45.93033], [6.854832, 45.93029], [6.854958, 45.930249], [6.855269, 45.930078], [6.855309, 45.929972], [6.855408, 45.929868], [6.855441, 45.929814], [6.855461, 45.9298], [6.85548, 45.929791], [6.855505, 45.929792], [6.855528, 45.929804], [6.855584, 45.929866], [6.855646, 45.929911], [6.855707, 45.929944], [6.855799, 45.929979], [6.855895, 45.930005], [6.856235, 45.930064], [6.856341, 45.930076], [6.856399, 45.930076], [6.856515, 45.930065], [6.856556, 45.930054], [6.856723, 45.930039], [6.856788, 45.93004], [6.856851, 45.930049], [6.856949, 45.930047], [6.857147, 45.930015], [6.857237, 45.930011], [6.857279, 45.930042], [6.857348, 45.930182], [6.857385, 45.930227], [6.857445, 45.930285], [6.857509, 45.930326], [6.857578, 45.93035], [6.857694, 45.930425], [6.857903, 45.930471], [6.858089, 45.930602], [6.858222, 45.930666], [6.858577, 45.930599], [6.85916, 45.930515], [6.859444, 45.930491], [6.859744, 45.93064], [6.860023, 45.930651], [6.860318, 45.930629], [6.86064, 45.93067], [6.861396, 45.930856], [6.862094, 45.930853], [6.86241, 45.931002], [6.862829, 45.931084], [6.862907, 45.931496], [6.863176, 45.931577], [6.863355, 45.931655], [6.863416, 45.931762], [6.863558, 45.931873], [6.863601, 45.932049], [6.863827, 45.932081], [6.86395, 45.932173], [6.864086, 45.932419], [6.864449, 45.932569], [6.864661, 45.932627], [6.8648, 45.93277], [6.865036, 45.93291], [6.865144, 45.933011], [6.8651, 45.933162], [6.865063, 45.933327], [6.864921, 45.933611], [6.864916, 45.933641], [6.86493, 45.933681], [6.864942, 45.933687], [6.86494, 45.933702], [6.86491, 45.933733], [6.864838, 45.933788], [6.864771, 45.933851], [6.864699, 45.93394], [6.864525, 45.934104], [6.864466, 45.934233], [6.864386, 45.934357], [6.864354, 45.93444], [6.864284, 45.934513], [6.864248, 45.934565], [6.864184, 45.934603], [6.864161, 45.934633], [6.864167, 45.934662], [6.864191, 45.93468], [6.864338, 45.934726], [6.864372, 45.934743], [6.864417, 45.934785], [6.864478, 45.934827], [6.864608, 45.934852], [6.864771, 45.934936], [6.864966, 45.935072], [6.865015, 45.935138], [6.865131, 45.935189], [6.865176, 45.935218], [6.865229, 45.935299], [6.865303, 45.935337], [6.865324, 45.935339], [6.865408, 45.935333], [6.865532, 45.935369], [6.86561, 45.935377], [6.865671, 45.935401], [6.865839, 45.935474], [6.865945, 45.935557], [6.866021, 45.935603], [6.866241, 45.935716], [6.866295, 45.935734], [6.866481, 45.935764], [6.866579, 45.935791], [6.866725, 45.935815], [6.866869, 45.935821], [6.866902, 45.935828], [6.866948, 45.935864], [6.867062, 45.936025], [6.867069, 45.93608], [6.86711, 45.936157], [6.867244, 45.936268], [6.867254, 45.936291], [6.867254, 45.936316], [6.867235, 45.936338], [6.867058, 45.93643], [6.866876, 45.936513], [6.866844, 45.936522], [6.866821, 45.936522], [6.866768, 45.936511], [6.866733, 45.93651], [6.866612, 45.936527], [6.866397, 45.936601], [6.866113, 45.936726], [6.865978, 45.936832], [6.865868, 45.936995], [6.86575, 45.9371], [6.865724, 45.937134], [6.865702, 45.937202], [6.865671, 45.937235], [6.86563, 45.937255], [6.865547, 45.937271], [6.865495, 45.937291], [6.865449, 45.937319], [6.865302, 45.937441], [6.86526, 45.937464], [6.865165, 45.937567], [6.865086, 45.937721], [6.865023, 45.937822], [6.864965, 45.937895], [6.864853, 45.938129], [6.864812, 45.938243], [6.864767, 45.938479], [6.864784, 45.93854], [6.864858, 45.9387], [6.864893, 45.938756], [6.864926, 45.938775], [6.864962, 45.938809], [6.864992, 45.938858], [6.865008, 45.93895], [6.864998, 45.938972], [6.864975, 45.938996], [6.864855, 45.939086], [6.864784, 45.939193], [6.864739, 45.939222], [6.864682, 45.939241], [6.864661, 45.939268], [6.864666, 45.939301], [6.864696, 45.939332], [6.864751, 45.939366], [6.864766, 45.939393], [6.864775, 45.939423], [6.864763, 45.939465], [6.86476, 45.93952], [6.864812, 45.939659], [6.864813, 45.939684], [6.864702, 45.939835], [6.864655, 45.93987], [6.864625, 45.939907], [6.864531, 45.940097], [6.864453, 45.94018], [6.864421, 45.940194], [6.864348, 45.940197], [6.864327, 45.940208], [6.864297, 45.940236], [6.864285, 45.94027], [6.864288, 45.940305], [6.864315, 45.940337], [6.864383, 45.940373], [6.864471, 45.940384], [6.864613, 45.940379], [6.864668, 45.940383], [6.864739, 45.9404], [6.864798, 45.940425], [6.86485, 45.940434], [6.864879, 45.940447], [6.864958, 45.940552], [6.864969, 45.94059], [6.864958, 45.940613], [6.86491, 45.940669], [6.864909, 45.940706], [6.86492, 45.940739], [6.864936, 45.940758], [6.864968, 45.94077], [6.865044, 45.94077], [6.865115, 45.940801], [6.865155, 45.94081], [6.865199, 45.940809], [6.865264, 45.940826], [6.865341, 45.940831], [6.86542, 45.940849], [6.865476, 45.940875], [6.865564, 45.9409], [6.865613, 45.940901], [6.865745, 45.940884], [6.865925, 45.940941], [6.866009, 45.94096], [6.866062, 45.940985], [6.866094, 45.941009], [6.86621, 45.941054], [6.86627, 45.941064], [6.866406, 45.941102], [6.866517, 45.94114], [6.866635, 45.941165], [6.866711, 45.941174], [6.86687, 45.941177], [6.866952, 45.941186], [6.867182, 45.94124], [6.867242, 45.941249], [6.867297, 45.941238], [6.867324, 45.941216], [6.867321, 45.941196], [6.867298, 45.941179], [6.867172, 45.941134], [6.866953, 45.94103], [6.866752, 45.940956], [6.866652, 45.940911], [6.866553, 45.940854], [6.866498, 45.940809], [6.866435, 45.940744], [6.866312, 45.940605], [6.866255, 45.940567], [6.866182, 45.940553], [6.865931, 45.940524], [6.865718, 45.94048], [6.865406, 45.940341], [6.86535, 45.940236], [6.865331, 45.940115], [6.865384, 45.94001], [6.865429, 45.939989], [6.865495, 45.940005], [6.86559, 45.940093], [6.865658, 45.940133], [6.865785, 45.940143], [6.865969, 45.940128], [6.866158, 45.940102], [6.866204, 45.940074], [6.866197, 45.940033], [6.866139, 45.940006], [6.865982, 45.939953], [6.86595, 45.939901], [6.866017, 45.939807], [6.866094, 45.939784], [6.866234, 45.939803], [6.86679, 45.939969], [6.866844, 45.93997], [6.866895, 45.93996], [6.866901, 45.939915], [6.866646, 45.939667], [6.86665, 45.939625], [6.866672, 45.939592], [6.866732, 45.939585], [6.866818, 45.939608], [6.86707, 45.939693], [6.867248, 45.939702], [6.867483, 45.939684], [6.867545, 45.939666], [6.867573, 45.939629], [6.86754, 45.939584], [6.867377, 45.939485], [6.867259, 45.939346], [6.867226, 45.939278], [6.867239, 45.939207], [6.867323, 45.939079], [6.867347, 45.938914], [6.867503, 45.939024], [6.86751, 45.939104], [6.867452, 45.93918], [6.867437, 45.939274], [6.867565, 45.93932], [6.86761, 45.939379], [6.86769, 45.939424], [6.867838, 45.939449], [6.867998, 45.939436], [6.868118, 45.939437], [6.86825, 45.939448], [6.868479, 45.939416], [6.868588, 45.939434], [6.868776, 45.939491], [6.868873, 45.939503], [6.869086, 45.939501], [6.869245, 45.939547], [6.869472, 45.939564], [6.869623, 45.939553], [6.869647, 45.93956], [6.869666, 45.939578], [6.869623, 45.939582], [6.86957, 45.939605], [6.869121, 45.939691], [6.86878, 45.9397], [6.868755, 45.939709], [6.86894, 45.939755], [6.869087, 45.939783], [6.869157, 45.939787], [6.869201, 45.939773], [6.869324, 45.939772], [6.869371, 45.939785], [6.869404, 45.939804], [6.869429, 45.939799], [6.869448, 45.939806], [6.869458, 45.939822], [6.869451, 45.93984], [6.869455, 45.939864], [6.869475, 45.939917], [6.869535, 45.93999], [6.86956, 45.940069], [6.86956, 45.940163], [6.869571, 45.940222], [6.869605, 45.940273], [6.869749, 45.940438], [6.869862, 45.940504], [6.869986, 45.94062], [6.870048, 45.940665], [6.87011, 45.940699], [6.870198, 45.940729], [6.870293, 45.940748], [6.870484, 45.940811], [6.870722, 45.940932], [6.870795, 45.94098], [6.870955, 45.941106], [6.871026, 45.941142], [6.871086, 45.941164], [6.871252, 45.941183], [6.871305, 45.941201], [6.871342, 45.941223], [6.871394, 45.941301], [6.871424, 45.941328], [6.871474, 45.941351], [6.871576, 45.941377], [6.871654, 45.941428], [6.871887, 45.941465], [6.871964, 45.941467], [6.872053, 45.941481], [6.872128, 45.9415], [6.872317, 45.941529], [6.872337, 45.941523], [6.872351, 45.94151], [6.872235, 45.941448], [6.872138, 45.941365], [6.872025, 45.941311], [6.872005, 45.941293], [6.871978, 45.941234], [6.871889, 45.941119], [6.871875, 45.941085], [6.871856, 45.940961], [6.87175, 45.940845], [6.871671, 45.940634], [6.871663, 45.940591], [6.871592, 45.940469], [6.871376, 45.940157], [6.871321, 45.940096], [6.871189, 45.939973], [6.871105, 45.939862], [6.871083, 45.939774], [6.871067, 45.93951], [6.871057, 45.939471], [6.87103, 45.939423], [6.870975, 45.939284], [6.870976, 45.93923], [6.870944, 45.939096], [6.870944, 45.939065], [6.870967, 45.939008], [6.870955, 45.938959], [6.870982, 45.938903], [6.870979, 45.938838], [6.870912, 45.938695], [6.870835, 45.938556], [6.870799, 45.93845], [6.870773, 45.9384], [6.87078, 45.938389], [6.870802, 45.93839], [6.870943, 45.938511], [6.870998, 45.938552], [6.871059, 45.938583], [6.871104, 45.938616], [6.871164, 45.93868], [6.871251, 45.938754], [6.871337, 45.938852], [6.871445, 45.938934], [6.871541, 45.939021], [6.871772, 45.93918], [6.871805, 45.939197], [6.871894, 45.939203], [6.871976, 45.939221], [6.872095, 45.939231], [6.872138, 45.939242], [6.872177, 45.939262], [6.872335, 45.939317], [6.872495, 45.939346], [6.872635, 45.939391], [6.872772, 45.939439], [6.872853, 45.939474], [6.872945, 45.939529], [6.87313, 45.939615], [6.873202, 45.939671], [6.873257, 45.939703], [6.873308, 45.939721], [6.873427, 45.939737], [6.873548, 45.939767], [6.873629, 45.939795], [6.873826, 45.939884], [6.873953, 45.939934], [6.873794, 45.939779], [6.873885, 45.939799], [6.874069, 45.939904], [6.874335, 45.940025], [6.87463, 45.940255], [6.874757, 45.94034], [6.874821, 45.940409], [6.874988, 45.940482], [6.875263, 45.940646], [6.875823, 45.940923], [6.875902, 45.940971], [6.875963, 45.941], [6.876082, 45.941038], [6.876125, 45.941042], [6.876163, 45.941037], [6.876296, 45.940988], [6.876686, 45.940922], [6.877021, 45.940874], [6.877179, 45.940871], [6.877347, 45.940893], [6.877393, 45.9409], [6.877526, 45.940926], [6.877605, 45.940957], [6.877746, 45.941034], [6.877911, 45.941084], [6.877978, 45.941119], [6.87797, 45.941062], [6.877985, 45.940948], [6.878025, 45.940795], [6.878032, 45.940741], [6.877992, 45.94062], [6.877987, 45.940574], [6.877997, 45.940522], [6.878029, 45.940432], [6.87814, 45.940499], [6.87828, 45.940533], [6.878569, 45.940574], [6.878822, 45.940568], [6.878884, 45.940584], [6.879039, 45.940672], [6.87916, 45.940715], [6.879257, 45.940762], [6.879316, 45.940824], [6.879377, 45.940723], [6.879424, 45.940608], [6.879491, 45.940386], [6.879528, 45.940319], [6.879658, 45.940139], [6.879717, 45.940092], [6.879817, 45.940068], [6.879939, 45.940056], [6.880014, 45.940041], [6.880047, 45.94001], [6.880058, 45.939917], [6.880089, 45.939886], [6.88022, 45.939836], [6.880293, 45.939798], [6.880437, 45.93988], [6.880565, 45.939932], [6.880723, 45.939978], [6.880865, 45.939993], [6.880895, 45.940047], [6.881211, 45.939988], [6.881488, 45.939925], [6.881581, 45.939896], [6.881605, 45.939878], [6.881638, 45.939834], [6.88145, 45.939866], [6.881285, 45.939836], [6.881184, 45.939809], [6.880902, 45.939696], [6.880782, 45.939634], [6.880484, 45.939479], [6.880335, 45.93936], [6.880254, 45.939225], [6.880057, 45.938994], [6.879863, 45.938731], [6.879463, 45.938276], [6.879118, 45.937798], [6.878942, 45.937577], [6.878738, 45.937354], [6.878278, 45.936704], [6.878224, 45.936629], [6.87802, 45.936425], [6.877914, 45.936271], [6.877642, 45.93584], [6.87744, 45.935597], [6.877419, 45.935539], [6.877139, 45.935237], [6.876786, 45.934722], [6.876687, 45.934465], [6.876605, 45.934213], [6.876426, 45.934019], [6.87677, 45.933822], [6.876702, 45.933746], [6.876773, 45.933663], [6.877216, 45.933415], [6.877322, 45.933388], [6.877357, 45.933354], [6.877459, 45.933421], [6.877531, 45.933445], [6.877584, 45.933493], [6.877866, 45.933263], [6.87788, 45.933241], [6.877841, 45.933196], [6.877845, 45.933176], [6.877945, 45.933105], [6.878061, 45.932936], [6.878037, 45.932911], [6.878063, 45.932875], [6.877982, 45.932531], [6.877979, 45.932445], [6.878003, 45.93237], [6.882722, 45.93363], [6.886211, 45.934565], [6.888137, 45.935055], [6.888276, 45.935107], [6.888376, 45.935154], [6.888416, 45.935172], [6.888854, 45.935397], [6.889025, 45.935431], [6.889132, 45.935436], [6.889249, 45.935447], [6.889332, 45.935459], [6.889412, 45.935483], [6.889449, 45.935473], [6.889583, 45.935485], [6.889734, 45.935525], [6.889902, 45.935578], [6.890379, 45.935702], [6.890405, 45.935653], [6.890511, 45.935426], [6.890525, 45.935395], [6.89061, 45.93521], [6.890606, 45.935102], [6.890591, 45.93505], [6.890688, 45.93488], [6.890732, 45.934661], [6.890406, 45.934572], [6.890244, 45.934538], [6.890068, 45.934529], [6.889847, 45.93454], [6.889642, 45.934581], [6.889413, 45.93453], [6.889307, 45.934529], [6.889222, 45.934531], [6.889142, 45.934541], [6.888961, 45.934602], [6.888854, 45.934607], [6.888784, 45.934592], [6.888658, 45.934535], [6.888513, 45.934303], [6.888437, 45.934232], [6.888149, 45.934046], [6.888042, 45.933949], [6.887962, 45.9339], [6.88728, 45.933634], [6.887126, 45.93357], [6.88681, 45.933417], [6.886356, 45.933224], [6.88578, 45.933035], [6.885621, 45.932964], [6.885306, 45.932801], [6.885178, 45.932743], [6.88502, 45.93264], [6.884962, 45.932583], [6.88483, 45.932408], [6.884759, 45.932352], [6.884661, 45.932297], [6.884559, 45.932256], [6.884426, 45.932234], [6.884303, 45.932225], [6.884178, 45.932225], [6.883896, 45.932242], [6.88379, 45.93224], [6.883641, 45.932216], [6.883515, 45.932174], [6.883399, 45.932123], [6.883287, 45.932062], [6.883131, 45.93195], [6.882939, 45.931827], [6.882654, 45.931658], [6.88254, 45.931613], [6.882178, 45.93154], [6.881775, 45.931477], [6.881436, 45.931387], [6.88107, 45.93126], [6.880709, 45.931113], [6.880112, 45.930828], [6.879777, 45.930657], [6.879505, 45.930559], [6.87895, 45.930478], [6.878526, 45.930347], [6.878438, 45.930312], [6.878205, 45.930243], [6.878147, 45.93021], [6.87808, 45.930133], [6.877909, 45.929834], [6.877789, 45.929699], [6.877598, 45.929561], [6.877445, 45.929486], [6.877393, 45.929464], [6.876824, 45.928988], [6.876161, 45.928459], [6.875961, 45.928254], [6.875749, 45.928118], [6.875586, 45.92799], [6.87545, 45.927858], [6.875181, 45.927565], [6.875194, 45.92749], [6.875092, 45.927303], [6.875013, 45.927264], [6.87487, 45.927231], [6.874783, 45.927217], [6.874581, 45.927105], [6.874436, 45.927], [6.874349, 45.92684], [6.874294, 45.926706], [6.874102, 45.926082], [6.874105, 45.926071], [6.874128, 45.926], [6.874196, 45.925902], [6.874279, 45.925848], [6.874324, 45.925808], [6.874274, 45.925763], [6.874304, 45.925707], [6.874168, 45.925566], [6.873975, 45.925572], [6.873894, 45.9255], [6.873844, 45.925458], [6.873747, 45.925377], [6.873667, 45.925309], [6.873496, 45.925165], [6.873294, 45.924995], [6.873199, 45.925039], [6.872682, 45.925152], [6.872606, 45.92514], [6.872375, 45.925099], [6.872264, 45.924835], [6.872253, 45.924806], [6.872245, 45.924777], [6.87222, 45.924745], [6.871394, 45.924924], [6.871364, 45.924887], [6.871311, 45.924824], [6.871175, 45.924753], [6.871109, 45.924736], [6.871077, 45.924721], [6.871012, 45.924531], [6.871018, 45.9245], [6.870985, 45.924509], [6.870792, 45.924535], [6.870783, 45.92451], [6.870784, 45.924496], [6.87056, 45.923816], [6.870551, 45.923688], [6.870629, 45.923684], [6.870561, 45.923503], [6.870465, 45.923522], [6.870063, 45.923612], [6.869835, 45.923662], [6.869827, 45.923694], [6.86947, 45.923807]]}, "properties": {"heading": 0, "length_km": 15.753, "retrace": 0.316}}, {"type": "Feature", "geometry": {"type": "LineString", "coordinates": [[6.86947, 45.923807], [6.869282, 45.923867], [6.869115, 45.923907], [6.868952, 45.923962], [6.868896, 45.923964], [6.868788, 45.923992], [6.868735, 45.923997], [6.868536, 45.92398], [6.868479, 45.923986], [6.868342, 45.924016], [6.868238, 45.924099], [6.868189, 45.924148], [6.86815, 45.924154], [6.868058, 45.924182], [6.868005, 45.924189], [6.867949, 45.924165], [6.86784, 45.924153], [6.867767, 45.924163], [6.8676, 45.924204], [6.867569, 45.924216], [6.86753, 45.924394], [6.867517, 45.924453], [6.867511, 45.92448], [6.867467, 45.924668], [6.867244, 45.924713], [6.867228, 45.924728], [6.866518, 45.92492], [6.866479, 45.924986], [6.866531, 45.925136], [6.866652, 45.925367], [6.866726, 45.92558], [6.866725, 45.925642], [6.866813, 45.925734], [6.866829, 45.925938], [6.866886, 45.926242], [6.867276, 45.926579], [6.867628, 45.92697], [6.867843, 45.927227], [6.86786, 45.92727], [6.867846, 45.92737], [6.867798, 45.927452], [6.867482, 45.928226], [6.867446, 45.928249], [6.867251, 45.928288], [6.867121, 45.92835], [6.867195, 45.928397], [6.867461, 45.928529], [6.867629, 45.928565], [6.86779, 45.928588], [6.867713, 45.928754], [6.867735, 45.928851], [6.867737, 45.928976], [6.867689, 45.929047], [6.867431, 45.92908], [6.867222, 45.929147], [6.867297, 45.929196], [6.867372, 45.92939], [6.867474, 45.92955], [6.867544, 45.929722], [6.867549, 45.929909], [6.867603, 45.930162], [6.867716, 45.930405], [6.867871, 45.930957], [6.867812, 45.931173], [6.867737, 45.93133], [6.867598, 45.9313], [6.867603, 45.931491], [6.867576, 45.931688], [6.867582, 45.931856], [6.867625, 45.931987], [6.867552, 45.932024], [6.867536, 45.932097], [6.867531, 45.932124], [6.867574, 45.93226], [6.867582, 45.932408], [6.867574, 45.93274], [6.867619, 45.933037], [6.867637, 45.933076], [6.867724, 45.933169], [6.867757, 45.933216], [6.867802, 45.933325], [6.867885, 45.933486], [6.867899, 45.933592], [6.867881, 45.933672], [6.867889, 45.933705], [6.867918, 45.933731], [6.86798, 45.933859], [6.868024, 45.933918], [6.868077, 45.933964], [6.868376, 45.934305], [6.868597, 45.934515], [6.868731, 45.934672], [6.868815, 45.934805], [6.868889, 45.934966], [6.868958, 45.93506], [6.86899, 45.935116], [6.869041, 45.935288], [6.869151, 45.93554], [6.869267, 45.935741], [6.869325, 45.935801], [6.86939, 45.935855], [6.869406, 45.935882], [6.869402, 45.935914], [6.869322, 45.935952], [6.869391, 45.936067], [6.869452, 45.936318], [6.869524, 45.936473], [6.869524, 45.936509], [6.869514, 45.93654], [6.869493, 45.936572], [6.869459, 45.936599], [6.869282, 45.936675], [6.869208, 45.936713], [6.869085, 45.936793], [6.868916, 45.936922], [6.868832, 45.936973], [6.86865, 45.937146], [6.868475, 45.937295], [6.868349, 45.937459], [6.868272, 45.937654], [6.868247, 45.937749], [6.868207, 45.937953], [6.868209, 45.93811], [6.868196, 45.938136], [6.868172, 45.938155], [6.868142, 45.938168], [6.868112, 45.93817], [6.868072, 45.938163], [6.867983, 45.93813], [6.867922, 45.938096], [6.867792, 45.938006], [6.867743, 45.937961], [6.867661, 45.937854], [6.867632, 45.93783], [6.867595, 45.937819], [6.86756, 45.937817], [6.867502, 45.937836], [6.867481, 45.937857], [6.867423, 45.937976], [6.867311, 45.938137], [6.867293, 45.9382], [6.867295, 45.938237], [6.86735, 45.938367], [6.867374, 45.938462], [6.867374, 45.938623], [6.867364, 45.938787], [6.867347, 45.938914], [6.867323, 45.939079], [6.867239, 45.939207], [6.867226, 45.939278], [6.867259, 45.939346], [6.867377, 45.939485], [6.86754, 45.939584], [6.867573, 45.939629], [6.867545, 45.939666], [6.867483, 45.939684], [6.867248, 45.939702], [6.86707, 45.939693], [6.866818, 45.939608], [6.866732, 45.939585], [6.866672, 45.939592], [6.86665, 45.939625], [6.866646, 45.939667], [6.866901, 45.939915], [6.866895, 45.93996], [6.866844, 45.93997], [6.86679, 45.939969], [6.866234, 45.939803], [6.866094, 45.939784], [6.866017, 45.939807], [6.86595, 45.939901], [6.865982, 45.939953], [6.866139, 45.940006], [6.866197, 45.940033], [6.866204, 45.940074], [6.866158, 45.940102], [6.865969, 45.940128], [6.865785, 45.940143], [6.865658, 45.940133], [6.86559, 45.940093], [6.865495, 45.940005], [6.865429, 45.939989], [6.865384, 45.94001], [6.865331, 45.940115], [6.86535, 45.940236], [6.865406, 45.940341], [6.865718, 45.94048], [6.865931, 45.940524], [6.866182, 45.940553], [6.866255, 45.940567], [6.866312, 45.940605], [6.866435, 45.940744], [6.866498, 45.940809], [6.866553, 45.940854], [6.866652, 45.940911], [6.866752, 45.940956], [6.866953, 45.94103], [6.867172, 45.941134], [6.867298, 45.941179], [6.867321, 45.941196], [6.867324, 45.941216], [6.867297, 45.941238], [6.867242, 45.941249], [6.867182, 45.94124], [6.866952, 45.941186], [6.86687, 45.941177], [6.866711, 45.941174], [6.866635, 45.941165], [6.866517, 45.94114], [6.866406, 45.941102], [6.86627, 45.941064], [6.86621, 45.941054], [6.866045, 45.941044], [6.865931, 45.941052], [6.865826, 45.94108], [6.865704, 45.941123], [6.865661, 45.941157], [6.865648, 45.941191], [6.865677, 45.941217], [6.865738, 45.941228], [6.865892, 45.941218], [6.865979, 45.941218], [6.866064, 45.941245], [6.86611, 45.941274], [6.866399, 45.941522], [6.866493, 45.941577], [6.866616, 45.941623], [6.866728, 45.941647], [6.866874, 45.941692], [6.867224, 45.941889], [6.867316, 45.941915], [6.867411, 45.941932], [6.867505, 45.941936], [6.867626, 45.941921], [6.867688, 45.941923], [6.867728, 45.941938], [6.867744, 45.941959], [6.867724, 45.941992], [6.867656, 45.942017], [6.867363, 45.942091], [6.867228, 45.942104], [6.867104, 45.942097], [6.866994, 45.942076], [6.866808, 45.942008], [6.866717, 45.941995], [6.866569, 45.941999], [6.866341, 45.941988], [6.866108, 45.941991], [6.865808, 45.94204], [6.86563, 45.942027], [6.865148, 45.941917], [6.865097, 45.941909], [6.864993, 45.941908], [6.864901, 45.941917], [6.864292, 45.942026], [6.864127, 45.942058], [6.864053, 45.942083], [6.864006, 45.942116], [6.863989, 45.942172], [6.864, 45.942227], [6.864041, 45.942283], [6.86411, 45.942332], [6.864163, 45.942353], [6.864236, 45.942364], [6.864313, 45.942363], [6.864403, 45.942355], [6.864665, 45.942299], [6.864747, 45.94229], [6.864833, 45.94229], [6.864965, 45.942326], [6.865078, 45.942408], [6.865148, 45.942502], [6.865327, 45.942779], [6.865429, 45.942901], [6.865518, 45.942982], [6.865597, 45.943027], [6.865679, 45.943049], [6.865781, 45.94305], [6.865897, 45.94303], [6.866014, 45.942996], [6.866108, 45.942988], [6.86621, 45.943007], [6.866287, 45.943038], [6.866375, 45.943104], [6.866686, 45.943416], [6.866778, 45.943477], [6.86684, 45.943505], [6.866919, 45.943526], [6.867144, 45.943566], [6.867186, 45.943586], [6.867193, 45.943621], [6.867181, 45.943649], [6.867124, 45.94368], [6.867033, 45.943708], [6.8669, 45.943724], [6.866785, 45.943715], [6.866656, 45.943686], [6.866414, 45.943617], [6.866265, 45.943602], [6.866183, 45.943629], [6.865937, 45.943769], [6.865681, 45.943873], [6.865508, 45.94391], [6.865165, 45.943958], [6.865048, 45.943953], [6.864929, 45.943926], [6.86465, 45.943819], [6.864571, 45.943797], [6.864485, 45.94379], [6.864406, 45.943813], [6.864232, 45.943925], [6.864112, 45.94396], [6.863919, 45.943993], [6.863526, 45.944049], [6.863446, 45.94408], [6.863376, 45.944126], [6.863106, 45.944344], [6.863022, 45.944373], [6.862903, 45.944385], [6.862766, 45.944377], [6.862654, 45.944353], [6.862523, 45.94429], [6.862386, 45.944189], [6.861826, 45.943675], [6.861396, 45.943156], [6.861308, 45.943083], [6.861203, 45.943019], [6.861049, 45.942951], [6.860855, 45.942892], [6.860628, 45.942847], [6.860368, 45.942804], [6.8601, 45.94278], [6.859988, 45.942784], [6.859846, 45.942811], [6.859666, 45.942863], [6.85954, 45.942914], [6.859381, 45.943023], [6.859128, 45.943303], [6.858987, 45.943465], [6.858845, 45.943776], [6.858693, 45.943843], [6.858167, 45.943969], [6.85791, 45.944055], [6.857706, 45.944093], [6.857518, 45.9441], [6.857051, 45.944093], [6.856708, 45.9441], [6.856504, 45.944085], [6.856338, 45.944023], [6.856257, 45.943899], [6.856204, 45.943768], [6.856193, 45.943623], [6.856263, 45.94341], [6.85644, 45.943212], [6.856686, 45.942977], [6.856976, 45.9425], [6.85718, 45.942313], [6.85726, 45.942229], [6.857352, 45.942093], [6.857371, 45.942031], [6.857379, 45.941962], [6.85737, 45.941872], [6.857298, 45.941705], [6.85724, 45.941627], [6.85719, 45.941564], [6.857116, 45.941494], [6.85701, 45.941394], [6.856891, 45.941301], [6.856813, 45.941224], [6.856717, 45.941081], [6.856641, 45.940999], [6.856534, 45.940913], [6.856434, 45.940847], [6.856389, 45.940801], [6.856353, 45.940744], [6.856332, 45.940683], [6.856332, 45.940621], [6.856352, 45.94056], [6.856394, 45.940491], [6.856638, 45.940198], [6.856751, 45.94], [6.856788, 45.939806], [6.856778, 45.939624], [6.856735, 45.939497], [6.856638, 45.939336], [6.856531, 45.939236], [6.856456, 45.938904], [6.856397, 45.938777], [6.856116, 45.938593], [6.856029, 45.938524], [6.855988, 45.9385], [6.855952, 45.938491], [6.855907, 45.938491], [6.855852, 45.938505], [6.855797, 45.938534], [6.855475, 45.938756], [6.855388, 45.938819], [6.8553, 45.938899], [6.855246, 45.938958], [6.855209, 45.939015], [6.855132, 45.939174], [6.855031, 45.939266], [6.854965, 45.939307], [6.854875, 45.939343], [6.854765, 45.939373], [6.854387, 45.939419], [6.854298, 45.939418], [6.85422, 45.939401], [6.854153, 45.939367], [6.8541, 45.93933], [6.853786, 45.939025], [6.853693, 45.938895], [6.853651, 45.938859], [6.853622, 45.938844], [6.853562, 45.938736], [6.853554, 45.93868], [6.853562, 45.938616], [6.853666, 45.938424], [6.853666, 45.938256], [6.853666, 45.938424], [6.853562, 45.938616], [6.853554, 45.93868], [6.853562, 45.938736], [6.853622, 45.938844], [6.853651, 45.938859], [6.853693, 45.938895], [6.853786, 45.939025], [6.8541, 45.93933], [6.854153, 45.939367], [6.85422, 45.939401], [6.854298, 45.939418], [6.854387, 45.939419], [6.854765, 45.939373], [6.854875, 45.939343], [6.854965, 45.939307], [6.855031, 45.939266], [6.855132, 45.939174], [6.855209, 45.939015], [6.855246, 45.938958], [6.8553, 45.938899], [6.855388, 45.938819], [6.855475, 45.938756], [6.855797, 45.938534], [6.855852, 45.938505], [6.855907, 45.938491], [6.855952, 45.938491], [6.855988, 45.9385], [6.856029, 45.938524], [6.856116, 45.938593], [6.856397, 45.938777], [6.856456, 45.938904], [6.856531, 45.939236], [6.856638, 45.939336], [6.856735, 45.939497], [6.856778, 45.939624], [6.856788, 45.939806], [6.856751, 45.94], [6.856638, 45.940198], [6.856394, 45.940491], [6.856352, 45.94056], [6.856332, 45.940621], [6.856332, 45.940683], [6.856353, 45.940744], [6.856389, 45.940801], [6.856434, 45.940847], [6.856534, 45.940913], [6.856641, 45.940999], [6.856717, 45.941081], [6.856813, 45.941224], [6.856891, 45.941301], [6.85701, 45.941394], [6.857116, 45.941494], [6.85719, 45.941564], [6.85724, 45.941627], [6.857298, 45.941705], [6.85737, 45.941872], [6.857379, 45.941962], [6.857371, 45.942031], [6.857352, 45.942093], [6.85726, 45.942229], [6.85718, 45.942313], [6.856976, 45.9425], [6.856686, 45.942977], [6.85644, 45.943212], [6.856263, 45.94341], [6.856193, 45.943623], [6.856204, 45.943768], [6.856257, 45.943899], [6.856338, 45.944023], [6.856504, 45.944085], [6.856708, 45.9441], [6.857051, 45.944093], [6.857518, 45.9441], [6.857706, 45.944093], [6.85791, 45.944055], [6.858167, 45.943969], [6.858693, 45.943843], [6.858845, 45.943776], [6.858987, 45.943465], [6.859128, 45.943303], [6.859381, 45.943023], [6.85954, 45.942914], [6.859666, 45.942863], [6.859846, 45.942811], [6.859988, 45.942784], [6.8601, 45.94278], [6.860368, 45.942804], [6.860628, 45.942847], [6.860855, 45.942892], [6.861049, 45.942951], [6.861203, 45.943019], [6.861308, 45.943083], [6.861396, 45.943156], [6.861826, 45.943675], [6.862386, 45.944189], [6.862523, 45.94429], [6.862654, 45.944353], [6.862766, 45.944377], [6.862903, 45.944385], [6.863022, 45.944373], [6.863106, 45.944344], [6.863376, 45.944126], [6.863446, 45.94408], [6.863526, 45.944049], [6.863919, 45.943993], [6.864112, 45.94396], [6.864232, 45.943925], [6.864406, 45.943813], [6.864485, 45.94379], [6.864571, 45.943797], [6.86465, 45.943819], [6.864929, 45.943926], [6.865048, 45.943953], [6.865165, 45.943958], [6.865508, 45.94391], [6.865681, 45.943873], [6.865937, 45.943769], [6.866183, 45.943629], [6.866265, 45.943602], [6.866414, 45.943617], [6.866656, 45.943686], [6.866785, 45.943715], [6.8669, 45.943724], [6.867033, 45.943708], [6.867124, 45.94368], [6.867181, 45.943649], [6.867193, 45.943621], [6.867186, 45.943586], [6.867144, 45.943566], [6.866919, 45.943526], [6.86684, 45.943505], [6.866778, 45.943477], [6.866686, 45.943416], [6.866375, 45.943104], [6.866287, 45.943038], [6.86621, 45.943007], [6.866108, 45.942988], [6.866014, 45.942996], [6.865897, 45.94303], [6.865781, 45.94305], [6.865679, 45.943049], [6.865597, 45.943027], [6.865518, 45.942982], [6.865429, 45.942901], [6.865327, 45.942779], [6.865148, 45.942502], [6.865078, 45.942408], [6.864965, 45.942326], [6.864833, 45.94229], [6.864747, 45.94229], [6.864665, 45.942299], [6.864403, 45.942355], [6.864313, 45.942363], [6.864236, 45.942364], [6.864163, 45.942353], [6.86411, 45.942332], [6.864041, 45.942283], [6.864, 45.942227], [6.863989, 45.942172], [6.864006, 45.942116], [6.864053, 45.942083], [6.864127, 45.942058], [6.864292, 45.942026], [6.864901, 45.941917], [6.864993, 45.941908], [6.865097, 45.941909], [6.865148, 45.941917], [6.86563, 45.942027], [6.865808, 45.94204], [6.866108, 45.941991], [6.866341, 45.941988], [6.866569, 45.941999], [6.866717, 45.941995], [6.866808, 45.942008], [6.866994, 45.942076], [6.867104, 45.942097], [6.867228, 45.942104], [6.867363, 45.942091], [6.867656, 45.942017], [6.867724, 45.941992], [6.867744, 45.941959], [6.867728, 45.941938], [6.867826, 45.941903], [6.867954, 45.94187], [6.867975, 45.941879], [6.868001, 45.941923], [6.868108, 45.941982], [6.868191, 45.942007], [6.868278, 45.942065], [6.868315, 45.942103], [6.868339, 45.942117], [6.868464, 45.942164], [6.868486, 45.942244], [6.868504, 45.942268], [6.868545, 45.942284], [6.868647, 45.942284], [6.868691, 45.9423], [6.868768, 45.942308], [6.868905, 45.942388], [6.868983, 45.94245], [6.869, 45.942491], [6.868998, 45.942508], [6.868972, 45.942552], [6.868967, 45.942576], [6.868981, 45.942616], [6.869064, 45.942748], [6.869102, 45.942867], [6.869128, 45.942887], [6.86918, 45.942909], [6.869314, 45.943018], [6.869484, 45.943068], [6.869517, 45.943083], [6.869554, 45.943123], [6.869588, 45.94321], [6.869592, 45.94326], [6.869582, 45.943292], [6.86954, 45.943367], [6.869524, 45.943425], [6.869516, 45.943486], [6.869515, 45.943633], [6.869523, 45.943665], [6.869591, 45.943772], [6.869645, 45.943832], [6.869675, 45.943935], [6.869678, 45.94397], [6.869689, 45.943985], [6.869682, 45.943998], [6.86965, 45.944007], [6.869575, 45.944006], [6.869492, 45.944039], [6.869366, 45.944129], [6.869362, 45.944171], [6.869344, 45.944223], [6.869311, 45.944275], [6.869321, 45.944412], [6.869369, 45.944502], [6.869505, 45.944585], [6.869673, 45.944633], [6.869793, 45.944682], [6.869911, 45.944842], [6.869941, 45.944805], [6.869921, 45.944653], [6.869842, 45.944467], [6.869883, 45.94438], [6.869985, 45.944287], [6.870109, 45.944187], [6.870308, 45.943985], [6.870367, 45.943942], [6.870303, 45.943684], [6.870448, 45.94344], [6.870483, 45.943345], [6.870494, 45.943286], [6.870486, 45.943185], [6.870516, 45.94311], [6.870629, 45.943], [6.870696, 45.942947], [6.870705, 45.942922], [6.870697, 45.942864], [6.870664, 45.942759], [6.870668, 45.942699], [6.87062, 45.942629], [6.87053, 45.942538], [6.87026, 45.942369], [6.87019, 45.942261], [6.870157, 45.942184], [6.870162, 45.94209], [6.870188, 45.94205], [6.870163, 45.9419], [6.870129, 45.941808], [6.870082, 45.941767], [6.869898, 45.941658], [6.86984, 45.941605], [6.86981, 45.941561], [6.869776, 45.941508], [6.869725, 45.941419], [6.86973, 45.941349], [6.869708, 45.941268], [6.86965, 45.941162], [6.86958, 45.941106], [6.869553, 45.941057], [6.869543, 45.940995], [6.869511, 45.940895], [6.869509, 45.94075], [6.869491, 45.940723], [6.869367, 45.940614], [6.869318, 45.940538], [6.86933, 45.940475], [6.869356, 45.940447], [6.869312, 45.940347], [6.869312, 45.940236], [6.869406, 45.94005], [6.869416, 45.939992], [6.869389, 45.939924], [6.869409, 45.939854], [6.869404, 45.939804], [6.869429, 45.939799], [6.869448, 45.939806], [6.869458, 45.939822], [6.869451, 45.93984], [6.869455, 45.939864], [6.869475, 45.939917], [6.869535, 45.93999], [6.86956, 45.940069], [6.86956, 45.940163], [6.869571, 45.940222], [6.869605, 45.940273], [6.869749, 45.940438], [6.869862, 45.940504], [6.869986, 45.94062], [6.870048, 45.940665], [6.87011, 45.940699], [6.870198, 45.940729], [6.870293, 45.940748], [6.870484, 45.940811], [6.870722, 45.940932], [6.870795, 45.94098], [6.870955, 45.941106], [6.871026, 45.941142], [6.871086, 45.941164], [6.871252, 45.941183], [6.871305, 45.941201], [6.871342, 45.941223], [6.871394, 45.941301], [6.871424, 45.941328], [6.871474, 45.941351], [6.871576, 45.941377], [6.871654, 45.941428], [6.871887, 45.941465], [6.871964, 45.941467], [6.872053, 45.941481], [6.872128, 45.9415], [6.872317, 45.941529], [6.872337, 45.941523], [6.872351, 45.94151], [6.872235, 45.941448], [6.872138, 45.941365], [6.872025, 45.941311], [6.872005, 45.941293], [6.871978, 45.941234], [6.871889, 45.941119], [6.871875, 45.941085], [6.871856, 45.940961], [6.87175, 45.940845], [6.871671, 45.940634], [6.871663, 45.940591], [6.871592, 45.940469], [6.871376, 45.940157], [6.871321, 45.940096], [6.871189, 45.939973], [6.871105, 45.939862], [6.871083, 45.939774], [6.871067, 45.93951], [6.871057, 45.939471], [6.87103, 45.939423], [6.870975, 45.939284], [6.870976, 45.93923], [6.870944, 45.939096], [6.870944, 45.939065], [6.870967, 45.939008], [6.870955, 45.938959], [6.870982, 45.938903], [6.870979, 45.938838], [6.870912, 45.938695], [6.870835, 45.938556], [6.870799, 45.93845], [6.870773, 45.9384], [6.87078, 45.938389], [6.870802, 45.93839], [6.870943, 45.938511], [6.870998, 45.938552], [6.871059, 45.938583], [6.871104, 45.938616], [6.871164, 45.93868], [6.871251, 45.938754], [6.871337, 45.938852], [6.871445, 45.938934], [6.871541, 45.939021], [6.871772, 45.93918], [6.871805, 45.939197], [6.871894, 45.939203], [6.871976, 45.939221], [6.872095, 45.939231], [6.872138, 45.939242], [6.872177, 45.939262], [6.872335, 45.939317], [6.872495, 45.939346], [6.872635, 45.939391], [6.872772, 45.939439], [6.872853, 45.939474], [6.872945, 45.939529], [6.87313, 45.939615], [6.873202, 45.939671], [6.873257, 45.939703], [6.873308, 45.939721], [6.873427, 45.939737], [6.873548, 45.939767], [6.873629, 45.939795], [6.873826, 45.939884], [6.873953, 45.939934], [6.873794, 45.939779], [6.873885, 45.939799], [6.874069, 45.939904], [6.874335, 45.940025], [6.87463, 45.940255], [6.874757, 45.94034], [6.874821, 45.940409], [6.874988, 45.940482], [6.875263, 45.940646], [6.875823, 45.940923], [6.875902, 45.940971], [6.875963, 45.941], [6.876082, 45.941038], [6.876125, 45.941042], [6.876163, 45.941037], [6.876296, 45.940988], [6.876686, 45.940922], [6.877021, 45.940874], [6.877179, 45.940871], [6.877393, 45.9409], [6.877526, 45.940926], [6.877605, 45.940957], [6.877746, 45.941034], [6.877911, 45.941084], [6.877978, 45.941119], [6.87797, 45.941062], [6.877985, 45.940948], [6.878025, 45.940795], [6.878032, 45.940741], [6.877992, 45.94062], [6.877987, 45.940574], [6.877997, 45.940522], [6.878029, 45.940432], [6.87814, 45.940499], [6.87828, 45.940533], [6.878569, 45.940574], [6.878822, 45.940568], [6.878884, 45.940584], [6.879039, 45.940672], [6.87916, 45.940715], [6.879257, 45.940762], [6.879316, 45.940824], [6.879377, 45.940723], [6.879424, 45.940608], [6.879491, 45.940386], [6.879528, 45.940319], [6.879658, 45.940139], [6.879717, 45.940092], [6.879817, 45.940068], [6.879939, 45.940056], [6.880014, 45.940041], [6.880047, 45.94001], [6.880058, 45.939917], [6.880089, 45.939886], [6.88022, 45.939836], [6.880293, 45.939798], [6.880437, 45.93988], [6.880565, 45.939932], [6.880723, 45.939978], [6.880865, 45.939993], [6.880895, 45.940047], [6.881211, 45.939988], [6.881488, 45.939925], [6.881581, 45.939896], [6.881605, 45.939878], [6.881638, 45.939834], [6.88145, 45.939866], [6.881285, 45.939836], [6.881184, 45.939809], [6.880902, 45.939696], [6.880782, 45.939634], [6.880484, 45.939479], [6.880335, 45.93936], [6.880254, 45.939225], [6.880057, 45.938994], [6.879863, 45.938731], [6.879463, 45.938276], [6.879118, 45.937798], [6.879161, 45.937775], [6.880462, 45.937091], [6.880642, 45.937235], [6.880901, 45.937378], [6.881061, 45.937427], [6.881247, 45.937475], [6.881461, 45.937509], [6.882725, 45.937614], [6.882886, 45.937627], [6.883227, 45.937656], [6.88351, 45.937696], [6.884483, 45.937861], [6.885088, 45.937999], [6.885789, 45.938184], [6.885581, 45.938377], [6.884883, 45.93835], [6.884813, 45.938406], [6.884883, 45.93835], [6.885581, 45.938377], [6.885789, 45.938184], [6.885833, 45.938194], [6.885975, 45.938226], [6.886661, 45.938413], [6.887128, 45.938568], [6.887586, 45.938679], [6.887876, 45.938712], [6.887879, 45.938606], [6.887894, 45.938488], [6.887936, 45.938348], [6.888014, 45.938206], [6.888231, 45.937963], [6.888307, 45.937889], [6.888743, 45.938044], [6.889036, 45.938148], [6.889323, 45.935823], [6.889375, 45.935545], [6.889412, 45.935483], [6.889449, 45.935473], [6.889583, 45.935485], [6.889734, 45.935525], [6.889902, 45.935578], [6.890379, 45.935702], [6.891674, 45.936147], [6.891918, 45.936232], [6.892113, 45.93627], [6.89229, 45.936257], [6.892538, 45.936272], [6.892918, 45.936393], [6.893666, 45.936619], [6.894089, 45.936846], [6.894235, 45.936942], [6.894596, 45.937252], [6.894904, 45.937452], [6.895104, 45.937656], [6.89517, 45.937791], [6.89534, 45.937908], [6.895498, 45.937922], [6.895613, 45.937947], [6.895704, 45.937981], [6.89573, 45.937992], [6.895796, 45.938038], [6.896015, 45.9382], [6.896057, 45.938244], [6.89618, 45.938423], [6.896539, 45.93869], [6.896926, 45.939006], [6.897248, 45.939252], [6.897452, 45.939426], [6.897826, 45.939779], [6.898044, 45.939953], [6.898529, 45.940318], [6.898693, 45.940422], [6.899027, 45.940591], [6.899328, 45.940749], [6.899474, 45.940817], [6.899792, 45.940936], [6.900071, 45.941056], [6.900215, 45.941158], [6.900289, 45.941186], [6.900412, 45.94125], [6.900544, 45.941325], [6.900783, 45.941446], [6.900972, 45.941554], [6.901077, 45.941597], [6.901168, 45.941619], [6.901584, 45.941677], [6.901813, 45.941717], [6.901955, 45.94175], [6.902195, 45.94185], [6.902255, 45.941882], [6.902308, 45.941924], [6.902357, 45.941987], [6.902454, 45.94196], [6.902671, 45.941897], [6.902755, 45.941873], [6.902728, 45.941787], [6.902722, 45.941743], [6.902662, 45.941532], [6.90265, 45.941451], [6.902653, 45.94132], [6.902682, 45.941256], [6.902822, 45.941096], [6.902896, 45.940958], [6.902732, 45.940864], [6.902323, 45.940653], [6.902215, 45.94061], [6.902065, 45.940569], [6.901874, 45.940537], [6.901854, 45.940465], [6.901834, 45.940446], [6.901741, 45.940404], [6.901702, 45.940368], [6.901683, 45.940334], [6.901625, 45.94017], [6.901622, 45.940127], [6.901701, 45.939932], [6.9017, 45.939907], [6.901673, 45.939855], [6.901616, 45.939781], [6.901581, 45.939747], [6.901533, 45.939712], [6.901419, 45.93965], [6.901365, 45.939621], [6.901303, 45.939536], [6.901154, 45.939429], [6.90112, 45.939394], [6.901062, 45.939353], [6.900824, 45.939148], [6.900781, 45.939121], [6.900717, 45.939065], [6.90057, 45.939023], [6.900478, 45.938973], [6.900352, 45.93888], [6.90015, 45.938712], [6.899981, 45.938552], [6.899923, 45.938491], [6.899863, 45.938403], [6.899851, 45.938372], [6.899823, 45.93834], [6.899647, 45.938187], [6.899594, 45.938091], [6.899536, 45.938021], [6.899414, 45.937966], [6.899365, 45.93794], [6.899334, 45.937915], [6.89929, 45.937841], [6.899197, 45.937722], [6.899043, 45.937606], [6.898947, 45.937511], [6.898902, 45.937447], [6.898775, 45.937313], [6.898714, 45.937222], [6.898681, 45.937188], [6.898552, 45.936987], [6.898514, 45.936863], [6.898468, 45.936774], [6.898335, 45.936618], [6.898288, 45.936534], [6.898194, 45.936394], [6.898164, 45.936323], [6.898126, 45.936269], [6.898067, 45.936152], [6.898054, 45.936086], [6.898056, 45.936025], [6.898069, 45.935936], [6.898012, 45.935818], [6.898006, 45.935794], [6.89798, 45.935585], [6.897979, 45.935492], [6.89794, 45.935386], [6.897956, 45.935374], [6.897979, 45.935374], [6.898041, 45.935418], [6.898257, 45.93568], [6.898345, 45.935736], [6.898428, 45.935761], [6.898455, 45.935776], [6.898565, 45.935859], [6.89865, 45.935904], [6.898819, 45.936028], [6.899051, 45.936175], [6.899367, 45.936293], [6.899494, 45.936362], [6.899603, 45.936409], [6.899684, 45.936453], [6.899794, 45.936517], [6.899871, 45.936573], [6.899901, 45.936585], [6.900179, 45.936675], [6.900393, 45.936733], [6.900546, 45.936733], [6.900643, 45.936744], [6.900691, 45.936774], [6.900727, 45.936845], [6.900753, 45.936867], [6.900808, 45.936887], [6.900835, 45.936891], [6.900924, 45.936883], [6.901027, 45.936883], [6.90113, 45.936901], [6.90118, 45.936914], [6.901255, 45.936949], [6.901306, 45.937006], [6.901322, 45.937014], [6.90151, 45.937061], [6.901826, 45.93709], [6.902185, 45.937131], [6.902313, 45.937151], [6.90243, 45.937157], [6.902747, 45.937158], [6.902866, 45.937143], [6.903012, 45.937136], [6.903134, 45.937141], [6.903281, 45.937136], [6.903386, 45.937154], [6.903553, 45.937197], [6.903647, 45.937206], [6.903698, 45.937218], [6.903756, 45.93722], [6.903869, 45.937209], [6.903912, 45.937211], [6.903944, 45.937219], [6.904051, 45.937287], [6.904138, 45.937322], [6.904395, 45.937399], [6.904477, 45.937452], [6.904536, 45.93747], [6.90472, 45.937453], [6.904849, 45.937453], [6.904886, 45.937459], [6.904996, 45.937494], [6.905106, 45.937498], [6.905391, 45.937465], [6.905474, 45.937428], [6.905549, 45.937419], [6.905622, 45.937421], [6.905673, 45.937432], [6.905735, 45.937455], [6.905932, 45.937463], [6.905987, 45.937475], [6.906197, 45.937559], [6.906317, 45.937592], [6.906427, 45.937614], [6.90647, 45.937632], [6.906667, 45.937689], [6.906973, 45.937761], [6.907083, 45.937776], [6.907295, 45.937827], [6.907524, 45.937866], [6.9076, 45.93787], [6.907826, 45.937916], [6.907919, 45.937923], [6.908083, 45.937919], [6.908809, 45.938102], [6.9089, 45.938121], [6.908853, 45.938064], [6.908741, 45.937976], [6.90864, 45.937838], [6.90854, 45.937746], [6.908398, 45.937658], [6.908303, 45.93761], [6.908037, 45.937505], [6.907982, 45.937476], [6.907871, 45.937398], [6.907562, 45.937236], [6.907518, 45.937199], [6.907449, 45.937156], [6.907423, 45.937101], [6.907358, 45.937001], [6.907307, 45.936959], [6.907288, 45.936908], [6.907194, 45.936846], [6.906825, 45.936688], [6.906692, 45.936589], [6.906637, 45.936503], [6.906578, 45.936452], [6.906393, 45.936368], [6.904955, 45.936133], [6.904354, 45.935926], [6.903314, 45.935507], [6.902775, 45.935212], [6.902649, 45.93517], [6.902372, 45.935126], [6.90213, 45.935015], [6.901797, 45.934909], [6.900924, 45.934315], [6.900466, 45.934041], [6.900338, 45.933866], [6.900198, 45.933783], [6.900056, 45.933772], [6.899879, 45.933803], [6.899722, 45.933814], [6.899649, 45.933784], [6.89947, 45.93365], [6.899333, 45.933563], [6.899262, 45.9334], [6.89922, 45.933392], [6.89919, 45.933395], [6.899173, 45.933405], [6.89916, 45.933424], [6.899168, 45.933482], [6.899281, 45.933663], [6.899391, 45.933763], [6.899437, 45.933823], [6.899416, 45.93385], [6.899353, 45.933859], [6.899084, 45.933681], [6.898986, 45.933581], [6.89883, 45.933402], [6.89871, 45.93323], [6.898672, 45.933217], [6.898631, 45.933217], [6.898603, 45.933233], [6.898591, 45.933256], [6.898604, 45.933315], [6.898747, 45.933514], [6.898744, 45.933541], [6.898728, 45.933564], [6.898709, 45.933567], [6.89866, 45.933557], [6.898612, 45.933528], [6.898463, 45.933384], [6.898358, 45.933293], [6.898348, 45.933267], [6.89829, 45.933216], [6.89825, 45.933207], [6.898226, 45.933222], [6.89822, 45.933268], [6.89826, 45.933368], [6.898369, 45.933482], [6.898387, 45.933519], [6.898396, 45.933557], [6.898389, 45.933574], [6.898355, 45.933596], [6.898298, 45.933583], [6.897918, 45.933398], [6.897745, 45.933133], [6.897719, 45.933085], [6.897637, 45.932996], [6.897467, 45.932955], [6.897299, 45.93287], [6.897225, 45.932766], [6.897222, 45.932562], [6.897229, 45.932498], [6.897212, 45.932469], [6.897162, 45.932445], [6.89712, 45.932453], [6.897104, 45.932477], [6.897115, 45.932585], [6.897058, 45.932774], [6.89706, 45.932968], [6.896995, 45.932996], [6.896939, 45.932983], [6.896904, 45.932924], [6.896912, 45.932793], [6.896732, 45.932334], [6.896727, 45.932266], [6.896773, 45.932027], [6.896749, 45.931876], [6.896664, 45.931765], [6.896537, 45.931678], [6.896429, 45.93159], [6.896326, 45.931549], [6.89616, 45.931514], [6.895941, 45.931507], [6.895563, 45.93162], [6.895342, 45.931676], [6.895234, 45.931736], [6.895187, 45.931737], [6.895084, 45.931569], [6.894679, 45.93065], [6.894565, 45.930065], [6.894605, 45.929888], [6.894549, 45.929716], [6.894294, 45.929235], [6.894225, 45.929148], [6.894025, 45.928891], [6.89362, 45.928456], [6.893454, 45.928298], [6.893283, 45.928192], [6.893235, 45.928136], [6.893103, 45.928005], [6.892989, 45.927747], [6.892693, 45.927505], [6.892214, 45.92724], [6.892192, 45.92724], [6.892176, 45.927247], [6.892206, 45.927357], [6.892163, 45.927338], [6.892126, 45.927303], [6.892077, 45.92727], [6.892047, 45.92717], [6.891912, 45.927148], [6.891838, 45.927083], [6.891752, 45.927064], [6.8916, 45.92699], [6.891399, 45.926881], [6.89133, 45.926857], [6.891208, 45.926837], [6.891142, 45.926804], [6.891022, 45.926805], [6.890936, 45.926726], [6.8909, 45.926835], [6.890835, 45.926844], [6.890814, 45.92688], [6.890716, 45.926823], [6.890672, 45.926745], [6.890629, 45.92675], [6.890612, 45.926795], [6.890634, 45.926848], [6.890633, 45.927035], [6.890625, 45.92708], [6.890561, 45.927066], [6.890523, 45.927091], [6.890448, 45.927063], [6.890399, 45.927105], [6.890366, 45.927204], [6.890338, 45.927245], [6.890289, 45.927217], [6.890232, 45.927167], [6.890177, 45.927172], [6.890151, 45.92719], [6.890159, 45.927298], [6.890215, 45.927435], [6.890225, 45.927482], [6.890165, 45.927494], [6.890085, 45.927452], [6.890038, 45.927402], [6.889998, 45.927392], [6.889955, 45.927389], [6.889851, 45.927337], [6.889824, 45.927344], [6.889799, 45.927371], [6.889811, 45.927443], [6.889889, 45.927593], [6.889893, 45.927618], [6.889878, 45.927629], [6.889852, 45.927633], [6.889812, 45.927628], [6.889607, 45.927553], [6.889492, 45.927489], [6.889476, 45.92749], [6.889409, 45.92752], [6.889428, 45.927614], [6.889417, 45.927648], [6.889324, 45.927643], [6.889252, 45.927599], [6.889207, 45.927605], [6.889223, 45.927689], [6.889145, 45.927653], [6.889102, 45.927667], [6.889086, 45.927698], [6.889126, 45.927772], [6.889092, 45.927808], [6.888869, 45.9277], [6.888548, 45.927562], [6.888405, 45.927457], [6.88834, 45.927452], [6.888009, 45.927662], [6.88778, 45.927839], [6.887661, 45.927893], [6.887544, 45.927928], [6.88737, 45.927948], [6.887207, 45.927959], [6.887022, 45.927946], [6.886689, 45.927879], [6.886138, 45.927735], [6.885566, 45.927568], [6.885302, 45.927405], [6.884747, 45.92684], [6.88447, 45.926633], [6.884386, 45.926548], [6.884366, 45.92651], [6.884354, 45.926455], [6.88434, 45.926288], [6.884317, 45.926243], [6.884229, 45.926153], [6.88412, 45.925889], [6.884077, 45.925823], [6.884039, 45.925794], [6.883693, 45.925682], [6.883424, 45.925535], [6.883021, 45.925351], [6.882459, 45.925196], [6.882034, 45.92521], [6.881889, 45.925199], [6.881774, 45.925174], [6.881636, 45.925122], [6.881256, 45.92496], [6.881156, 45.924931], [6.880929, 45.924843], [6.880792, 45.924824], [6.880707, 45.924817], [6.880641, 45.924819], [6.880512, 45.924861], [6.880403, 45.924806], [6.880043, 45.92479], [6.879962, 45.92469], [6.879934, 45.924663], [6.879813, 45.924606], [6.879734, 45.924597], [6.879547, 45.924589], [6.879379, 45.924599], [6.879354, 45.924615], [6.879336, 45.924599], [6.879246, 45.924584], [6.878615, 45.924246], [6.878442, 45.924165], [6.877892, 45.923884], [6.877742, 45.92381], [6.877771, 45.923865], [6.87768, 45.923861], [6.877261, 45.923596], [6.876445, 45.923087], [6.876327, 45.92302], [6.876303, 45.923078], [6.876256, 45.923159], [6.876149, 45.923159], [6.876093, 45.923157], [6.876086, 45.923097], [6.876072, 45.92306], [6.876044, 45.923023], [6.875998, 45.923], [6.875939, 45.922985], [6.875832, 45.92299], [6.875794, 45.922998], [6.875771, 45.922962], [6.875729, 45.922908], [6.875659, 45.922881], [6.875436, 45.922798], [6.87526, 45.922691], [6.875204, 45.922731], [6.875118, 45.922799], [6.874463, 45.9233], [6.874415, 45.923337], [6.874351, 45.923295], [6.87428, 45.923263], [6.873833, 45.922965], [6.873799, 45.922948], [6.873758, 45.922941], [6.87369, 45.922943], [6.873624, 45.922959], [6.8736, 45.922939], [6.873531, 45.922883], [6.873497, 45.922901], [6.873455, 45.922908], [6.873412, 45.922904], [6.873375, 45.922888], [6.873351, 45.922863], [6.873342, 45.922833], [6.873198, 45.922902], [6.873136, 45.922926], [6.873047, 45.922857], [6.872864, 45.922802], [6.87265, 45.922742], [6.872541, 45.922722], [6.872377, 45.922714], [6.872185, 45.92273], [6.871991, 45.922776], [6.871519, 45.922897], [6.871481, 45.922885], [6.871404, 45.922838], [6.87136, 45.922829], [6.87125, 45.922935], [6.871168, 45.922997], [6.871024, 45.92295], [6.87095, 45.922946], [6.870866, 45.922949], [6.870756, 45.922966], [6.870564, 45.923023], [6.87051, 45.923033], [6.870452, 45.923036], [6.870393, 45.92303], [6.870349, 45.923016], [6.870318, 45.922998], [6.870285, 45.923014], [6.870241, 45.923033], [6.870199, 45.922998], [6.870142, 45.922996], [6.869984, 45.923068], [6.869688, 45.923203], [6.869708, 45.923242], [6.869711, 45.923281], [6.869704, 45.923329], [6.86968, 45.923401], [6.86966, 45.923445], [6.869835, 45.923662], [6.869827, 45.923694], [6.86947, 45.923807]]}, "properties": {"heading": 18, "length_km": 21.204, "retrace": 0.264}}, {"type": "Feature", "geometry": {"type": "LineString", "coordinates": [[6.86947, 45.923807], [6.869282, 45.923867], [6.869115, 45.923907], [6.868952, 45.923962], [6.868896, 45.923964], [6.868788, 45.923992], [6.868735, 45.923997], [6.868536, 45.92398], [6.868479, 45.923986], [6.868342, 45.924016], [6.868238, 45.924099], [6.868189, 45.924148], [6.86815, 45.924154], [6.868058, 45.924182], [6.868005, 45.924189], [6.867949, 45.924165], [6.86784, 45.924153], [6.867767, 45.924163], [6.8676, 45.924204], [6.867569, 45.924216], [6.86753, 45.924394], [6.867517, 45.924453], [6.867511, 45.92448], [6.867467, 45.924668], [6.867244, 45.924713], [6.867228, 45.924728], [6.866518, 45.92492], [6.866479, 45.924986], [6.866531, 45.925136], [6.866652, 45.925367], [6.866726, 45.92558], [6.866725, 45.925642], [6.866813, 45.925734], [6.866829, 45.925938], [6.866886, 45.926242], [6.866614, 45.926068], [6.8664, 45.925975], [6.866015, 45.925912], [6.865659, 45.925886], [6.865552, 45.925865], [6.865286, 45.925796], [6.864754, 45.925688], [6.864632, 45.925645], [6.864416, 45.925605], [6.864072, 45.925513], [6.863703, 45.925438], [6.863174, 45.925274], [6.863036, 45.925261], [6.86294, 45.925241], [6.862804, 45.925228], [6.862766, 45.925218], [6.862737, 45.925202], [6.86261, 45.925207], [6.862282, 45.925247], [6.86214, 45.925252], [6.861952, 45.925236], [6.86178, 45.925175], [6.861708, 45.925178], [6.861676, 45.925186], [6.861606, 45.925219], [6.861528, 45.925271], [6.861452, 45.925334], [6.861409, 45.925369], [6.861328, 45.925395], [6.861273, 45.925422], [6.861243, 45.925426], [6.861144, 45.925424], [6.861048, 45.925413], [6.861015, 45.925343], [6.86101, 45.925464], [6.861016, 45.92551], [6.86104, 45.925551], [6.861269, 45.925794], [6.861387, 45.925931], [6.861507, 45.926041], [6.861934, 45.926591], [6.862111, 45.926739], [6.862296, 45.926923], [6.862478, 45.927146], [6.86262, 45.927346], [6.862555, 45.927389], [6.862593, 45.927571], [6.862577, 45.927848], [6.862662, 45.927965], [6.862767, 45.928063], [6.862991, 45.928187], [6.863088, 45.928424], [6.863102, 45.928459], [6.863193, 45.928516], [6.86336, 45.928652], [6.863445, 45.928754], [6.863628, 45.928875], [6.863822, 45.929017], [6.863886, 45.929107], [6.864035, 45.92923], [6.864152, 45.929397], [6.8642, 45.929591], [6.864325, 45.929673], [6.864836, 45.930121], [6.864702, 45.930294], [6.864675, 45.930388], [6.864666, 45.930459], [6.864667, 45.930528], [6.864685, 45.930586], [6.864688, 45.930632], [6.864677, 45.930683], [6.864678, 45.930723], [6.864697, 45.930764], [6.864744, 45.930799], [6.864867, 45.930853], [6.864911, 45.930861], [6.864935, 45.930873], [6.86495, 45.930893], [6.864955, 45.93093], [6.864922, 45.931119], [6.864928, 45.931144], [6.86495, 45.931175], [6.864956, 45.931208], [6.864909, 45.931351], [6.864911, 45.931378], [6.864935, 45.931402], [6.865026, 45.931431], [6.865073, 45.931457], [6.865097, 45.931485], [6.865098, 45.931669], [6.865153, 45.93179], [6.865156, 45.931834], [6.865111, 45.931893], [6.865118, 45.931923], [6.865149, 45.931947], [6.865213, 45.93198], [6.865237, 45.932014], [6.865252, 45.932069], [6.865255, 45.932116], [6.865274, 45.932158], [6.865303, 45.932191], [6.865384, 45.932255], [6.865398, 45.932299], [6.865383, 45.932423], [6.865346, 45.932487], [6.865348, 45.932511], [6.865362, 45.932526], [6.865424, 45.932562], [6.865477, 45.932614], [6.865565, 45.932676], [6.865577, 45.932694], [6.86558, 45.932719], [6.865527, 45.932792], [6.865518, 45.93283], [6.86553, 45.932937], [6.865564, 45.933017], [6.865567, 45.933045], [6.865547, 45.933073], [6.865384, 45.933221], [6.865342, 45.933309], [6.865321, 45.933337], [6.865215, 45.933417], [6.865086, 45.933535], [6.865009, 45.933587], [6.864986, 45.933614], [6.864962, 45.933674], [6.864942, 45.933687], [6.86494, 45.933702], [6.86491, 45.933733], [6.864838, 45.933788], [6.864771, 45.933851], [6.864699, 45.93394], [6.864525, 45.934104], [6.864466, 45.934233], [6.864386, 45.934357], [6.864354, 45.93444], [6.864284, 45.934513], [6.864248, 45.934565], [6.864184, 45.934603], [6.864161, 45.934633], [6.864167, 45.934662], [6.864191, 45.93468], [6.864338, 45.934726], [6.864372, 45.934743], [6.864417, 45.934785], [6.864478, 45.934827], [6.864608, 45.934852], [6.864771, 45.934936], [6.864966, 45.935072], [6.865015, 45.935138], [6.865131, 45.935189], [6.865176, 45.935218], [6.865229, 45.935299], [6.865303, 45.935337], [6.865324, 45.935339], [6.865408, 45.935333], [6.865532, 45.935369], [6.86561, 45.935377], [6.865671, 45.935401], [6.865839, 45.935474], [6.865945, 45.935557], [6.866021, 45.935603], [6.866241, 45.935716], [6.866295, 45.935734], [6.866481, 45.935764], [6.866579, 45.935791], [6.866725, 45.935815], [6.866869, 45.935821], [6.866902, 45.935828], [6.866948, 45.935864], [6.867062, 45.936025], [6.867069, 45.93608], [6.86711, 45.936157], [6.867244, 45.936268], [6.867254, 45.936291], [6.867254, 45.936316], [6.867235, 45.936338], [6.867058, 45.93643], [6.866876, 45.936513], [6.866844, 45.936522], [6.866821, 45.936522], [6.866768, 45.936511], [6.866733, 45.93651], [6.866612, 45.936527], [6.866397, 45.936601], [6.866113, 45.936726], [6.865978, 45.936832], [6.865868, 45.936995], [6.86575, 45.9371], [6.865724, 45.937134], [6.865702, 45.937202], [6.865671, 45.937235], [6.86563, 45.937255], [6.865547, 45.937271], [6.865495, 45.937291], [6.865449, 45.937319], [6.865302, 45.937441], [6.86526, 45.937464], [6.865165, 45.937567], [6.865086, 45.937721], [6.865023, 45.937822], [6.864965, 45.937895], [6.864853, 45.938129], [6.864812, 45.938243], [6.864767, 45.938479], [6.864784, 45.93854], [6.864858, 45.9387], [6.864893, 45.938756], [6.864926, 45.938775], [6.864962, 45.938809], [6.864992, 45.938858], [6.865008, 45.93895], [6.864998, 45.938972], [6.864975, 45.938996], [6.864855, 45.939086], [6.864784, 45.939193], [6.864739, 45.939222], [6.864682, 45.939241], [6.864661, 45.939268], [6.864666, 45.939301], [6.864696, 45.939332], [6.864751, 45.939366], [6.864766, 45.939393], [6.864775, 45.939423], [6.864763, 45.939465], [6.86476, 45.93952], [6.864812, 45.939659], [6.864813, 45.939684], [6.864702, 45.939835], [6.864655, 45.93987], [6.864625, 45.939907], [6.864531, 45.940097], [6.864453, 45.94018], [6.864421, 45.940194], [6.864348, 45.940197], [6.864327, 45.940208], [6.864297, 45.940236], [6.864285, 45.94027], [6.864288, 45.940305], [6.864315, 45.940337], [6.864383, 45.940373], [6.864471, 45.940384], [6.864613, 45.940379], [6.864668, 45.940383], [6.864739, 45.9404], [6.864798, 45.940425], [6.86485, 45.940434], [6.864879, 45.940447], [6.864958, 45.940552], [6.864969, 45.94059], [6.864958, 45.940613], [6.86491, 45.940669], [6.864909, 45.940706], [6.86492, 45.940739], [6.864936, 45.940758], [6.864968, 45.94077], [6.865044, 45.94077], [6.865115, 45.940801], [6.865155, 45.94081], [6.865199, 45.940809], [6.865264, 45.940826], [6.865341, 45.940831], [6.86542, 45.940849], [6.865476, 45.940875], [6.865564, 45.9409], [6.865613, 45.940901], [6.865745, 45.940884], [6.865925, 45.940941], [6.866009, 45.94096], [6.866062, 45.940985], [6.866094, 45.941009], [6.86621, 45.941054], [6.86627, 45.941064], [6.866406, 45.941102], [6.866517, 45.94114], [6.866635, 45.941165], [6.866711, 45.941174], [6.86687, 45.941177], [6.866952, 45.941186], [6.867182, 45.94124], [6.867242, 45.941249], [6.867297, 45.941238], [6.867324, 45.941216], [6.867321, 45.941196], [6.867298, 45.941179], [6.867172, 45.941134], [6.866953, 45.94103], [6.866752, 45.940956], [6.866652, 45.940911], [6.866553, 45.940854], [6.866498, 45.940809], [6.866435, 45.940744], [6.866312, 45.940605], [6.866255, 45.940567], [6.866182, 45.940553], [6.865931, 45.940524], [6.865718, 45.94048], [6.865406, 45.940341], [6.86535, 45.940236], [6.865331, 45.940115], [6.865384, 45.94001], [6.865429, 45.939989], [6.865495, 45.940005], [6.86559, 45.940093], [6.865658, 45.940133], [6.865785, 45.940143], [6.865969, 45.940128], [6.866158, 45.940102], [6.866204, 45.940074], [6.866197, 45.940033], [6.866139, 45.940006], [6.865982, 45.939953], [6.86595, 45.939901], [6.866017, 45.939807], [6.866094, 45.939784], [6.866234, 45.939803], [6.86679, 45.939969], [6.866844, 45.93997], [6.866895, 45.93996], [6.866901, 45.939915], [6.866646, 45.939667], [6.86665, 45.939625], [6.866672, 45.939592], [6.866732, 45.939585], [6.866818, 45.939608], [6.86707, 45.939693], [6.867248, 45.939702], [6.867483, 45.939684], [6.867545, 45.939666], [6.867573, 45.939629], [6.86754, 45.939584], [6.867377, 45.939485], [6.867259, 45.939346], [6.867226, 45.939278], [6.867239, 45.939207], [6.867323, 45.939079], [6.867347, 45.938914], [6.867503, 45.939024], [6.86751, 45.939104], [6.867452, 45.93918], [6.867437, 45.939274], [6.867565, 45.93932], [6.86761, 45.939379], [6.86769, 45.939424], [6.867838, 45.939449], [6.867998, 45.939436], [6.868118, 45.939437], [6.86825, 45.939448], [6.868479, 45.939416], [6.868588, 45.939434], [6.868776, 45.939491], [6.868873, 45.939503], [6.869086, 45.939501], [6.869245, 45.939547], [6.869472, 45.939564], [6.869623, 45.939553], [6.869647, 45.93956], [6.869666, 45.939578], [6.869623, 45.939582], [6.86957, 45.939605], [6.869121, 45.939691], [6.86878, 45.9397], [6.868755, 45.939709], [6.86894, 45.939755], [6.869087, 45.939783], [6.869157, 45.939787], [6.869201, 45.939773], [6.869324, 45.939772], [6.869371, 45.939785], [6.869404, 45.939804], [6.869429, 45.939799], [6.869448, 45.939806], [6.869458, 45.939822], [6.869451, 45.93984], [6.869455, 45.939864], [6.869475, 45.939917], [6.869535, 45.93999], [6.86956, 45.940069], [6.86956, 45.940163], [6.869571, 45.940222], [6.869605, 45.940273], [6.869749, 45.940438], [6.869862, 45.940504], [6.869986, 45.94062], [6.870048, 45.940665], [6.87011, 45.940699], [6.870198, 45.940729], [6.870293, 45.940748], [6.870484, 45.940811], [6.870722, 45.940932], [6.870795, 45.94098], [6.870955, 45.941106], [6.871026, 45.941142], [6.871086, 45.941164], [6.871252, 45.941183], [6.871305, 45.941201], [6.871342, 45.941223], [6.871394, 45.941301], [6.871424, 45.941328], [6.871474, 45.941351], [6.871576, 45.941377], [6.871654, 45.941428], [6.871887, 45.941465], [6.871964, 45.941467], [6.872053, 45.941481], [6.872128, 45.9415], [6.872317, 45.941529], [6.872337, 45.941523], [6.872351, 45.94151], [6.872235, 45.941448], [6.872138, 45.941365], [6.872025, 45.941311], [6.872005, 45.941293], [6.871978, 45.941234], [6.871889, 45.941119], [6.871875, 45.941085], [6.871856, 45.940961], [6.87175, 45.940845], [6.871671, 45.940634], [6.871663, 45.940591], [6.871592, 45.940469], [6.871376, 45.940157], [6.871321, 45.940096], [6.871189, 45.939973], [6.871105, 45.939862], [6.871083, 45.939774], [6.871067, 45.93951], [6.871057, 45.939471], [6.87103, 45.939423], [6.870975, 45.939284], [6.870976, 45.93923], [6.870944, 45.939096], [6.870944, 45.939065], [6.870967, 45.939008], [6.870955, 45.938959], [6.870982, 45.938903], [6.870979, 45.938838], [6.870912, 45.938695], [6.870835, 45.938556], [6.870799, 45.93845], [6.870773, 45.9384], [6.87078, 45.938389], [6.870802, 45.93839], [6.870943, 45.938511], [6.870998, 45.938552], [6.871059, 45.938583], [6.871104, 45.938616], [6.871164, 45.93868], [6.871251, 45.938754], [6.871337, 45.938852], [6.871445, 45.938934], [6.871541, 45.939021], [6.871772, 45.93918], [6.871805, 45.939197], [6.871894, 45.939203], [6.871976, 45.939221], [6.872095, 45.939231], [6.872138, 45.939242], [6.872177, 45.939262], [6.872335, 45.939317], [6.872495, 45.939346], [6.872635, 45.939391], [6.872772, 45.939439], [6.872853, 45.939474], [6.872945, 45.939529], [6.87313, 45.939615], [6.873202, 45.939671], [6.873257, 45.939703], [6.873308, 45.939721], [6.873427, 45.939737], [6.873548, 45.939767], [6.873629, 45.939795], [6.873826, 45.939884], [6.873953, 45.939934], [6.873794, 45.939779], [6.873885, 45.939799], [6.874069, 45.939904], [6.874335, 45.940025], [6.87463, 45.940255], [6.874757, 45.94034], [6.874821, 45.940409], [6.874988, 45.940482], [6.875263, 45.940646], [6.875823, 45.940923], [6.875902, 45.940971], [6.875963, 45.941], [6.876082, 45.941038], [6.876125, 45.941042], [6.876163, 45.941037], [6.876296, 45.940988], [6.876686, 45.940922], [6.877021, 45.940874], [6.877179, 45.940871], [6.877347, 45.940893], [6.877393, 45.9409], [6.877526, 45.940926], [6.877605, 45.940957], [6.877746, 45.941034], [6.877911, 45.941084], [6.877978, 45.941119], [6.87797, 45.941062], [6.877985, 45.940948], [6.878025, 45.940795], [6.878032, 45.940741], [6.877992, 45.94062], [6.877987, 45.940574], [6.877997, 45.940522], [6.878029, 45.940432], [6.87814, 45.940499], [6.87828, 45.940533], [6.878569, 45.940574], [6.878822, 45.940568], [6.878884, 45.940584], [6.879039, 45.940672], [6.87916, 45.940715], [6.879257, 45.940762], [6.879316, 45.940824], [6.879377, 45.940723], [6.879424, 45.940608], [6.879491, 45.940386], [6.879528, 45.940319], [6.879658, 45.940139], [6.879717, 45.940092], [6.879817, 45.940068], [6.879939, 45.940056], [6.880014, 45.940041], [6.880047, 45.94001], [6.880058, 45.939917], [6.880089, 45.939886], [6.88022, 45.939836], [6.880293, 45.939798], [6.880437, 45.93988], [6.880565, 45.939932], [6.880723, 45.939978], [6.880865, 45.939993], [6.880895, 45.940047], [6.881211, 45.939988], [6.881488, 45.939925], [6.881581, 45.939896], [6.881605, 45.939878], [6.881638, 45.939834], [6.88145, 45.939866], [6.881285, 45.939836], [6.881184, 45.939809], [6.880902, 45.939696], [6.880782, 45.939634], [6.880484, 45.939479], [6.880335, 45.93936], [6.880254, 45.939225], [6.880057, 45.938994], [6.879863, 45.938731], [6.879463, 45.938276], [6.879118, 45.937798], [6.878942, 45.937577], [6.878738, 45.937354], [6.878278, 45.936704], [6.878224, 45.936629], [6.87802, 45.936425], [6.877914, 45.936271], [6.877642, 45.93584], [6.87744, 45.935597], [6.877419, 45.935539], [6.877139, 45.935237], [6.876786, 45.934722], [6.876687, 45.934465], [6.876605, 45.934213], [6.876426, 45.934019], [6.87677, 45.933822], [6.876702, 45.933746], [6.876773, 45.933663], [6.877216, 45.933415], [6.877322, 45.933388], [6.877357, 45.933354], [6.877459, 45.933421], [6.877531, 45.933445], [6.877584, 45.933493], [6.877866, 45.933263], [6.87788, 45.933241], [6.877841, 45.933196], [6.877845, 45.933176], [6.877945, 45.933105], [6.878061, 45.932936], [6.878037, 45.932911], [6.878063, 45.932875], [6.877982, 45.932531], [6.877979, 45.932445], [6.878003, 45.93237], [6.882722, 45.93363], [6.886211, 45.934565], [6.888137, 45.935055], [6.888276, 45.935107], [6.888376, 45.935154], [6.888416, 45.935172], [6.888854, 45.935397], [6.889025, 45.935431], [6.889132, 45.935436], [6.889249, 45.935447], [6.889332, 45.935459], [6.889412, 45.935483], [6.889449, 45.935473], [6.889583, 45.935485], [6.889734, 45.935525], [6.889902, 45.935578], [6.890379, 45.935702], [6.890405, 45.935653], [6.890511, 45.935426], [6.890525, 45.935395], [6.89061, 45.93521], [6.890606, 45.935102], [6.890591, 45.93505], [6.890688, 45.93488], [6.890732, 45.934661], [6.890406, 45.934572], [6.890244, 45.934538], [6.890244, 45.934538], [6.890406, 45.934572], [6.890732, 45.934661], [6.890688, 45.93488], [6.890591, 45.93505], [6.890606, 45.935102], [6.89061, 45.93521], [6.890525, 45.935395], [6.890511, 45.935426], [6.890405, 45.935653], [6.890379, 45.935702], [6.891674, 45.936147], [6.891918, 45.936232], [6.892113, 45.93627], [6.89229, 45.936257], [6.892538, 45.936272], [6.892918, 45.936393], [6.893666, 45.936619], [6.894089, 45.936846], [6.894235, 45.936942], [6.894596, 45.937252], [6.894904, 45.937452], [6.895104, 45.937656], [6.89517, 45.937791], [6.89534, 45.937908], [6.895498, 45.937922], [6.895613, 45.937947], [6.895704, 45.937981], [6.89573, 45.937992], [6.895796, 45.938038], [6.896015, 45.9382], [6.896057, 45.938244], [6.89618, 45.938423], [6.896539, 45.93869], [6.896926, 45.939006], [6.897248, 45.939252], [6.897452, 45.939426], [6.897826, 45.939779], [6.898044, 45.939953], [6.898529, 45.940318], [6.898693, 45.940422], [6.899027, 45.940591], [6.899328, 45.940749], [6.899474, 45.940817], [6.899792, 45.940936], [6.900071, 45.941056], [6.900215, 45.941158], [6.900289, 45.941186], [6.900412, 45.94125], [6.900544, 45.941325], [6.900783, 45.941446], [6.900972, 45.941554], [6.901077, 45.941597], [6.901168, 45.941619], [6.901584, 45.941677], [6.901813, 45.941717], [6.901955, 45.94175], [6.902195, 45.94185], [6.902255, 45.941882], [6.902308, 45.941924], [6.902357, 45.941987], [6.902454, 45.94196], [6.902671, 45.941897], [6.902755, 45.941873], [6.902728, 45.941787], [6.902722, 45.941743], [6.902662, 45.941532], [6.90265, 45.941451], [6.902653, 45.94132], [6.902682, 45.941256], [6.902822, 45.941096], [6.902896, 45.940958], [6.902732, 45.940864], [6.902323, 45.940653], [6.902215, 45.94061], [6.902065, 45.940569], [6.901874, 45.940537], [6.901854, 45.940465], [6.901834, 45.940446], [6.901741, 45.940404], [6.901702, 45.940368], [6.901683, 45.940334], [6.901625, 45.94017], [6.901622, 45.940127], [6.901701, 45.939932], [6.9017, 45.939907], [6.901673, 45.939855], [6.901616, 45.939781], [6.901581, 45.939747], [6.901533, 45.939712], [6.901419, 45.93965], [6.901365, 45.939621], [6.901303, 45.939536], [6.901154, 45.939429], [6.90112, 45.939394], [6.901062, 45.939353], [6.900824, 45.939148], [6.900781, 45.939121], [6.900717, 45.939065], [6.90057, 45.939023], [6.900478, 45.938973], [6.900352, 45.93888], [6.90015, 45.938712], [6.899981, 45.938552], [6.899923, 45.938491], [6.899863, 45.938403], [6.899851, 45.938372], [6.899823, 45.93834], [6.899647, 45.938187], [6.899594, 45.938091], [6.899536, 45.938021], [6.899414, 45.937966], [6.899365, 45.93794], [6.899334, 45.937915], [6.89929, 45.937841], [6.899197, 45.937722], [6.899043, 45.937606], [6.898947, 45.937511], [6.898902, 45.937447], [6.898775, 45.937313], [6.898714, 45.937222], [6.898681, 45.937188], [6.898552, 45.936987], [6.898514, 45.936863], [6.898468, 45.936774], [6.898335, 45.936618], [6.898288, 45.936534], [6.898194, 45.936394], [6.898164, 45.936323], [6.898126, 45.936269], [6.898067, 45.936152], [6.898054, 45.936086], [6.898056, 45.936025], [6.898069, 45.935936], [6.898012, 45.935818], [6.898006, 45.935794], [6.89798, 45.935585], [6.897979, 45.935492], [6.89794, 45.935386], [6.897956, 45.935374], [6.897979, 45.935374], [6.898041, 45.935418], [6.898257, 45.93568], [6.898345, 45.935736], [6.898428, 45.935761], [6.898455, 45.935776], [6.898565, 45.935859], [6.89865, 45.935904], [6.898819, 45.936028], [6.899051, 45.936175], [6.899367, 45.936293], [6.899494, 45.936362], [6.899603, 45.936409], [6.899684, 45.936453], [6.899794, 45.936517], [6.899871, 45.936573], [6.899901, 45.936585], [6.900179, 45.936675], [6.900393, 45.936733], [6.900546, 45.936733], [6.900643, 45.936744], [6.900691, 45.936774], [6.900727, 45.936845], [6.900753, 45.936867], [6.900808, 45.936887], [6.900835, 45.936891], [6.900924, 45.936883], [6.901027, 45.936883], [6.90113, 45.936901], [6.90118, 45.936914], [6.901255, 45.936949], [6.901306, 45.937006], [6.901322, 45.937014], [6.90151, 45.937061], [6.901826, 45.93709], [6.902185, 45.937131], [6.902313, 45.937151], [6.90243, 45.937157], [6.902747, 45.937158], [6.902866, 45.937143], [6.903012, 45.937136], [6.903134, 45.937141], [6.903281, 45.937136], [6.903386, 45.937154], [6.903553, 45.937197], [6.903647, 45.937206], [6.903698, 45.937218], [6.903756, 45.93722], [6.903869, 45.937209], [6.903912, 45.937211], [6.903944, 45.937219], [6.904051, 45.937287], [6.904138, 45.937322], [6.904395, 45.937399], [6.904477, 45.937452], [6.904536, 45.93747], [6.90472, 45.937453], [6.904849, 45.937453], [6.904886, 45.937459], [6.904996, 45.937494], [6.905106, 45.937498], [6.905391, 45.937465], [6.905474, 45.937428], [6.905549, 45.937419], [6.905622, 45.937421], [6.905673, 45.937432], [6.905735, 45.937455], [6.905932, 45.937463], [6.905987, 45.937475], [6.906197, 45.937559], [6.906317, 45.937592], [6.906427, 45.937614], [6.90647, 45.937632], [6.906667, 45.937689], [6.906973, 45.937761], [6.907083, 45.937776], [6.907295, 45.937827], [6.907524, 45.937866], [6.9076, 45.93787], [6.907826, 45.937916], [6.907919, 45.937923], [6.908083, 45.937919], [6.908809, 45.938102], [6.9089, 45.938121], [6.908853, 45.938064], [6.908741, 45.937976], [6.90864, 45.937838], [6.90854, 45.937746], [6.908398, 45.937658], [6.908303, 45.93761], [6.908037, 45.937505], [6.907982, 45.937476], [6.907871, 45.937398], [6.907562, 45.937236], [6.907518, 45.937199], [6.907449, 45.937156], [6.907423, 45.937101], [6.907358, 45.937001], [6.907307, 45.936959], [6.907288, 45.936908], [6.907259, 45.936853], [6.907222, 45.936806], [6.907145, 45.936733], [6.907014, 45.936648], [6.906998, 45.936614], [6.906923, 45.93657], [6.906877, 45.936522], [6.906834, 45.936462], [6.906769, 45.936284], [6.906745, 45.936253], [6.906721, 45.936238], [6.906363, 45.936101], [6.906279, 45.936045], [6.906181, 45.93594], [6.906132, 45.935907], [6.905841, 45.935749], [6.905775, 45.935707], [6.905633, 45.935582], [6.905601, 45.93552], [6.90556, 45.935499], [6.905519, 45.935438], [6.905321, 45.935287], [6.905202, 45.935208], [6.90508, 45.935101], [6.905033, 45.935069], [6.904913, 45.935022], [6.904844, 45.935005], [6.904696, 45.934989], [6.904654, 45.934974], [6.904526, 45.934915], [6.904339, 45.934793], [6.904292, 45.934748], [6.904142, 45.934574], [6.904102, 45.93455], [6.904058, 45.934506], [6.904025, 45.93445], [6.903966, 45.934236], [6.903915, 45.934166], [6.903871, 45.934064], [6.903789, 45.933932], [6.903749, 45.933896], [6.90364, 45.933833], [6.903606, 45.933795], [6.903546, 45.933711], [6.903287, 45.933513], [6.903203, 45.933433], [6.903, 45.933178], [6.902976, 45.933141], [6.902953, 45.933083], [6.902812, 45.932896], [6.902793, 45.932861], [6.90268, 45.932773], [6.902616, 45.932735], [6.902416, 45.932657], [6.902373, 45.932605], [6.902324, 45.932577], [6.902234, 45.932552], [6.90199, 45.932534], [6.901435, 45.932441], [6.901278, 45.932437], [6.901116, 45.932415], [6.901041, 45.932393], [6.900976, 45.93236], [6.900764, 45.932152], [6.900732, 45.932153], [6.90071, 45.932162], [6.900702, 45.93218], [6.900698, 45.932253], [6.900816, 45.932459], [6.900972, 45.932614], [6.900987, 45.932645], [6.900973, 45.932659], [6.900936, 45.932676], [6.90088, 45.932684], [6.900839, 45.932671], [6.900767, 45.932615], [6.900724, 45.932595], [6.900609, 45.932495], [6.900574, 45.932484], [6.900464, 45.932404], [6.900417, 45.932335], [6.900386, 45.932316], [6.900363, 45.932282], [6.900358, 45.932246], [6.90034, 45.932219], [6.900305, 45.932206], [6.900289, 45.932184], [6.900275, 45.932179], [6.90027, 45.93233], [6.900291, 45.932424], [6.900297, 45.932506], [6.900291, 45.932538], [6.900271, 45.93255], [6.900227, 45.932544], [6.900089, 45.932407], [6.899921, 45.932174], [6.89984, 45.932106], [6.899746, 45.932066], [6.899623, 45.932002], [6.899531, 45.931925], [6.899485, 45.931873], [6.89946, 45.931792], [6.899438, 45.931588], [6.899417, 45.931478], [6.899389, 45.931462], [6.89937, 45.931458], [6.899351, 45.931469], [6.89935, 45.931532], [6.899337, 45.931645], [6.899297, 45.931647], [6.899281, 45.931637], [6.899207, 45.931409], [6.899181, 45.931155], [6.899155, 45.931104], [6.899079, 45.931033], [6.898917, 45.930906], [6.898809, 45.930777], [6.898825, 45.930658], [6.898843, 45.930595], [6.898875, 45.930534], [6.898828, 45.930348], [6.898808, 45.930307], [6.89859, 45.930212], [6.898562, 45.930162], [6.898543, 45.93005], [6.898506, 45.930026], [6.898419, 45.929991], [6.898328, 45.929976], [6.8981, 45.930028], [6.898019, 45.930052], [6.89793, 45.930059], [6.897626, 45.930031], [6.89728, 45.929946], [6.897075, 45.929845], [6.896947, 45.929767], [6.896937, 45.929774], [6.896969, 45.929996], [6.897055, 45.930151], [6.897035, 45.930187], [6.896984, 45.930177], [6.896913, 45.930103], [6.896248, 45.929627], [6.896128, 45.929513], [6.895986, 45.929443], [6.895943, 45.929345], [6.895797, 45.929267], [6.895633, 45.929107], [6.895504, 45.929076], [6.895391, 45.929084], [6.895257, 45.929054], [6.895007, 45.92892], [6.894876, 45.928882], [6.894027, 45.928457], [6.893676, 45.928267], [6.893385, 45.928169], [6.893235, 45.928136], [6.893103, 45.928005], [6.892989, 45.927747], [6.892693, 45.927505], [6.892214, 45.92724], [6.892192, 45.92724], [6.892176, 45.927247], [6.892206, 45.927357], [6.892163, 45.927338], [6.892126, 45.927303], [6.892077, 45.92727], [6.892047, 45.92717], [6.891912, 45.927148], [6.891838, 45.927083], [6.891752, 45.927064], [6.8916, 45.92699], [6.891399, 45.926881], [6.89133, 45.926857], [6.891208, 45.926837], [6.891142, 45.926804], [6.891022, 45.926805], [6.890936, 45.926726], [6.8909, 45.926835], [6.890835, 45.926844], [6.890814, 45.92688], [6.890716, 45.926823], [6.890672, 45.926745], [6.890629, 45.92675], [6.890612, 45.926795], [6.890634, 45.926848], [6.890633, 45.927035], [6.890625, 45.92708], [6.890561, 45.927066], [6.890523, 45.927091], [6.890448, 45.927063], [6.890399, 45.927105], [6.890366, 45.927204], [6.890338, 45.927245], [6.890289, 45.927217], [6.890232, 45.927167], [6.890177, 45.927172], [6.890151, 45.92719], [6.890159, 45.927298], [6.890215, 45.927435], [6.890225, 45.927482], [6.890165, 45.927494], [6.890085, 45.927452], [6.890038, 45.927402], [6.889998, 45.927392], [6.889955, 45.927389], [6.889851, 45.927337], [6.889824, 45.927344], [6.889799, 45.927371], [6.889811, 45.927443], [6.889889, 45.927593], [6.889893, 45.927618], [6.889878, 45.927629], [6.889852, 45.927633], [6.889812, 45.927628], [6.889607, 45.927553], [6.889492, 45.927489], [6.889476, 45.92749], [6.889409, 45.92752], [6.889428, 45.927614], [6.889417, 45.927648], [6.889324, 45.927643], [6.889252, 45.927599], [6.889207, 45.927605], [6.889223, 45.927689], [6.889145, 45.927653], [6.889102, 45.927667], [6.889086, 45.927698], [6.889126, 45.927772], [6.889092, 45.927808], [6.888869, 45.9277], [6.888548, 45.927562], [6.888405, 45.927457], [6.88834, 45.927452], [6.888009, 45.927662], [6.88778, 45.927839], [6.887661, 45.927893], [6.887544, 45.927928], [6.88737, 45.927948], [6.887207, 45.927959], [6.887022, 45.927946], [6.886689, 45.927879], [6.886138, 45.927735], [6.885566, 45.927568], [6.885302, 45.927405], [6.884747, 45.92684], [6.88447, 45.926633], [6.884386, 45.926548], [6.884366, 45.92651], [6.884354, 45.926455], [6.88434, 45.926288], [6.884317, 45.926243], [6.884229, 45.926153], [6.88412, 45.925889], [6.884077, 45.925823], [6.884039, 45.925794], [6.883693, 45.925682], [6.883424, 45.925535], [6.883021, 45.925351], [6.882459, 45.925196], [6.882034, 45.92521], [6.881889, 45.925199], [6.881774, 45.925174], [6.881636, 45.925122], [6.881256, 45.92496], [6.881156, 45.924931], [6.880929, 45.924843], [6.880792, 45.924824], [6.880707, 45.924817], [6.880641, 45.924819], [6.880512, 45.924861], [6.880403, 45.924806], [6.880043, 45.92479], [6.879962, 45.92469], [6.879934, 45.924663], [6.879813, 45.924606], [6.879734, 45.924597], [6.879547, 45.924589], [6.879379, 45.924599], [6.879354, 45.924615], [6.879336, 45.924599], [6.879246, 45.924584], [6.878615, 45.924246], [6.878442, 45.924165], [6.877892, 45.923884], [6.877742, 45.92381], [6.877771, 45.923865], [6.87768, 45.923861], [6.877261, 45.923596], [6.876445, 45.923087], [6.876327, 45.92302], [6.876303, 45.923078], [6.876256, 45.923159], [6.876149, 45.923159], [6.876093, 45.923157], [6.876086, 45.923097], [6.876072, 45.92306], [6.876044, 45.923023], [6.875998, 45.923], [6.875939, 45.922985], [6.875832, 45.92299], [6.875794, 45.922998], [6.875771, 45.922962], [6.875729, 45.922908], [6.875659, 45.922881], [6.875436, 45.922798], [6.87526, 45.922691], [6.875204, 45.922731], [6.875118, 45.922799], [6.874463, 45.9233], [6.874415, 45.923337], [6.874351, 45.923295], [6.87428, 45.923263], [6.873833, 45.922965], [6.873799, 45.922948], [6.873758, 45.922941], [6.87369, 45.922943], [6.873624, 45.922959], [6.8736, 45.922939], [6.873531, 45.922883], [6.873497, 45.922901], [6.873455, 45.922908], [6.873412, 45.922904], [6.873375, 45.922888], [6.873351, 45.922863], [6.873342, 45.922833], [6.873198, 45.922902], [6.873136, 45.922926], [6.873047, 45.922857], [6.872864, 45.922802], [6.87265, 45.922742], [6.872541, 45.922722], [6.872377, 45.922714], [6.872185, 45.92273], [6.871991, 45.922776], [6.871519, 45.922897], [6.871481, 45.922885], [6.871404, 45.922838], [6.87136, 45.922829], [6.87125, 45.922935], [6.871168, 45.922997], [6.871024, 45.92295], [6.87095, 45.922946], [6.870866, 45.922949], [6.870756, 45.922966], [6.870564, 45.923023], [6.87051, 45.923033], [6.870452, 45.923036], [6.870393, 45.92303], [6.870349, 45.923016], [6.870318, 45.922998], [6.870285, 45.923014], [6.870241, 45.923033], [6.870199, 45.922998], [6.870142, 45.922996], [6.869984, 45.923068], [6.869688, 45.923203], [6.869708, 45.923242], [6.869711, 45.923281], [6.869704, 45.923329], [6.86968, 45.923401], [6.86966, 45.923445], [6.869835, 45.923662], [6.869827, 45.923694], [6.86947, 45.923807]]}, "properties": {"heading": 36, "length_km": 16.401, "retrace": 0.02}}, {"type": "Feature", "geometry": {"type": "LineString", "coordinates": [[6.86947, 45.923807], [6.869282, 45.923867], [6.869115, 45.923907], [6.868952, 45.923962], [6.868896, 45.923964], [6.868788, 45.923992], [6.868735, 45.923997], [6.868536, 45.92398], [6.868479, 45.923986], [6.868342, 45.924016], [6.868238, 45.924099], [6.868189, 45.924148], [6.86815, 45.924154], [6.868058, 45.924182], [6.868005, 45.924189], [6.867949, 45.924165], [6.86784, 45.924153], [6.867767, 45.924163], [6.8676, 45.924204], [6.867569, 45.924216], [6.86753, 45.924394], [6.867517, 45.924453], [6.867511, 45.92448], [6.867467, 45.924668], [6.867244, 45.924713], [6.867228, 45.924728], [6.866518, 45.92492], [6.866479, 45.924986], [6.866531, 45.925136], [6.866652, 45.925367], [6.866726, 45.92558], [6.866725, 45.925642], [6.866813, 45.925734], [6.866829, 45.925938], [6.866886, 45.926242], [6.867276, 45.926579], [6.867628, 45.92697], [6.867843, 45.927227], [6.86786, 45.92727], [6.867846, 45.92737], [6.867798, 45.927452], [6.867482, 45.928226], [6.867446, 45.928249], [6.867251, 45.928288], [6.867121, 45.92835], [6.867195, 45.928397], [6.867461, 45.928529], [6.867629, 45.928565], [6.86779, 45.928588], [6.867713, 45.928754], [6.867735, 45.928851], [6.867737, 45.928976], [6.867689, 45.929047], [6.867431, 45.92908], [6.867222, 45.929147], [6.867297, 45.929196], [6.867372, 45.92939], [6.867474, 45.92955], [6.867544, 45.929722], [6.867549, 45.929909], [6.867603, 45.930162], [6.867716, 45.930405], [6.867871, 45.930957], [6.867812, 45.931173], [6.867737, 45.93133], [6.867598, 45.9313], [6.867603, 45.931491], [6.867576, 45.931688], [6.867582, 45.931856], [6.867625, 45.931987], [6.867552, 45.932024], [6.867536, 45.932097], [6.867531, 45.932124], [6.867574, 45.93226], [6.867582, 45.932408], [6.867574, 45.93274], [6.867619, 45.933037], [6.867637, 45.933076], [6.867724, 45.933169], [6.867757, 45.933216], [6.867802, 45.933325], [6.867885, 45.933486], [6.867899, 45.933592], [6.867881, 45.933672], [6.867889, 45.933705], [6.867918, 45.933731], [6.86798, 45.933859], [6.868024, 45.933918], [6.868077, 45.933964], [6.868376, 45.934305], [6.868597, 45.934515], [6.868731, 45.934672], [6.868815, 45.934805], [6.868889, 45.934966], [6.868958, 45.93506], [6.86899, 45.935116], [6.869041, 45.935288], [6.869151, 45.93554], [6.869267, 45.935741], [6.869325, 45.935801], [6.86939, 45.935855], [6.869406, 45.935882], [6.869402, 45.935914], [6.869322, 45.935952], [6.869391, 45.936067], [6.869452, 45.936318], [6.869524, 45.936473], [6.869524, 45.936509], [6.869514, 45.93654], [6.869493, 45.936572], [6.869459, 45.936599], [6.869282, 45.936675], [6.869208, 45.936713], [6.869085, 45.936793], [6.868916, 45.936922], [6.868832, 45.936973], [6.86865, 45.937146], [6.868475, 45.937295], [6.868349, 45.937459], [6.868272, 45.937654], [6.868247, 45.937749], [6.868207, 45.937953], [6.868209, 45.93811], [6.868196, 45.938136], [6.868172, 45.938155], [6.868142, 45.938168], [6.868112, 45.93817], [6.868072, 45.938163], [6.867983, 45.93813], [6.867922, 45.938096], [6.867792, 45.938006], [6.867743, 45.937961], [6.867661, 45.937854], [6.867632, 45.93783], [6.867595, 45.937819], [6.86756, 45.937817], [6.867502, 45.937836], [6.867481, 45.937857], [6.867423, 45.937976], [6.867311, 45.938137], [6.867293, 45.9382], [6.867295, 45.938237], [6.86735, 45.938367], [6.867374, 45.938462], [6.867374, 45.938623], [6.867364, 45.938787], [6.867347, 45.938914], [6.867503, 45.939024], [6.86751, 45.939104], [6.867452, 45.93918], [6.867437, 45.939274], [6.867565, 45.93932], [6.86761, 45.939379], [6.86769, 45.939424], [6.867838, 45.939449], [6.867998, 45.939436], [6.868118, 45.939437], [6.86825, 45.939448], [6.868479, 45.939416], [6.868588, 45.939434], [6.868776, 45.939491], [6.868873, 45.939503], [6.869086, 45.939501], [6.869245, 45.939547], [6.869472, 45.939564], [6.869623, 45.939553], [6.869647, 45.93956], [6.869666, 45.939578], [6.869623, 45.939582], [6.86957, 45.939605], [6.869121, 45.939691], [6.86878, 45.9397], [6.868755, 45.939709], [6.86894, 45.939755], [6.869087, 45.939783], [6.869157, 45.939787], [6.869201, 45.939773], [6.869324, 45.939772], [6.869371, 45.939785], [6.869404, 45.939804], [6.869409, 45.939854], [6.869389, 45.939924], [6.869416, 45.939992], [6.869406, 45.94005], [6.869312, 45.940236], [6.869312, 45.940347], [6.869356, 45.940447], [6.86933, 45.940475], [6.869318, 45.940538], [6.869367, 45.940614], [6.869491, 45.940723], [6.869509, 45.94075], [6.869511, 45.940895], [6.869543, 45.940995], [6.869553, 45.941057], [6.86958, 45.941106], [6.86965, 45.941162], [6.869708, 45.941268], [6.86973, 45.941349], [6.869725, 45.941419], [6.869776, 45.941508], [6.86981, 45.941561], [6.869776, 45.941508], [6.869725, 45.941419], [6.86973, 45.941349], [6.869708, 45.941268], [6.86965, 45.941162], [6.86958, 45.941106], [6.869553, 45.941057], [6.869543, 45.940995], [6.869511, 45.940895], [6.869509, 45.94075], [6.869491, 45.940723], [6.869367, 45.940614], [6.869318, 45.940538], [6.86933, 45.940475], [6.869356, 45.940447], [6.869312, 45.940347], [6.869312, 45.940236], [6.869406, 45.94005], [6.869416, 45.939992], [6.869389, 45.939924], [6.869409, 45.939854], [6.869404, 45.939804], [6.869429, 45.939799], [6.869448, 45.939806], [6.869458, 45.939822], [6.869451, 45.93984], [6.869455, 45.939864], [6.869475, 45.939917], [6.869535, 45.93999], [6.86956, 45.940069], [6.86956, 45.940163], [6.869571, 45.940222], [6.869605, 45.940273], [6.869749, 45.940438], [6.869862, 45.940504], [6.869986, 45.94062], [6.870048, 45.940665], [6.87011, 45.940699], [6.870198, 45.940729], [6.870293, 45.940748], [6.870484, 45.940811], [6.870722, 45.940932], [6.870795, 45.94098], [6.870955, 45.941106], [6.871026, 45.941142], [6.871086, 45.941164], [6.871252, 45.941183], [6.871305, 45.941201], [6.871342, 45.941223], [6.871394, 45.941301], [6.871424, 45.941328], [6.871474, 45.941351], [6.871576, 45.941377], [6.871654, 45.941428], [6.871887, 45.941465], [6.871964, 45.941467], [6.872053, 45.941481], [6.872128, 45.9415], [6.872317, 45.941529], [6.872337, 45.941523], [6.872351, 45.94151], [6.872235, 45.941448], [6.872138, 45.941365], [6.872025, 45.941311], [6.872005, 45.941293], [6.871978, 45.941234], [6.871889, 45.941119], [6.871875, 45.941085], [6.871856, 45.940961], [6.87175, 45.940845], [6.871671, 45.940634], [6.871663, 45.940591], [6.871592, 45.940469], [6.871376, 45.940157], [6.871321, 45.940096], [6.871189, 45.939973], [6.871105, 45.939862], [6.871083, 45.939774], [6.871067, 45.93951], [6.871057, 45.939471], [6.87103, 45.939423], [6.870975, 45.939284], [6.870976, 45.93923], [6.870944, 45.939096], [6.870944, 45.939065], [6.870967, 45.939008], [6.870955, 45.938959], [6.870982, 45.938903], [6.870979, 45.938838], [6.870912, 45.938695], [6.870835, 45.938556], [6.870799, 45.93845], [6.870773, 45.9384], [6.87078, 45.938389], [6.870802, 45.93839], [6.870943, 45.938511], [6.870998, 45.938552], [6.871059, 45.938583], [6.871104, 45.938616], [6.871164, 45.93868], [6.871251, 45.938754], [6.871337, 45.938852], [6.871445, 45.938934], [6.871541, 45.939021], [6.871772, 45.93918], [6.871805, 45.939197], [6.871894, 45.939203], [6.871976, 45.939221], [6.872095, 45.939231], [6.872138, 45.939242], [6.872177, 45.939262], [6.872335, 45.939317], [6.872495, 45.939346], [6.872635, 45.939391], [6.872772, 45.939439], [6.872853, 45.939474], [6.872945, 45.939529], [6.87313, 45.939615], [6.873202, 45.939671], [6.873257, 45.939703], [6.873308, 45.939721], [6.873427, 45.939737], [6.873548, 45.939767], [6.873629, 45.939795], [6.873826, 45.939884], [6.873953, 45.939934], [6.873794, 45.939779], [6.873885, 45.939799], [6.874069, 45.939904], [6.874335, 45.940025], [6.87463, 45.940255], [6.874757, 45.94034], [6.874821, 45.940409], [6.874988, 45.940482], [6.875263, 45.940646], [6.875823, 45.940923], [6.875902, 45.940971], [6.875963, 45.941], [6.876082, 45.941038], [6.876125, 45.941042], [6.876163, 45.941037], [6.876296, 45.940988], [6.876686, 45.940922], [6.877021, 45.940874], [6.877179, 45.940871], [6.877393, 45.9409], [6.877526, 45.940926], [6.877605, 45.940957], [6.877746, 45.941034], [6.877911, 45.941084], [6.877978, 45.941119], [6.87797, 45.941062], [6.877985, 45.940948], [6.878025, 45.940795], [6.878032, 45.940741], [6.877992, 45.94062], [6.877987, 45.940574], [6.877997, 45.940522], [6.878029, 45.940432], [6.87814, 45.940499], [6.87828, 45.940533], [6.878569, 45.940574], [6.878822, 45.940568], [6.878884, 45.940584], [6.879039, 45.940672], [6.87916, 45.940715], [6.879257, 45.940762], [6.879316, 45.940824], [6.879377, 45.940723], [6.879424, 45.940608], [6.879491, 45.940386], [6.879528, 45.940319], [6.879658, 45.940139], [6.879717, 45.940092], [6.879817, 45.940068], [6.879939, 45.940056], [6.880014, 45.940041], [6.880047, 45.94001], [6.880058, 45.939917], [6.880089, 45.939886], [6.88022, 45.939836], [6.880293, 45.939798], [6.880437, 45.93988], [6.880565, 45.939932], [6.880723, 45.939978], [6.880865, 45.939993], [6.880895, 45.940047], [6.881211, 45.939988], [6.881488, 45.939925], [6.881581, 45.939896], [6.881605, 45.939878], [6.881638, 45.939834], [6.88145, 45.939866], [6.881285, 45.939836], [6.881184, 45.939809], [6.880902, 45.939696], [6.880782, 45.939634], [6.880484, 45.939479], [6.880335, 45.93936], [6.880254, 45.939225], [6.880057, 45.938994], [6.879863, 45.938731], [6.879463, 45.938276], [6.879118, 45.937798], [6.879161, 45.937775], [6.880462, 45.937091], [6.880642, 45.937235], [6.880901, 45.937378], [6.881061, 45.937427], [6.881247, 45.937475], [6.881461, 45.937509], [6.882725, 45.937614], [6.882886, 45.937627], [6.883227, 45.937656], [6.88351, 45.937696], [6.884483, 45.937861], [6.885088, 45.937999], [6.885789, 45.938184], [6.885581, 45.938377], [6.884883, 45.93835], [6.884813, 45.938406], [6.884883, 45.93835], [6.885581, 45.938377], [6.885789, 45.938184], [6.885833, 45.938194], [6.885975, 45.938226], [6.886661, 45.938413], [6.887128, 45.938568], [6.887586, 45.938679], [6.887876, 45.938712], [6.887879, 45.938606], [6.887894, 45.938488], [6.887936, 45.938348], [6.888014, 45.938206], [6.888231, 45.937963], [6.888307, 45.937889], [6.888743, 45.938044], [6.889036, 45.938148], [6.889323, 45.935823], [6.889375, 45.935545], [6.889412, 45.935483], [6.889449, 45.935473], [6.889583, 45.935485], [6.889734, 45.935525], [6.889902, 45.935578], [6.890379, 45.935702], [6.891674, 45.936147], [6.891918, 45.936232], [6.892113, 45.93627], [6.89229, 45.936257], [6.892538, 45.936272], [6.892918, 45.936393], [6.893666, 45.936619], [6.894089, 45.936846], [6.894235, 45.936942], [6.894596, 45.937252], [6.894904, 45.937452], [6.895104, 45.937656], [6.89517, 45.937791], [6.89534, 45.937908], [6.895498, 45.937922], [6.895613, 45.937947], [6.895704, 45.937981], [6.89573, 45.937992], [6.895796, 45.938038], [6.896015, 45.9382], [6.896057, 45.938244], [6.89618, 45.938423], [6.896539, 45.93869], [6.896926, 45.939006], [6.897248, 45.939252], [6.897452, 45.939426], [6.897826, 45.939779], [6.898044, 45.939953], [6.898529, 45.940318], [6.898693, 45.940422], [6.899027, 45.940591], [6.899328, 45.940749], [6.899474, 45.940817], [6.899792, 45.940936], [6.900071, 45.941056], [6.900215, 45.941158], [6.900289, 45.941186], [6.900412, 45.94125], [6.900544, 45.941325], [6.900783, 45.941446], [6.900972, 45.941554], [6.901077, 45.941597], [6.901168, 45.941619], [6.901584, 45.941677], [6.901813, 45.941717], [6.901955, 45.94175], [6.902195, 45.94185], [6.902255, 45.941882], [6.902308, 45.941924], [6.902357, 45.941987], [6.902454, 45.94196], [6.902671, 45.941897], [6.902755, 45.941873], [6.902728, 45.941787], [6.902722, 45.941743], [6.902662, 45.941532], [6.90265, 45.941451], [6.902653, 45.94132], [6.902682, 45.941256], [6.902822, 45.941096], [6.902896, 45.940958], [6.902732, 45.940864], [6.902323, 45.940653], [6.902215, 45.94061], [6.902065, 45.940569], [6.901874, 45.940537], [6.901854, 45.940465], [6.901834, 45.940446], [6.901741, 45.940404], [6.901702, 45.940368], [6.901683, 45.940334], [6.901625, 45.94017], [6.901622, 45.940127], [6.901701, 45.939932], [6.9017, 45.939907], [6.901673, 45.939855], [6.901616, 45.939781], [6.901581, 45.939747], [6.901533, 45.939712], [6.901419, 45.93965], [6.901365, 45.939621], [6.901303, 45.939536], [6.901154, 45.939429], [6.90112, 45.939394], [6.901062, 45.939353], [6.900824, 45.939148], [6.900781, 45.939121], [6.900717, 45.939065], [6.90057, 45.939023], [6.900478, 45.938973], [6.900352, 45.93888], [6.90015, 45.938712], [6.899981, 45.938552], [6.899923, 45.938491], [6.899863, 45.938403], [6.899851, 45.938372], [6.899823, 45.93834], [6.899647, 45.938187], [6.899594, 45.938091], [6.899536, 45.938021], [6.899414, 45.937966], [6.899365, 45.93794], [6.899334, 45.937915], [6.89929, 45.937841], [6.899197, 45.937722], [6.899043, 45.937606], [6.898947, 45.937511], [6.898902, 45.937447], [6.898775, 45.937313], [6.898714, 45.937222], [6.898681, 45.937188], [6.898552, 45.936987], [6.898514, 45.936863], [6.898468, 45.936774], [6.898335, 45.936618], [6.898288, 45.936534], [6.898194, 45.936394], [6.898164, 45.936323], [6.898126, 45.936269], [6.898067, 45.936152], [6.898054, 45.936086], [6.898056, 45.936025], [6.898069, 45.935936], [6.898012, 45.935818], [6.898006, 45.935794], [6.89798, 45.935585], [6.897979, 45.935492], [6.89794, 45.935386], [6.897956, 45.935374], [6.897979, 45.935374], [6.898041, 45.935418], [6.898257, 45.93568], [6.898345, 45.935736], [6.898428, 45.935761], [6.898455, 45.935776], [6.898565, 45.935859], [6.89865, 45.935904], [6.898819, 45.936028], [6.899051, 45.936175], [6.899367, 45.936293], [6.899494, 45.936362], [6.899603, 45.936409], [6.899684, 45.936453], [6.899794, 45.936517], [6.899871, 45.936573], [6.899901, 45.936585], [6.900179, 45.936675], [6.900393, 45.936733], [6.900546, 45.936733], [6.900643, 45.936744], [6.900691, 45.936774], [6.900727, 45.936845], [6.900753, 45.936867], [6.900808, 45.936887], [6.900835, 45.936891], [6.900924, 45.936883], [6.901027, 45.936883], [6.90113, 45.936901], [6.90118, 45.936914], [6.901255, 45.936949], [6.901306, 45.937006], [6.901322, 45.937014], [6.90151, 45.937061], [6.901826, 45.93709], [6.902185, 45.937131], [6.902313, 45.937151], [6.90243, 45.937157], [6.902747, 45.937158], [6.902866, 45.937143], [6.903012, 45.937136], [6.903134, 45.937141], [6.903281, 45.937136], [6.903386, 45.937154], [6.903553, 45.937197], [6.903647, 45.937206], [6.903698, 45.937218], [6.903756, 45.93722], [6.903869, 45.937209], [6.903912, 45.937211], [6.903944, 45.937219], [6.904051, 45.937287], [6.904138, 45.937322], [6.904395, 45.937399], [6.904477, 45.937452], [6.904536, 45.93747], [6.90472, 45.937453], [6.904849, 45.937453], [6.904886, 45.937459], [6.904996, 45.937494], [6.905106, 45.937498], [6.905391, 45.937465], [6.905474, 45.937428], [6.905549, 45.937419], [6.905622, 45.937421], [6.905673, 45.937432], [6.905735, 45.937455], [6.905932, 45.937463], [6.905987, 45.937475], [6.906197, 45.937559], [6.906317, 45.937592], [6.906427, 45.937614], [6.90647, 45.937632], [6.906667, 45.937689], [6.906973, 45.937761], [6.907083, 45.937776], [6.907295, 45.937827], [6.907524, 45.937866], [6.9076, 45.93787], [6.907826, 45.937916], [6.907919, 45.937923], [6.908083, 45.937919], [6.908809, 45.938102], [6.9089, 45.938121], [6.908853, 45.938064], [6.908741, 45.937976], [6.90864, 45.937838], [6.90854, 45.937746], [6.908398, 45.937658], [6.908303, 45.93761], [6.908037, 45.937505], [6.907982, 45.937476], [6.907871, 45.937398], [6.907562, 45.937236], [6.907518, 45.937199], [6.907449, 45.937156], [6.907423, 45.937101], [6.907358, 45.937001], [6.907307, 45.936959], [6.907288, 45.936908], [6.907194, 45.936846], [6.906825, 45.936688], [6.906692, 45.936589], [6.906637, 45.936503], [6.906578, 45.936452], [6.906393, 45.936368], [6.904955, 45.936133], [6.904354, 45.935926], [6.903314, 45.935507], [6.902775, 45.935212], [6.902649, 45.93517], [6.902372, 45.935126], [6.90213, 45.935015], [6.901797, 45.934909], [6.900924, 45.934315], [6.900466, 45.934041], [6.900338, 45.933866], [6.900198, 45.933783], [6.900056, 45.933772], [6.899879, 45.933803], [6.899722, 45.933814], [6.899649, 45.933784], [6.89947, 45.93365], [6.899333, 45.933563], [6.899262, 45.9334], [6.89922, 45.933392], [6.89919, 45.933395], [6.899173, 45.933405], [6.89916, 45.933424], [6.899168, 45.933482], [6.899281, 45.933663], [6.899391, 45.933763], [6.899437, 45.933823], [6.899416, 45.93385], [6.899353, 45.933859], [6.899084, 45.933681], [6.898986, 45.933581], [6.89883, 45.933402], [6.89871, 45.93323], [6.898672, 45.933217], [6.898631, 45.933217], [6.898603, 45.933233], [6.898591, 45.933256], [6.898604, 45.933315], [6.898747, 45.933514], [6.898744, 45.933541], [6.898728, 45.933564], [6.898709, 45.933567], [6.89866, 45.933557], [6.898612, 45.933528], [6.898463, 45.933384], [6.898358, 45.933293], [6.898348, 45.933267], [6.89829, 45.933216], [6.89825, 45.933207], [6.898226, 45.933222], [6.89822, 45.933268], [6.89826, 45.933368], [6.898369, 45.933482], [6.898387, 45.933519], [6.898396, 45.933557], [6.898389, 45.933574], [6.898355, 45.933596], [6.898298, 45.933583], [6.897918, 45.933398], [6.897745, 45.933133], [6.897719, 45.933085], [6.897637, 45.932996], [6.897467, 45.932955], [6.897299, 45.93287], [6.897225, 45.932766], [6.897222, 45.932562], [6.897229, 45.932498], [6.897212, 45.932469], [6.897162, 45.932445], [6.89712, 45.932453], [6.897104, 45.932477], [6.897115, 45.932585], [6.897058, 45.932774], [6.89706, 45.932968], [6.896995, 45.932996], [6.896939, 45.932983], [6.896904, 45.932924], [6.896912, 45.932793], [6.896732, 45.932334], [6.896727, 45.932266], [6.896773, 45.932027], [6.896749, 45.931876], [6.896664, 45.931765], [6.896537, 45.931678], [6.896429, 45.93159], [6.896326, 45.931549], [6.89616, 45.931514], [6.895941, 45.931507], [6.895563, 45.93162], [6.895342, 45.931676], [6.895234, 45.931736], [6.895187, 45.931737], [6.895084, 45.931569], [6.894679, 45.93065], [6.894565, 45.930065], [6.894605, 45.929888], [6.894549, 45.929716], [6.894294, 45.929235], [6.894225, 45.929148], [6.894025, 45.928891], [6.89362, 45.928456], [6.893454, 45.928298], [6.893283, 45.928192], [6.893235, 45.928136], [6.893385, 45.928169], [6.893676, 45.928267], [6.894027, 45.928457], [6.894876, 45.928882], [6.895007, 45.92892], [6.895257, 45.929054], [6.895391, 45.929084], [6.895504, 45.929076], [6.895633, 45.929107], [6.895797, 45.929267], [6.895943, 45.929345], [6.895986, 45.929443], [6.896128, 45.929513], [6.896248, 45.929627], [6.896913, 45.930103], [6.896984, 45.930177], [6.897035, 45.930187], [6.897055, 45.930151], [6.896969, 45.929996], [6.896937, 45.929774], [6.896947, 45.929767], [6.897075, 45.929845], [6.89728, 45.929946], [6.897626, 45.930031], [6.89793, 45.930059], [6.898019, 45.930052], [6.8981, 45.930028], [6.898328, 45.929976], [6.898419, 45.929991], [6.898506, 45.930026], [6.898543, 45.93005], [6.898562, 45.930162], [6.89859, 45.930212], [6.898808, 45.930307], [6.898828, 45.930348], [6.898875, 45.930534], [6.898843, 45.930595], [6.898825, 45.930658], [6.898809, 45.930777], [6.898917, 45.930906], [6.899079, 45.931033], [6.899155, 45.931104], [6.899181, 45.931155], [6.899207, 45.931409], [6.899281, 45.931637], [6.899297, 45.931647], [6.899337, 45.931645], [6.89935, 45.931532], [6.899351, 45.931469], [6.89937, 45.931458], [6.899389, 45.931462], [6.899417, 45.931478], [6.899438, 45.931588], [6.89946, 45.931792], [6.899485, 45.931873], [6.899531, 45.931925], [6.899623, 45.932002], [6.899746, 45.932066], [6.89984, 45.932106], [6.899921, 45.932174], [6.900089, 45.932407], [6.900227, 45.932544], [6.900271, 45.93255], [6.900291, 45.932538], [6.900297, 45.932506], [6.900291, 45.932424], [6.90027, 45.93233], [6.900275, 45.932179], [6.900289, 45.932184], [6.900305, 45.932206], [6.90034, 45.932219], [6.900358, 45.932246], [6.900363, 45.932282], [6.900386, 45.932316], [6.900417, 45.932335], [6.900464, 45.932404], [6.900574, 45.932484], [6.900609, 45.932495], [6.900724, 45.932595], [6.900767, 45.932615], [6.900839, 45.932671], [6.90088, 45.932684], [6.900936, 45.932676], [6.900973, 45.932659], [6.900987, 45.932645], [6.900972, 45.932614], [6.900816, 45.932459], [6.900698, 45.932253], [6.900702, 45.93218], [6.90071, 45.932162], [6.900732, 45.932153], [6.900764, 45.932152], [6.900976, 45.93236], [6.901041, 45.932393], [6.901116, 45.932415], [6.901278, 45.932437], [6.901435, 45.932441], [6.90199, 45.932534], [6.902234, 45.932552], [6.902324, 45.932577], [6.902373, 45.932605], [6.90265, 45.932623], [6.902827, 45.932641], [6.902916, 45.93266], [6.90299, 45.932685], [6.903134, 45.932712], [6.903293, 45.932777], [6.903351, 45.932822], [6.903435, 45.932859], [6.90359, 45.932914], [6.903843, 45.93303], [6.904138, 45.933106], [6.904381, 45.933147], [6.904477, 45.933155], [6.904636, 45.933184], [6.904665, 45.933195], [6.904684, 45.933213], [6.90472, 45.93323], [6.904804, 45.933258], [6.904854, 45.933323], [6.904897, 45.933353], [6.905023, 45.933398], [6.905062, 45.933421], [6.905164, 45.933504], [6.905266, 45.933541], [6.905358, 45.933549], [6.905456, 45.933569], [6.905487, 45.933567], [6.905505, 45.933557], [6.905507, 45.933544], [6.905326, 45.933435], [6.905295, 45.933397], [6.905691, 45.933438], [6.905837, 45.933444], [6.906031, 45.933509], [6.906193, 45.933529], [6.906323, 45.933543], [6.906413, 45.933562], [6.906511, 45.93361], [6.906611, 45.933721], [6.906756, 45.933918], [6.906796, 45.933926], [6.906834, 45.933963], [6.907141, 45.934159], [6.907208, 45.934178], [6.907233, 45.934173], [6.907178, 45.934101], [6.90713, 45.933985], [6.907042, 45.933922], [6.906922, 45.933741], [6.906894, 45.933661], [6.906996, 45.933679], [6.907049, 45.933728], [6.907305, 45.933873], [6.907407, 45.93392], [6.907493, 45.933945], [6.907488, 45.933917], [6.907329, 45.933744], [6.907289, 45.933676], [6.90736, 45.933695], [6.907489, 45.933787], [6.907565, 45.933801], [6.907549, 45.933753], [6.907462, 45.933648], [6.907454, 45.93362], [6.9075, 45.933624], [6.907562, 45.933652], [6.9076, 45.933661], [6.907674, 45.933652], [6.90769, 45.933613], [6.907515, 45.933512], [6.907445, 45.933488], [6.907328, 45.933414], [6.907289, 45.933338], [6.907421, 45.933348], [6.907775, 45.933461], [6.907868, 45.933476], [6.907906, 45.933463], [6.907887, 45.933436], [6.907796, 45.933396], [6.907678, 45.933318], [6.907571, 45.933174], [6.907477, 45.933064], [6.907471, 45.93304], [6.907488, 45.933038], [6.907555, 45.933061], [6.907746, 45.933208], [6.907828, 45.93324], [6.908037, 45.9333], [6.908154, 45.933309], [6.908116, 45.933246], [6.907955, 45.933168], [6.907854, 45.933065], [6.907687, 45.93276], [6.907614, 45.932692], [6.907749, 45.932719], [6.90788, 45.932791], [6.90802, 45.93288], [6.908084, 45.932945], [6.908135, 45.932956], [6.908192, 45.932958], [6.908181, 45.932934], [6.908113, 45.932878], [6.908075, 45.932788], [6.908109, 45.932766], [6.908273, 45.932846], [6.908398, 45.932889], [6.908775, 45.932863], [6.908891, 45.932869], [6.909165, 45.932906], [6.909303, 45.932937], [6.909546, 45.933004], [6.909612, 45.933026], [6.909729, 45.933038], [6.909802, 45.933016], [6.909973, 45.933057], [6.910344, 45.93309], [6.9105, 45.93314], [6.910694, 45.933151], [6.911352, 45.93315], [6.911512, 45.933158], [6.911679, 45.933228], [6.91175, 45.933266], [6.911876, 45.933356], [6.911998, 45.933378], [6.912297, 45.933557], [6.912413, 45.933591], [6.912442, 45.933617], [6.912493, 45.933611], [6.912457, 45.933525], [6.912322, 45.933457], [6.912249, 45.933366], [6.912251, 45.933336], [6.912426, 45.933431], [6.912607, 45.933488], [6.912662, 45.933579], [6.912717, 45.933614], [6.912803, 45.93363], [6.912966, 45.93382], [6.91319, 45.933951], [6.91324, 45.93404], [6.91324, 45.934151], [6.913311, 45.934243], [6.913507, 45.934312], [6.913555, 45.934309], [6.91345, 45.934227], [6.913459, 45.934208], [6.913546, 45.934234], [6.913606, 45.93424], [6.913721, 45.934272], [6.913808, 45.93427], [6.914037, 45.934219], [6.914166, 45.934203], [6.914355, 45.934212], [6.914434, 45.934134], [6.914493, 45.934065], [6.914631, 45.933877], [6.914694, 45.933816], [6.914762, 45.933775], [6.914853, 45.93374], [6.915053, 45.933709], [6.915167, 45.93371], [6.915323, 45.93373], [6.915389, 45.933747], [6.915456, 45.93377], [6.915547, 45.933828], [6.915726, 45.933867], [6.915937, 45.933904], [6.916093, 45.933926], [6.916226, 45.933946], [6.916361, 45.933968], [6.916422, 45.93399], [6.916577, 45.934089], [6.916713, 45.934192], [6.916771, 45.934285], [6.916803, 45.934319], [6.916874, 45.934339], [6.916918, 45.934342], [6.91694, 45.934326], [6.916951, 45.934294], [6.916911, 45.934129], [6.916889, 45.933917], [6.916843, 45.93372], [6.91684, 45.93364], [6.916724, 45.933467], [6.916696, 45.933444], [6.916584, 45.933367], [6.91641, 45.933291], [6.916384, 45.933275], [6.916384, 45.933266], [6.91601, 45.933231], [6.915919, 45.933206], [6.915929, 45.933197], [6.915964, 45.933186], [6.916039, 45.93317], [6.916003, 45.933135], [6.915991, 45.933103], [6.915995, 45.933045], [6.916035, 45.933037], [6.916039, 45.933007], [6.916004, 45.932994], [6.915971, 45.932953], [6.91595, 45.932941], [6.915871, 45.932911], [6.915763, 45.932858], [6.915656, 45.932854], [6.91558, 45.932841], [6.915525, 45.932821], [6.915397, 45.932752], [6.915354, 45.93272], [6.915331, 45.932688], [6.915297, 45.932658], [6.91519, 45.932615], [6.915145, 45.932611], [6.915082, 45.932619], [6.914972, 45.932617], [6.914796, 45.932585], [6.914778, 45.932569], [6.914785, 45.932556], [6.914777, 45.932544], [6.914716, 45.932532], [6.914637, 45.932543], [6.914493, 45.932524], [6.914332, 45.932523], [6.914169, 45.932498], [6.914109, 45.932476], [6.913962, 45.932453], [6.913852, 45.932446], [6.913782, 45.932424], [6.913718, 45.932422], [6.913653, 45.93241], [6.913604, 45.932387], [6.913512, 45.932357], [6.913447, 45.932324], [6.913332, 45.932314], [6.913272, 45.932301], [6.913155, 45.932258], [6.913138, 45.932246], [6.913144, 45.932234], [6.913194, 45.932224], [6.913236, 45.932204], [6.913249, 45.932187], [6.913239, 45.932174], [6.913138, 45.932169], [6.913104, 45.932155], [6.912907, 45.932024], [6.912617, 45.931854], [6.912522, 45.931824], [6.912463, 45.931797], [6.912328, 45.93168], [6.912297, 45.931617], [6.912024, 45.931387], [6.911906, 45.931261], [6.911908, 45.931084], [6.911829, 45.93105], [6.911756, 45.930864], [6.911682, 45.930721], [6.91139, 45.930675], [6.91129, 45.930747], [6.911184, 45.930771], [6.910926, 45.930765], [6.910711, 45.930738], [6.910496, 45.930752], [6.909364, 45.930515], [6.909185, 45.93047], [6.909107, 45.93034], [6.908983, 45.930242], [6.908978, 45.93009], [6.908856, 45.930003], [6.908674, 45.929744], [6.908613, 45.929677], [6.908453, 45.929644], [6.908299, 45.929542], [6.908169, 45.929533], [6.908126, 45.929519], [6.908043, 45.929426], [6.907881, 45.929381], [6.907819, 45.929408], [6.90769, 45.9294], [6.907605, 45.929359], [6.907535, 45.929293], [6.907526, 45.929225], [6.907607, 45.929161], [6.907656, 45.929076], [6.907637, 45.928929], [6.907571, 45.928785], [6.907468, 45.928728], [6.907323, 45.928674], [6.907203, 45.928571], [6.907195, 45.928464], [6.907206, 45.928359], [6.907193, 45.928298], [6.907148, 45.928244], [6.907165, 45.928205], [6.907034, 45.928135], [6.90698, 45.928079], [6.906724, 45.928061], [6.906852, 45.927849], [6.906875, 45.927715], [6.906798, 45.927621], [6.906704, 45.927535], [6.906552, 45.927442], [6.906444, 45.927298], [6.906222, 45.92708], [6.906201, 45.926972], [6.905964, 45.926843], [6.905909, 45.926774], [6.905866, 45.926747], [6.905705, 45.926766], [6.905484, 45.926644], [6.905384, 45.926539], [6.905186, 45.926433], [6.905003, 45.926431], [6.904581, 45.926177], [6.904539, 45.925968], [6.904582, 45.925767], [6.904648, 45.925807], [6.904579, 45.925669], [6.90455, 45.925474], [6.904483, 45.925267], [6.90449, 45.92502], [6.904482, 45.92494], [6.904676, 45.924697], [6.90461, 45.924486], [6.904642, 45.924119], [6.904701, 45.924055], [6.904801, 45.923894], [6.904907, 45.923844], [6.905034, 45.923619], [6.905059, 45.923453], [6.905154, 45.9234], [6.905178, 45.923343], [6.905265, 45.923289], [6.905298, 45.923194], [6.905334, 45.923167], [6.905358, 45.923138], [6.905326, 45.923089], [6.905343, 45.922979], [6.905444, 45.922632], [6.90542, 45.922564], [6.905441, 45.922464], [6.905438, 45.922272], [6.905541, 45.922148], [6.905559, 45.922049], [6.905456, 45.921634], [6.905482, 45.921425], [6.90547, 45.921193], [6.905318, 45.921045], [6.905264, 45.920951], [6.905253, 45.920848], [6.905245, 45.92078], [6.905188, 45.920641], [6.905268, 45.920236], [6.905355, 45.920109], [6.905271, 45.919952], [6.905162, 45.919774], [6.905168, 45.919653], [6.905091, 45.919516], [6.905014, 45.919417], [6.904814, 45.919251], [6.90469, 45.919221], [6.90453, 45.919152], [6.904225, 45.918966], [6.904098, 45.91885], [6.903957, 45.918571], [6.903774, 45.918452], [6.903625, 45.918381], [6.903483, 45.918357], [6.903403, 45.918314], [6.903256, 45.91827], [6.903199, 45.918221], [6.903087, 45.918208], [6.902984, 45.918241], [6.902892, 45.918228], [6.902667, 45.917958], [6.902661, 45.917854], [6.902695, 45.917772], [6.902827, 45.917512], [6.902878, 45.917322], [6.902842, 45.917206], [6.902718, 45.917157], [6.90247, 45.917122], [6.902325, 45.917125], [6.901956, 45.917065], [6.901673, 45.916881], [6.901546, 45.916833], [6.901443, 45.916721], [6.901348, 45.91663], [6.901334, 45.916544], [6.90124, 45.916455], [6.901116, 45.916382], [6.900976, 45.916207], [6.900648, 45.916004], [6.900631, 45.915921], [6.900425, 45.915851], [6.900384, 45.915757], [6.900258, 45.915672], [6.900119, 45.915592], [6.899921, 45.915435], [6.899706, 45.915279], [6.89967, 45.915249], [6.899637, 45.91524], [6.899613, 45.915224], [6.899493, 45.915203], [6.899436, 45.915184], [6.899366, 45.915123], [6.899332, 45.915114], [6.899286, 45.91508], [6.899255, 45.915039], [6.899183, 45.91498], [6.899063, 45.914849], [6.898967, 45.914782], [6.898935, 45.91475], [6.898854, 45.914698], [6.898804, 45.91464], [6.898662, 45.914535], [6.898579, 45.914483], [6.898514, 45.914446], [6.898347, 45.914377], [6.898308, 45.914348], [6.898162, 45.914211], [6.898097, 45.914236], [6.897987, 45.914259], [6.897857, 45.914271], [6.897806, 45.914284], [6.897755, 45.914279], [6.897653, 45.914246], [6.897594, 45.914199], [6.897576, 45.9142], [6.897551, 45.914266], [6.897547, 45.914329], [6.89751, 45.914348], [6.897521, 45.914397], [6.897541, 45.914432], [6.897537, 45.914448], [6.897518, 45.914456], [6.897518, 45.914465], [6.897542, 45.914485], [6.897546, 45.914497], [6.897504, 45.914484], [6.897426, 45.914429], [6.897402, 45.914426], [6.897383, 45.91444], [6.897381, 45.91448], [6.89739, 45.914515], [6.897478, 45.914612], [6.897506, 45.914669], [6.897485, 45.914691], [6.897333, 45.914628], [6.897313, 45.914641], [6.897362, 45.914713], [6.897271, 45.914722], [6.897195, 45.914674], [6.897184, 45.9147], [6.897215, 45.914755], [6.897204, 45.914833], [6.897255, 45.914878], [6.897196, 45.91489], [6.897107, 45.91483], [6.897077, 45.914819], [6.897087, 45.914922], [6.896993, 45.914876], [6.896957, 45.914808], [6.896918, 45.914815], [6.896946, 45.914898], [6.896921, 45.915003], [6.896922, 45.915045], [6.896898, 45.915055], [6.896878, 45.915022], [6.89681, 45.915007], [6.896789, 45.91503], [6.896842, 45.915158], [6.896803, 45.915196], [6.896747, 45.915339], [6.896644, 45.915254], [6.896592, 45.915253], [6.89662, 45.915341], [6.896609, 45.915374], [6.89658, 45.915371], [6.89658, 45.915358], [6.89645, 45.915275], [6.896418, 45.915282], [6.896386, 45.915365], [6.896322, 45.915375], [6.896274, 45.915435], [6.89626, 45.915509], [6.896187, 45.915503], [6.89611, 45.915456], [6.896042, 45.915427], [6.896023, 45.915457], [6.895933, 45.915475], [6.89584, 45.915532], [6.895764, 45.915518], [6.895762, 45.915563], [6.895647, 45.915611], [6.895572, 45.915727], [6.895668, 45.91572], [6.895799, 45.915883], [6.895762, 45.915947], [6.895866, 45.916054], [6.895749, 45.916041], [6.8958, 45.916179], [6.895774, 45.91619], [6.895771, 45.916325], [6.895419, 45.916198], [6.895424, 45.916249], [6.89547, 45.916305], [6.89543, 45.916293], [6.895435, 45.916341], [6.895404, 45.91639], [6.895291, 45.916374], [6.895195, 45.916395], [6.895105, 45.916476], [6.894997, 45.916543], [6.894897, 45.916521], [6.894804, 45.916536], [6.894639, 45.916453], [6.894511, 45.916426], [6.894334, 45.916414], [6.894274, 45.916446], [6.894166, 45.916521], [6.894125, 45.916521], [6.893985, 45.916444], [6.893832, 45.916237], [6.893857, 45.916147], [6.893822, 45.916136], [6.893773, 45.916155], [6.893736, 45.916102], [6.89368, 45.91605], [6.893688, 45.915971], [6.89362, 45.91588], [6.893582, 45.915887], [6.893544, 45.91579], [6.89341, 45.915758], [6.893305, 45.915821], [6.893249, 45.915886], [6.893219, 45.916047], [6.893048, 45.916187], [6.893047, 45.916309], [6.892901, 45.916415], [6.892949, 45.916634], [6.892904, 45.916779], [6.892833, 45.916833], [6.892773, 45.91679], [6.892647, 45.91673], [6.892582, 45.916716], [6.892538, 45.91685], [6.892491, 45.916875], [6.892478, 45.917035], [6.892379, 45.91703], [6.892304, 45.916995], [6.892225, 45.91699], [6.892266, 45.917174], [6.892199, 45.917262], [6.892142, 45.917526], [6.89221, 45.917689], [6.892289, 45.917769], [6.892381, 45.917943], [6.892362, 45.917955], [6.892242, 45.917935], [6.891775, 45.917826], [6.891468, 45.917886], [6.891302, 45.917833], [6.891295, 45.917936], [6.891249, 45.91797], [6.891108, 45.917946], [6.891019, 45.917855], [6.890957, 45.917842], [6.890902, 45.917853], [6.890765, 45.917839], [6.890698, 45.917874], [6.890648, 45.917948], [6.89058, 45.917971], [6.890534, 45.917951], [6.89041, 45.917744], [6.89031, 45.91768], [6.890263, 45.917728], [6.890255, 45.917859], [6.890262, 45.917923], [6.890212, 45.917955], [6.890157, 45.917963], [6.890106, 45.917927], [6.890067, 45.917836], [6.889895, 45.917795], [6.889861, 45.917865], [6.889764, 45.917756], [6.889653, 45.91771], [6.889603, 45.917749], [6.889516, 45.917786], [6.88962, 45.918], [6.88962, 45.918182], [6.889647, 45.918332], [6.889638, 45.918392], [6.889614, 45.918402], [6.889597, 45.918424], [6.889577, 45.918429], [6.889567, 45.918443], [6.889539, 45.918513], [6.889574, 45.918571], [6.889566, 45.91859], [6.88951, 45.918588], [6.88935, 45.918591], [6.889253, 45.918629], [6.88922, 45.918662], [6.889169, 45.918684], [6.889131, 45.918711], [6.889137, 45.918792], [6.88921, 45.918879], [6.889191, 45.918913], [6.88919, 45.91894], [6.889209, 45.918983], [6.889237, 45.919019], [6.88925, 45.919064], [6.889231, 45.91909], [6.889179, 45.919098], [6.889116, 45.919086], [6.889059, 45.919056], [6.889006, 45.919049], [6.88891, 45.919025], [6.888862, 45.918985], [6.88879, 45.91887], [6.888741, 45.918821], [6.888703, 45.918746], [6.888527, 45.918558], [6.888459, 45.918501], [6.88838, 45.91839], [6.88837, 45.918325], [6.888378, 45.918262], [6.88836, 45.918229], [6.888315, 45.91819], [6.888231, 45.918153], [6.888134, 45.918082], [6.888079, 45.918054], [6.887922, 45.917899], [6.88787, 45.917884], [6.887771, 45.91778], [6.887742, 45.917765], [6.887713, 45.917656], [6.887659, 45.91752], [6.887611, 45.917455], [6.887614, 45.917435], [6.887604, 45.917407], [6.887582, 45.917396], [6.887538, 45.917389], [6.887523, 45.917379], [6.887482, 45.917308], [6.887397, 45.917232], [6.887243, 45.916989], [6.887126, 45.916767], [6.887021, 45.916608], [6.886855, 45.916483], [6.886733, 45.916403], [6.886602, 45.916306], [6.886463, 45.916135], [6.886439, 45.916063], [6.886424, 45.915982], [6.886403, 45.915898], [6.886345, 45.915855], [6.886333, 45.91582], [6.886322, 45.915731], [6.886344, 45.915646], [6.88642, 45.915591], [6.886438, 45.915561], [6.886394, 45.915495], [6.886385, 45.915467], [6.886367, 45.915437], [6.886338, 45.915433], [6.886204, 45.915443], [6.886089, 45.915419], [6.885977, 45.915376], [6.885887, 45.915315], [6.885892, 45.915284], [6.885945, 45.915182], [6.885977, 45.915047], [6.88585, 45.9151], [6.885631, 45.915255], [6.88542, 45.915355], [6.884795, 45.915278], [6.884049, 45.915114], [6.883298, 45.914995], [6.882826, 45.914899], [6.882718, 45.914805], [6.882587, 45.914732], [6.882426, 45.914566], [6.882374, 45.914577], [6.882253, 45.914657], [6.882146, 45.914577], [6.882092, 45.914491], [6.881942, 45.914379], [6.881875, 45.914277], [6.88169, 45.914459], [6.881508, 45.914282], [6.881414, 45.914249], [6.881109, 45.913971], [6.880782, 45.913712], [6.880726, 45.913708], [6.880734, 45.91385], [6.88075, 45.913936], [6.880578, 45.913837], [6.880087, 45.913672], [6.879285, 45.91345], [6.878725, 45.913303], [6.878616, 45.91331], [6.878581, 45.913377], [6.878678, 45.913661], [6.878976, 45.913892], [6.879219, 45.914034], [6.879627, 45.914424], [6.879922, 45.914958], [6.87981, 45.915019], [6.879716, 45.915012], [6.879701, 45.915236], [6.879335, 45.915064], [6.879209, 45.915073], [6.878518, 45.914673], [6.878309, 45.914624], [6.878129, 45.914551], [6.877878, 45.914394], [6.877335, 45.914137], [6.877072, 45.914042], [6.877201, 45.914236], [6.877255, 45.914535], [6.877311, 45.914573], [6.877089, 45.914511], [6.876921, 45.914403], [6.876901, 45.914378], [6.876857, 45.914372], [6.87676, 45.914324], [6.876698, 45.914322], [6.876623, 45.914277], [6.876557, 45.914282], [6.87656, 45.914316], [6.876525, 45.914348], [6.876601, 45.914448], [6.876502, 45.914424], [6.876319, 45.914322], [6.876278, 45.914317], [6.876131, 45.914229], [6.875919, 45.914117], [6.875857, 45.914061], [6.875702, 45.913952], [6.875589, 45.91385], [6.875342, 45.913715], [6.875171, 45.913631], [6.875269, 45.913741], [6.875338, 45.913861], [6.875391, 45.91393], [6.875248, 45.913841], [6.875128, 45.91381], [6.875016, 45.9138], [6.874959, 45.91378], [6.874869, 45.913718], [6.874731, 45.913592], [6.874674, 45.91371], [6.874711, 45.913819], [6.874701, 45.913827], [6.874666, 45.913822], [6.874517, 45.913604], [6.874355, 45.91348], [6.874294, 45.913445], [6.874091, 45.913446], [6.874015, 45.913428], [6.873895, 45.913391], [6.873869, 45.913351], [6.873844, 45.913371], [6.873829, 45.913362], [6.873801, 45.913307], [6.87374, 45.913264], [6.873629, 45.913275], [6.87347, 45.913228], [6.873521, 45.913328], [6.873596, 45.913363], [6.873461, 45.913346], [6.873472, 45.913398], [6.873521, 45.913429], [6.873527, 45.913468], [6.873408, 45.913432], [6.873341, 45.913387], [6.873219, 45.913363], [6.873255, 45.913459], [6.873287, 45.913505], [6.873343, 45.913525], [6.873361, 45.913538], [6.873268, 45.913554], [6.873162, 45.913518], [6.873131, 45.913491], [6.873003, 45.913442], [6.872901, 45.913391], [6.873, 45.913547], [6.873051, 45.913589], [6.873133, 45.913673], [6.873121, 45.91368], [6.873101, 45.913681], [6.873037, 45.913664], [6.872995, 45.913634], [6.872955, 45.913626], [6.872903, 45.913598], [6.872722, 45.913544], [6.87283, 45.913687], [6.872913, 45.913764], [6.873176, 45.913885], [6.873163, 45.913974], [6.873164, 45.914068], [6.873448, 45.9143], [6.873365, 45.914268], [6.873584, 45.914455], [6.873651, 45.914562], [6.873694, 45.914685], [6.873719, 45.914789], [6.873737, 45.915001], [6.873733, 45.915047], [6.873713, 45.91506], [6.873677, 45.915059], [6.873572, 45.914998], [6.873469, 45.914962], [6.873379, 45.914937], [6.873318, 45.914928], [6.873276, 45.914933], [6.873236, 45.914953], [6.873225, 45.914988], [6.873233, 45.915119], [6.873228, 45.915145], [6.873196, 45.915158], [6.873139, 45.915156], [6.873082, 45.915143], [6.872836, 45.915], [6.872734, 45.914948], [6.87263, 45.914908], [6.87257, 45.914908], [6.872546, 45.914933], [6.872526, 45.915003], [6.872483, 45.915016], [6.87232, 45.91498], [6.872176, 45.914969], [6.871871, 45.914979], [6.87186, 45.91501], [6.871877, 45.915054], [6.871935, 45.91513], [6.871978, 45.915214], [6.872013, 45.915345], [6.872025, 45.915455], [6.87205, 45.915545], [6.872105, 45.915639], [6.872185, 45.915712], [6.872398, 45.915832], [6.872459, 45.915881], [6.872497, 45.915938], [6.872524, 45.916019], [6.872568, 45.91609], [6.87264, 45.916153], [6.872744, 45.916223], [6.872881, 45.916348], [6.872897, 45.916431], [6.872901, 45.916509], [6.872892, 45.916582], [6.872827, 45.916651], [6.87273, 45.916725], [6.87267, 45.916736], [6.87248, 45.916711], [6.8724, 45.916689], [6.872319, 45.91669], [6.872262, 45.916709], [6.872233, 45.916733], [6.872195, 45.9168], [6.872188, 45.91683], [6.872024, 45.916989], [6.871884, 45.917092], [6.871747, 45.917161], [6.871731, 45.917175], [6.871673, 45.917239], [6.8716, 45.917312], [6.871439, 45.917539], [6.871205, 45.91779], [6.87107, 45.917921], [6.870882, 45.918046], [6.870857, 45.918064], [6.870605, 45.918239], [6.870498, 45.918318], [6.871109, 45.918703], [6.871066, 45.918735], [6.87098, 45.918793], [6.870953, 45.91884], [6.870802, 45.918956], [6.870895, 45.919018], [6.870858, 45.919049], [6.870872, 45.919115], [6.870658, 45.919265], [6.8706, 45.919274], [6.870537, 45.919314], [6.87045, 45.91937], [6.870528, 45.919459], [6.870562, 45.919525], [6.870584, 45.919586], [6.870583, 45.919636], [6.870576, 45.919677], [6.870527, 45.919766], [6.870413, 45.919895], [6.87021, 45.920173], [6.870115, 45.920321], [6.870035, 45.920498], [6.869982, 45.920641], [6.870028, 45.920666], [6.87004, 45.920685], [6.870044, 45.920705], [6.870026, 45.920744], [6.869977, 45.92077], [6.869915, 45.92077], [6.869908, 45.9208], [6.869891, 45.920859], [6.869832, 45.921034], [6.86969, 45.921447], [6.869643, 45.92159], [6.869592, 45.921783], [6.86958, 45.921864], [6.869584, 45.921956], [6.869639, 45.922139], [6.869679, 45.922217], [6.869893, 45.922461], [6.870189, 45.922845], [6.870318, 45.922998], [6.870285, 45.923014], [6.870241, 45.923033], [6.870199, 45.922998], [6.870142, 45.922996], [6.869984, 45.923068], [6.869688, 45.923203], [6.869708, 45.923242], [6.869711, 45.923281], [6.869704, 45.923329], [6.86968, 45.923401], [6.86966, 45.923445], [6.869835, 45.923662], [6.869827, 45.923694], [6.86947, 45.923807]]}, "properties": {"heading": 54, "length_km": 24.298, "retrace": 0.024}}, {"type": "Feature", "geometry": {"type": "LineString", "coordinates": [[6.86947, 45.923807], [6.869282, 45.923867], [6.869115, 45.923907], [6.868952, 45.923962], [6.868896, 45.923964], [6.868788, 45.923992], [6.868735, 45.923997], [6.868536, 45.92398], [6.868479, 45.923986], [6.868342, 45.924016], [6.868238, 45.924099], [6.868189, 45.924148], [6.86815, 45.924154], [6.868058, 45.924182], [6.868005, 45.924189], [6.867949, 45.924165], [6.86784, 45.924153], [6.867767, 45.924163], [6.8676, 45.924204], [6.867569, 45.924216], [6.86753, 45.924394], [6.867517, 45.924453], [6.867511, 45.92448], [6.867467, 45.924668], [6.867244, 45.924713], [6.867228, 45.924728], [6.866518, 45.92492], [6.866479, 45.924986], [6.866531, 45.925136], [6.866652, 45.925367], [6.866726, 45.92558], [6.866725, 45.925642], [6.866813, 45.925734], [6.866829, 45.925938], [6.866886, 45.926242], [6.867276, 45.926579], [6.867628, 45.92697], [6.867843, 45.927227], [6.86786, 45.92727], [6.867846, 45.92737], [6.867798, 45.927452], [6.867482, 45.928226], [6.867446, 45.928249], [6.867251, 45.928288], [6.867121, 45.92835], [6.867195, 45.928397], [6.867461, 45.928529], [6.867629, 45.928565], [6.86779, 45.928588], [6.867713, 45.928754], [6.867735, 45.928851], [6.867737, 45.928976], [6.867689, 45.929047], [6.867431, 45.92908], [6.867222, 45.929147], [6.867297, 45.929196], [6.867372, 45.92939], [6.867474, 45.92955], [6.867544, 45.929722], [6.867549, 45.929909], [6.867603, 45.930162], [6.867716, 45.930405], [6.867871, 45.930957], [6.867812, 45.931173], [6.867737, 45.93133], [6.867598, 45.9313], [6.867603, 45.931491], [6.867576, 45.931688], [6.867582, 45.931856], [6.867625, 45.931987], [6.867552, 45.932024], [6.867536, 45.932097], [6.867531, 45.932124], [6.867574, 45.93226], [6.867582, 45.932408], [6.867574, 45.93274], [6.867619, 45.933037], [6.867637, 45.933076], [6.867724, 45.933169], [6.867757, 45.933216], [6.867802, 45.933325], [6.867885, 45.933486], [6.867899, 45.933592], [6.867881, 45.933672], [6.867889, 45.933705], [6.867918, 45.933731], [6.86798, 45.933859], [6.868024, 45.933918], [6.868077, 45.933964], [6.868376, 45.934305], [6.868597, 45.934515], [6.868731, 45.934672], [6.868896, 45.934793], [6.869133, 45.935031], [6.869251, 45.935119], [6.869302, 45.935165], [6.869414, 45.935287], [6.869536, 45.935399], [6.869607, 45.935449], [6.869789, 45.9356], [6.869875, 45.935658], [6.869914, 45.935698], [6.87001, 45.935833], [6.870042, 45.935857], [6.87014, 45.935905], [6.870167, 45.935932], [6.87019, 45.935986], [6.870221, 45.936014], [6.870401, 45.936165], [6.870438, 45.936192], [6.870533, 45.936243], [6.870561, 45.936267], [6.870571, 45.936296], [6.87058, 45.936448], [6.870598, 45.9365], [6.870672, 45.936645], [6.870675, 45.936681], [6.870666, 45.936716], [6.870648, 45.936753], [6.870619, 45.936789], [6.870503, 45.936878], [6.870413, 45.93693], [6.870322, 45.936968], [6.870295, 45.936986], [6.870285, 45.93701], [6.870287, 45.937041], [6.870304, 45.937066], [6.870397, 45.937123], [6.870476, 45.937272], [6.870506, 45.937311], [6.87055, 45.937339], [6.870658, 45.937384], [6.870751, 45.937448], [6.871043, 45.937596], [6.871183, 45.937685], [6.871219, 45.937727], [6.871298, 45.937909], [6.871695, 45.93817], [6.871752, 45.938218], [6.871795, 45.938267], [6.871921, 45.938436], [6.87199, 45.938499], [6.872079, 45.938564], [6.872155, 45.938601], [6.872229, 45.938626], [6.872341, 45.938634], [6.872416, 45.938697], [6.872615, 45.938935], [6.872681, 45.938997], [6.873161, 45.939307], [6.873322, 45.939446], [6.873645, 45.939662], [6.873794, 45.939779], [6.873885, 45.939799], [6.874069, 45.939904], [6.874335, 45.940025], [6.87463, 45.940255], [6.874757, 45.94034], [6.874821, 45.940409], [6.874988, 45.940482], [6.875263, 45.940646], [6.875823, 45.940923], [6.875902, 45.940971], [6.875963, 45.941], [6.876082, 45.941038], [6.876125, 45.941042], [6.876163, 45.941037], [6.876296, 45.940988], [6.876686, 45.940922], [6.877021, 45.940874], [6.877179, 45.940871], [6.877347, 45.940893], [6.877393, 45.9409], [6.877526, 45.940926], [6.877605, 45.940957], [6.877746, 45.941034], [6.877911, 45.941084], [6.877978, 45.941119], [6.87797, 45.941062], [6.877985, 45.940948], [6.878025, 45.940795], [6.878032, 45.940741], [6.877992, 45.94062], [6.877987, 45.940574], [6.877997, 45.940522], [6.878029, 45.940432], [6.87814, 45.940499], [6.87828, 45.940533], [6.878569, 45.940574], [6.878822, 45.940568], [6.878884, 45.940584], [6.879039, 45.940672], [6.87916, 45.940715], [6.879257, 45.940762], [6.879316, 45.940824], [6.879377, 45.940723], [6.879424, 45.940608], [6.879491, 45.940386], [6.879528, 45.940319], [6.879658, 45.940139], [6.879717, 45.940092], [6.879817, 45.940068], [6.879939, 45.940056], [6.880014, 45.940041], [6.880047, 45.94001], [6.880058, 45.939917], [6.880089, 45.939886], [6.88022, 45.939836], [6.880293, 45.939798], [6.880437, 45.93988], [6.880565, 45.939932], [6.880723, 45.939978], [6.880865, 45.939993], [6.880895, 45.940047], [6.881211, 45.939988], [6.881488, 45.939925], [6.881581, 45.939896], [6.881605, 45.939878], [6.881638, 45.939834], [6.88145, 45.939866], [6.881285, 45.939836], [6.881184, 45.939809], [6.880902, 45.939696], [6.880782, 45.939634], [6.880484, 45.939479], [6.880335, 45.93936], [6.880254, 45.939225], [6.880057, 45.938994], [6.879863, 45.938731], [6.879463, 45.938276], [6.879118, 45.937798], [6.878942, 45.937577], [6.878738, 45.937354], [6.878278, 45.936704], [6.878224, 45.936629], [6.87802, 45.936425], [6.877914, 45.936271], [6.877642, 45.93584], [6.87744, 45.935597], [6.877419, 45.935539], [6.877139, 45.935237], [6.876786, 45.934722], [6.876687, 45.934465], [6.876605, 45.934213], [6.876426, 45.934019], [6.87677, 45.933822], [6.876702, 45.933746], [6.876773, 45.933663], [6.877216, 45.933415], [6.877322, 45.933388], [6.877357, 45.933354], [6.877459, 45.933421], [6.877531, 45.933445], [6.877584, 45.933493], [6.877866, 45.933263], [6.87788, 45.933241], [6.877841, 45.933196], [6.877845, 45.933176], [6.877945, 45.933105], [6.878061, 45.932936], [6.878037, 45.932911], [6.878063, 45.932875], [6.877982, 45.932531], [6.877979, 45.932445], [6.878003, 45.93237], [6.882722, 45.93363], [6.886211, 45.934565], [6.888137, 45.935055], [6.888276, 45.935107], [6.888376, 45.935154], [6.888416, 45.935172], [6.888854, 45.935397], [6.889025, 45.935431], [6.889132, 45.935436], [6.889249, 45.935447], [6.889332, 45.935459], [6.889412, 45.935483], [6.889449, 45.935473], [6.889583, 45.935485], [6.889734, 45.935525], [6.889902, 45.935578], [6.890379, 45.935702], [6.890405, 45.935653], [6.890511, 45.935426], [6.890525, 45.935395], [6.89061, 45.93521], [6.890606, 45.935102], [6.890591, 45.93505], [6.890688, 45.93488], [6.890732, 45.934661], [6.890406, 45.934572], [6.890244, 45.934538], [6.890244, 45.934538], [6.890406, 45.934572], [6.890732, 45.934661], [6.890688, 45.93488], [6.890591, 45.93505], [6.890606, 45.935102], [6.89061, 45.93521], [6.890525, 45.935395], [6.890511, 45.935426], [6.890405, 45.935653], [6.890379, 45.935702], [6.891674, 45.936147], [6.891918, 45.936232], [6.892113, 45.93627], [6.89229, 45.936257], [6.892538, 45.936272], [6.892918, 45.936393], [6.893666, 45.936619], [6.894089, 45.936846], [6.894235, 45.936942], [6.894596, 45.937252], [6.894904, 45.937452], [6.895104, 45.937656], [6.89517, 45.937791], [6.89534, 45.937908], [6.895498, 45.937922], [6.895613, 45.937947], [6.895704, 45.937981], [6.89573, 45.937992], [6.895796, 45.938038], [6.896015, 45.9382], [6.896057, 45.938244], [6.89618, 45.938423], [6.896539, 45.93869], [6.896926, 45.939006], [6.897248, 45.939252], [6.897452, 45.939426], [6.897826, 45.939779], [6.898044, 45.939953], [6.898529, 45.940318], [6.898693, 45.940422], [6.899027, 45.940591], [6.899328, 45.940749], [6.899474, 45.940817], [6.899792, 45.940936], [6.900071, 45.941056], [6.900215, 45.941158], [6.900289, 45.941186], [6.900412, 45.94125], [6.900544, 45.941325], [6.900783, 45.941446], [6.900972, 45.941554], [6.901077, 45.941597], [6.901168, 45.941619], [6.901584, 45.941677], [6.901813, 45.941717], [6.901955, 45.94175], [6.902195, 45.94185], [6.902255, 45.941882], [6.902308, 45.941924], [6.902357, 45.941987], [6.902454, 45.94196], [6.902671, 45.941897], [6.902755, 45.941873], [6.902728, 45.941787], [6.902722, 45.941743], [6.902662, 45.941532], [6.90265, 45.941451], [6.902653, 45.94132], [6.902682, 45.941256], [6.902822, 45.941096], [6.902896, 45.940958], [6.902732, 45.940864], [6.902323, 45.940653], [6.902215, 45.94061], [6.902065, 45.940569], [6.901874, 45.940537], [6.901854, 45.940465], [6.901834, 45.940446], [6.901741, 45.940404], [6.901702, 45.940368], [6.901683, 45.940334], [6.901625, 45.94017], [6.901622, 45.940127], [6.901701, 45.939932], [6.9017, 45.939907], [6.901673, 45.939855], [6.901616, 45.939781], [6.901581, 45.939747], [6.901533, 45.939712], [6.901419, 45.93965], [6.901365, 45.939621], [6.901303, 45.939536], [6.901154, 45.939429], [6.90112, 45.939394], [6.901062, 45.939353], [6.900824, 45.939148], [6.900781, 45.939121], [6.900717, 45.939065], [6.90057, 45.939023], [6.900478, 45.938973], [6.900352, 45.93888], [6.90015, 45.938712], [6.899981, 45.938552], [6.899923, 45.938491], [6.899863, 45.938403], [6.899851, 45.938372], [6.899823, 45.93834], [6.899647, 45.938187], [6.899594, 45.938091], [6.899536, 45.938021], [6.899414, 45.937966], [6.899365, 45.93794], [6.899334, 45.937915], [6.89929, 45.937841], [6.899197, 45.937722], [6.899043, 45.937606], [6.898947, 45.937511], [6.898902, 45.937447], [6.898775, 45.937313], [6.898714, 45.937222], [6.898681, 45.937188], [6.898552, 45.936987], [6.898514, 45.936863], [6.898468, 45.936774], [6.898335, 45.936618], [6.898288, 45.936534], [6.898194, 45.936394], [6.898164, 45.936323], [6.898126, 45.936269], [6.898067, 45.936152], [6.898054, 45.936086], [6.898056, 45.936025], [6.898069, 45.935936], [6.898012, 45.935818], [6.898006, 45.935794], [6.89798, 45.935585], [6.897979, 45.935492], [6.89794, 45.935386], [6.897956, 45.935374], [6.897979, 45.935374], [6.898041, 45.935418], [6.898257, 45.93568], [6.898345, 45.935736], [6.898428, 45.935761], [6.898455, 45.935776], [6.898565, 45.935859], [6.89865, 45.935904], [6.898819, 45.936028], [6.899051, 45.936175], [6.899367, 45.936293], [6.899494, 45.936362], [6.899603, 45.936409], [6.899684, 45.936453], [6.899794, 45.936517], [6.899871, 45.936573], [6.899901, 45.936585], [6.900179, 45.936675], [6.900393, 45.936733], [6.900546, 45.936733], [6.900643, 45.936744], [6.900691, 45.936774], [6.900727, 45.936845], [6.900753, 45.936867], [6.900808, 45.936887], [6.900835, 45.936891], [6.900924, 45.936883], [6.901027, 45.936883], [6.90113, 45.936901], [6.90118, 45.936914], [6.901255, 45.936949], [6.901306, 45.937006], [6.901322, 45.937014], [6.90151, 45.937061], [6.901826, 45.93709], [6.902185, 45.937131], [6.902313, 45.937151], [6.90243, 45.937157], [6.902747, 45.937158], [6.902866, 45.937143], [6.903012, 45.937136], [6.903134, 45.937141], [6.903281, 45.937136], [6.903386, 45.937154], [6.903553, 45.937197], [6.903647, 45.937206], [6.903698, 45.937218], [6.903756, 45.93722], [6.903869, 45.937209], [6.903912, 45.937211], [6.903944, 45.937219], [6.904051, 45.937287], [6.904138, 45.937322], [6.904395, 45.937399], [6.904477, 45.937452], [6.904536, 45.93747], [6.90472, 45.937453], [6.904849, 45.937453], [6.904886, 45.937459], [6.904996, 45.937494], [6.905106, 45.937498], [6.905391, 45.937465], [6.905474, 45.937428], [6.905549, 45.937419], [6.905622, 45.937421], [6.905673, 45.937432], [6.905735, 45.937455], [6.905932, 45.937463], [6.905987, 45.937475], [6.906197, 45.937559], [6.906317, 45.937592], [6.906427, 45.937614], [6.90647, 45.937632], [6.906667, 45.937689], [6.906973, 45.937761], [6.907083, 45.937776], [6.907295, 45.937827], [6.907524, 45.937866], [6.9076, 45.93787], [6.907826, 45.937916], [6.907919, 45.937923], [6.908083, 45.937919], [6.908809, 45.938102], [6.9089, 45.938121], [6.908853, 45.938064], [6.908741, 45.937976], [6.90864, 45.937838], [6.90854, 45.937746], [6.908398, 45.937658], [6.908303, 45.93761], [6.908037, 45.937505], [6.907982, 45.937476], [6.907871, 45.937398], [6.907562, 45.937236], [6.907518, 45.937199], [6.907449, 45.937156], [6.907423, 45.937101], [6.907358, 45.937001], [6.907307, 45.936959], [6.907288, 45.936908], [6.907259, 45.936853], [6.907222, 45.936806], [6.907145, 45.936733], [6.907014, 45.936648], [6.906998, 45.936614], [6.906923, 45.93657], [6.906877, 45.936522], [6.906834, 45.936462], [6.906769, 45.936284], [6.906745, 45.936253], [6.906721, 45.936238], [6.906363, 45.936101], [6.906279, 45.936045], [6.906181, 45.93594], [6.906132, 45.935907], [6.905841, 45.935749], [6.905775, 45.935707], [6.905633, 45.935582], [6.905601, 45.93552], [6.90556, 45.935499], [6.905519, 45.935438], [6.905321, 45.935287], [6.905202, 45.935208], [6.90508, 45.935101], [6.905033, 45.935069], [6.904913, 45.935022], [6.904844, 45.935005], [6.904696, 45.934989], [6.904654, 45.934974], [6.904526, 45.934915], [6.904339, 45.934793], [6.904292, 45.934748], [6.904142, 45.934574], [6.904102, 45.93455], [6.904058, 45.934506], [6.904025, 45.93445], [6.903966, 45.934236], [6.903915, 45.934166], [6.903871, 45.934064], [6.903789, 45.933932], [6.903749, 45.933896], [6.90364, 45.933833], [6.903606, 45.933795], [6.903546, 45.933711], [6.903287, 45.933513], [6.903203, 45.933433], [6.903, 45.933178], [6.902976, 45.933141], [6.902953, 45.933083], [6.902812, 45.932896], [6.902793, 45.932861], [6.90268, 45.932773], [6.902616, 45.932735], [6.902416, 45.932657], [6.902373, 45.932605], [6.902324, 45.932577], [6.902234, 45.932552], [6.90199, 45.932534], [6.901435, 45.932441], [6.901278, 45.932437], [6.901116, 45.932415], [6.901041, 45.932393], [6.900976, 45.93236], [6.900764, 45.932152], [6.900732, 45.932153], [6.90071, 45.932162], [6.900702, 45.93218], [6.900698, 45.932253], [6.900816, 45.932459], [6.900972, 45.932614], [6.900987, 45.932645], [6.900973, 45.932659], [6.900936, 45.932676], [6.90088, 45.932684], [6.900839, 45.932671], [6.900767, 45.932615], [6.900724, 45.932595], [6.900609, 45.932495], [6.900574, 45.932484], [6.900464, 45.932404], [6.900417, 45.932335], [6.900386, 45.932316], [6.900363, 45.932282], [6.900358, 45.932246], [6.90034, 45.932219], [6.900305, 45.932206], [6.900289, 45.932184], [6.900275, 45.932179], [6.90027, 45.93233], [6.900291, 45.932424], [6.900297, 45.932506], [6.900291, 45.932538], [6.900271, 45.93255], [6.900227, 45.932544], [6.900089, 45.932407], [6.899921, 45.932174], [6.89984, 45.932106], [6.899746, 45.932066], [6.899623, 45.932002], [6.899531, 45.931925], [6.899485, 45.931873], [6.89946, 45.931792], [6.899438, 45.931588], [6.899417, 45.931478], [6.899389, 45.931462], [6.89937, 45.931458], [6.899351, 45.931469], [6.89935, 45.931532], [6.899337, 45.931645], [6.899297, 45.931647], [6.899281, 45.931637], [6.899207, 45.931409], [6.899181, 45.931155], [6.899155, 45.931104], [6.899079, 45.931033], [6.898917, 45.930906], [6.898809, 45.930777], [6.898825, 45.930658], [6.898843, 45.930595], [6.898875, 45.930534], [6.898828, 45.930348], [6.898808, 45.930307], [6.89859, 45.930212], [6.898562, 45.930162], [6.898543, 45.93005], [6.898506, 45.930026], [6.898419, 45.929991], [6.898328, 45.929976], [6.8981, 45.930028], [6.898019, 45.930052], [6.89793, 45.930059], [6.897626, 45.930031], [6.89728, 45.929946], [6.897075, 45.929845], [6.896947, 45.929767], [6.896937, 45.929774], [6.896969, 45.929996], [6.897055, 45.930151], [6.897035, 45.930187], [6.896984, 45.930177], [6.896913, 45.930103], [6.896248, 45.929627], [6.896128, 45.929513], [6.895986, 45.929443], [6.895943, 45.929345], [6.895797, 45.929267], [6.895633, 45.929107], [6.895504, 45.929076], [6.895391, 45.929084], [6.895257, 45.929054], [6.895007, 45.92892], [6.894876, 45.928882], [6.894027, 45.928457], [6.893676, 45.928267], [6.893385, 45.928169], [6.893235, 45.928136], [6.893103, 45.928005], [6.892989, 45.927747], [6.892693, 45.927505], [6.892214, 45.92724], [6.892693, 45.927505], [6.892989, 45.927747], [6.893103, 45.928005], [6.893235, 45.928136], [6.893385, 45.928169], [6.893676, 45.928267], [6.894027, 45.928457], [6.894876, 45.928882], [6.895007, 45.92892], [6.895257, 45.929054], [6.895391, 45.929084], [6.895504, 45.929076], [6.895633, 45.929107], [6.895797, 45.929267], [6.895943, 45.929345], [6.895986, 45.929443], [6.896128, 45.929513], [6.896248, 45.929627], [6.896913, 45.930103], [6.896984, 45.930177], [6.897035, 45.930187], [6.897055, 45.930151], [6.896969, 45.929996], [6.896937, 45.929774], [6.896947, 45.929767], [6.897075, 45.929845], [6.89728, 45.929946], [6.897626, 45.930031], [6.89793, 45.930059], [6.898019, 45.930052], [6.8981, 45.930028], [6.898328, 45.929976], [6.898419, 45.929991], [6.898506, 45.930026], [6.898543, 45.93005], [6.898562, 45.930162], [6.89859, 45.930212], [6.898808, 45.930307], [6.898828, 45.930348], [6.898875, 45.930534], [6.898843, 45.930595], [6.898825, 45.930658], [6.898809, 45.930777], [6.898917, 45.930906], [6.899079, 45.931033], [6.899155, 45.931104], [6.899181, 45.931155], [6.899207, 45.931409], [6.899281, 45.931637], [6.899297, 45.931647], [6.899337, 45.931645], [6.89935, 45.931532], [6.899351, 45.931469], [6.89937, 45.931458], [6.899389, 45.931462], [6.899417, 45.931478], [6.899438, 45.931588], [6.89946, 45.931792], [6.899485, 45.931873], [6.899531, 45.931925], [6.899623, 45.932002], [6.899746, 45.932066], [6.89984, 45.932106], [6.899921, 45.932174], [6.900089, 45.932407], [6.900227, 45.932544], [6.900271, 45.93255], [6.900291, 45.932538], [6.900297, 45.932506], [6.900291, 45.932424], [6.90027, 45.93233], [6.900275, 45.932179], [6.900289, 45.932184], [6.900305, 45.932206], [6.90034, 45.932219], [6.900358, 45.932246], [6.900363, 45.932282], [6.900386, 45.932316], [6.900417, 45.932335], [6.900464, 45.932404], [6.900574, 45.932484], [6.900609, 45.932495], [6.900724, 45.932595], [6.900767, 45.932615], [6.900839, 45.932671], [6.90088, 45.932684], [6.900936, 45.932676], [6.900973, 45.932659], [6.900987, 45.932645], [6.900972, 45.932614], [6.900816, 45.932459], [6.900698, 45.932253], [6.900702, 45.93218], [6.90071, 45.932162], [6.900732, 45.932153], [6.900764, 45.932152], [6.900976, 45.93236], [6.901041, 45.932393], [6.901116, 45.932415], [6.901278, 45.932437], [6.901435, 45.932441], [6.90199, 45.932534], [6.902234, 45.932552], [6.902324, 45.932577], [6.902373, 45.932605], [6.90265, 45.932623], [6.902827, 45.932641], [6.902916, 45.93266], [6.90299, 45.932685], [6.903134, 45.932712], [6.903293, 45.932777], [6.903351, 45.932822], [6.903435, 45.932859], [6.90359, 45.932914], [6.903843, 45.93303], [6.904138, 45.933106], [6.904381, 45.933147], [6.904477, 45.933155], [6.904636, 45.933184], [6.904665, 45.933195], [6.904684, 45.933213], [6.90472, 45.93323], [6.904804, 45.933258], [6.904854, 45.933323], [6.904897, 45.933353], [6.905023, 45.933398], [6.905062, 45.933421], [6.905164, 45.933504], [6.905266, 45.933541], [6.905358, 45.933549], [6.905456, 45.933569], [6.905487, 45.933567], [6.905505, 45.933557], [6.905507, 45.933544], [6.905326, 45.933435], [6.905295, 45.933397], [6.905691, 45.933438], [6.905837, 45.933444], [6.906031, 45.933509], [6.906193, 45.933529], [6.906323, 45.933543], [6.906413, 45.933562], [6.906511, 45.93361], [6.906611, 45.933721], [6.906756, 45.933918], [6.906796, 45.933926], [6.906834, 45.933963], [6.907141, 45.934159], [6.907208, 45.934178], [6.907233, 45.934173], [6.907178, 45.934101], [6.90713, 45.933985], [6.907042, 45.933922], [6.906922, 45.933741], [6.906894, 45.933661], [6.906996, 45.933679], [6.907049, 45.933728], [6.907305, 45.933873], [6.907407, 45.93392], [6.907493, 45.933945], [6.907488, 45.933917], [6.907329, 45.933744], [6.907289, 45.933676], [6.90736, 45.933695], [6.907489, 45.933787], [6.907565, 45.933801], [6.907549, 45.933753], [6.907462, 45.933648], [6.907454, 45.93362], [6.9075, 45.933624], [6.907562, 45.933652], [6.9076, 45.933661], [6.907674, 45.933652], [6.90769, 45.933613], [6.907515, 45.933512], [6.907445, 45.933488], [6.907328, 45.933414], [6.907289, 45.933338], [6.907421, 45.933348], [6.907775, 45.933461], [6.907868, 45.933476], [6.907906, 45.933463], [6.907887, 45.933436], [6.907796, 45.933396], [6.907678, 45.933318], [6.907571, 45.933174], [6.907477, 45.933064], [6.907471, 45.93304], [6.907488, 45.933038], [6.907555, 45.933061], [6.907746, 45.933208], [6.907828, 45.93324], [6.908037, 45.9333], [6.908154, 45.933309], [6.908116, 45.933246], [6.907955, 45.933168], [6.907854, 45.933065], [6.907687, 45.93276], [6.907614, 45.932692], [6.907749, 45.932719], [6.90788, 45.932791], [6.90802, 45.93288], [6.908084, 45.932945], [6.908135, 45.932956], [6.908192, 45.932958], [6.908181, 45.932934], [6.908113, 45.932878], [6.908075, 45.932788], [6.908109, 45.932766], [6.908273, 45.932846], [6.908398, 45.932889], [6.908775, 45.932863], [6.908891, 45.932869], [6.909165, 45.932906], [6.909303, 45.932937], [6.909546, 45.933004], [6.909612, 45.933026], [6.909729, 45.933038], [6.909802, 45.933016], [6.909973, 45.933057], [6.910344, 45.93309], [6.9105, 45.93314], [6.910694, 45.933151], [6.911352, 45.93315], [6.911512, 45.933158], [6.911679, 45.933228], [6.91175, 45.933266], [6.911876, 45.933356], [6.911998, 45.933378], [6.912297, 45.933557], [6.912413, 45.933591], [6.912442, 45.933617], [6.912493, 45.933611], [6.912457, 45.933525], [6.912322, 45.933457], [6.912249, 45.933366], [6.912251, 45.933336], [6.912426, 45.933431], [6.912607, 45.933488], [6.912662, 45.933579], [6.912717, 45.933614], [6.912803, 45.93363], [6.912966, 45.93382], [6.91319, 45.933951], [6.91324, 45.93404], [6.91324, 45.934151], [6.913311, 45.934243], [6.913507, 45.934312], [6.913555, 45.934309], [6.91345, 45.934227], [6.913459, 45.934208], [6.913546, 45.934234], [6.913606, 45.93424], [6.913721, 45.934272], [6.913808, 45.93427], [6.914037, 45.934219], [6.914166, 45.934203], [6.914355, 45.934212], [6.914434, 45.934134], [6.914493, 45.934065], [6.914631, 45.933877], [6.914694, 45.933816], [6.914762, 45.933775], [6.914853, 45.93374], [6.915053, 45.933709], [6.915167, 45.93371], [6.915323, 45.93373], [6.915389, 45.933747], [6.915456, 45.93377], [6.915547, 45.933828], [6.915726, 45.933867], [6.915937, 45.933904], [6.916093, 45.933926], [6.916226, 45.933946], [6.916361, 45.933968], [6.916422, 45.93399], [6.916577, 45.934089], [6.916713, 45.934192], [6.916771, 45.934285], [6.916803, 45.934319], [6.916874, 45.934339], [6.916918, 45.934342], [6.91694, 45.934326], [6.916951, 45.934294], [6.916911, 45.934129], [6.916889, 45.933917], [6.916843, 45.93372], [6.91684, 45.93364], [6.916724, 45.933467], [6.916696, 45.933444], [6.916584, 45.933367], [6.91641, 45.933291], [6.916384, 45.933275], [6.916384, 45.933266], [6.91601, 45.933231], [6.915919, 45.933206], [6.915929, 45.933197], [6.915964, 45.933186], [6.916039, 45.93317], [6.916003, 45.933135], [6.915991, 45.933103], [6.915995, 45.933045], [6.916035, 45.933037], [6.916039, 45.933007], [6.916004, 45.932994], [6.915971, 45.932953], [6.91595, 45.932941], [6.915871, 45.932911], [6.915763, 45.932858], [6.915656, 45.932854], [6.91558, 45.932841], [6.915525, 45.932821], [6.915397, 45.932752], [6.915354, 45.93272], [6.915331, 45.932688], [6.915297, 45.932658], [6.91519, 45.932615], [6.915145, 45.932611], [6.915082, 45.932619], [6.914972, 45.932617], [6.914796, 45.932585], [6.914778, 45.932569], [6.914785, 45.932556], [6.914777, 45.932544], [6.914716, 45.932532], [6.914637, 45.932543], [6.914493, 45.932524], [6.914332, 45.932523], [6.914169, 45.932498], [6.914109, 45.932476], [6.913962, 45.932453], [6.913852, 45.932446], [6.913782, 45.932424], [6.913718, 45.932422], [6.913653, 45.93241], [6.913604, 45.932387], [6.913512, 45.932357], [6.913447, 45.932324], [6.913332, 45.932314], [6.913272, 45.932301], [6.913155, 45.932258], [6.913138, 45.932246], [6.913144, 45.932234], [6.913194, 45.932224], [6.913236, 45.932204], [6.913249, 45.932187], [6.913239, 45.932174], [6.913138, 45.932169], [6.913104, 45.932155], [6.912907, 45.932024], [6.912617, 45.931854], [6.912522, 45.931824], [6.912463, 45.931797], [6.912328, 45.93168], [6.912297, 45.931617], [6.912024, 45.931387], [6.911906, 45.931261], [6.911908, 45.931084], [6.911829, 45.93105], [6.911756, 45.930864], [6.911682, 45.930721], [6.91139, 45.930675], [6.91129, 45.930747], [6.911184, 45.930771], [6.910926, 45.930765], [6.910711, 45.930738], [6.910496, 45.930752], [6.909364, 45.930515], [6.909185, 45.93047], [6.909107, 45.93034], [6.908983, 45.930242], [6.908978, 45.93009], [6.908856, 45.930003], [6.908674, 45.929744], [6.908613, 45.929677], [6.908453, 45.929644], [6.908299, 45.929542], [6.908169, 45.929533], [6.908126, 45.929519], [6.908043, 45.929426], [6.907881, 45.929381], [6.907819, 45.929408], [6.90769, 45.9294], [6.907605, 45.929359], [6.907535, 45.929293], [6.907526, 45.929225], [6.907607, 45.929161], [6.907656, 45.929076], [6.907637, 45.928929], [6.907571, 45.928785], [6.907468, 45.928728], [6.907323, 45.928674], [6.907203, 45.928571], [6.907195, 45.928464], [6.907206, 45.928359], [6.907193, 45.928298], [6.907148, 45.928244], [6.907165, 45.928205], [6.907034, 45.928135], [6.90698, 45.928079], [6.906724, 45.928061], [6.906852, 45.927849], [6.906875, 45.927715], [6.906798, 45.927621], [6.906704, 45.927535], [6.906552, 45.927442], [6.906444, 45.927298], [6.906222, 45.92708], [6.906201, 45.926972], [6.905964, 45.926843], [6.905909, 45.926774], [6.905866, 45.926747], [6.905705, 45.926766], [6.905484, 45.926644], [6.905384, 45.926539], [6.905186, 45.926433], [6.905003, 45.926431], [6.904581, 45.926177], [6.904539, 45.925968], [6.904582, 45.925767], [6.904648, 45.925807], [6.904579, 45.925669], [6.90455, 45.925474], [6.904483, 45.925267], [6.90449, 45.92502], [6.904482, 45.92494], [6.904676, 45.924697], [6.90461, 45.924486], [6.904642, 45.924119], [6.904701, 45.924055], [6.904801, 45.923894], [6.904907, 45.923844], [6.905034, 45.923619], [6.905059, 45.923453], [6.905154, 45.9234], [6.905178, 45.923343], [6.905265, 45.923289], [6.905298, 45.923194], [6.905334, 45.923167], [6.905358, 45.923138], [6.905326, 45.923089], [6.905343, 45.922979], [6.905444, 45.922632], [6.90542, 45.922564], [6.905441, 45.922464], [6.905438, 45.922272], [6.905541, 45.922148], [6.905559, 45.922049], [6.905456, 45.921634], [6.905482, 45.921425], [6.90547, 45.921193], [6.905318, 45.921045], [6.905264, 45.920951], [6.905253, 45.920848], [6.905245, 45.92078], [6.905188, 45.920641], [6.905268, 45.920236], [6.905355, 45.920109], [6.905271, 45.919952], [6.905162, 45.919774], [6.905168, 45.919653], [6.905091, 45.919516], [6.905014, 45.919417], [6.904814, 45.919251], [6.90469, 45.919221], [6.90453, 45.919152], [6.904225, 45.918966], [6.904098, 45.91885], [6.903957, 45.918571], [6.903774, 45.918452], [6.903625, 45.918381], [6.903483, 45.918357], [6.903403, 45.918314], [6.903256, 45.91827], [6.903199, 45.918221], [6.903087, 45.918208], [6.902984, 45.918241], [6.902892, 45.918228], [6.902667, 45.917958], [6.902661, 45.917854], [6.902695, 45.917772], [6.902827, 45.917512], [6.902878, 45.917322], [6.902842, 45.917206], [6.902718, 45.917157], [6.90247, 45.917122], [6.902325, 45.917125], [6.901956, 45.917065], [6.901673, 45.916881], [6.901546, 45.916833], [6.901443, 45.916721], [6.901348, 45.91663], [6.901334, 45.916544], [6.90124, 45.916455], [6.901116, 45.916382], [6.900976, 45.916207], [6.900648, 45.916004], [6.900631, 45.915921], [6.900425, 45.915851], [6.900384, 45.915757], [6.900258, 45.915672], [6.900119, 45.915592], [6.899921, 45.915435], [6.899706, 45.915279], [6.89967, 45.915249], [6.899637, 45.91524], [6.899613, 45.915224], [6.899493, 45.915203], [6.899436, 45.915184], [6.899366, 45.915123], [6.899332, 45.915114], [6.899286, 45.91508], [6.899255, 45.915039], [6.899183, 45.91498], [6.899063, 45.914849], [6.898967, 45.914782], [6.898935, 45.91475], [6.898854, 45.914698], [6.898804, 45.91464], [6.898662, 45.914535], [6.898579, 45.914483], [6.898514, 45.914446], [6.898347, 45.914377], [6.898308, 45.914348], [6.898162, 45.914211], [6.898097, 45.914236], [6.897987, 45.914259], [6.897857, 45.914271], [6.897806, 45.914284], [6.897755, 45.914279], [6.897653, 45.914246], [6.897594, 45.914199], [6.897576, 45.9142], [6.897551, 45.914266], [6.897547, 45.914329], [6.89751, 45.914348], [6.897521, 45.914397], [6.897541, 45.914432], [6.897537, 45.914448], [6.897518, 45.914456], [6.897518, 45.914465], [6.897542, 45.914485], [6.897546, 45.914497], [6.897504, 45.914484], [6.897426, 45.914429], [6.897402, 45.914426], [6.897383, 45.91444], [6.897381, 45.91448], [6.89739, 45.914515], [6.897478, 45.914612], [6.897506, 45.914669], [6.897485, 45.914691], [6.897333, 45.914628], [6.897313, 45.914641], [6.897362, 45.914713], [6.897271, 45.914722], [6.897195, 45.914674], [6.897184, 45.9147], [6.897215, 45.914755], [6.897204, 45.914833], [6.897255, 45.914878], [6.897196, 45.91489], [6.897107, 45.91483], [6.897077, 45.914819], [6.897087, 45.914922], [6.896993, 45.914876], [6.896957, 45.914808], [6.896918, 45.914815], [6.896946, 45.914898], [6.896921, 45.915003], [6.896922, 45.915045], [6.896898, 45.915055], [6.896878, 45.915022], [6.89681, 45.915007], [6.896789, 45.91503], [6.896842, 45.915158], [6.896803, 45.915196], [6.896747, 45.915339], [6.896644, 45.915254], [6.896592, 45.915253], [6.89662, 45.915341], [6.896609, 45.915374], [6.89658, 45.915371], [6.89658, 45.915358], [6.89645, 45.915275], [6.896418, 45.915282], [6.896386, 45.915365], [6.896322, 45.915375], [6.896274, 45.915435], [6.89626, 45.915509], [6.896187, 45.915503], [6.89611, 45.915456], [6.896042, 45.915427], [6.896023, 45.915457], [6.895933, 45.915475], [6.89584, 45.915532], [6.895764, 45.915518], [6.895762, 45.915563], [6.895647, 45.915611], [6.895572, 45.915727], [6.895668, 45.91572], [6.895799, 45.915883], [6.895762, 45.915947], [6.895866, 45.916054], [6.895749, 45.916041], [6.8958, 45.916179], [6.895774, 45.91619], [6.895771, 45.916325], [6.895419, 45.916198], [6.895424, 45.916249], [6.89547, 45.916305], [6.89543, 45.916293], [6.895435, 45.916341], [6.895404, 45.91639], [6.895291, 45.916374], [6.895195, 45.916395], [6.895105, 45.916476], [6.894997, 45.916543], [6.894897, 45.916521], [6.894804, 45.916536], [6.894639, 45.916453], [6.894511, 45.916426], [6.894334, 45.916414], [6.894274, 45.916446], [6.894166, 45.916521], [6.894125, 45.916521], [6.893985, 45.916444], [6.893832, 45.916237], [6.893857, 45.916147], [6.893822, 45.916136], [6.893773, 45.916155], [6.893736, 45.916102], [6.89368, 45.91605], [6.893688, 45.915971], [6.89362, 45.91588], [6.893582, 45.915887], [6.893544, 45.91579], [6.89341, 45.915758], [6.893305, 45.915821], [6.893249, 45.915886], [6.893219, 45.916047], [6.893048, 45.916187], [6.893047, 45.916309], [6.892901, 45.916415], [6.892949, 45.916634], [6.892904, 45.916779], [6.892833, 45.916833], [6.892773, 45.91679], [6.892647, 45.91673], [6.892582, 45.916716], [6.892538, 45.91685], [6.892491, 45.916875], [6.892478, 45.917035], [6.892379, 45.91703], [6.892304, 45.916995], [6.892225, 45.91699], [6.892266, 45.917174], [6.892199, 45.917262], [6.892142, 45.917526], [6.89221, 45.917689], [6.892289, 45.917769], [6.892381, 45.917943], [6.892362, 45.917955], [6.892242, 45.917935], [6.891775, 45.917826], [6.891468, 45.917886], [6.891302, 45.917833], [6.891295, 45.917936], [6.891249, 45.91797], [6.891108, 45.917946], [6.891019, 45.917855], [6.890957, 45.917842], [6.890902, 45.917853], [6.890765, 45.917839], [6.890698, 45.917874], [6.890648, 45.917948], [6.89058, 45.917971], [6.890534, 45.917951], [6.89041, 45.917744], [6.89031, 45.91768], [6.890263, 45.917728], [6.890255, 45.917859], [6.890262, 45.917923], [6.890212, 45.917955], [6.890157, 45.917963], [6.890106, 45.917927], [6.890067, 45.917836], [6.889895, 45.917795], [6.889861, 45.917865], [6.889764, 45.917756], [6.889653, 45.91771], [6.889603, 45.917749], [6.889516, 45.917786], [6.88962, 45.918], [6.88962, 45.918182], [6.889647, 45.918332], [6.889638, 45.918392], [6.889614, 45.918402], [6.889597, 45.918424], [6.889577, 45.918429], [6.889567, 45.918443], [6.889539, 45.918513], [6.889574, 45.918571], [6.889566, 45.91859], [6.88951, 45.918588], [6.88935, 45.918591], [6.889253, 45.918629], [6.88922, 45.918662], [6.889169, 45.918684], [6.889131, 45.918711], [6.889137, 45.918792], [6.88921, 45.918879], [6.889191, 45.918913], [6.88919, 45.91894], [6.889209, 45.918983], [6.889237, 45.919019], [6.88925, 45.919064], [6.889231, 45.91909], [6.889179, 45.919098], [6.889116, 45.919086], [6.889059, 45.919056], [6.889006, 45.919049], [6.88891, 45.919025], [6.888862, 45.918985], [6.88879, 45.91887], [6.888741, 45.918821], [6.888703, 45.918746], [6.888527, 45.918558], [6.888459, 45.918501], [6.88838, 45.91839], [6.88837, 45.918325], [6.888378, 45.918262], [6.88836, 45.918229], [6.888315, 45.91819], [6.888231, 45.918153], [6.888134, 45.918082], [6.888079, 45.918054], [6.887922, 45.917899], [6.88787, 45.917884], [6.887771, 45.91778], [6.887742, 45.917765], [6.887713, 45.917656], [6.887659, 45.91752], [6.887611, 45.917455], [6.887614, 45.917435], [6.887604, 45.917407], [6.887582, 45.917396], [6.887538, 45.917389], [6.887523, 45.917379], [6.887482, 45.917308], [6.887397, 45.917232], [6.887243, 45.916989], [6.887126, 45.916767], [6.887021, 45.916608], [6.886855, 45.916483], [6.886733, 45.916403], [6.886602, 45.916306], [6.886463, 45.916135], [6.886439, 45.916063], [6.886424, 45.915982], [6.886403, 45.915898], [6.886345, 45.915855], [6.886333, 45.91582], [6.886322, 45.915731], [6.886344, 45.915646], [6.88642, 45.915591], [6.886438, 45.915561], [6.886394, 45.915495], [6.886385, 45.915467], [6.886367, 45.915437], [6.886338, 45.915433], [6.886204, 45.915443], [6.886089, 45.915419], [6.885977, 45.915376], [6.885887, 45.915315], [6.885892, 45.915284], [6.885945, 45.915182], [6.885977, 45.915047], [6.88585, 45.9151], [6.885631, 45.915255], [6.88542, 45.915355], [6.884795, 45.915278], [6.884049, 45.915114], [6.883298, 45.914995], [6.882826, 45.914899], [6.882718, 45.914805], [6.882836, 45.914823], [6.883149, 45.914855], [6.883349, 45.914804], [6.883475, 45.914779], [6.883664, 45.914768], [6.883809, 45.914772], [6.883962, 45.914785], [6.884156, 45.914823], [6.884479, 45.914926], [6.884553, 45.914929], [6.88465, 45.914946], [6.884762, 45.914947], [6.884871, 45.914933], [6.885094, 45.91494], [6.885214, 45.914951], [6.885623, 45.914948], [6.885732, 45.914925], [6.885764, 45.914897], [6.885694, 45.91487], [6.885659, 45.914833], [6.885439, 45.914748], [6.885431, 45.914738], [6.885459, 45.914714], [6.885479, 45.914707], [6.885658, 45.914705], [6.885889, 45.914682], [6.885897, 45.914667], [6.885514, 45.914525], [6.885526, 45.91451], [6.885972, 45.914405], [6.886123, 45.91433], [6.885924, 45.914283], [6.885823, 45.914228], [6.885837, 45.914216], [6.88603, 45.914151], [6.886253, 45.914111], [6.88625, 45.914095], [6.885999, 45.914041], [6.885957, 45.914024], [6.885976, 45.914002], [6.886032, 45.913978], [6.886151, 45.913941], [6.886356, 45.913926], [6.886361, 45.913916], [6.886345, 45.91389], [6.886318, 45.913865], [6.886281, 45.913842], [6.886122, 45.913773], [6.886128, 45.91374], [6.886362, 45.913731], [6.886195, 45.913654], [6.886202, 45.913648], [6.886432, 45.913655], [6.886262, 45.913543], [6.886254, 45.913533], [6.886255, 45.913516], [6.886269, 45.913509], [6.886332, 45.913513], [6.88646, 45.913477], [6.886332, 45.913513], [6.886269, 45.913509], [6.886255, 45.913516], [6.886254, 45.913533], [6.886262, 45.913543], [6.886432, 45.913655], [6.886202, 45.913648], [6.886195, 45.913654], [6.886362, 45.913731], [6.886128, 45.91374], [6.886122, 45.913773], [6.886281, 45.913842], [6.886318, 45.913865], [6.886345, 45.91389], [6.886361, 45.913916], [6.886356, 45.913926], [6.886151, 45.913941], [6.886032, 45.913978], [6.885976, 45.914002], [6.885957, 45.914024], [6.885999, 45.914041], [6.88625, 45.914095], [6.886253, 45.914111], [6.88603, 45.914151], [6.885837, 45.914216], [6.885823, 45.914228], [6.885924, 45.914283], [6.886123, 45.91433], [6.885972, 45.914405], [6.885526, 45.91451], [6.885514, 45.914525], [6.885897, 45.914667], [6.885889, 45.914682], [6.885658, 45.914705], [6.885479, 45.914707], [6.885459, 45.914714], [6.885431, 45.914738], [6.885439, 45.914748], [6.885659, 45.914833], [6.885694, 45.91487], [6.885764, 45.914897], [6.885732, 45.914925], [6.885623, 45.914948], [6.885214, 45.914951], [6.885094, 45.91494], [6.884871, 45.914933], [6.884762, 45.914947], [6.88465, 45.914946], [6.884553, 45.914929], [6.884479, 45.914926], [6.884156, 45.914823], [6.883962, 45.914785], [6.883809, 45.914772], [6.883664, 45.914768], [6.883475, 45.914779], [6.883349, 45.914804], [6.883149, 45.914855], [6.882836, 45.914823], [6.882718, 45.914805], [6.882587, 45.914732], [6.882426, 45.914566], [6.882374, 45.914577], [6.882253, 45.914657], [6.882146, 45.914577], [6.882092, 45.914491], [6.881942, 45.914379], [6.881875, 45.914277], [6.88169, 45.914459], [6.881508, 45.914282], [6.881414, 45.914249], [6.881109, 45.913971], [6.880782, 45.913712], [6.880726, 45.913708], [6.880734, 45.91385], [6.88075, 45.913936], [6.880578, 45.913837], [6.880087, 45.913672], [6.879285, 45.91345], [6.878725, 45.913303], [6.878616, 45.91331], [6.878581, 45.913377], [6.878678, 45.913661], [6.878976, 45.913892], [6.879219, 45.914034], [6.879627, 45.914424], [6.879922, 45.914958], [6.87981, 45.915019], [6.879716, 45.915012], [6.879701, 45.915236], [6.879335, 45.915064], [6.879209, 45.915073], [6.878518, 45.914673], [6.878309, 45.914624], [6.878129, 45.914551], [6.877878, 45.914394], [6.877335, 45.914137], [6.877072, 45.914042], [6.877201, 45.914236], [6.877255, 45.914535], [6.877311, 45.914573], [6.877089, 45.914511], [6.876921, 45.914403], [6.876901, 45.914378], [6.876857, 45.914372], [6.87676, 45.914324], [6.876698, 45.914322], [6.876623, 45.914277], [6.876557, 45.914282], [6.87656, 45.914316], [6.876525, 45.914348], [6.876601, 45.914448], [6.876502, 45.914424], [6.876319, 45.914322], [6.876278, 45.914317], [6.876131, 45.914229], [6.875919, 45.914117], [6.875857, 45.914061], [6.875702, 45.913952], [6.875589, 45.91385], [6.875342, 45.913715], [6.875171, 45.913631], [6.875269, 45.913741], [6.875338, 45.913861], [6.875391, 45.91393], [6.875248, 45.913841], [6.875128, 45.91381], [6.875016, 45.9138], [6.874959, 45.91378], [6.874869, 45.913718], [6.874731, 45.913592], [6.874674, 45.91371], [6.874711, 45.913819], [6.874701, 45.913827], [6.874666, 45.913822], [6.874517, 45.913604], [6.874355, 45.91348], [6.874294, 45.913445], [6.874091, 45.913446], [6.874015, 45.913428], [6.873895, 45.913391], [6.873869, 45.913351], [6.873844, 45.913371], [6.873829, 45.913362], [6.873801, 45.913307], [6.87374, 45.913264], [6.873629, 45.913275], [6.87347, 45.913228], [6.873521, 45.913328], [6.873596, 45.913363], [6.873461, 45.913346], [6.873472, 45.913398], [6.873521, 45.913429], [6.873527, 45.913468], [6.873408, 45.913432], [6.873341, 45.913387], [6.873219, 45.913363], [6.873255, 45.913459], [6.873287, 45.913505], [6.873343, 45.913525], [6.873361, 45.913538], [6.873268, 45.913554], [6.873162, 45.913518], [6.873131, 45.913491], [6.873003, 45.913442], [6.872901, 45.913391], [6.873, 45.913547], [6.873051, 45.913589], [6.873133, 45.913673], [6.873121, 45.91368], [6.873101, 45.913681], [6.873037, 45.913664], [6.872995, 45.913634], [6.872955, 45.913626], [6.872903, 45.913598], [6.872722, 45.913544], [6.87283, 45.913687], [6.872913, 45.913764], [6.873176, 45.913885], [6.873163, 45.913974], [6.873164, 45.914068], [6.873448, 45.9143], [6.873365, 45.914268], [6.873584, 45.914455], [6.873651, 45.914562], [6.873694, 45.914685], [6.873719, 45.914789], [6.873737, 45.915001], [6.873733, 45.915047], [6.873713, 45.91506], [6.873677, 45.915059], [6.873572, 45.914998], [6.873469, 45.914962], [6.873379, 45.914937], [6.873318, 45.914928], [6.873276, 45.914933], [6.873236, 45.914953], [6.873225, 45.914988], [6.873233, 45.915119], [6.873228, 45.915145], [6.873196, 45.915158], [6.873139, 45.915156], [6.873082, 45.915143], [6.872836, 45.915], [6.872734, 45.914948], [6.87263, 45.914908], [6.87257, 45.914908], [6.872546, 45.914933], [6.872526, 45.915003], [6.872483, 45.915016], [6.87232, 45.91498], [6.872176, 45.914969], [6.871871, 45.914979], [6.87186, 45.91501], [6.871877, 45.915054], [6.871935, 45.91513], [6.871978, 45.915214], [6.872013, 45.915345], [6.872025, 45.915455], [6.87205, 45.915545], [6.872105, 45.915639], [6.872185, 45.915712], [6.872398, 45.915832], [6.872459, 45.915881], [6.872497, 45.915938], [6.872524, 45.916019], [6.872568, 45.91609], [6.87264, 45.916153], [6.872744, 45.916223], [6.872881, 45.916348], [6.872897, 45.916431], [6.872901, 45.916509], [6.872892, 45.916582], [6.872827, 45.916651], [6.87273, 45.916725], [6.87267, 45.916736], [6.87248, 45.916711], [6.8724, 45.916689], [6.872319, 45.91669], [6.872262, 45.916709], [6.872233, 45.916733], [6.872195, 45.9168], [6.872188, 45.91683], [6.872024, 45.916989], [6.871884, 45.917092], [6.871747, 45.917161], [6.871731, 45.917175], [6.871673, 45.917239], [6.8716, 45.917312], [6.871439, 45.917539], [6.871205, 45.91779], [6.87107, 45.917921], [6.870882, 45.918046], [6.870857, 45.918064], [6.870605, 45.918239], [6.870498, 45.918318], [6.871109, 45.918703], [6.871066, 45.918735], [6.87098, 45.918793], [6.870953, 45.91884], [6.870802, 45.918956], [6.870895, 45.919018], [6.870858, 45.919049], [6.870872, 45.919115], [6.870658, 45.919265], [6.8706, 45.919274], [6.870537, 45.919314], [6.87045, 45.91937], [6.870528, 45.919459], [6.870562, 45.919525], [6.870584, 45.919586], [6.870583, 45.919636], [6.870576, 45.919677], [6.870527, 45.919766], [6.870413, 45.919895], [6.87021, 45.920173], [6.870115, 45.920321], [6.870035, 45.920498], [6.869982, 45.920641], [6.870028, 45.920666], [6.87004, 45.920685], [6.870044, 45.920705], [6.870026, 45.920744], [6.869977, 45.92077], [6.869915, 45.92077], [6.869908, 45.9208], [6.869891, 45.920859], [6.869832, 45.921034], [6.86969, 45.921447], [6.869643, 45.92159], [6.869592, 45.921783], [6.86958, 45.921864], [6.869584, 45.921956], [6.869639, 45.922139], [6.869679, 45.922217], [6.869893, 45.922461], [6.870189, 45.922845], [6.870318, 45.922998], [6.870285, 45.923014], [6.870241, 45.923033], [6.870199, 45.922998], [6.870142, 45.922996], [6.869984, 45.923068], [6.869688, 45.923203], [6.869708, 45.923242], [6.869711, 45.923281], [6.869704, 45.923329], [6.86968, 45.923401], [6.86966, 45.923445], [6.869835, 45.923662], [6.869827, 45.923694], [6.86947, 45.923807]]}, "properties": {"heading": 72, "length_km": 24.679, "retrace": 0.179}}, {"type": "Feature", "geometry": {"type": "LineString", "coordinates": [[6.86947, 45.923807], [6.869282, 45.923867], [6.869115, 45.923907], [6.868952, 45.923962], [6.868896, 45.923964], [6.868788, 45.923992], [6.868735, 45.923997], [6.868536, 45.92398], [6.868479, 45.923986], [6.868342, 45.924016], [6.868238, 45.924099], [6.868189, 45.924148], [6.868207, 45.924157], [6.868218, 45.924175], [6.868225, 45.92428], [6.868299, 45.924312], [6.868369, 45.924372], [6.868501, 45.92462], [6.868602, 45.924875], [6.868742, 45.925171], [6.868747, 45.925181], [6.868897, 45.925453], [6.868925, 45.925476], [6.868962, 45.925505], [6.869103, 45.925481], [6.869122, 45.925529], [6.869412, 45.925479], [6.869735, 45.925418], [6.869795, 45.925567], [6.869814, 45.925617], [6.869907, 45.925598], [6.86992, 45.925643], [6.869938, 45.925704], [6.86996, 45.925776], [6.870044, 45.926029], [6.870098, 45.926191], [6.870144, 45.926378], [6.870158, 45.926445], [6.870461, 45.926425], [6.870496, 45.926868], [6.870627, 45.927122], [6.870689, 45.927225], [6.870658, 45.927271], [6.870713, 45.927286], [6.870939, 45.927649], [6.871156, 45.927986], [6.871312, 45.92823], [6.871519, 45.928411], [6.871764, 45.928694], [6.872053, 45.929249], [6.872271, 45.929692], [6.8724, 45.929955], [6.872373, 45.930013], [6.872366, 45.930048], [6.872392, 45.930159], [6.872456, 45.930295], [6.872509, 45.930432], [6.872611, 45.930575], [6.872624, 45.9306], [6.872615, 45.930611], [6.872514, 45.930672], [6.872604, 45.930743], [6.872663, 45.930728], [6.872734, 45.930732], [6.872854, 45.930814], [6.873349, 45.931407], [6.873478, 45.931374], [6.873546, 45.93137], [6.873575, 45.931291], [6.873592, 45.931224], [6.873614, 45.931157], [6.87365, 45.931197], [6.873738, 45.93123], [6.876015, 45.931839], [6.877964, 45.93236], [6.878003, 45.93237], [6.882722, 45.93363], [6.886211, 45.934565], [6.888137, 45.935055], [6.888276, 45.935107], [6.888376, 45.935154], [6.888416, 45.935172], [6.888854, 45.935397], [6.889025, 45.935431], [6.889132, 45.935436], [6.889249, 45.935447], [6.889332, 45.935459], [6.889412, 45.935483], [6.889375, 45.935545], [6.889323, 45.935823], [6.889036, 45.938148], [6.888743, 45.938044], [6.888307, 45.937889], [6.888231, 45.937963], [6.888014, 45.938206], [6.887936, 45.938348], [6.887894, 45.938488], [6.887879, 45.938606], [6.887876, 45.938712], [6.887586, 45.938679], [6.887128, 45.938568], [6.886661, 45.938413], [6.885975, 45.938226], [6.885833, 45.938194], [6.885789, 45.938184], [6.885581, 45.938377], [6.884883, 45.93835], [6.884813, 45.938406], [6.884883, 45.93835], [6.885581, 45.938377], [6.885789, 45.938184], [6.885833, 45.938194], [6.885975, 45.938226], [6.886661, 45.938413], [6.887128, 45.938568], [6.887586, 45.938679], [6.887876, 45.938712], [6.887879, 45.938606], [6.887894, 45.938488], [6.887936, 45.938348], [6.888014, 45.938206], [6.888231, 45.937963], [6.888307, 45.937889], [6.888743, 45.938044], [6.889036, 45.938148], [6.889323, 45.935823], [6.889375, 45.935545], [6.889412, 45.935483], [6.889449, 45.935473], [6.889583, 45.935485], [6.889734, 45.935525], [6.889902, 45.935578], [6.890379, 45.935702], [6.891674, 45.936147], [6.891918, 45.936232], [6.892113, 45.93627], [6.89229, 45.936257], [6.892538, 45.936272], [6.892918, 45.936393], [6.893666, 45.936619], [6.894089, 45.936846], [6.894235, 45.936942], [6.894596, 45.937252], [6.894904, 45.937452], [6.895104, 45.937656], [6.89517, 45.937791], [6.89534, 45.937908], [6.895498, 45.937922], [6.895613, 45.937947], [6.895704, 45.937981], [6.89573, 45.937992], [6.895796, 45.938038], [6.896015, 45.9382], [6.896057, 45.938244], [6.89618, 45.938423], [6.896539, 45.93869], [6.896926, 45.939006], [6.897248, 45.939252], [6.897452, 45.939426], [6.897826, 45.939779], [6.898044, 45.939953], [6.898529, 45.940318], [6.898693, 45.940422], [6.899027, 45.940591], [6.899328, 45.940749], [6.899474, 45.940817], [6.899792, 45.940936], [6.900071, 45.941056], [6.900215, 45.941158], [6.900289, 45.941186], [6.900412, 45.94125], [6.900544, 45.941325], [6.900783, 45.941446], [6.900972, 45.941554], [6.901077, 45.941597], [6.901168, 45.941619], [6.901584, 45.941677], [6.901813, 45.941717], [6.901955, 45.94175], [6.902195, 45.94185], [6.902255, 45.941882], [6.902308, 45.941924], [6.902357, 45.941987], [6.902454, 45.94196], [6.902671, 45.941897], [6.902755, 45.941873], [6.902728, 45.941787], [6.902722, 45.941743], [6.902662, 45.941532], [6.90265, 45.941451], [6.902653, 45.94132], [6.902682, 45.941256], [6.902822, 45.941096], [6.902896, 45.940958], [6.902732, 45.940864], [6.902323, 45.940653], [6.902215, 45.94061], [6.902065, 45.940569], [6.901874, 45.940537], [6.901854, 45.940465], [6.901834, 45.940446], [6.901741, 45.940404], [6.901702, 45.940368], [6.901683, 45.940334], [6.901625, 45.94017], [6.901622, 45.940127], [6.901701, 45.939932], [6.9017, 45.939907], [6.901673, 45.939855], [6.901616, 45.939781], [6.901581, 45.939747], [6.901533, 45.939712], [6.901419, 45.93965], [6.901365, 45.939621], [6.901303, 45.939536], [6.901154, 45.939429], [6.90112, 45.939394], [6.901062, 45.939353], [6.900824, 45.939148], [6.900781, 45.939121], [6.900717, 45.939065], [6.90057, 45.939023], [6.900478, 45.938973], [6.900352, 45.93888], [6.90015, 45.938712], [6.899981, 45.938552], [6.899923, 45.938491], [6.899863, 45.938403], [6.899851, 45.938372], [6.899823, 45.93834], [6.899647, 45.938187], [6.899594, 45.938091], [6.899536, 45.938021], [6.899414, 45.937966], [6.899365, 45.93794], [6.899334, 45.937915], [6.89929, 45.937841], [6.899197, 45.937722], [6.899043, 45.937606], [6.898947, 45.937511], [6.898902, 45.937447], [6.898775, 45.937313], [6.898714, 45.937222], [6.898681, 45.937188], [6.898552, 45.936987], [6.898514, 45.936863], [6.898468, 45.936774], [6.898335, 45.936618], [6.898288, 45.936534], [6.898194, 45.936394], [6.898164, 45.936323], [6.898126, 45.936269], [6.898067, 45.936152], [6.898054, 45.936086], [6.898056, 45.936025], [6.898069, 45.935936], [6.898012, 45.935818], [6.898006, 45.935794], [6.89798, 45.935585], [6.897979, 45.935492], [6.89794, 45.935386], [6.897956, 45.935374], [6.897979, 45.935374], [6.898041, 45.935418], [6.898257, 45.93568], [6.898345, 45.935736], [6.898428, 45.935761], [6.898455, 45.935776], [6.898565, 45.935859], [6.89865, 45.935904], [6.898819, 45.936028], [6.899051, 45.936175], [6.899367, 45.936293], [6.899494, 45.936362], [6.899603, 45.936409], [6.899684, 45.936453], [6.899794, 45.936517], [6.899871, 45.936573], [6.899901, 45.936585], [6.900179, 45.936675], [6.900393, 45.936733], [6.900546, 45.936733], [6.900643, 45.936744], [6.900691, 45.936774], [6.900727, 45.936845], [6.900753, 45.936867], [6.900808, 45.936887], [6.900835, 45.936891], [6.900924, 45.936883], [6.901027, 45.936883], [6.90113, 45.936901], [6.90118, 45.936914], [6.901255, 45.936949], [6.901306, 45.937006], [6.901322, 45.937014], [6.90151, 45.937061], [6.901826, 45.93709], [6.902185, 45.937131], [6.902313, 45.937151], [6.90243, 45.937157], [6.902747, 45.937158], [6.902866, 45.937143], [6.903012, 45.937136], [6.903134, 45.937141], [6.903281, 45.937136], [6.903386, 45.937154], [6.903553, 45.937197], [6.903647, 45.937206], [6.903698, 45.937218], [6.903756, 45.93722], [6.903869, 45.937209], [6.903912, 45.937211], [6.903944, 45.937219], [6.904051, 45.937287], [6.904138, 45.937322], [6.904395, 45.937399], [6.904477, 45.937452], [6.904536, 45.93747], [6.90472, 45.937453], [6.904849, 45.937453], [6.904886, 45.937459], [6.904996, 45.937494], [6.905106, 45.937498], [6.905391, 45.937465], [6.905474, 45.937428], [6.905549, 45.937419], [6.905622, 45.937421], [6.905673, 45.937432], [6.905735, 45.937455], [6.905932, 45.937463], [6.905987, 45.937475], [6.906197, 45.937559], [6.906317, 45.937592], [6.906427, 45.937614], [6.90647, 45.937632], [6.906667, 45.937689], [6.906973, 45.937761], [6.907083, 45.937776], [6.907295, 45.937827], [6.907524, 45.937866], [6.9076, 45.93787], [6.907826, 45.937916], [6.907919, 45.937923], [6.908083, 45.937919], [6.908809, 45.938102], [6.9089, 45.938121], [6.908853, 45.938064], [6.908741, 45.937976], [6.90864, 45.937838], [6.90854, 45.937746], [6.908398, 45.937658], [6.908303, 45.93761], [6.908037, 45.937505], [6.907982, 45.937476], [6.907871, 45.937398], [6.907562, 45.937236], [6.907518, 45.937199], [6.907449, 45.937156], [6.907423, 45.937101], [6.907358, 45.937001], [6.907307, 45.936959], [6.907288, 45.936908], [6.907194, 45.936846], [6.906825, 45.936688], [6.906692, 45.936589], [6.906637, 45.936503], [6.906578, 45.936452], [6.906393, 45.936368], [6.904955, 45.936133], [6.904354, 45.935926], [6.903314, 45.935507], [6.902775, 45.935212], [6.902649, 45.93517], [6.902372, 45.935126], [6.90213, 45.935015], [6.901797, 45.934909], [6.900924, 45.934315], [6.900466, 45.934041], [6.900338, 45.933866], [6.900198, 45.933783], [6.900056, 45.933772], [6.899879, 45.933803], [6.899722, 45.933814], [6.899649, 45.933784], [6.89947, 45.93365], [6.899333, 45.933563], [6.899262, 45.9334], [6.89922, 45.933392], [6.89919, 45.933395], [6.899173, 45.933405], [6.89916, 45.933424], [6.899168, 45.933482], [6.899281, 45.933663], [6.899391, 45.933763], [6.899437, 45.933823], [6.899416, 45.93385], [6.899353, 45.933859], [6.899084, 45.933681], [6.898986, 45.933581], [6.89883, 45.933402], [6.89871, 45.93323], [6.898672, 45.933217], [6.898631, 45.933217], [6.898603, 45.933233], [6.898591, 45.933256], [6.898604, 45.933315], [6.898747, 45.933514], [6.898744, 45.933541], [6.898728, 45.933564], [6.898709, 45.933567], [6.89866, 45.933557], [6.898612, 45.933528], [6.898463, 45.933384], [6.898358, 45.933293], [6.898348, 45.933267], [6.89829, 45.933216], [6.89825, 45.933207], [6.898226, 45.933222], [6.89822, 45.933268], [6.89826, 45.933368], [6.898369, 45.933482], [6.898387, 45.933519], [6.898396, 45.933557], [6.898389, 45.933574], [6.898355, 45.933596], [6.898298, 45.933583], [6.897918, 45.933398], [6.897745, 45.933133], [6.897719, 45.933085], [6.897637, 45.932996], [6.897467, 45.932955], [6.897299, 45.93287], [6.897225, 45.932766], [6.897222, 45.932562], [6.897229, 45.932498], [6.897212, 45.932469], [6.897162, 45.932445], [6.89712, 45.932453], [6.897104, 45.932477], [6.897115, 45.932585], [6.897058, 45.932774], [6.89706, 45.932968], [6.896995, 45.932996], [6.896939, 45.932983], [6.896904, 45.932924], [6.896912, 45.932793], [6.896732, 45.932334], [6.896727, 45.932266], [6.896773, 45.932027], [6.896749, 45.931876], [6.896664, 45.931765], [6.896537, 45.931678], [6.896429, 45.93159], [6.896326, 45.931549], [6.89616, 45.931514], [6.895941, 45.931507], [6.895563, 45.93162], [6.895342, 45.931676], [6.895234, 45.931736], [6.895187, 45.931737], [6.895084, 45.931569], [6.894679, 45.93065], [6.894565, 45.930065], [6.894605, 45.929888], [6.894549, 45.929716], [6.894294, 45.929235], [6.894225, 45.929148], [6.894025, 45.928891], [6.89362, 45.928456], [6.893454, 45.928298], [6.893283, 45.928192], [6.893235, 45.928136], [6.893385, 45.928169], [6.893676, 45.928267], [6.894027, 45.928457], [6.894876, 45.928882], [6.895007, 45.92892], [6.895257, 45.929054], [6.895391, 45.929084], [6.895504, 45.929076], [6.895633, 45.929107], [6.895797, 45.929267], [6.895943, 45.929345], [6.895986, 45.929443], [6.896128, 45.929513], [6.896248, 45.929627], [6.896913, 45.930103], [6.896984, 45.930177], [6.897035, 45.930187], [6.897055, 45.930151], [6.896969, 45.929996], [6.896937, 45.929774], [6.896947, 45.929767], [6.897075, 45.929845], [6.89728, 45.929946], [6.897626, 45.930031], [6.89793, 45.930059], [6.898019, 45.930052], [6.8981, 45.930028], [6.898328, 45.929976], [6.898419, 45.929991], [6.898506, 45.930026], [6.898543, 45.93005], [6.898562, 45.930162], [6.89859, 45.930212], [6.898808, 45.930307], [6.898828, 45.930348], [6.898875, 45.930534], [6.898843, 45.930595], [6.898825, 45.930658], [6.898809, 45.930777], [6.898917, 45.930906], [6.899079, 45.931033], [6.899155, 45.931104], [6.899181, 45.931155], [6.899207, 45.931409], [6.899281, 45.931637], [6.899297, 45.931647], [6.899337, 45.931645], [6.89935, 45.931532], [6.899351, 45.931469], [6.89937, 45.931458], [6.899389, 45.931462], [6.899417, 45.931478], [6.899438, 45.931588], [6.89946, 45.931792], [6.899485, 45.931873], [6.899531, 45.931925], [6.899623, 45.932002], [6.899746, 45.932066], [6.89984, 45.932106], [6.899921, 45.932174], [6.900089, 45.932407], [6.900227, 45.932544], [6.900271, 45.93255], [6.900291, 45.932538], [6.900297, 45.932506], [6.900291, 45.932424], [6.90027, 45.93233], [6.900275, 45.932179], [6.900289, 45.932184], [6.900305, 45.932206], [6.90034, 45.932219], [6.900358, 45.932246], [6.900363, 45.932282], [6.900386, 45.932316], [6.900417, 45.932335], [6.900464, 45.932404], [6.900574, 45.932484], [6.900609, 45.932495], [6.900724, 45.932595], [6.900767, 45.932615], [6.900839, 45.932671], [6.90088, 45.932684], [6.900936, 45.932676], [6.900973, 45.932659], [6.900987, 45.932645], [6.900972, 45.932614], [6.900816, 45.932459], [6.900698, 45.932253], [6.900702, 45.93218], [6.90071, 45.932162], [6.900732, 45.932153], [6.900764, 45.932152], [6.900976, 45.93236], [6.901041, 45.932393], [6.901116, 45.932415], [6.901278, 45.932437], [6.901435, 45.932441], [6.90199, 45.932534], [6.902234, 45.932552], [6.902324, 45.932577], [6.902373, 45.932605], [6.90265, 45.932623], [6.902827, 45.932641], [6.902916, 45.93266], [6.90299, 45.932685], [6.903134, 45.932712], [6.903293, 45.932777], [6.903351, 45.932822], [6.903435, 45.932859], [6.90359, 45.932914], [6.903843, 45.93303], [6.904138, 45.933106], [6.904381, 45.933147], [6.904477, 45.933155], [6.904636, 45.933184], [6.904665, 45.933195], [6.904684, 45.933213], [6.90472, 45.93323], [6.904804, 45.933258], [6.904854, 45.933323], [6.904897, 45.933353], [6.905023, 45.933398], [6.905062, 45.933421], [6.905164, 45.933504], [6.905266, 45.933541], [6.905358, 45.933549], [6.905456, 45.933569], [6.905487, 45.933567], [6.905505, 45.933557], [6.905507, 45.933544], [6.905326, 45.933435], [6.905295, 45.933397], [6.905691, 45.933438], [6.905837, 45.933444], [6.906031, 45.933509], [6.906193, 45.933529], [6.906323, 45.933543], [6.906413, 45.933562], [6.906511, 45.93361], [6.906611, 45.933721], [6.906756, 45.933918], [6.906796, 45.933926], [6.906834, 45.933963], [6.907141, 45.934159], [6.907208, 45.934178], [6.907233, 45.934173], [6.907178, 45.934101], [6.90713, 45.933985], [6.907042, 45.933922], [6.906922, 45.933741], [6.906894, 45.933661], [6.906996, 45.933679], [6.907049, 45.933728], [6.907305, 45.933873], [6.907407, 45.93392], [6.907493, 45.933945], [6.907488, 45.933917], [6.907329, 45.933744], [6.907289, 45.933676], [6.90736, 45.933695], [6.907489, 45.933787], [6.907565, 45.933801], [6.907549, 45.933753], [6.907462, 45.933648], [6.907454, 45.93362], [6.9075, 45.933624], [6.907562, 45.933652], [6.9076, 45.933661], [6.907674, 45.933652], [6.90769, 45.933613], [6.907515, 45.933512], [6.907445, 45.933488], [6.907328, 45.933414], [6.907289, 45.933338], [6.907421, 45.933348], [6.907775, 45.933461], [6.907868, 45.933476], [6.907906, 45.933463], [6.907887, 45.933436], [6.907796, 45.933396], [6.907678, 45.933318], [6.907571, 45.933174], [6.907477, 45.933064], [6.907471, 45.93304], [6.907488, 45.933038], [6.907555, 45.933061], [6.907746, 45.933208], [6.907828, 45.93324], [6.908037, 45.9333], [6.908154, 45.933309], [6.908116, 45.933246], [6.907955, 45.933168], [6.907854, 45.933065], [6.907687, 45.93276], [6.907614, 45.932692], [6.907749, 45.932719], [6.90788, 45.932791], [6.90802, 45.93288], [6.908084, 45.932945], [6.908135, 45.932956], [6.908192, 45.932958], [6.908181, 45.932934], [6.908113, 45.932878], [6.908075, 45.932788], [6.908109, 45.932766], [6.908273, 45.932846], [6.908398, 45.932889], [6.908775, 45.932863], [6.908891, 45.932869], [6.909165, 45.932906], [6.909303, 45.932937], [6.909546, 45.933004], [6.909612, 45.933026], [6.909729, 45.933038], [6.909802, 45.933016], [6.909973, 45.933057], [6.910344, 45.93309], [6.9105, 45.93314], [6.910694, 45.933151], [6.911352, 45.93315], [6.911512, 45.933158], [6.911679, 45.933228], [6.91175, 45.933266], [6.911876, 45.933356], [6.911998, 45.933378], [6.912297, 45.933557], [6.912413, 45.933591], [6.912442, 45.933617], [6.912493, 45.933611], [6.912457, 45.933525], [6.912322, 45.933457], [6.912249, 45.933366], [6.912251, 45.933336], [6.912426, 45.933431], [6.912607, 45.933488], [6.912662, 45.933579], [6.912717, 45.933614], [6.912803, 45.93363], [6.912966, 45.93382], [6.91319, 45.933951], [6.91324, 45.93404], [6.91324, 45.934151], [6.913311, 45.934243], [6.913507, 45.934312], [6.913555, 45.934309], [6.91345, 45.934227], [6.913459, 45.934208], [6.913546, 45.934234], [6.913606, 45.93424], [6.913721, 45.934272], [6.913808, 45.93427], [6.914037, 45.934219], [6.914166, 45.934203], [6.914355, 45.934212], [6.914434, 45.934134], [6.914493, 45.934065], [6.914631, 45.933877], [6.914694, 45.933816], [6.914762, 45.933775], [6.914853, 45.93374], [6.915053, 45.933709], [6.915167, 45.93371], [6.915323, 45.93373], [6.915389, 45.933747], [6.915456, 45.93377], [6.915547, 45.933828], [6.915726, 45.933867], [6.915937, 45.933904], [6.916093, 45.933926], [6.916226, 45.933946], [6.916361, 45.933968], [6.916422, 45.93399], [6.916577, 45.934089], [6.916713, 45.934192], [6.916771, 45.934285], [6.916803, 45.934319], [6.916874, 45.934339], [6.916918, 45.934342], [6.91694, 45.934326], [6.916951, 45.934294], [6.916911, 45.934129], [6.916889, 45.933917], [6.916843, 45.93372], [6.91684, 45.93364], [6.916724, 45.933467], [6.916696, 45.933444], [6.916584, 45.933367], [6.91641, 45.933291], [6.916384, 45.933275], [6.916384, 45.933266], [6.91601, 45.933231], [6.915919, 45.933206], [6.915929, 45.933197], [6.915964, 45.933186], [6.916039, 45.93317], [6.916003, 45.933135], [6.915991, 45.933103], [6.915995, 45.933045], [6.916035, 45.933037], [6.916039, 45.933007], [6.916004, 45.932994], [6.915971, 45.932953], [6.91595, 45.932941], [6.915871, 45.932911], [6.915763, 45.932858], [6.915656, 45.932854], [6.91558, 45.932841], [6.915525, 45.932821], [6.915397, 45.932752], [6.915354, 45.93272], [6.915331, 45.932688], [6.915297, 45.932658], [6.91519, 45.932615], [6.915145, 45.932611], [6.915082, 45.932619], [6.914972, 45.932617], [6.914796, 45.932585], [6.914778, 45.932569], [6.914785, 45.932556], [6.914777, 45.932544], [6.914716, 45.932532], [6.914637, 45.932543], [6.914493, 45.932524], [6.914332, 45.932523], [6.914169, 45.932498], [6.914109, 45.932476], [6.913962, 45.932453], [6.913852, 45.932446], [6.913782, 45.932424], [6.913718, 45.932422], [6.913653, 45.93241], [6.913604, 45.932387], [6.913512, 45.932357], [6.913447, 45.932324], [6.913332, 45.932314], [6.913272, 45.932301], [6.913155, 45.932258], [6.913138, 45.932246], [6.913144, 45.932234], [6.913194, 45.932224], [6.913236, 45.932204], [6.913249, 45.932187], [6.913239, 45.932174], [6.913138, 45.932169], [6.913104, 45.932155], [6.912907, 45.932024], [6.912617, 45.931854], [6.912522, 45.931824], [6.912463, 45.931797], [6.912328, 45.93168], [6.912297, 45.931617], [6.912024, 45.931387], [6.911906, 45.931261], [6.911908, 45.931084], [6.911829, 45.93105], [6.911756, 45.930864], [6.911682, 45.930721], [6.91139, 45.930675], [6.91129, 45.930747], [6.911184, 45.930771], [6.910926, 45.930765], [6.910711, 45.930738], [6.910496, 45.930752], [6.909364, 45.930515], [6.909185, 45.93047], [6.909107, 45.93034], [6.908983, 45.930242], [6.908978, 45.93009], [6.908856, 45.930003], [6.908674, 45.929744], [6.908613, 45.929677], [6.908453, 45.929644], [6.908299, 45.929542], [6.908169, 45.929533], [6.908126, 45.929519], [6.908043, 45.929426], [6.907881, 45.929381], [6.907819, 45.929408], [6.90769, 45.9294], [6.907605, 45.929359], [6.907535, 45.929293], [6.907526, 45.929225], [6.907607, 45.929161], [6.907656, 45.929076], [6.907637, 45.928929], [6.907571, 45.928785], [6.907468, 45.928728], [6.907323, 45.928674], [6.907203, 45.928571], [6.907195, 45.928464], [6.907206, 45.928359], [6.907193, 45.928298], [6.907148, 45.928244], [6.907165, 45.928205], [6.907034, 45.928135], [6.90698, 45.928079], [6.906724, 45.928061], [6.906852, 45.927849], [6.906875, 45.927715], [6.906798, 45.927621], [6.906704, 45.927535], [6.906552, 45.927442], [6.906444, 45.927298], [6.906222, 45.92708], [6.906201, 45.926972], [6.905964, 45.926843], [6.905909, 45.926774], [6.905866, 45.926747], [6.905705, 45.926766], [6.905484, 45.926644], [6.905384, 45.926539], [6.905186, 45.926433], [6.905003, 45.926431], [6.904581, 45.926177], [6.904539, 45.925968], [6.904582, 45.925767], [6.904648, 45.925807], [6.904579, 45.925669], [6.90455, 45.925474], [6.904483, 45.925267], [6.90449, 45.92502], [6.904482, 45.92494], [6.904676, 45.924697], [6.90461, 45.924486], [6.904642, 45.924119], [6.904701, 45.924055], [6.904801, 45.923894], [6.904907, 45.923844], [6.905034, 45.923619], [6.905059, 45.923453], [6.905154, 45.9234], [6.905178, 45.923343], [6.905265, 45.923289], [6.905298, 45.923194], [6.905334, 45.923167], [6.905358, 45.923138], [6.905326, 45.923089], [6.905343, 45.922979], [6.905444, 45.922632], [6.90542, 45.922564], [6.905441, 45.922464], [6.905438, 45.922272], [6.905541, 45.922148], [6.905559, 45.922049], [6.905456, 45.921634], [6.905482, 45.921425], [6.90547, 45.921193], [6.905318, 45.921045], [6.905264, 45.920951], [6.905253, 45.920848], [6.905245, 45.92078], [6.905188, 45.920641], [6.905268, 45.920236], [6.905355, 45.920109], [6.905271, 45.919952], [6.905162, 45.919774], [6.905168, 45.919653], [6.905091, 45.919516], [6.905014, 45.919417], [6.904814, 45.919251], [6.90469, 45.919221], [6.90453, 45.919152], [6.904225, 45.918966], [6.904098, 45.91885], [6.903957, 45.918571], [6.903774, 45.918452], [6.903625, 45.918381], [6.903483, 45.918357], [6.903403, 45.918314], [6.903256, 45.91827], [6.903199, 45.918221], [6.903087, 45.918208], [6.902984, 45.918241], [6.902892, 45.918228], [6.902667, 45.917958], [6.902661, 45.917854], [6.902695, 45.917772], [6.902827, 45.917512], [6.902878, 45.917322], [6.902842, 45.917206], [6.902718, 45.917157], [6.90247, 45.917122], [6.902325, 45.917125], [6.901956, 45.917065], [6.901673, 45.916881], [6.901546, 45.916833], [6.901443, 45.916721], [6.901348, 45.91663], [6.901334, 45.916544], [6.90124, 45.916455], [6.901116, 45.916382], [6.900976, 45.916207], [6.900648, 45.916004], [6.900631, 45.915921], [6.900425, 45.915851], [6.900384, 45.915757], [6.900258, 45.915672], [6.900119, 45.915592], [6.899921, 45.915435], [6.899706, 45.915279], [6.89967, 45.915249], [6.899637, 45.91524], [6.899613, 45.915224], [6.899493, 45.915203], [6.899436, 45.915184], [6.899366, 45.915123], [6.899332, 45.915114], [6.899286, 45.91508], [6.899255, 45.915039], [6.899183, 45.91498], [6.899063, 45.914849], [6.898967, 45.914782], [6.898935, 45.91475], [6.898854, 45.914698], [6.898804, 45.91464], [6.898662, 45.914535], [6.898579, 45.914483], [6.898514, 45.914446], [6.898347, 45.914377], [6.898308, 45.914348], [6.898162, 45.914211], [6.898097, 45.914236], [6.897987, 45.914259], [6.897857, 45.914271], [6.897806, 45.914284], [6.897755, 45.914279], [6.897653, 45.914246], [6.897594, 45.914199], [6.897576, 45.9142], [6.897551, 45.914266], [6.897547, 45.914329], [6.89751, 45.914348], [6.897521, 45.914397], [6.897541, 45.914432], [6.897537, 45.914448], [6.897518, 45.914456], [6.897518, 45.914465], [6.897542, 45.914485], [6.897546, 45.914497], [6.897504, 45.914484], [6.897426, 45.914429], [6.897402, 45.914426], [6.897383, 45.91444], [6.897381, 45.91448], [6.89739, 45.914515], [6.897478, 45.914612], [6.897506, 45.914669], [6.897485, 45.914691], [6.897333, 45.914628], [6.897313, 45.914641], [6.897362, 45.914713], [6.897271, 45.914722], [6.897195, 45.914674], [6.897184, 45.9147], [6.897215, 45.914755], [6.897204, 45.914833], [6.897255, 45.914878], [6.897196, 45.91489], [6.897107, 45.91483], [6.897077, 45.914819], [6.897087, 45.914922], [6.896993, 45.914876], [6.896957, 45.914808], [6.896918, 45.914815], [6.896946, 45.914898], [6.896921, 45.915003], [6.896922, 45.915045], [6.896898, 45.915055], [6.896878, 45.915022], [6.89681, 45.915007], [6.896789, 45.91503], [6.896842, 45.915158], [6.896803, 45.915196], [6.896747, 45.915339], [6.896644, 45.915254], [6.896592, 45.915253], [6.89662, 45.915341], [6.896609, 45.915374], [6.89658, 45.915371], [6.89658, 45.915358], [6.89645, 45.915275], [6.896418, 45.915282], [6.896386, 45.915365], [6.896322, 45.915375], [6.896274, 45.915435], [6.89626, 45.915509], [6.896187, 45.915503], [6.89611, 45.915456], [6.896042, 45.915427], [6.896023, 45.915457], [6.895933, 45.915475], [6.89584, 45.915532], [6.895764, 45.915518], [6.895762, 45.915563], [6.895647, 45.915611], [6.895572, 45.915727], [6.895668, 45.91572], [6.895799, 45.915883], [6.895762, 45.915947], [6.895866, 45.916054], [6.895749, 45.916041], [6.8958, 45.916179], [6.895774, 45.91619], [6.895771, 45.916325], [6.895419, 45.916198], [6.895424, 45.916249], [6.89547, 45.916305], [6.89543, 45.916293], [6.895435, 45.916341], [6.895404, 45.91639], [6.895291, 45.916374], [6.895195, 45.916395], [6.895105, 45.916476], [6.894997, 45.916543], [6.894897, 45.916521], [6.894804, 45.916536], [6.894639, 45.916453], [6.894511, 45.916426], [6.894334, 45.916414], [6.894274, 45.916446], [6.894166, 45.916521], [6.894125, 45.916521], [6.893985, 45.916444], [6.893832, 45.916237], [6.893857, 45.916147], [6.893822, 45.916136], [6.893773, 45.916155], [6.893736, 45.916102], [6.89368, 45.91605], [6.893688, 45.915971], [6.89362, 45.91588], [6.893582, 45.915887], [6.893544, 45.91579], [6.89341, 45.915758], [6.893305, 45.915821], [6.893249, 45.915886], [6.893219, 45.916047], [6.893048, 45.916187], [6.893047, 45.916309], [6.892901, 45.916415], [6.892949, 45.916634], [6.892904, 45.916779], [6.892833, 45.916833], [6.892773, 45.91679], [6.892647, 45.91673], [6.892582, 45.916716], [6.892538, 45.91685], [6.892491, 45.916875], [6.892478, 45.917035], [6.892379, 45.91703], [6.892304, 45.916995], [6.892225, 45.91699], [6.892266, 45.917174], [6.892199, 45.917262], [6.892142, 45.917526], [6.89221, 45.917689], [6.892289, 45.917769], [6.892381, 45.917943], [6.892362, 45.917955], [6.892242, 45.917935], [6.891775, 45.917826], [6.891468, 45.917886], [6.891302, 45.917833], [6.891295, 45.917936], [6.891249, 45.91797], [6.891108, 45.917946], [6.891019, 45.917855], [6.890957, 45.917842], [6.890902, 45.917853], [6.890765, 45.917839], [6.890698, 45.917874], [6.890648, 45.917948], [6.89058, 45.917971], [6.890534, 45.917951], [6.89041, 45.917744], [6.89031, 45.91768], [6.890263, 45.917728], [6.890255, 45.917859], [6.890262, 45.917923], [6.890212, 45.917955], [6.890157, 45.917963], [6.890106, 45.917927], [6.890067, 45.917836], [6.889895, 45.917795], [6.889861, 45.917865], [6.889764, 45.917756], [6.889653, 45.91771], [6.889603, 45.917749], [6.889516, 45.917786], [6.88962, 45.918], [6.88962, 45.918182], [6.889647, 45.918332], [6.889638, 45.918392], [6.889614, 45.918402], [6.889597, 45.918424], [6.889577, 45.918429], [6.889567, 45.918443], [6.889539, 45.918513], [6.889574, 45.918571], [6.889566, 45.91859], [6.88951, 45.918588], [6.88935, 45.918591], [6.889253, 45.918629], [6.88922, 45.918662], [6.889169, 45.918684], [6.889131, 45.918711], [6.889137, 45.918792], [6.88921, 45.918879], [6.889191, 45.918913], [6.88919, 45.91894], [6.889209, 45.918983], [6.889237, 45.919019], [6.88925, 45.919064], [6.889231, 45.91909], [6.889179, 45.919098], [6.889116, 45.919086], [6.889059, 45.919056], [6.889006, 45.919049], [6.88891, 45.919025], [6.888862, 45.918985], [6.88879, 45.91887], [6.888741, 45.918821], [6.888703, 45.918746], [6.888527, 45.918558], [6.888459, 45.918501], [6.88838, 45.91839], [6.88837, 45.918325], [6.888378, 45.918262], [6.88836, 45.918229], [6.888315, 45.91819], [6.888231, 45.918153], [6.888134, 45.918082], [6.888079, 45.918054], [6.887922, 45.917899], [6.88787, 45.917884], [6.887771, 45.91778], [6.887742, 45.917765], [6.887713, 45.917656], [6.887659, 45.91752], [6.887611, 45.917455], [6.887614, 45.917435], [6.887604, 45.917407], [6.887582, 45.917396], [6.887538, 45.917389], [6.887523, 45.917379], [6.887482, 45.917308], [6.887397, 45.917232], [6.887243, 45.916989], [6.887126, 45.916767], [6.887021, 45.916608], [6.886855, 45.916483], [6.886733, 45.916403], [6.886602, 45.916306], [6.886463, 45.916135], [6.886439, 45.916063], [6.886424, 45.915982], [6.886403, 45.915898], [6.886345, 45.915855], [6.886333, 45.91582], [6.886322, 45.915731], [6.886344, 45.915646], [6.88642, 45.915591], [6.886438, 45.915561], [6.886394, 45.915495], [6.886385, 45.915467], [6.886367, 45.915437], [6.886338, 45.915433], [6.886204, 45.915443], [6.886089, 45.915419], [6.885977, 45.915376], [6.885887, 45.915315], [6.885892, 45.915284], [6.885945, 45.915182], [6.885977, 45.915047], [6.88585, 45.9151], [6.885631, 45.915255], [6.88542, 45.915355], [6.884795, 45.915278], [6.884049, 45.915114], [6.883298, 45.914995], [6.882826, 45.914899], [6.882718, 45.914805], [6.882836, 45.914823], [6.883149, 45.914855], [6.883349, 45.914804], [6.883475, 45.914779], [6.883664, 45.914768], [6.883809, 45.914772], [6.883962, 45.914785], [6.884156, 45.914823], [6.884479, 45.914926], [6.884553, 45.914929], [6.88465, 45.914946], [6.884762, 45.914947], [6.884871, 45.914933], [6.885094, 45.91494], [6.885214, 45.914951], [6.885623, 45.914948], [6.885732, 45.914925], [6.885764, 45.914897], [6.885694, 45.91487], [6.885659, 45.914833], [6.885439, 45.914748], [6.885431, 45.914738], [6.885459, 45.914714], [6.885479, 45.914707], [6.885658, 45.914705], [6.885889, 45.914682], [6.885897, 45.914667], [6.885514, 45.914525], [6.885526, 45.91451], [6.885972, 45.914405], [6.886123, 45.91433], [6.885924, 45.914283], [6.885823, 45.914228], [6.885837, 45.914216], [6.88603, 45.914151], [6.886253, 45.914111], [6.88625, 45.914095], [6.885999, 45.914041], [6.885957, 45.914024], [6.885976, 45.914002], [6.886032, 45.913978], [6.886151, 45.913941], [6.886356, 45.913926], [6.886361, 45.913916], [6.886345, 45.91389], [6.886318, 45.913865], [6.886281, 45.913842], [6.886122, 45.913773], [6.886128, 45.91374], [6.886362, 45.913731], [6.886195, 45.913654], [6.886202, 45.913648], [6.886432, 45.913655], [6.886262, 45.913543], [6.886254, 45.913533], [6.886255, 45.913516], [6.886269, 45.913509], [6.886332, 45.913513], [6.88646, 45.913477], [6.886401, 45.913455], [6.88631, 45.913435], [6.886226, 45.913388], [6.886227, 45.913368], [6.886288, 45.913355], [6.886393, 45.913293], [6.886391, 45.913282], [6.886369, 45.913263], [6.886186, 45.913235], [6.885839, 45.913254], [6.88572, 45.913253], [6.885472, 45.913264], [6.885415, 45.913259], [6.885381, 45.913246], [6.885348, 45.913223], [6.885307, 45.913153], [6.885289, 45.91292], [6.885099, 45.912808], [6.885092, 45.912774], [6.885107, 45.912721], [6.88518, 45.912624], [6.885216, 45.912588], [6.885278, 45.912576], [6.885356, 45.912571], [6.885385, 45.912595], [6.88541, 45.912598], [6.8854, 45.912468], [6.885361, 45.912447], [6.88537, 45.912428], [6.885398, 45.912431], [6.885484, 45.912487], [6.885506, 45.912473], [6.885506, 45.91246], [6.885466, 45.912396], [6.88548, 45.912384], [6.885502, 45.912387], [6.88556, 45.912433], [6.885578, 45.912429], [6.885595, 45.912368], [6.885615, 45.912364], [6.885668, 45.912431], [6.885724, 45.91244], [6.885766, 45.912275], [6.885868, 45.912292], [6.886128, 45.912126], [6.886341, 45.912056], [6.886526, 45.912075], [6.886571, 45.912029], [6.886511, 45.91201], [6.886257, 45.911955], [6.886602, 45.911896], [6.886633, 45.91188], [6.886442, 45.911843], [6.886396, 45.911818], [6.886301, 45.91181], [6.886308, 45.91179], [6.886371, 45.911753], [6.886603, 45.911711], [6.886815, 45.911595], [6.88643, 45.911591], [6.886875, 45.911437], [6.887113, 45.911438], [6.887058, 45.911411], [6.88668, 45.911318], [6.886728, 45.911287], [6.88686, 45.911274], [6.887, 45.911275], [6.88718, 45.911216], [6.887483, 45.911235], [6.8875, 45.911226], [6.8875, 45.91121], [6.887473, 45.911195], [6.887325, 45.911143], [6.887237, 45.91113], [6.887079, 45.911069], [6.88697, 45.911037], [6.886756, 45.911032], [6.886838, 45.910975], [6.886987, 45.910948], [6.887008, 45.910934], [6.88701, 45.910909], [6.886947, 45.91088], [6.886872, 45.910856], [6.886808, 45.910844], [6.886807, 45.910833], [6.886824, 45.910818], [6.886975, 45.910756], [6.886985, 45.910741], [6.886979, 45.910726], [6.886956, 45.910713], [6.886914, 45.910713], [6.886846, 45.910724], [6.886753, 45.910725], [6.886669, 45.910757], [6.886623, 45.910766], [6.88648, 45.910913], [6.886385, 45.910902], [6.886073, 45.910899], [6.886079, 45.910827], [6.886072, 45.91075], [6.886002, 45.910686], [6.886006, 45.910654], [6.885966, 45.910629], [6.886007, 45.910585], [6.885975, 45.910568], [6.885906, 45.910592], [6.885853, 45.91056], [6.885846, 45.910542], [6.885864, 45.910518], [6.885858, 45.910476], [6.885839, 45.910464], [6.885802, 45.910484], [6.885772, 45.910474], [6.885792, 45.910441], [6.885776, 45.910432], [6.885711, 45.910426], [6.885678, 45.910406], [6.885654, 45.910375], [6.885593, 45.910359], [6.885578, 45.910341], [6.885926, 45.9103], [6.885816, 45.910224], [6.885766, 45.910205], [6.885591, 45.910106], [6.88557, 45.910071], [6.885631, 45.910033], [6.885765, 45.910005], [6.885849, 45.91002], [6.88591, 45.910015], [6.886137, 45.910075], [6.886337, 45.910068], [6.886448, 45.910132], [6.88648, 45.910121], [6.886411, 45.909967], [6.886348, 45.909908], [6.886312, 45.909899], [6.886257, 45.909871], [6.886206, 45.909864], [6.886156, 45.909831], [6.886118, 45.909761], [6.886103, 45.909747], [6.886033, 45.90973], [6.885985, 45.909699], [6.885901, 45.909665], [6.885888, 45.909645], [6.885794, 45.909589], [6.885762, 45.909527], [6.885794, 45.909589], [6.885888, 45.909645], [6.885901, 45.909665], [6.885985, 45.909699], [6.886033, 45.90973], [6.886103, 45.909747], [6.886118, 45.909761], [6.886156, 45.909831], [6.886206, 45.909864], [6.886257, 45.909871], [6.886312, 45.909899], [6.886348, 45.909908], [6.886411, 45.909967], [6.88648, 45.910121], [6.886448, 45.910132], [6.886337, 45.910068], [6.886137, 45.910075], [6.88591, 45.910015], [6.885849, 45.91002], [6.885765, 45.910005], [6.885631, 45.910033], [6.88557, 45.910071], [6.885591, 45.910106], [6.885766, 45.910205], [6.885816, 45.910224], [6.885926, 45.9103], [6.885578, 45.910341], [6.885593, 45.910359], [6.885654, 45.910375], [6.885678, 45.910406], [6.885711, 45.910426], [6.885776, 45.910432], [6.885792, 45.910441], [6.885772, 45.910474], [6.885802, 45.910484], [6.885839, 45.910464], [6.885858, 45.910476], [6.885864, 45.910518], [6.885846, 45.910542], [6.885853, 45.91056], [6.885906, 45.910592], [6.885975, 45.910568], [6.886007, 45.910585], [6.885966, 45.910629], [6.886006, 45.910654], [6.886002, 45.910686], [6.886072, 45.91075], [6.886079, 45.910827], [6.886073, 45.910899], [6.886385, 45.910902], [6.88648, 45.910913], [6.886623, 45.910766], [6.886669, 45.910757], [6.886753, 45.910725], [6.886846, 45.910724], [6.886914, 45.910713], [6.886956, 45.910713], [6.886979, 45.910726], [6.886985, 45.910741], [6.886975, 45.910756], [6.886824, 45.910818], [6.886807, 45.910833], [6.886808, 45.910844], [6.886872, 45.910856], [6.886947, 45.91088], [6.88701, 45.910909], [6.887008, 45.910934], [6.886987, 45.910948], [6.886838, 45.910975], [6.886756, 45.911032], [6.88697, 45.911037], [6.887079, 45.911069], [6.887237, 45.91113], [6.887325, 45.911143], [6.887473, 45.911195], [6.8875, 45.91121], [6.8875, 45.911226], [6.887483, 45.911235], [6.88718, 45.911216], [6.887, 45.911275], [6.88686, 45.911274], [6.886728, 45.911287], [6.88668, 45.911318], [6.887058, 45.911411], [6.887113, 45.911438], [6.886875, 45.911437], [6.88643, 45.911591], [6.886815, 45.911595], [6.886603, 45.911711], [6.886371, 45.911753], [6.886308, 45.91179], [6.886301, 45.91181], [6.886396, 45.911818], [6.886442, 45.911843], [6.886633, 45.91188], [6.886602, 45.911896], [6.886257, 45.911955], [6.886511, 45.91201], [6.886571, 45.912029], [6.886526, 45.912075], [6.886341, 45.912056], [6.886128, 45.912126], [6.885868, 45.912292], [6.885766, 45.912275], [6.885724, 45.91244], [6.885668, 45.912431], [6.885615, 45.912364], [6.885595, 45.912368], [6.885578, 45.912429], [6.88556, 45.912433], [6.885502, 45.912387], [6.88548, 45.912384], [6.885466, 45.912396], [6.885506, 45.91246], [6.885506, 45.912473], [6.885484, 45.912487], [6.885398, 45.912431], [6.88537, 45.912428], [6.885361, 45.912447], [6.8854, 45.912468], [6.88541, 45.912598], [6.885385, 45.912595], [6.885356, 45.912571], [6.885278, 45.912576], [6.885216, 45.912588], [6.88518, 45.912624], [6.885107, 45.912721], [6.885092, 45.912774], [6.885099, 45.912808], [6.885289, 45.91292], [6.885307, 45.913153], [6.885348, 45.913223], [6.885381, 45.913246], [6.885415, 45.913259], [6.885472, 45.913264], [6.88572, 45.913253], [6.885839, 45.913254], [6.886186, 45.913235], [6.886369, 45.913263], [6.886391, 45.913282], [6.886393, 45.913293], [6.886288, 45.913355], [6.886227, 45.913368], [6.886226, 45.913388], [6.88631, 45.913435], [6.886401, 45.913455], [6.88646, 45.913477], [6.886332, 45.913513], [6.886269, 45.913509], [6.886255, 45.913516], [6.886254, 45.913533], [6.886262, 45.913543], [6.886432, 45.913655], [6.886202, 45.913648], [6.886195, 45.913654], [6.886362, 45.913731], [6.886128, 45.91374], [6.886122, 45.913773], [6.886281, 45.913842], [6.886318, 45.913865], [6.886345, 45.91389], [6.886361, 45.913916], [6.886356, 45.913926], [6.886151, 45.913941], [6.886032, 45.913978], [6.885976, 45.914002], [6.885957, 45.914024], [6.885999, 45.914041], [6.88625, 45.914095], [6.886253, 45.914111], [6.88603, 45.914151], [6.885837, 45.914216], [6.885823, 45.914228], [6.885924, 45.914283], [6.886123, 45.91433], [6.885972, 45.914405], [6.885526, 45.91451], [6.885514, 45.914525], [6.885897, 45.914667], [6.885889, 45.914682], [6.885658, 45.914705], [6.885479, 45.914707], [6.885459, 45.914714], [6.885431, 45.914738], [6.885439, 45.914748], [6.885659, 45.914833], [6.885694, 45.91487], [6.885764, 45.914897], [6.885732, 45.914925], [6.885623, 45.914948], [6.885214, 45.914951], [6.885094, 45.91494], [6.884871, 45.914933], [6.884762, 45.914947], [6.88465, 45.914946], [6.884553, 45.914929], [6.884479, 45.914926], [6.884156, 45.914823], [6.883962, 45.914785], [6.883809, 45.914772], [6.883664, 45.914768], [6.883475, 45.914779], [6.883349, 45.914804], [6.883149, 45.914855], [6.882836, 45.914823], [6.882718, 45.914805], [6.882587, 45.914732], [6.882426, 45.914566], [6.882374, 45.914577], [6.882253, 45.914657], [6.882146, 45.914577], [6.882092, 45.914491], [6.881942, 45.914379], [6.881875, 45.914277], [6.88169, 45.914459], [6.881508, 45.914282], [6.881414, 45.914249], [6.881109, 45.913971], [6.880782, 45.913712], [6.880726, 45.913708], [6.880734, 45.91385], [6.88075, 45.913936], [6.880578, 45.913837], [6.880087, 45.913672], [6.879285, 45.91345], [6.878725, 45.913303], [6.878616, 45.91331], [6.878581, 45.913377], [6.878678, 45.913661], [6.878976, 45.913892], [6.879219, 45.914034], [6.879627, 45.914424], [6.879922, 45.914958], [6.87981, 45.915019], [6.879716, 45.915012], [6.879701, 45.915236], [6.879335, 45.915064], [6.879209, 45.915073], [6.878518, 45.914673], [6.878309, 45.914624], [6.878129, 45.914551], [6.877878, 45.914394], [6.877335, 45.914137], [6.877072, 45.914042], [6.877201, 45.914236], [6.877255, 45.914535], [6.877311, 45.914573], [6.877089, 45.914511], [6.876921, 45.914403], [6.876901, 45.914378], [6.876857, 45.914372], [6.87676, 45.914324], [6.876698, 45.914322], [6.876623, 45.914277], [6.876557, 45.914282], [6.87656, 45.914316], [6.876525, 45.914348], [6.876601, 45.914448], [6.876502, 45.914424], [6.876319, 45.914322], [6.876278, 45.914317], [6.876131, 45.914229], [6.875919, 45.914117], [6.875857, 45.914061], [6.875702, 45.913952], [6.875589, 45.91385], [6.875342, 45.913715], [6.875171, 45.913631], [6.875269, 45.913741], [6.875338, 45.913861], [6.875391, 45.91393], [6.875248, 45.913841], [6.875128, 45.91381], [6.875016, 45.9138], [6.874959, 45.91378], [6.874869, 45.913718], [6.874731, 45.913592], [6.874674, 45.91371], [6.874711, 45.913819], [6.874701, 45.913827], [6.874666, 45.913822], [6.874517, 45.913604], [6.874355, 45.91348], [6.874294, 45.913445], [6.874091, 45.913446], [6.874015, 45.913428], [6.873895, 45.913391], [6.873869, 45.913351], [6.873844, 45.913371], [6.873829, 45.913362], [6.873801, 45.913307], [6.87374, 45.913264], [6.873629, 45.913275], [6.87347, 45.913228], [6.873521, 45.913328], [6.873596, 45.913363], [6.873461, 45.913346], [6.873472, 45.913398], [6.873521, 45.913429], [6.873527, 45.913468], [6.873408, 45.913432], [6.873341, 45.913387], [6.873219, 45.913363], [6.873255, 45.913459], [6.873287, 45.913505], [6.873343, 45.913525], [6.873361, 45.913538], [6.873268, 45.913554], [6.873162, 45.913518], [6.873131, 45.913491], [6.873003, 45.913442], [6.872901, 45.913391], [6.873, 45.913547], [6.873051, 45.913589], [6.873133, 45.913673], [6.873121, 45.91368], [6.873101, 45.913681], [6.873037, 45.913664], [6.872995, 45.913634], [6.872955, 45.913626], [6.872903, 45.913598], [6.872722, 45.913544], [6.87283, 45.913687], [6.872913, 45.913764], [6.873176, 45.913885], [6.873163, 45.913974], [6.873164, 45.914068], [6.873448, 45.9143], [6.873365, 45.914268], [6.873584, 45.914455], [6.873651, 45.914562], [6.873694, 45.914685], [6.873719, 45.914789], [6.873737, 45.915001], [6.873733, 45.915047], [6.873713, 45.91506], [6.873677, 45.915059], [6.873572, 45.914998], [6.873469, 45.914962], [6.873379, 45.914937], [6.873318, 45.914928], [6.873276, 45.914933], [6.873236, 45.914953], [6.873225, 45.914988], [6.873233, 45.915119], [6.873228, 45.915145], [6.873196, 45.915158], [6.873139, 45.915156], [6.873082, 45.915143], [6.872836, 45.915], [6.872734, 45.914948], [6.87263, 45.914908], [6.87257, 45.914908], [6.872546, 45.914933], [6.872526, 45.915003], [6.872483, 45.915016], [6.87232, 45.91498], [6.872176, 45.914969], [6.871871, 45.914979], [6.87186, 45.91501], [6.871877, 45.915054], [6.871935, 45.91513], [6.871978, 45.915214], [6.872013, 45.915345], [6.872025, 45.915455], [6.87205, 45.915545], [6.872105, 45.915639], [6.872185, 45.915712], [6.872398, 45.915832], [6.872459, 45.915881], [6.872497, 45.915938], [6.872524, 45.916019], [6.872568, 45.91609], [6.87264, 45.916153], [6.872744, 45.916223], [6.872881, 45.916348], [6.872897, 45.916431], [6.872901, 45.916509], [6.872892, 45.916582], [6.872827, 45.916651], [6.87273, 45.916725], [6.87267, 45.916736], [6.87248, 45.916711], [6.8724, 45.916689], [6.872319, 45.91669], [6.872262, 45.916709], [6.872233, 45.916733], [6.872195, 45.9168], [6.872188, 45.91683], [6.872024, 45.916989], [6.871884, 45.917092], [6.871747, 45.917161], [6.871731, 45.917175], [6.871673, 45.917239], [6.8716, 45.917312], [6.871439, 45.917539], [6.871205, 45.91779], [6.87107, 45.917921], [6.870882, 45.918046], [6.870857, 45.918064], [6.870605, 45.918239], [6.870498, 45.918318], [6.871109, 45.918703], [6.871066, 45.918735], [6.87098, 45.918793], [6.870953, 45.91884], [6.870802, 45.918956], [6.870895, 45.919018], [6.870858, 45.919049], [6.870872, 45.919115], [6.870658, 45.919265], [6.8706, 45.919274], [6.870537, 45.919314], [6.87045, 45.91937], [6.870528, 45.919459], [6.870562, 45.919525], [6.870584, 45.919586], [6.870583, 45.919636], [6.870576, 45.919677], [6.870527, 45.919766], [6.870413, 45.919895], [6.87021, 45.920173], [6.870115, 45.920321], [6.870035, 45.920498], [6.869982, 45.920641], [6.870028, 45.920666], [6.87004, 45.920685], [6.870044, 45.920705], [6.870026, 45.920744], [6.869977, 45.92077], [6.869915, 45.92077], [6.869908, 45.9208], [6.869891, 45.920859], [6.869832, 45.921034], [6.86969, 45.921447], [6.869643, 45.92159], [6.869592, 45.921783], [6.86958, 45.921864], [6.869584, 45.921956], [6.869639, 45.922139], [6.869679, 45.922217], [6.869893, 45.922461], [6.870189, 45.922845], [6.870318, 45.922998], [6.870285, 45.923014], [6.870241, 45.923033], [6.870199, 45.922998], [6.870142, 45.922996], [6.869984, 45.923068], [6.869688, 45.923203], [6.869708, 45.923242], [6.869711, 45.923281], [6.869704, 45.923329], [6.86968, 45.923401], [6.86966, 45.923445], [6.869835, 45.923662], [6.869827, 45.923694], [6.86947, 45.923807]]}, "properties": {"heading": 90, "length_km": 25.49, "retrace": 0.205}}, {"type": "Feature", "geometry": {"type": "LineString", "coordinates": [[6.86947, 45.923807], [6.869827, 45.923694], [6.869835, 45.923662], [6.870063, 45.923612], [6.870465, 45.923522], [6.870561, 45.923503], [6.870629, 45.923684], [6.870551, 45.923688], [6.87056, 45.923816], [6.870784, 45.924496], [6.870783, 45.92451], [6.870792, 45.924535], [6.870985, 45.924509], [6.871018, 45.9245], [6.871012, 45.924531], [6.871077, 45.924721], [6.871109, 45.924736], [6.871175, 45.924753], [6.871311, 45.924824], [6.871364, 45.924887], [6.871394, 45.924924], [6.87222, 45.924745], [6.872245, 45.924777], [6.872253, 45.924806], [6.872264, 45.924835], [6.872375, 45.925099], [6.872606, 45.92514], [6.872682, 45.925152], [6.873199, 45.925039], [6.873294, 45.924995], [6.873496, 45.925165], [6.873667, 45.925309], [6.873747, 45.925377], [6.873844, 45.925458], [6.873894, 45.9255], [6.873975, 45.925572], [6.874168, 45.925566], [6.874304, 45.925707], [6.874274, 45.925763], [6.874324, 45.925808], [6.874279, 45.925848], [6.874196, 45.925902], [6.874128, 45.926], [6.874105, 45.926071], [6.874102, 45.926082], [6.874294, 45.926706], [6.874349, 45.92684], [6.874436, 45.927], [6.874581, 45.927105], [6.874783, 45.927217], [6.87487, 45.927231], [6.875013, 45.927264], [6.875092, 45.927303], [6.875194, 45.92749], [6.875181, 45.927565], [6.87545, 45.927858], [6.875586, 45.92799], [6.875749, 45.928118], [6.875961, 45.928254], [6.876161, 45.928459], [6.876824, 45.928988], [6.877393, 45.929464], [6.877445, 45.929486], [6.877598, 45.929561], [6.877789, 45.929699], [6.877909, 45.929834], [6.87808, 45.930133], [6.878147, 45.93021], [6.878205, 45.930243], [6.878438, 45.930312], [6.878526, 45.930347], [6.87895, 45.930478], [6.879505, 45.930559], [6.879777, 45.930657], [6.880112, 45.930828], [6.880709, 45.931113], [6.88107, 45.93126], [6.881436, 45.931387], [6.881775, 45.931477], [6.882178, 45.93154], [6.88254, 45.931613], [6.882654, 45.931658], [6.882939, 45.931827], [6.883131, 45.93195], [6.883287, 45.932062], [6.883399, 45.932123], [6.883515, 45.932174], [6.883641, 45.932216], [6.88379, 45.93224], [6.883896, 45.932242], [6.884178, 45.932225], [6.884303, 45.932225], [6.884426, 45.932234], [6.884559, 45.932256], [6.884661, 45.932297], [6.884759, 45.932352], [6.88483, 45.932408], [6.884962, 45.932583], [6.88502, 45.93264], [6.885178, 45.932743], [6.885306, 45.932801], [6.885621, 45.932964], [6.88578, 45.933035], [6.886356, 45.933224], [6.88681, 45.933417], [6.887126, 45.93357], [6.88728, 45.933634], [6.887962, 45.9339], [6.888042, 45.933949], [6.888149, 45.934046], [6.888437, 45.934232], [6.888513, 45.934303], [6.888658, 45.934535], [6.888784, 45.934592], [6.888854, 45.934607], [6.888961, 45.934602], [6.889142, 45.934541], [6.889222, 45.934531], [6.889307, 45.934529], [6.889413, 45.93453], [6.889642, 45.934581], [6.889847, 45.93454], [6.890068, 45.934529], [6.890239, 45.934537], [6.890244, 45.934538], [6.890406, 45.934572], [6.890732, 45.934661], [6.890688, 45.93488], [6.890591, 45.93505], [6.890606, 45.935102], [6.89061, 45.93521], [6.890525, 45.935395], [6.890511, 45.935426], [6.890405, 45.935653], [6.890379, 45.935702], [6.891674, 45.936147], [6.891918, 45.936232], [6.892113, 45.93627], [6.89229, 45.936257], [6.892538, 45.936272], [6.892918, 45.936393], [6.893666, 45.936619], [6.894089, 45.936846], [6.894235, 45.936942], [6.894596, 45.937252], [6.894904, 45.937452], [6.895104, 45.937656], [6.89517, 45.937791], [6.89534, 45.937908], [6.895498, 45.937922], [6.895613, 45.937947], [6.895704, 45.937981], [6.89573, 45.937992], [6.895796, 45.938038], [6.896015, 45.9382], [6.896057, 45.938244], [6.89618, 45.938423], [6.896539, 45.93869], [6.896926, 45.939006], [6.897248, 45.939252], [6.897452, 45.939426], [6.897826, 45.939779], [6.898044, 45.939953], [6.898529, 45.940318], [6.898693, 45.940422], [6.899027, 45.940591], [6.899328, 45.940749], [6.899474, 45.940817], [6.899792, 45.940936], [6.900071, 45.941056], [6.900215, 45.941158], [6.900289, 45.941186], [6.900412, 45.94125], [6.900544, 45.941325], [6.900783, 45.941446], [6.900972, 45.941554], [6.901077, 45.941597], [6.901168, 45.941619], [6.901584, 45.941677], [6.901813, 45.941717], [6.901955, 45.94175], [6.902195, 45.94185], [6.902255, 45.941882], [6.902308, 45.941924], [6.902357, 45.941987], [6.902454, 45.94196], [6.902671, 45.941897], [6.902755, 45.941873], [6.902728, 45.941787], [6.902722, 45.941743], [6.902662, 45.941532], [6.90265, 45.941451], [6.902653, 45.94132], [6.902682, 45.941256], [6.902822, 45.941096], [6.902896, 45.940958], [6.902732, 45.940864], [6.902323, 45.940653], [6.902215, 45.94061], [6.902065, 45.940569], [6.901874, 45.940537], [6.901854, 45.940465], [6.901834, 45.940446], [6.901741, 45.940404], [6.901702, 45.940368], [6.901683, 45.940334], [6.901625, 45.94017], [6.901622, 45.940127], [6.901701, 45.939932], [6.9017, 45.939907], [6.901673, 45.939855], [6.901616, 45.939781], [6.901581, 45.939747], [6.901533, 45.939712], [6.901419, 45.93965], [6.901365, 45.939621], [6.901303, 45.939536], [6.901154, 45.939429], [6.90112, 45.939394], [6.901062, 45.939353], [6.900824, 45.939148], [6.900781, 45.939121], [6.900717, 45.939065], [6.90057, 45.939023], [6.900478, 45.938973], [6.900352, 45.93888], [6.90015, 45.938712], [6.899981, 45.938552], [6.899923, 45.938491], [6.899863, 45.938403], [6.899851, 45.938372], [6.899823, 45.93834], [6.899647, 45.938187], [6.899594, 45.938091], [6.899536, 45.938021], [6.899414, 45.937966], [6.899365, 45.93794], [6.899334, 45.937915], [6.89929, 45.937841], [6.899197, 45.937722], [6.899043, 45.937606], [6.898947, 45.937511], [6.898902, 45.937447], [6.898775, 45.937313], [6.898714, 45.937222], [6.898681, 45.937188], [6.898552, 45.936987], [6.898514, 45.936863], [6.898468, 45.936774], [6.898335, 45.936618], [6.898288, 45.936534], [6.898194, 45.936394], [6.898164, 45.936323], [6.898126, 45.936269], [6.898067, 45.936152], [6.898054, 45.936086], [6.898056, 45.936025], [6.898069, 45.935936], [6.898012, 45.935818], [6.898006, 45.935794], [6.89798, 45.935585], [6.897979, 45.935492], [6.89794, 45.935386], [6.897956, 45.935374], [6.897979, 45.935374], [6.898041, 45.935418], [6.898257, 45.93568], [6.898345, 45.935736], [6.898428, 45.935761], [6.898455, 45.935776], [6.898565, 45.935859], [6.89865, 45.935904], [6.898819, 45.936028], [6.899051, 45.936175], [6.899367, 45.936293], [6.899494, 45.936362], [6.899603, 45.936409], [6.899684, 45.936453], [6.899794, 45.936517], [6.899871, 45.936573], [6.899901, 45.936585], [6.900179, 45.936675], [6.900393, 45.936733], [6.900546, 45.936733], [6.900643, 45.936744], [6.900691, 45.936774], [6.900727, 45.936845], [6.900753, 45.936867], [6.900808, 45.936887], [6.900835, 45.936891], [6.900924, 45.936883], [6.901027, 45.936883], [6.90113, 45.936901], [6.90118, 45.936914], [6.901255, 45.936949], [6.901306, 45.937006], [6.901322, 45.937014], [6.90151, 45.937061], [6.901826, 45.93709], [6.902185, 45.937131], [6.902313, 45.937151], [6.90243, 45.937157], [6.902747, 45.937158], [6.902866, 45.937143], [6.903012, 45.937136], [6.903134, 45.937141], [6.903281, 45.937136], [6.903386, 45.937154], [6.903553, 45.937197], [6.903647, 45.937206], [6.903698, 45.937218], [6.903756, 45.93722], [6.903869, 45.937209], [6.903912, 45.937211], [6.903944, 45.937219], [6.904051, 45.937287], [6.904138, 45.937322], [6.904395, 45.937399], [6.904477, 45.937452], [6.904536, 45.93747], [6.90472, 45.937453], [6.904849, 45.937453], [6.904886, 45.937459], [6.904996, 45.937494], [6.905106, 45.937498], [6.905391, 45.937465], [6.905474, 45.937428], [6.905549, 45.937419], [6.905622, 45.937421], [6.905673, 45.937432], [6.905735, 45.937455], [6.905932, 45.937463], [6.905987, 45.937475], [6.906197, 45.937559], [6.906317, 45.937592], [6.906427, 45.937614], [6.90647, 45.937632], [6.906667, 45.937689], [6.906973, 45.937761], [6.907083, 45.937776], [6.907295, 45.937827], [6.907524, 45.937866], [6.9076, 45.93787], [6.907826, 45.937916], [6.907919, 45.937923], [6.908083, 45.937919], [6.908809, 45.938102], [6.9089, 45.938121], [6.908853, 45.938064], [6.908741, 45.937976], [6.90864, 45.937838], [6.90854, 45.937746], [6.908398, 45.937658], [6.908303, 45.93761], [6.908037, 45.937505], [6.907982, 45.937476], [6.907871, 45.937398], [6.907562, 45.937236], [6.907518, 45.937199], [6.907449, 45.937156], [6.907423, 45.937101], [6.907358, 45.937001], [6.907307, 45.936959], [6.907288, 45.936908], [6.907259, 45.936853], [6.907222, 45.936806], [6.907145, 45.936733], [6.907014, 45.936648], [6.906998, 45.936614], [6.906923, 45.93657], [6.906877, 45.936522], [6.906834, 45.936462], [6.906769, 45.936284], [6.906745, 45.936253], [6.906721, 45.936238], [6.906363, 45.936101], [6.906279, 45.936045], [6.906181, 45.93594], [6.906132, 45.935907], [6.905841, 45.935749], [6.905775, 45.935707], [6.905633, 45.935582], [6.905601, 45.93552], [6.90556, 45.935499], [6.905519, 45.935438], [6.905321, 45.935287], [6.905202, 45.935208], [6.90508, 45.935101], [6.905033, 45.935069], [6.904913, 45.935022], [6.904844, 45.935005], [6.904696, 45.934989], [6.904654, 45.934974], [6.904526, 45.934915], [6.904339, 45.934793], [6.904292, 45.934748], [6.904142, 45.934574], [6.904102, 45.93455], [6.904058, 45.934506], [6.904025, 45.93445], [6.903966, 45.934236], [6.903915, 45.934166], [6.903871, 45.934064], [6.903789, 45.933932], [6.903749, 45.933896], [6.90364, 45.933833], [6.903606, 45.933795], [6.903546, 45.933711], [6.903287, 45.933513], [6.903203, 45.933433], [6.903, 45.933178], [6.902976, 45.933141], [6.902953, 45.933083], [6.902812, 45.932896], [6.902793, 45.932861], [6.90268, 45.932773], [6.902616, 45.932735], [6.902416, 45.932657], [6.902373, 45.932605], [6.902324, 45.932577], [6.902234, 45.932552], [6.90199, 45.932534], [6.901435, 45.932441], [6.901278, 45.932437], [6.901116, 45.932415], [6.901041, 45.932393], [6.900976, 45.93236], [6.900764, 45.932152], [6.900732, 45.932153], [6.90071, 45.932162], [6.900702, 45.93218], [6.900698, 45.932253], [6.900816, 45.932459], [6.900972, 45.932614], [6.900987, 45.932645], [6.900973, 45.932659], [6.900936, 45.932676], [6.90088, 45.932684], [6.900839, 45.932671], [6.900767, 45.932615], [6.900724, 45.932595], [6.900609, 45.932495], [6.900574, 45.932484], [6.900464, 45.932404], [6.900417, 45.932335], [6.900386, 45.932316], [6.900363, 45.932282], [6.900358, 45.932246], [6.90034, 45.932219], [6.900305, 45.932206], [6.900289, 45.932184], [6.900275, 45.932179], [6.90027, 45.93233], [6.900291, 45.932424], [6.900297, 45.932506], [6.900291, 45.932538], [6.900271, 45.93255], [6.900227, 45.932544], [6.900089, 45.932407], [6.899921, 45.932174], [6.89984, 45.932106], [6.899746, 45.932066], [6.899623, 45.932002], [6.899531, 45.931925], [6.899485, 45.931873], [6.89946, 45.931792], [6.899438, 45.931588], [6.899417, 45.931478], [6.899389, 45.931462], [6.89937, 45.931458], [6.899351, 45.931469], [6.89935, 45.931532], [6.899337, 45.931645], [6.899297, 45.931647], [6.899281, 45.931637], [6.899207, 45.931409], [6.899181, 45.931155], [6.899155, 45.931104], [6.899079, 45.931033], [6.898917, 45.930906], [6.898809, 45.930777], [6.898825, 45.930658], [6.898843, 45.930595], [6.898875, 45.930534], [6.898828, 45.930348], [6.898808, 45.930307], [6.89859, 45.930212], [6.898562, 45.930162], [6.898543, 45.93005], [6.898506, 45.930026], [6.898419, 45.929991], [6.898328, 45.929976], [6.8981, 45.930028], [6.898019, 45.930052], [6.89793, 45.930059], [6.897626, 45.930031], [6.89728, 45.929946], [6.897075, 45.929845], [6.896947, 45.929767], [6.896937, 45.929774], [6.896969, 45.929996], [6.897055, 45.930151], [6.897035, 45.930187], [6.896984, 45.930177], [6.896913, 45.930103], [6.896248, 45.929627], [6.896128, 45.929513], [6.895986, 45.929443], [6.895943, 45.929345], [6.895797, 45.929267], [6.895633, 45.929107], [6.895504, 45.929076], [6.895391, 45.929084], [6.895257, 45.929054], [6.895007, 45.92892], [6.894876, 45.928882], [6.894027, 45.928457], [6.893676, 45.928267], [6.893385, 45.928169], [6.893235, 45.928136], [6.893103, 45.928005], [6.892989, 45.927747], [6.892693, 45.927505], [6.892214, 45.92724], [6.892693, 45.927505], [6.892989, 45.927747], [6.893103, 45.928005], [6.893235, 45.928136], [6.893385, 45.928169], [6.893676, 45.928267], [6.894027, 45.928457], [6.894876, 45.928882], [6.895007, 45.92892], [6.895257, 45.929054], [6.895391, 45.929084], [6.895504, 45.929076], [6.895633, 45.929107], [6.895797, 45.929267], [6.895943, 45.929345], [6.895986, 45.929443], [6.896128, 45.929513], [6.896248, 45.929627], [6.896913, 45.930103], [6.896984, 45.930177], [6.897035, 45.930187], [6.897055, 45.930151], [6.896969, 45.929996], [6.896937, 45.929774], [6.896947, 45.929767], [6.897075, 45.929845], [6.89728, 45.929946], [6.897626, 45.930031], [6.89793, 45.930059], [6.898019, 45.930052], [6.8981, 45.930028], [6.898328, 45.929976], [6.898419, 45.929991], [6.898506, 45.930026], [6.898543, 45.93005], [6.898562, 45.930162], [6.89859, 45.930212], [6.898808, 45.930307], [6.898828, 45.930348], [6.898875, 45.930534], [6.898843, 45.930595], [6.898825, 45.930658], [6.898809, 45.930777], [6.898917, 45.930906], [6.899079, 45.931033], [6.899155, 45.931104], [6.899181, 45.931155], [6.899207, 45.931409], [6.899281, 45.931637], [6.899297, 45.931647], [6.899337, 45.931645], [6.89935, 45.931532], [6.899351, 45.931469], [6.89937, 45.931458], [6.899389, 45.931462], [6.899417, 45.931478], [6.899438, 45.931588], [6.89946, 45.931792], [6.899485, 45.931873], [6.899531, 45.931925], [6.899623, 45.932002], [6.899746, 45.932066], [6.89984, 45.932106], [6.899921, 45.932174], [6.900089, 45.932407], [6.900227, 45.932544], [6.900271, 45.93255], [6.900291, 45.932538], [6.900297, 45.932506], [6.900291, 45.932424], [6.90027, 45.93233], [6.900275, 45.932179], [6.900289, 45.932184], [6.900305, 45.932206], [6.90034, 45.932219], [6.900358, 45.932246], [6.900363, 45.932282], [6.900386, 45.932316], [6.900417, 45.932335], [6.900464, 45.932404], [6.900574, 45.932484], [6.900609, 45.932495], [6.900724, 45.932595], [6.900767, 45.932615], [6.900839, 45.932671], [6.90088, 45.932684], [6.900936, 45.932676], [6.900973, 45.932659], [6.900987, 45.932645], [6.900972, 45.932614], [6.900816, 45.932459], [6.900698, 45.932253], [6.900702, 45.93218], [6.90071, 45.932162], [6.900732, 45.932153], [6.900764, 45.932152], [6.900976, 45.93236], [6.901041, 45.932393], [6.901116, 45.932415], [6.901278, 45.932437], [6.901435, 45.932441], [6.90199, 45.932534], [6.902234, 45.932552], [6.902324, 45.932577], [6.902373, 45.932605], [6.90265, 45.932623], [6.902827, 45.932641], [6.902916, 45.93266], [6.90299, 45.932685], [6.903134, 45.932712], [6.903293, 45.932777], [6.903351, 45.932822], [6.903435, 45.932859], [6.90359, 45.932914], [6.903843, 45.93303], [6.904138, 45.933106], [6.904381, 45.933147], [6.904477, 45.933155], [6.904636, 45.933184], [6.904665, 45.933195], [6.904684, 45.933213], [6.90472, 45.93323], [6.904804, 45.933258], [6.904854, 45.933323], [6.904897, 45.933353], [6.905023, 45.933398], [6.905062, 45.933421], [6.905164, 45.933504], [6.905266, 45.933541], [6.905358, 45.933549], [6.905456, 45.933569], [6.905487, 45.933567], [6.905505, 45.933557], [6.905507, 45.933544], [6.905326, 45.933435], [6.905295, 45.933397], [6.905691, 45.933438], [6.905837, 45.933444], [6.906031, 45.933509], [6.906193, 45.933529], [6.906323, 45.933543], [6.906413, 45.933562], [6.906511, 45.93361], [6.906611, 45.933721], [6.906756, 45.933918], [6.906796, 45.933926], [6.906834, 45.933963], [6.907141, 45.934159], [6.907208, 45.934178], [6.907233, 45.934173], [6.907178, 45.934101], [6.90713, 45.933985], [6.907042, 45.933922], [6.906922, 45.933741], [6.906894, 45.933661], [6.906996, 45.933679], [6.907049, 45.933728], [6.907305, 45.933873], [6.907407, 45.93392], [6.907493, 45.933945], [6.907488, 45.933917], [6.907329, 45.933744], [6.907289, 45.933676], [6.90736, 45.933695], [6.907489, 45.933787], [6.907565, 45.933801], [6.907549, 45.933753], [6.907462, 45.933648], [6.907454, 45.93362], [6.9075, 45.933624], [6.907562, 45.933652], [6.9076, 45.933661], [6.907674, 45.933652], [6.90769, 45.933613], [6.907515, 45.933512], [6.907445, 45.933488], [6.907328, 45.933414], [6.907289, 45.933338], [6.907421, 45.933348], [6.907775, 45.933461], [6.907868, 45.933476], [6.907906, 45.933463], [6.907887, 45.933436], [6.907796, 45.933396], [6.907678, 45.933318], [6.907571, 45.933174], [6.907477, 45.933064], [6.907471, 45.93304], [6.907488, 45.933038], [6.907555, 45.933061], [6.907746, 45.933208], [6.907828, 45.93324], [6.908037, 45.9333], [6.908154, 45.933309], [6.908116, 45.933246], [6.907955, 45.933168], [6.907854, 45.933065], [6.907687, 45.93276], [6.907614, 45.932692], [6.907749, 45.932719], [6.90788, 45.932791], [6.90802, 45.93288], [6.908084, 45.932945], [6.908135, 45.932956], [6.908192, 45.932958], [6.908181, 45.932934], [6.908113, 45.932878], [6.908075, 45.932788], [6.908109, 45.932766], [6.908273, 45.932846], [6.908398, 45.932889], [6.908775, 45.932863], [6.908891, 45.932869], [6.909165, 45.932906], [6.909303, 45.932937], [6.909546, 45.933004], [6.909612, 45.933026], [6.909729, 45.933038], [6.909802, 45.933016], [6.909973, 45.933057], [6.910344, 45.93309], [6.9105, 45.93314], [6.910694, 45.933151], [6.911352, 45.93315], [6.911512, 45.933158], [6.911679, 45.933228], [6.91175, 45.933266], [6.911876, 45.933356], [6.911998, 45.933378], [6.912297, 45.933557], [6.912413, 45.933591], [6.912442, 45.933617], [6.912493, 45.933611], [6.912457, 45.933525], [6.912322, 45.933457], [6.912249, 45.933366], [6.912251, 45.933336], [6.912426, 45.933431], [6.912607, 45.933488], [6.912662, 45.933579], [6.912717, 45.933614], [6.912803, 45.93363], [6.912966, 45.93382], [6.91319, 45.933951], [6.91324, 45.93404], [6.91324, 45.934151], [6.913311, 45.934243], [6.913507, 45.934312], [6.913555, 45.934309], [6.91345, 45.934227], [6.913459, 45.934208], [6.913546, 45.934234], [6.913606, 45.93424], [6.913721, 45.934272], [6.913808, 45.93427], [6.914037, 45.934219], [6.914166, 45.934203], [6.914355, 45.934212], [6.914434, 45.934134], [6.914493, 45.934065], [6.914631, 45.933877], [6.914694, 45.933816], [6.914762, 45.933775], [6.914853, 45.93374], [6.915053, 45.933709], [6.915167, 45.93371], [6.915323, 45.93373], [6.915389, 45.933747], [6.915456, 45.93377], [6.915547, 45.933828], [6.915726, 45.933867], [6.915937, 45.933904], [6.916093, 45.933926], [6.916226, 45.933946], [6.916361, 45.933968], [6.916422, 45.93399], [6.916577, 45.934089], [6.916713, 45.934192], [6.916771, 45.934285], [6.916803, 45.934319], [6.916874, 45.934339], [6.916918, 45.934342], [6.91694, 45.934326], [6.916951, 45.934294], [6.916911, 45.934129], [6.916889, 45.933917], [6.916843, 45.93372], [6.91684, 45.93364], [6.916724, 45.933467], [6.916696, 45.933444], [6.916584, 45.933367], [6.91641, 45.933291], [6.916384, 45.933275], [6.916384, 45.933266], [6.91601, 45.933231], [6.915919, 45.933206], [6.915929, 45.933197], [6.915964, 45.933186], [6.916039, 45.93317], [6.916003, 45.933135], [6.915991, 45.933103], [6.915995, 45.933045], [6.916035, 45.933037], [6.916039, 45.933007], [6.916004, 45.932994], [6.915971, 45.932953], [6.91595, 45.932941], [6.915871, 45.932911], [6.915763, 45.932858], [6.915656, 45.932854], [6.91558, 45.932841], [6.915525, 45.932821], [6.915397, 45.932752], [6.915354, 45.93272], [6.915331, 45.932688], [6.915297, 45.932658], [6.91519, 45.932615], [6.915145, 45.932611], [6.915082, 45.932619], [6.914972, 45.932617], [6.914796, 45.932585], [6.914778, 45.932569], [6.914785, 45.932556], [6.914777, 45.932544], [6.914716, 45.932532], [6.914637, 45.932543], [6.914493, 45.932524], [6.914332, 45.932523], [6.914169, 45.932498], [6.914109, 45.932476], [6.913962, 45.932453], [6.913852, 45.932446], [6.913782, 45.932424], [6.913718, 45.932422], [6.913653, 45.93241], [6.913604, 45.932387], [6.913512, 45.932357], [6.913447, 45.932324], [6.913332, 45.932314], [6.913272, 45.932301], [6.913155, 45.932258], [6.913138, 45.932246], [6.913144, 45.932234], [6.913194, 45.932224], [6.913236, 45.932204], [6.913249, 45.932187], [6.913239, 45.932174], [6.913138, 45.932169], [6.913104, 45.932155], [6.912907, 45.932024], [6.912617, 45.931854], [6.912522, 45.931824], [6.912463, 45.931797], [6.912328, 45.93168], [6.912297, 45.931617], [6.912024, 45.931387], [6.911906, 45.931261], [6.911908, 45.931084], [6.911829, 45.93105], [6.911756, 45.930864], [6.911682, 45.930721], [6.91139, 45.930675], [6.91129, 45.930747], [6.911184, 45.930771], [6.910926, 45.930765], [6.910711, 45.930738], [6.910496, 45.930752], [6.909364, 45.930515], [6.909185, 45.93047], [6.909107, 45.93034], [6.908983, 45.930242], [6.908978, 45.93009], [6.908856, 45.930003], [6.908674, 45.929744], [6.908613, 45.929677], [6.908453, 45.929644], [6.908299, 45.929542], [6.908169, 45.929533], [6.908126, 45.929519], [6.908043, 45.929426], [6.907881, 45.929381], [6.907819, 45.929408], [6.90769, 45.9294], [6.907605, 45.929359], [6.907535, 45.929293], [6.907526, 45.929225], [6.907607, 45.929161], [6.907656, 45.929076], [6.907637, 45.928929], [6.907571, 45.928785], [6.907468, 45.928728], [6.907323, 45.928674], [6.907203, 45.928571], [6.907195, 45.928464], [6.907206, 45.928359], [6.907193, 45.928298], [6.907148, 45.928244], [6.907165, 45.928205], [6.907034, 45.928135], [6.90698, 45.928079], [6.906724, 45.928061], [6.906852, 45.927849], [6.906875, 45.927715], [6.906798, 45.927621], [6.906704, 45.927535], [6.906552, 45.927442], [6.906444, 45.927298], [6.906222, 45.92708], [6.906201, 45.926972], [6.905964, 45.926843], [6.905909, 45.926774], [6.905866, 45.926747], [6.905705, 45.926766], [6.905484, 45.926644], [6.905384, 45.926539], [6.905186, 45.926433], [6.905003, 45.926431], [6.904581, 45.926177], [6.904539, 45.925968], [6.904582, 45.925767], [6.904648, 45.925807], [6.904579, 45.925669], [6.90455, 45.925474], [6.904483, 45.925267], [6.90449, 45.92502], [6.904482, 45.92494], [6.904676, 45.924697], [6.90461, 45.924486], [6.904642, 45.924119], [6.904701, 45.924055], [6.904801, 45.923894], [6.904907, 45.923844], [6.905034, 45.923619], [6.905059, 45.923453], [6.905154, 45.9234], [6.905178, 45.923343], [6.905265, 45.923289], [6.905298, 45.923194], [6.905334, 45.923167], [6.905358, 45.923138], [6.905326, 45.923089], [6.905343, 45.922979], [6.905444, 45.922632], [6.90542, 45.922564], [6.905441, 45.922464], [6.905438, 45.922272], [6.905541, 45.922148], [6.905559, 45.922049], [6.905456, 45.921634], [6.905482, 45.921425], [6.90547, 45.921193], [6.905318, 45.921045], [6.905264, 45.920951], [6.905253, 45.920848], [6.905245, 45.92078], [6.905188, 45.920641], [6.905268, 45.920236], [6.905355, 45.920109], [6.905271, 45.919952], [6.905162, 45.919774], [6.905168, 45.919653], [6.905091, 45.919516], [6.905014, 45.919417], [6.904814, 45.919251], [6.90469, 45.919221], [6.90453, 45.919152], [6.904225, 45.918966], [6.904098, 45.91885], [6.903957, 45.918571], [6.903774, 45.918452], [6.903625, 45.918381], [6.903483, 45.918357], [6.903403, 45.918314], [6.903256, 45.91827], [6.903199, 45.918221], [6.903087, 45.918208], [6.902984, 45.918241], [6.902892, 45.918228], [6.902667, 45.917958], [6.902661, 45.917854], [6.902695, 45.917772], [6.902827, 45.917512], [6.902878, 45.917322], [6.902842, 45.917206], [6.902718, 45.917157], [6.90247, 45.917122], [6.902325, 45.917125], [6.901956, 45.917065], [6.901673, 45.916881], [6.901546, 45.916833], [6.901443, 45.916721], [6.901348, 45.91663], [6.901334, 45.916544], [6.90124, 45.916455], [6.901116, 45.916382], [6.900976, 45.916207], [6.900648, 45.916004], [6.900631, 45.915921], [6.900425, 45.915851], [6.900384, 45.915757], [6.900258, 45.915672], [6.900119, 45.915592], [6.899921, 45.915435], [6.899706, 45.915279], [6.89967, 45.915249], [6.899637, 45.91524], [6.899613, 45.915224], [6.899493, 45.915203], [6.899436, 45.915184], [6.899366, 45.915123], [6.899332, 45.915114], [6.899286, 45.91508], [6.899255, 45.915039], [6.899183, 45.91498], [6.899063, 45.914849], [6.898967, 45.914782], [6.898935, 45.91475], [6.898854, 45.914698], [6.898804, 45.91464], [6.898662, 45.914535], [6.898579, 45.914483], [6.898514, 45.914446], [6.898347, 45.914377], [6.898308, 45.914348], [6.898162, 45.914211], [6.898097, 45.914236], [6.897987, 45.914259], [6.897857, 45.914271], [6.897806, 45.914284], [6.897755, 45.914279], [6.897653, 45.914246], [6.897594, 45.914199], [6.897576, 45.9142], [6.897551, 45.914266], [6.897547, 45.914329], [6.89751, 45.914348], [6.897521, 45.914397], [6.897541, 45.914432], [6.897537, 45.914448], [6.897518, 45.914456], [6.897518, 45.914465], [6.897542, 45.914485], [6.897546, 45.914497], [6.897504, 45.914484], [6.897426, 45.914429], [6.897402, 45.914426], [6.897383, 45.91444], [6.897381, 45.91448], [6.89739, 45.914515], [6.897478, 45.914612], [6.897506, 45.914669], [6.897485, 45.914691], [6.897333, 45.914628], [6.897313, 45.914641], [6.897362, 45.914713], [6.897271, 45.914722], [6.897195, 45.914674], [6.897184, 45.9147], [6.897215, 45.914755], [6.897204, 45.914833], [6.897255, 45.914878], [6.897196, 45.91489], [6.897107, 45.91483], [6.897077, 45.914819], [6.897087, 45.914922], [6.896993, 45.914876], [6.896957, 45.914808], [6.896918, 45.914815], [6.896946, 45.914898], [6.896921, 45.915003], [6.896922, 45.915045], [6.896898, 45.915055], [6.896878, 45.915022], [6.89681, 45.915007], [6.896789, 45.91503], [6.896842, 45.915158], [6.896803, 45.915196], [6.896747, 45.915339], [6.896644, 45.915254], [6.896592, 45.915253], [6.89662, 45.915341], [6.896609, 45.915374], [6.89658, 45.915371], [6.89658, 45.915358], [6.89645, 45.915275], [6.896418, 45.915282], [6.896386, 45.915365], [6.896322, 45.915375], [6.896274, 45.915435], [6.89626, 45.915509], [6.896187, 45.915503], [6.89611, 45.915456], [6.896042, 45.915427], [6.896023, 45.915457], [6.895933, 45.915475], [6.89584, 45.915532], [6.895764, 45.915518], [6.895762, 45.915563], [6.895647, 45.915611], [6.895572, 45.915727], [6.895668, 45.91572], [6.895799, 45.915883], [6.895762, 45.915947], [6.895866, 45.916054], [6.895749, 45.916041], [6.8958, 45.916179], [6.895774, 45.91619], [6.895771, 45.916325], [6.895419, 45.916198], [6.895424, 45.916249], [6.89547, 45.916305], [6.89543, 45.916293], [6.895435, 45.916341], [6.895404, 45.91639], [6.895291, 45.916374], [6.895195, 45.916395], [6.895105, 45.916476], [6.894997, 45.916543], [6.894897, 45.916521], [6.894804, 45.916536], [6.894639, 45.916453], [6.894511, 45.916426], [6.894334, 45.916414], [6.894274, 45.916446], [6.894166, 45.916521], [6.894125, 45.916521], [6.893985, 45.916444], [6.893832, 45.916237], [6.893857, 45.916147], [6.893822, 45.916136], [6.893773, 45.916155], [6.893736, 45.916102], [6.89368, 45.91605], [6.893688, 45.915971], [6.89362, 45.91588], [6.893582, 45.915887], [6.893544, 45.91579], [6.89341, 45.915758], [6.893305, 45.915821], [6.893249, 45.915886], [6.893219, 45.916047], [6.893048, 45.916187], [6.893047, 45.916309], [6.892901, 45.916415], [6.892949, 45.916634], [6.892904, 45.916779], [6.892833, 45.916833], [6.892773, 45.91679], [6.892647, 45.91673], [6.892582, 45.916716], [6.892538, 45.91685], [6.892491, 45.916875], [6.892478, 45.917035], [6.892379, 45.91703], [6.892304, 45.916995], [6.892225, 45.91699], [6.892266, 45.917174], [6.892199, 45.917262], [6.892142, 45.917526], [6.89221, 45.917689], [6.892289, 45.917769], [6.892381, 45.917943], [6.892362, 45.917955], [6.892242, 45.917935], [6.891775, 45.917826], [6.891468, 45.917886], [6.891302, 45.917833], [6.891295, 45.917936], [6.891249, 45.91797], [6.891108, 45.917946], [6.891019, 45.917855], [6.890957, 45.917842], [6.890902, 45.917853], [6.890765, 45.917839], [6.890698, 45.917874], [6.890648, 45.917948], [6.89058, 45.917971], [6.890534, 45.917951], [6.89041, 45.917744], [6.89031, 45.91768], [6.890263, 45.917728], [6.890255, 45.917859], [6.890262, 45.917923], [6.890212, 45.917955], [6.890157, 45.917963], [6.890106, 45.917927], [6.890067, 45.917836], [6.889895, 45.917795], [6.889861, 45.917865], [6.889764, 45.917756], [6.889653, 45.91771], [6.889603, 45.917749], [6.889516, 45.917786], [6.88962, 45.918], [6.88962, 45.918182], [6.889647, 45.918332], [6.889638, 45.918392], [6.889614, 45.918402], [6.889597, 45.918424], [6.889577, 45.918429], [6.889567, 45.918443], [6.889539, 45.918513], [6.889574, 45.918571], [6.889566, 45.91859], [6.88951, 45.918588], [6.88935, 45.918591], [6.889253, 45.918629], [6.88922, 45.918662], [6.889169, 45.918684], [6.889131, 45.918711], [6.889137, 45.918792], [6.88921, 45.918879], [6.889191, 45.918913], [6.88919, 45.91894], [6.889209, 45.918983], [6.889237, 45.919019], [6.88925, 45.919064], [6.889231, 45.91909], [6.889179, 45.919098], [6.889116, 45.919086], [6.889059, 45.919056], [6.889006, 45.919049], [6.88891, 45.919025], [6.888862, 45.918985], [6.88879, 45.91887], [6.888741, 45.918821], [6.888703, 45.918746], [6.888527, 45.918558], [6.888459, 45.918501], [6.88838, 45.91839], [6.88837, 45.918325], [6.888378, 45.918262], [6.88836, 45.918229], [6.888315, 45.91819], [6.888231, 45.918153], [6.888134, 45.918082], [6.888079, 45.918054], [6.887922, 45.917899], [6.88787, 45.917884], [6.887771, 45.91778], [6.887742, 45.917765], [6.887713, 45.917656], [6.887659, 45.91752], [6.887611, 45.917455], [6.887614, 45.917435], [6.887604, 45.917407], [6.887582, 45.917396], [6.887538, 45.917389], [6.887523, 45.917379], [6.887482, 45.917308], [6.887397, 45.917232], [6.887243, 45.916989], [6.887126, 45.916767], [6.887021, 45.916608], [6.886855, 45.916483], [6.886733, 45.916403], [6.886602, 45.916306], [6.886463, 45.916135], [6.886439, 45.916063], [6.886424, 45.915982], [6.886403, 45.915898], [6.886345, 45.915855], [6.886333, 45.91582], [6.886322, 45.915731], [6.886344, 45.915646], [6.88642, 45.915591], [6.886438, 45.915561], [6.886394, 45.915495], [6.886385, 45.915467], [6.886367, 45.915437], [6.886338, 45.915433], [6.886204, 45.915443], [6.886089, 45.915419], [6.885977, 45.915376], [6.885887, 45.915315], [6.885892, 45.915284], [6.885945, 45.915182], [6.885977, 45.915047], [6.88585, 45.9151], [6.885631, 45.915255], [6.88542, 45.915355], [6.884795, 45.915278], [6.884049, 45.915114], [6.883298, 45.914995], [6.882826, 45.914899], [6.882718, 45.914805], [6.882836, 45.914823], [6.883149, 45.914855], [6.883349, 45.914804], [6.883475, 45.914779], [6.883664, 45.914768], [6.883809, 45.914772], [6.883962, 45.914785], [6.884156, 45.914823], [6.884479, 45.914926], [6.884553, 45.914929], [6.88465, 45.914946], [6.884762, 45.914947], [6.884871, 45.914933], [6.885094, 45.91494], [6.885214, 45.914951], [6.885623, 45.914948], [6.885732, 45.914925], [6.885764, 45.914897], [6.885694, 45.91487], [6.885659, 45.914833], [6.885439, 45.914748], [6.885431, 45.914738], [6.885459, 45.914714], [6.885479, 45.914707], [6.885658, 45.914705], [6.885889, 45.914682], [6.885897, 45.914667], [6.885514, 45.914525], [6.885526, 45.91451], [6.885972, 45.914405], [6.886123, 45.91433], [6.885924, 45.914283], [6.885823, 45.914228], [6.885837, 45.914216], [6.88603, 45.914151], [6.886253, 45.914111], [6.88625, 45.914095], [6.885999, 45.914041], [6.885957, 45.914024], [6.885976, 45.914002], [6.886032, 45.913978], [6.886151, 45.913941], [6.886356, 45.913926], [6.886361, 45.913916], [6.886345, 45.91389], [6.886318, 45.913865], [6.886281, 45.913842], [6.886122, 45.913773], [6.886128, 45.91374], [6.886362, 45.913731], [6.886195, 45.913654], [6.886202, 45.913648], [6.886432, 45.913655], [6.886262, 45.913543], [6.886254, 45.913533], [6.886255, 45.913516], [6.886269, 45.913509], [6.886332, 45.913513], [6.88646, 45.913477], [6.886401, 45.913455], [6.88631, 45.913435], [6.886226, 45.913388], [6.886227, 45.913368], [6.886288, 45.913355], [6.886393, 45.913293], [6.886391, 45.913282], [6.886369, 45.913263], [6.886186, 45.913235], [6.885839, 45.913254], [6.88572, 45.913253], [6.885472, 45.913264], [6.885415, 45.913259], [6.885381, 45.913246], [6.885348, 45.913223], [6.885307, 45.913153], [6.885289, 45.91292], [6.885099, 45.912808], [6.885092, 45.912774], [6.885107, 45.912721], [6.88518, 45.912624], [6.885216, 45.912588], [6.885278, 45.912576], [6.885356, 45.912571], [6.885385, 45.912595], [6.88541, 45.912598], [6.8854, 45.912468], [6.885361, 45.912447], [6.88537, 45.912428], [6.885398, 45.912431], [6.885484, 45.912487], [6.885506, 45.912473], [6.885506, 45.91246], [6.885466, 45.912396], [6.88548, 45.912384], [6.885502, 45.912387], [6.88556, 45.912433], [6.885578, 45.912429], [6.885595, 45.912368], [6.885615, 45.912364], [6.885668, 45.912431], [6.885724, 45.91244], [6.885766, 45.912275], [6.885868, 45.912292], [6.886128, 45.912126], [6.886341, 45.912056], [6.886526, 45.912075], [6.886571, 45.912029], [6.886511, 45.91201], [6.886257, 45.911955], [6.886602, 45.911896], [6.886633, 45.91188], [6.886442, 45.911843], [6.886396, 45.911818], [6.886301, 45.91181], [6.886308, 45.91179], [6.886371, 45.911753], [6.886603, 45.911711], [6.886815, 45.911595], [6.88643, 45.911591], [6.886875, 45.911437], [6.887113, 45.911438], [6.887058, 45.911411], [6.88668, 45.911318], [6.886728, 45.911287], [6.88686, 45.911274], [6.887, 45.911275], [6.88718, 45.911216], [6.887483, 45.911235], [6.8875, 45.911226], [6.8875, 45.91121], [6.887473, 45.911195], [6.887325, 45.911143], [6.887237, 45.91113], [6.887079, 45.911069], [6.88697, 45.911037], [6.886756, 45.911032], [6.886838, 45.910975], [6.886987, 45.910948], [6.887008, 45.910934], [6.88701, 45.910909], [6.886947, 45.91088], [6.886872, 45.910856], [6.886808, 45.910844], [6.886807, 45.910833], [6.886824, 45.910818], [6.886975, 45.910756], [6.886985, 45.910741], [6.886979, 45.910726], [6.886956, 45.910713], [6.886914, 45.910713], [6.886846, 45.910724], [6.886753, 45.910725], [6.886669, 45.910757], [6.886623, 45.910766], [6.88648, 45.910913], [6.886385, 45.910902], [6.886073, 45.910899], [6.886079, 45.910827], [6.886072, 45.91075], [6.886002, 45.910686], [6.886006, 45.910654], [6.885966, 45.910629], [6.886007, 45.910585], [6.885975, 45.910568], [6.885906, 45.910592], [6.885853, 45.91056], [6.885846, 45.910542], [6.885864, 45.910518], [6.885858, 45.910476], [6.885839, 45.910464], [6.885802, 45.910484], [6.885772, 45.910474], [6.885792, 45.910441], [6.885776, 45.910432], [6.885711, 45.910426], [6.885678, 45.910406], [6.885654, 45.910375], [6.885593, 45.910359], [6.885578, 45.910341], [6.885926, 45.9103], [6.885816, 45.910224], [6.885766, 45.910205], [6.885591, 45.910106], [6.88557, 45.910071], [6.885631, 45.910033], [6.885765, 45.910005], [6.885849, 45.91002], [6.88591, 45.910015], [6.886137, 45.910075], [6.886337, 45.910068], [6.886448, 45.910132], [6.88648, 45.910121], [6.886411, 45.909967], [6.886348, 45.909908], [6.886312, 45.909899], [6.886257, 45.909871], [6.886206, 45.909864], [6.886156, 45.909831], [6.886118, 45.909761], [6.886103, 45.909747], [6.886033, 45.90973], [6.885985, 45.909699], [6.885901, 45.909665], [6.885888, 45.909645], [6.885794, 45.909589], [6.885762, 45.909527], [6.885775, 45.909522], [6.885933, 45.90956], [6.886125, 45.909541], [6.88621, 45.909558], [6.886267, 45.909545], [6.886334, 45.909587], [6.886436, 45.909627], [6.886613, 45.909649], [6.886744, 45.909591], [6.88683, 45.909561], [6.887039, 45.909503], [6.887138, 45.909499], [6.887334, 45.909429], [6.887554, 45.909437], [6.887795, 45.909521], [6.887913, 45.909471], [6.888116, 45.909457], [6.888116, 45.909438], [6.887998, 45.909352], [6.887654, 45.909182], [6.88762, 45.909179], [6.887525, 45.909193], [6.887462, 45.909178], [6.88742, 45.909157], [6.887422, 45.90913], [6.887484, 45.909019], [6.887478, 45.909003], [6.887462, 45.909001], [6.887335, 45.909067], [6.887155, 45.909088], [6.887206, 45.909044], [6.887277, 45.908957], [6.88734, 45.908845], [6.887353, 45.908808], [6.887355, 45.908757], [6.887374, 45.908717], [6.887304, 45.908732], [6.887207, 45.908793], [6.887177, 45.908797], [6.887162, 45.908813], [6.887111, 45.908841], [6.886921, 45.908878], [6.886867, 45.908855], [6.886825, 45.908828], [6.886777, 45.908776], [6.886697, 45.908411], [6.88665, 45.908332], [6.886524, 45.908215], [6.886415, 45.908139], [6.886396, 45.908099], [6.886309, 45.908039], [6.886317, 45.908007], [6.886235, 45.907908], [6.886246, 45.907828], [6.886099, 45.90772], [6.88604, 45.90766], [6.885852, 45.907654], [6.885744, 45.90767], [6.885617, 45.907673], [6.885356, 45.907653], [6.885309, 45.90769], [6.885238, 45.907785], [6.885142, 45.907847], [6.885104, 45.90785], [6.885089, 45.907866], [6.885048, 45.907875], [6.88504, 45.9079], [6.885017, 45.907912], [6.884992, 45.907939], [6.884954, 45.907939], [6.884942, 45.907893], [6.884923, 45.907878], [6.884906, 45.907879], [6.884886, 45.907914], [6.884866, 45.90793], [6.884863, 45.907943], [6.884855, 45.907949], [6.884835, 45.90795], [6.88481, 45.907923], [6.884757, 45.907899], [6.884671, 45.907885], [6.884594, 45.907884], [6.884523, 45.907861], [6.884507, 45.907866], [6.884499, 45.907877], [6.884494, 45.90791], [6.884483, 45.907926], [6.884387, 45.9079], [6.884363, 45.907914], [6.884347, 45.90791], [6.88432, 45.907894], [6.884176, 45.907843], [6.883907, 45.907758], [6.883865, 45.907729], [6.883816, 45.907682], [6.883768, 45.907664], [6.88372, 45.907634], [6.883343, 45.907345], [6.883202, 45.90717], [6.883212, 45.907129], [6.883241, 45.907125], [6.883396, 45.907197], [6.883578, 45.907236], [6.883594, 45.907109], [6.883487, 45.906994], [6.883426, 45.90686], [6.883485, 45.906712], [6.883331, 45.906501], [6.883258, 45.906444], [6.883582, 45.906512], [6.883601, 45.9065], [6.883503, 45.906415], [6.883466, 45.906413], [6.883372, 45.906335], [6.883396, 45.906307], [6.883403, 45.906283], [6.883363, 45.906247], [6.883335, 45.906231], [6.883338, 45.9062], [6.883329, 45.906183], [6.883241, 45.906129], [6.883089, 45.906015], [6.882952, 45.905872], [6.882922, 45.905817], [6.882885, 45.905772], [6.882899, 45.905728], [6.882734, 45.905644], [6.882607, 45.905573], [6.882574, 45.905547], [6.882549, 45.90551], [6.882551, 45.905438], [6.882486, 45.905373], [6.882462, 45.905351], [6.882402, 45.905233], [6.882179, 45.904904], [6.882088, 45.904748], [6.881998, 45.90465], [6.881904, 45.904601], [6.881871, 45.904577], [6.88181, 45.904467], [6.881702, 45.904389], [6.881693, 45.904335], [6.881589, 45.904261], [6.881472, 45.904154], [6.881178, 45.903976], [6.881001, 45.903762], [6.880982, 45.903747], [6.88097, 45.903751], [6.880967, 45.903762], [6.881017, 45.903927], [6.881018, 45.903952], [6.881005, 45.903957], [6.880988, 45.903952], [6.88086, 45.903868], [6.880846, 45.903838], [6.880836, 45.903834], [6.880823, 45.903839], [6.880815, 45.903877], [6.880836, 45.903945], [6.880883, 45.90399], [6.880919, 45.904051], [6.880956, 45.904083], [6.880963, 45.904101], [6.88095, 45.904106], [6.880877, 45.904064], [6.880863, 45.904067], [6.880859, 45.904074], [6.8809, 45.904133], [6.880942, 45.904173], [6.880997, 45.904207], [6.881, 45.904251], [6.880991, 45.904267], [6.880947, 45.904262], [6.880707, 45.904099], [6.880639, 45.904127], [6.88059, 45.904165], [6.880593, 45.904225], [6.880625, 45.904333], [6.880694, 45.904419], [6.88076, 45.904596], [6.881038, 45.904917], [6.881238, 45.905124], [6.881334, 45.905358], [6.881334, 45.905387], [6.881321, 45.905399], [6.881304, 45.9054], [6.881201, 45.905306], [6.881186, 45.905307], [6.881179, 45.905314], [6.881188, 45.905337], [6.881183, 45.905357], [6.881164, 45.905358], [6.88111, 45.90533], [6.881086, 45.905328], [6.881074, 45.905336], [6.881072, 45.905348], [6.881105, 45.905395], [6.881115, 45.905434], [6.881106, 45.905446], [6.881084, 45.905453], [6.881054, 45.905448], [6.88098, 45.905373], [6.880961, 45.905318], [6.880877, 45.905228], [6.880814, 45.905184], [6.880795, 45.90515], [6.880764, 45.905145], [6.880667, 45.905021], [6.880557, 45.904948], [6.880454, 45.904901], [6.880418, 45.904902], [6.88038, 45.90492], [6.880331, 45.904917], [6.880185, 45.904854], [6.880135, 45.904848], [6.880056, 45.904873], [6.880003, 45.904905], [6.879927, 45.904924], [6.879864, 45.904909], [6.879786, 45.904918], [6.879714, 45.904856], [6.879672, 45.904852], [6.879663, 45.904865], [6.879663, 45.904905], [6.87964, 45.904914], [6.879439, 45.904711], [6.879413, 45.904631], [6.879388, 45.904621], [6.879361, 45.904633], [6.879345, 45.904657], [6.87934, 45.904719], [6.879352, 45.904821], [6.87937, 45.904891], [6.8795, 45.905132], [6.879549, 45.905172], [6.879542, 45.90518], [6.879521, 45.90518], [6.879437, 45.905138], [6.879303, 45.905003], [6.879221, 45.904948], [6.879012, 45.90472], [6.878999, 45.90472], [6.878995, 45.904728], [6.879044, 45.90494], [6.879028, 45.905053], [6.878995, 45.905075], [6.878945, 45.905084], [6.878898, 45.905079], [6.878727, 45.904846], [6.878501, 45.904692], [6.878437, 45.904615], [6.878398, 45.904498], [6.878376, 45.904482], [6.878332, 45.904488], [6.87832, 45.904503], [6.878316, 45.90459], [6.87835, 45.904747], [6.878338, 45.90476], [6.878316, 45.904761], [6.878289, 45.904752], [6.878228, 45.904678], [6.878168, 45.904499], [6.878186, 45.904398], [6.878251, 45.904259], [6.87831, 45.90416], [6.8783, 45.904145], [6.87827, 45.904141], [6.878226, 45.904157], [6.87805, 45.904307], [6.877903, 45.904405], [6.877828, 45.904511], [6.877792, 45.904531], [6.877768, 45.904524], [6.877756, 45.904491], [6.877838, 45.904308], [6.877938, 45.904158], [6.877981, 45.903995], [6.87804, 45.90393], [6.87806, 45.903863], [6.878048, 45.903833], [6.878026, 45.903828], [6.877993, 45.90384], [6.877956, 45.903887], [6.877838, 45.904006], [6.877637, 45.904154], [6.877624, 45.904153], [6.877613, 45.904144], [6.877616, 45.904124], [6.87769, 45.904004], [6.877713, 45.903901], [6.877766, 45.903797], [6.877754, 45.903773], [6.877727, 45.903778], [6.877635, 45.903867], [6.877608, 45.903923], [6.877534, 45.903989], [6.877518, 45.903984], [6.877515, 45.903952], [6.877559, 45.903892], [6.877562, 45.903804], [6.87755, 45.903793], [6.877533, 45.903795], [6.877468, 45.903877], [6.877389, 45.903957], [6.877383, 45.903984], [6.877366, 45.903992], [6.877349, 45.903986], [6.87736, 45.903885], [6.877387, 45.903814], [6.877375, 45.903794], [6.877357, 45.903787], [6.87722, 45.903892], [6.8772, 45.903964], [6.877177, 45.903976], [6.877162, 45.903963], [6.877141, 45.903895], [6.877209, 45.903681], [6.877137, 45.903344], [6.877103, 45.902951], [6.877189, 45.902655], [6.877182, 45.90247], [6.877288, 45.902268], [6.877362, 45.90219], [6.87727, 45.902015], [6.877228, 45.901968], [6.87714, 45.901924], [6.877024, 45.901922], [6.876772, 45.901862], [6.876729, 45.901901], [6.876606, 45.901882], [6.876604, 45.901917], [6.876751, 45.902021], [6.876851, 45.902079], [6.87686, 45.902092], [6.876855, 45.902102], [6.876837, 45.90211], [6.876695, 45.902051], [6.876533, 45.902023], [6.876287, 45.90195], [6.876254, 45.90187], [6.876119, 45.901958], [6.876088, 45.901972], [6.876078, 45.902012], [6.876109, 45.902059], [6.876195, 45.902111], [6.876402, 45.902161], [6.876411, 45.902168], [6.876409, 45.90218], [6.87639, 45.902186], [6.87604, 45.902152], [6.875859, 45.902162], [6.875781, 45.902127], [6.875747, 45.902036], [6.875711, 45.901967], [6.875659, 45.901982], [6.875537, 45.902083], [6.875519, 45.902146], [6.875585, 45.902215], [6.875728, 45.902271], [6.875877, 45.902375], [6.875923, 45.902396], [6.875924, 45.902406], [6.875912, 45.90241], [6.875856, 45.902406], [6.875599, 45.902335], [6.87549, 45.90232], [6.875126, 45.902253], [6.875057, 45.902148], [6.875007, 45.902146], [6.874996, 45.902163], [6.874927, 45.902224], [6.874947, 45.902293], [6.87513, 45.902429], [6.875239, 45.902508], [6.875382, 45.902592], [6.875401, 45.902609], [6.875401, 45.902622], [6.875384, 45.902627], [6.875309, 45.902611], [6.875052, 45.902522], [6.874822, 45.902473], [6.874474, 45.902412], [6.874382, 45.902302], [6.874347, 45.90229], [6.874312, 45.902296], [6.874294, 45.902322], [6.874366, 45.902489], [6.874548, 45.902654], [6.874656, 45.902762], [6.874772, 45.90293], [6.874792, 45.903017], [6.874778, 45.903105], [6.87419, 45.903532], [6.874175, 45.903663], [6.873907, 45.9041], [6.873885, 45.904372], [6.873863, 45.904447], [6.873772, 45.904307], [6.873705, 45.904229], [6.873684, 45.904337], [6.873614, 45.904486], [6.873533, 45.904619], [6.873474, 45.904641], [6.873457, 45.904323], [6.87337, 45.904201], [6.873323, 45.903994], [6.873311, 45.903674], [6.873284, 45.903599], [6.873048, 45.903941], [6.872866, 45.904452], [6.872287, 45.905088], [6.872167, 45.905206], [6.872004, 45.905482], [6.87204, 45.905713], [6.87216, 45.906011], [6.872297, 45.906135], [6.872306, 45.906169], [6.872293, 45.906183], [6.872261, 45.906187], [6.872208, 45.90617], [6.871995, 45.906023], [6.871547, 45.905731], [6.871444, 45.905591], [6.871358, 45.905432], [6.871382, 45.905261], [6.871487, 45.904968], [6.871487, 45.904357], [6.871433, 45.904324], [6.871264, 45.904531], [6.871119, 45.904815], [6.871085, 45.904811], [6.871034, 45.904421], [6.870605, 45.904932], [6.870265, 45.905192], [6.870227, 45.905397], [6.870161, 45.905968], [6.870209, 45.906129], [6.870332, 45.906356], [6.870304, 45.906371], [6.870281, 45.906373], [6.870244, 45.906361], [6.87006, 45.90619], [6.870029, 45.906174], [6.869998, 45.906172], [6.869981, 45.906188], [6.870007, 45.906272], [6.870299, 45.90669], [6.870446, 45.906937], [6.870637, 45.907297], [6.870736, 45.907427], [6.870725, 45.907439], [6.870668, 45.907429], [6.870509, 45.907376], [6.870261, 45.907271], [6.870073, 45.907187], [6.869939, 45.907093], [6.869373, 45.906575], [6.869186, 45.906395], [6.868944, 45.906117], [6.868711, 45.905725], [6.868657, 45.905617], [6.868472, 45.905496], [6.8684, 45.90544], [6.86833, 45.905283], [6.868357, 45.904884], [6.868319, 45.904761], [6.868263, 45.904729], [6.868083, 45.904925], [6.867777, 45.90516], [6.867761, 45.905192], [6.867751, 45.905369], [6.867836, 45.905541], [6.867879, 45.905753], [6.867836, 45.905858], [6.867834, 45.906619], [6.867775, 45.906621], [6.86748, 45.906326], [6.867437, 45.906231], [6.867289, 45.905899], [6.867228, 45.905897], [6.867158, 45.906056], [6.867147, 45.906306], [6.867038, 45.906521], [6.866989, 45.906752], [6.866999, 45.907065], [6.867096, 45.907215], [6.867096, 45.907312], [6.867171, 45.907401], [6.867182, 45.907491], [6.867278, 45.907588], [6.867321, 45.907767], [6.867396, 45.907857], [6.867375, 45.907969], [6.86745, 45.908155], [6.867632, 45.908417], [6.867901, 45.908536], [6.868147, 45.908782], [6.868201, 45.909044], [6.868308, 45.909156], [6.868566, 45.909387], [6.868662, 45.909462], [6.868877, 45.909753], [6.869027, 45.909872], [6.869231, 45.909984], [6.869381, 45.910156], [6.869599, 45.910348], [6.869928, 45.910514], [6.870057, 45.910604], [6.870111, 45.910656], [6.870218, 45.910693], [6.870368, 45.910763], [6.870468, 45.910845], [6.870513, 45.910942], [6.870602, 45.911052], [6.87072, 45.911145], [6.870816, 45.911257], [6.870905, 45.911431], [6.870953, 45.911543], [6.871076, 45.911686], [6.871208, 45.911808], [6.871259, 45.911903], [6.871312, 45.91203], [6.871425, 45.912173], [6.87153, 45.912293], [6.871677, 45.912425], [6.871717, 45.912492], [6.87193, 45.912716], [6.872162, 45.912936], [6.872231, 45.913024], [6.872296, 45.913161], [6.872332, 45.913215], [6.872382, 45.913259], [6.872657, 45.913439], [6.872722, 45.913544], [6.87283, 45.913687], [6.872913, 45.913764], [6.873176, 45.913885], [6.873163, 45.913974], [6.873164, 45.914068], [6.873448, 45.9143], [6.873365, 45.914268], [6.873584, 45.914455], [6.873651, 45.914562], [6.873694, 45.914685], [6.873719, 45.914789], [6.873737, 45.915001], [6.873733, 45.915047], [6.873713, 45.91506], [6.873677, 45.915059], [6.873572, 45.914998], [6.873469, 45.914962], [6.873379, 45.914937], [6.873318, 45.914928], [6.873276, 45.914933], [6.873236, 45.914953], [6.873225, 45.914988], [6.873233, 45.915119], [6.873228, 45.915145], [6.873196, 45.915158], [6.873139, 45.915156], [6.873082, 45.915143], [6.872836, 45.915], [6.872734, 45.914948], [6.87263, 45.914908], [6.87257, 45.914908], [6.872546, 45.914933], [6.872526, 45.915003], [6.872483, 45.915016], [6.87232, 45.91498], [6.872176, 45.914969], [6.871871, 45.914979], [6.87186, 45.91501], [6.871877, 45.915054], [6.871935, 45.91513], [6.871978, 45.915214], [6.872013, 45.915345], [6.872025, 45.915455], [6.87205, 45.915545], [6.872105, 45.915639], [6.872185, 45.915712], [6.872398, 45.915832], [6.872459, 45.915881], [6.872497, 45.915938], [6.872524, 45.916019], [6.872568, 45.91609], [6.87264, 45.916153], [6.872744, 45.916223], [6.872881, 45.916348], [6.872897, 45.916431], [6.872901, 45.916509], [6.872892, 45.916582], [6.872827, 45.916651], [6.87273, 45.916725], [6.87267, 45.916736], [6.87248, 45.916711], [6.8724, 45.916689], [6.872319, 45.91669], [6.872262, 45.916709], [6.872233, 45.916733], [6.872195, 45.9168], [6.872188, 45.91683], [6.872024, 45.916989], [6.871884, 45.917092], [6.871747, 45.917161], [6.871731, 45.917175], [6.871673, 45.917239], [6.8716, 45.917312], [6.871439, 45.917539], [6.871205, 45.91779], [6.87107, 45.917921], [6.870882, 45.918046], [6.870857, 45.918064], [6.870605, 45.918239], [6.870498, 45.918318], [6.871109, 45.918703], [6.871066, 45.918735], [6.87098, 45.918793], [6.870953, 45.91884], [6.870802, 45.918956], [6.870895, 45.919018], [6.870858, 45.919049], [6.870872, 45.919115], [6.870658, 45.919265], [6.8706, 45.919274], [6.870537, 45.919314], [6.87045, 45.91937], [6.870528, 45.919459], [6.870562, 45.919525], [6.870584, 45.919586], [6.870583, 45.919636], [6.870576, 45.919677], [6.870527, 45.919766], [6.870413, 45.919895], [6.87021, 45.920173], [6.870115, 45.920321], [6.870035, 45.920498], [6.869982, 45.920641], [6.870028, 45.920666], [6.87004, 45.920685], [6.870044, 45.920705], [6.870026, 45.920744], [6.869977, 45.92077], [6.869915, 45.92077], [6.869908, 45.9208], [6.869891, 45.920859], [6.869832, 45.921034], [6.86969, 45.921447], [6.869643, 45.92159], [6.869592, 45.921783], [6.86958, 45.921864], [6.869584, 45.921956], [6.869639, 45.922139], [6.869679, 45.922217], [6.869893, 45.922461], [6.870189, 45.922845], [6.870318, 45.922998], [6.870285, 45.923014], [6.870241, 45.923033], [6.870199, 45.922998], [6.870142, 45.922996], [6.869984, 45.923068], [6.869688, 45.923203], [6.869708, 45.923242], [6.869711, 45.923281], [6.869704, 45.923329], [6.86968, 45.923401], [6.86966, 45.923445], [6.869835, 45.923662], [6.869827, 45.923694], [6.86947, 45.923807]]}, "properties": {"heading": 108, "length_km": 27.254, "retrace": 0.105}}, {"type": "Feature", "geometry": {"type": "LineString", "coordinates": [[6.86947, 45.923807], [6.869827, 45.923694], [6.869835, 45.923662], [6.86966, 45.923445], [6.86968, 45.923401], [6.869704, 45.923329], [6.869711, 45.923281], [6.869708, 45.923242], [6.869688, 45.923203], [6.869984, 45.923068], [6.870142, 45.922996], [6.870199, 45.922998], [6.870241, 45.923033], [6.870285, 45.923014], [6.870318, 45.922998], [6.870349, 45.923016], [6.870393, 45.92303], [6.870452, 45.923036], [6.87051, 45.923033], [6.870564, 45.923023], [6.870756, 45.922966], [6.870866, 45.922949], [6.87095, 45.922946], [6.871024, 45.92295], [6.871168, 45.922997], [6.87125, 45.922935], [6.87136, 45.922829], [6.871404, 45.922838], [6.871481, 45.922885], [6.871519, 45.922897], [6.871991, 45.922776], [6.872185, 45.92273], [6.872377, 45.922714], [6.872541, 45.922722], [6.87265, 45.922742], [6.872864, 45.922802], [6.873047, 45.922857], [6.873136, 45.922926], [6.873198, 45.922902], [6.873342, 45.922833], [6.873351, 45.922863], [6.873375, 45.922888], [6.873412, 45.922904], [6.873455, 45.922908], [6.873497, 45.922901], [6.873531, 45.922883], [6.8736, 45.922939], [6.873624, 45.922959], [6.87369, 45.922943], [6.873758, 45.922941], [6.873799, 45.922948], [6.873833, 45.922965], [6.87428, 45.923263], [6.874351, 45.923295], [6.874415, 45.923337], [6.874463, 45.9233], [6.875118, 45.922799], [6.875204, 45.922731], [6.87526, 45.922691], [6.875436, 45.922798], [6.875659, 45.922881], [6.875729, 45.922908], [6.875771, 45.922962], [6.875794, 45.922998], [6.875832, 45.92299], [6.875939, 45.922985], [6.875998, 45.923], [6.876044, 45.923023], [6.876072, 45.92306], [6.876086, 45.923097], [6.876093, 45.923157], [6.876149, 45.923159], [6.876256, 45.923159], [6.876303, 45.923078], [6.876327, 45.92302], [6.876445, 45.923087], [6.877261, 45.923596], [6.87768, 45.923861], [6.877771, 45.923865], [6.877742, 45.92381], [6.877892, 45.923884], [6.878442, 45.924165], [6.878615, 45.924246], [6.879246, 45.924584], [6.879336, 45.924599], [6.879354, 45.924615], [6.879379, 45.924599], [6.879547, 45.924589], [6.879734, 45.924597], [6.879813, 45.924606], [6.879934, 45.924663], [6.879962, 45.92469], [6.880043, 45.92479], [6.880403, 45.924806], [6.880512, 45.924861], [6.880641, 45.924819], [6.880707, 45.924817], [6.880792, 45.924824], [6.880929, 45.924843], [6.881156, 45.924931], [6.881256, 45.92496], [6.881636, 45.925122], [6.881774, 45.925174], [6.881889, 45.925199], [6.882034, 45.92521], [6.882459, 45.925196], [6.883021, 45.925351], [6.883424, 45.925535], [6.883693, 45.925682], [6.884039, 45.925794], [6.884077, 45.925823], [6.88412, 45.925889], [6.884229, 45.926153], [6.884317, 45.926243], [6.88434, 45.926288], [6.884354, 45.926455], [6.884366, 45.92651], [6.884386, 45.926548], [6.88447, 45.926633], [6.884747, 45.92684], [6.885302, 45.927405], [6.885566, 45.927568], [6.886138, 45.927735], [6.886689, 45.927879], [6.887022, 45.927946], [6.887207, 45.927959], [6.88737, 45.927948], [6.887544, 45.927928], [6.887661, 45.927893], [6.88778, 45.927839], [6.888009, 45.927662], [6.88834, 45.927452], [6.888405, 45.927457], [6.888548, 45.927562], [6.888869, 45.9277], [6.889092, 45.927808], [6.889126, 45.927772], [6.889086, 45.927698], [6.889102, 45.927667], [6.889145, 45.927653], [6.889223, 45.927689], [6.889207, 45.927605], [6.889252, 45.927599], [6.889324, 45.927643], [6.889417, 45.927648], [6.889428, 45.927614], [6.889409, 45.92752], [6.889476, 45.92749], [6.889492, 45.927489], [6.889607, 45.927553], [6.889812, 45.927628], [6.889852, 45.927633], [6.889878, 45.927629], [6.889893, 45.927618], [6.889889, 45.927593], [6.889811, 45.927443], [6.889799, 45.927371], [6.889824, 45.927344], [6.889851, 45.927337], [6.889955, 45.927389], [6.889998, 45.927392], [6.890038, 45.927402], [6.890085, 45.927452], [6.890165, 45.927494], [6.890225, 45.927482], [6.890215, 45.927435], [6.890159, 45.927298], [6.890151, 45.92719], [6.890177, 45.927172], [6.890232, 45.927167], [6.890289, 45.927217], [6.890338, 45.927245], [6.890366, 45.927204], [6.890399, 45.927105], [6.890448, 45.927063], [6.890523, 45.927091], [6.890561, 45.927066], [6.890625, 45.92708], [6.890633, 45.927035], [6.890634, 45.926848], [6.890612, 45.926795], [6.890629, 45.92675], [6.890672, 45.926745], [6.890716, 45.926823], [6.890814, 45.92688], [6.890835, 45.926844], [6.8909, 45.926835], [6.890936, 45.926726], [6.891022, 45.926805], [6.891142, 45.926804], [6.891208, 45.926837], [6.89133, 45.926857], [6.891399, 45.926881], [6.8916, 45.92699], [6.891752, 45.927064], [6.891838, 45.927083], [6.891912, 45.927148], [6.892047, 45.92717], [6.892077, 45.92727], [6.892126, 45.927303], [6.892163, 45.927338], [6.892206, 45.927357], [6.892176, 45.927247], [6.892192, 45.92724], [6.892214, 45.92724], [6.892693, 45.927505], [6.892989, 45.927747], [6.893103, 45.928005], [6.893235, 45.928136], [6.893283, 45.928192], [6.893454, 45.928298], [6.89362, 45.928456], [6.894025, 45.928891], [6.894225, 45.929148], [6.894025, 45.928891], [6.89362, 45.928456], [6.893454, 45.928298], [6.893283, 45.928192], [6.893235, 45.928136], [6.893385, 45.928169], [6.893676, 45.928267], [6.894027, 45.928457], [6.894876, 45.928882], [6.895007, 45.92892], [6.895257, 45.929054], [6.895391, 45.929084], [6.895504, 45.929076], [6.895633, 45.929107], [6.895797, 45.929267], [6.895943, 45.929345], [6.895986, 45.929443], [6.896128, 45.929513], [6.896248, 45.929627], [6.896913, 45.930103], [6.896984, 45.930177], [6.897035, 45.930187], [6.897055, 45.930151], [6.896969, 45.929996], [6.896937, 45.929774], [6.896947, 45.929767], [6.897075, 45.929845], [6.89728, 45.929946], [6.897626, 45.930031], [6.89793, 45.930059], [6.898019, 45.930052], [6.8981, 45.930028], [6.898328, 45.929976], [6.898419, 45.929991], [6.898506, 45.930026], [6.898543, 45.93005], [6.898562, 45.930162], [6.89859, 45.930212], [6.898808, 45.930307], [6.898828, 45.930348], [6.898875, 45.930534], [6.898843, 45.930595], [6.898825, 45.930658], [6.898809, 45.930777], [6.898917, 45.930906], [6.899079, 45.931033], [6.899155, 45.931104], [6.899181, 45.931155], [6.899207, 45.931409], [6.899281, 45.931637], [6.899297, 45.931647], [6.899337, 45.931645], [6.89935, 45.931532], [6.899351, 45.931469], [6.89937, 45.931458], [6.899389, 45.931462], [6.899417, 45.931478], [6.899438, 45.931588], [6.89946, 45.931792], [6.899485, 45.931873], [6.899531, 45.931925], [6.899623, 45.932002], [6.899746, 45.932066], [6.89984, 45.932106], [6.899921, 45.932174], [6.900089, 45.932407], [6.900227, 45.932544], [6.900271, 45.93255], [6.900291, 45.932538], [6.900297, 45.932506], [6.900291, 45.932424], [6.90027, 45.93233], [6.900275, 45.932179], [6.900289, 45.932184], [6.900305, 45.932206], [6.90034, 45.932219], [6.900358, 45.932246], [6.900363, 45.932282], [6.900386, 45.932316], [6.900417, 45.932335], [6.900464, 45.932404], [6.900574, 45.932484], [6.900609, 45.932495], [6.900724, 45.932595], [6.900767, 45.932615], [6.900839, 45.932671], [6.90088, 45.932684], [6.900936, 45.932676], [6.900973, 45.932659], [6.900987, 45.932645], [6.900972, 45.932614], [6.900816, 45.932459], [6.900698, 45.932253], [6.900702, 45.93218], [6.90071, 45.932162], [6.900732, 45.932153], [6.900764, 45.932152], [6.900976, 45.93236], [6.901041, 45.932393], [6.901116, 45.932415], [6.901278, 45.932437], [6.901435, 45.932441], [6.90199, 45.932534], [6.902234, 45.932552], [6.902324, 45.932577], [6.902373, 45.932605], [6.90265, 45.932623], [6.902827, 45.932641], [6.902916, 45.93266], [6.90299, 45.932685], [6.903134, 45.932712], [6.903293, 45.932777], [6.903351, 45.932822], [6.903435, 45.932859], [6.90359, 45.932914], [6.903843, 45.93303], [6.904138, 45.933106], [6.904381, 45.933147], [6.904477, 45.933155], [6.904636, 45.933184], [6.904665, 45.933195], [6.904684, 45.933213], [6.90472, 45.93323], [6.904804, 45.933258], [6.904854, 45.933323], [6.904897, 45.933353], [6.905023, 45.933398], [6.905062, 45.933421], [6.905164, 45.933504], [6.905266, 45.933541], [6.905358, 45.933549], [6.905456, 45.933569], [6.905487, 45.933567], [6.905505, 45.933557], [6.905507, 45.933544], [6.905326, 45.933435], [6.905295, 45.933397], [6.905691, 45.933438], [6.905837, 45.933444], [6.906031, 45.933509], [6.906193, 45.933529], [6.906323, 45.933543], [6.906413, 45.933562], [6.906511, 45.93361], [6.906611, 45.933721], [6.906756, 45.933918], [6.906796, 45.933926], [6.906834, 45.933963], [6.907141, 45.934159], [6.907208, 45.934178], [6.907233, 45.934173], [6.907178, 45.934101], [6.90713, 45.933985], [6.907042, 45.933922], [6.906922, 45.933741], [6.906894, 45.933661], [6.906996, 45.933679], [6.907049, 45.933728], [6.907305, 45.933873], [6.907407, 45.93392], [6.907493, 45.933945], [6.907488, 45.933917], [6.907329, 45.933744], [6.907289, 45.933676], [6.90736, 45.933695], [6.907489, 45.933787], [6.907565, 45.933801], [6.907549, 45.933753], [6.907462, 45.933648], [6.907454, 45.93362], [6.9075, 45.933624], [6.907562, 45.933652], [6.9076, 45.933661], [6.907674, 45.933652], [6.90769, 45.933613], [6.907515, 45.933512], [6.907445, 45.933488], [6.907328, 45.933414], [6.907289, 45.933338], [6.907421, 45.933348], [6.907775, 45.933461], [6.907868, 45.933476], [6.907906, 45.933463], [6.907887, 45.933436], [6.907796, 45.933396], [6.907678, 45.933318], [6.907571, 45.933174], [6.907477, 45.933064], [6.907471, 45.93304], [6.907488, 45.933038], [6.907555, 45.933061], [6.907746, 45.933208], [6.907828, 45.93324], [6.908037, 45.9333], [6.908154, 45.933309], [6.908116, 45.933246], [6.907955, 45.933168], [6.907854, 45.933065], [6.907687, 45.93276], [6.907614, 45.932692], [6.907749, 45.932719], [6.90788, 45.932791], [6.90802, 45.93288], [6.908084, 45.932945], [6.908135, 45.932956], [6.908192, 45.932958], [6.908181, 45.932934], [6.908113, 45.932878], [6.908075, 45.932788], [6.908109, 45.932766], [6.908273, 45.932846], [6.908398, 45.932889], [6.908775, 45.932863], [6.908891, 45.932869], [6.909165, 45.932906], [6.909303, 45.932937], [6.909546, 45.933004], [6.909612, 45.933026], [6.909729, 45.933038], [6.909802, 45.933016], [6.909973, 45.933057], [6.910344, 45.93309], [6.9105, 45.93314], [6.910694, 45.933151], [6.911352, 45.93315], [6.911512, 45.933158], [6.911679, 45.933228], [6.91175, 45.933266], [6.911876, 45.933356], [6.911998, 45.933378], [6.912297, 45.933557], [6.912413, 45.933591], [6.912442, 45.933617], [6.912493, 45.933611], [6.912457, 45.933525], [6.912322, 45.933457], [6.912249, 45.933366], [6.912251, 45.933336], [6.912426, 45.933431], [6.912607, 45.933488], [6.912662, 45.933579], [6.912717, 45.933614], [6.912803, 45.93363], [6.912966, 45.93382], [6.91319, 45.933951], [6.91324, 45.93404], [6.91324, 45.934151], [6.913311, 45.934243], [6.913507, 45.934312], [6.913555, 45.934309], [6.91345, 45.934227], [6.913459, 45.934208], [6.913546, 45.934234], [6.913606, 45.93424], [6.913721, 45.934272], [6.913808, 45.93427], [6.914037, 45.934219], [6.914166, 45.934203], [6.914355, 45.934212], [6.914434, 45.934134], [6.914493, 45.934065], [6.914631, 45.933877], [6.914694, 45.933816], [6.914762, 45.933775], [6.914853, 45.93374], [6.915053, 45.933709], [6.915167, 45.93371], [6.915323, 45.93373], [6.915389, 45.933747], [6.915456, 45.93377], [6.915547, 45.933828], [6.915726, 45.933867], [6.915937, 45.933904], [6.916093, 45.933926], [6.916226, 45.933946], [6.916361, 45.933968], [6.916422, 45.93399], [6.916577, 45.934089], [6.916713, 45.934192], [6.916771, 45.934285], [6.916803, 45.934319], [6.916874, 45.934339], [6.916918, 45.934342], [6.91694, 45.934326], [6.916951, 45.934294], [6.916911, 45.934129], [6.916889, 45.933917], [6.916843, 45.93372], [6.91684, 45.93364], [6.916724, 45.933467], [6.916696, 45.933444], [6.916584, 45.933367], [6.91641, 45.933291], [6.916384, 45.933275], [6.916384, 45.933266], [6.91601, 45.933231], [6.915919, 45.933206], [6.915929, 45.933197], [6.915964, 45.933186], [6.916039, 45.93317], [6.916003, 45.933135], [6.915991, 45.933103], [6.915995, 45.933045], [6.916035, 45.933037], [6.916039, 45.933007], [6.916004, 45.932994], [6.915971, 45.932953], [6.91595, 45.932941], [6.915871, 45.932911], [6.915763, 45.932858], [6.915656, 45.932854], [6.91558, 45.932841], [6.915525, 45.932821], [6.915397, 45.932752], [6.915354, 45.93272], [6.915331, 45.932688], [6.915297, 45.932658], [6.91519, 45.932615], [6.915145, 45.932611], [6.915082, 45.932619], [6.914972, 45.932617], [6.914796, 45.932585], [6.914778, 45.932569], [6.914785, 45.932556], [6.914777, 45.932544], [6.914716, 45.932532], [6.914637, 45.932543], [6.914493, 45.932524], [6.914332, 45.932523], [6.914169, 45.932498], [6.914109, 45.932476], [6.913962, 45.932453], [6.913852, 45.932446], [6.913782, 45.932424], [6.913718, 45.932422], [6.913653, 45.93241], [6.913604, 45.932387], [6.913512, 45.932357], [6.913447, 45.932324], [6.913332, 45.932314], [6.913272, 45.932301], [6.913155, 45.932258], [6.913138, 45.932246], [6.913144, 45.932234], [6.913194, 45.932224], [6.913236, 45.932204], [6.913249, 45.932187], [6.913239, 45.932174], [6.913138, 45.932169], [6.913104, 45.932155], [6.912907, 45.932024], [6.912617, 45.931854], [6.912522, 45.931824], [6.912463, 45.931797], [6.912328, 45.93168], [6.912297, 45.931617], [6.912024, 45.931387], [6.911906, 45.931261], [6.911908, 45.931084], [6.911829, 45.93105], [6.911756, 45.930864], [6.911682, 45.930721], [6.91139, 45.930675], [6.91129, 45.930747], [6.911184, 45.930771], [6.910926, 45.930765], [6.910711, 45.930738], [6.910496, 45.930752], [6.909364, 45.930515], [6.909185, 45.93047], [6.909107, 45.93034], [6.908983, 45.930242], [6.908978, 45.93009], [6.908856, 45.930003], [6.908674, 45.929744], [6.908613, 45.929677], [6.908453, 45.929644], [6.908299, 45.929542], [6.908169, 45.929533], [6.908126, 45.929519], [6.908043, 45.929426], [6.907881, 45.929381], [6.907819, 45.929408], [6.90769, 45.9294], [6.907605, 45.929359], [6.907535, 45.929293], [6.907526, 45.929225], [6.907607, 45.929161], [6.907656, 45.929076], [6.907637, 45.928929], [6.907571, 45.928785], [6.907468, 45.928728], [6.907323, 45.928674], [6.907203, 45.928571], [6.907195, 45.928464], [6.907206, 45.928359], [6.907193, 45.928298], [6.907148, 45.928244], [6.907165, 45.928205], [6.907034, 45.928135], [6.90698, 45.928079], [6.906724, 45.928061], [6.906852, 45.927849], [6.906875, 45.927715], [6.906798, 45.927621], [6.906704, 45.927535], [6.906552, 45.927442], [6.906444, 45.927298], [6.906222, 45.92708], [6.906201, 45.926972], [6.905964, 45.926843], [6.905909, 45.926774], [6.905866, 45.926747], [6.905705, 45.926766], [6.905484, 45.926644], [6.905384, 45.926539], [6.905186, 45.926433], [6.905003, 45.926431], [6.904581, 45.926177], [6.904539, 45.925968], [6.904582, 45.925767], [6.904648, 45.925807], [6.904579, 45.925669], [6.90455, 45.925474], [6.904483, 45.925267], [6.90449, 45.92502], [6.904482, 45.92494], [6.904676, 45.924697], [6.90461, 45.924486], [6.904642, 45.924119], [6.904701, 45.924055], [6.904801, 45.923894], [6.904907, 45.923844], [6.905034, 45.923619], [6.905059, 45.923453], [6.905154, 45.9234], [6.905178, 45.923343], [6.905265, 45.923289], [6.905298, 45.923194], [6.905334, 45.923167], [6.905358, 45.923138], [6.905326, 45.923089], [6.905343, 45.922979], [6.905444, 45.922632], [6.90542, 45.922564], [6.905441, 45.922464], [6.905438, 45.922272], [6.905541, 45.922148], [6.905559, 45.922049], [6.905456, 45.921634], [6.905482, 45.921425], [6.90547, 45.921193], [6.905318, 45.921045], [6.905264, 45.920951], [6.905253, 45.920848], [6.905245, 45.92078], [6.905188, 45.920641], [6.905268, 45.920236], [6.905355, 45.920109], [6.905271, 45.919952], [6.905162, 45.919774], [6.905168, 45.919653], [6.905091, 45.919516], [6.905014, 45.919417], [6.904814, 45.919251], [6.90469, 45.919221], [6.90453, 45.919152], [6.904225, 45.918966], [6.904098, 45.91885], [6.903957, 45.918571], [6.903774, 45.918452], [6.903625, 45.918381], [6.903483, 45.918357], [6.903403, 45.918314], [6.903256, 45.91827], [6.903199, 45.918221], [6.903087, 45.918208], [6.902984, 45.918241], [6.902892, 45.918228], [6.902667, 45.917958], [6.902661, 45.917854], [6.902695, 45.917772], [6.902827, 45.917512], [6.902878, 45.917322], [6.902842, 45.917206], [6.902718, 45.917157], [6.90247, 45.917122], [6.902325, 45.917125], [6.901956, 45.917065], [6.901673, 45.916881], [6.901546, 45.916833], [6.901443, 45.916721], [6.901348, 45.91663], [6.901334, 45.916544], [6.90124, 45.916455], [6.901116, 45.916382], [6.900976, 45.916207], [6.900648, 45.916004], [6.900631, 45.915921], [6.900425, 45.915851], [6.900384, 45.915757], [6.900258, 45.915672], [6.900119, 45.915592], [6.899921, 45.915435], [6.899706, 45.915279], [6.89967, 45.915249], [6.899637, 45.91524], [6.899613, 45.915224], [6.899493, 45.915203], [6.899436, 45.915184], [6.899366, 45.915123], [6.899332, 45.915114], [6.899286, 45.91508], [6.899255, 45.915039], [6.899183, 45.91498], [6.899063, 45.914849], [6.898967, 45.914782], [6.898935, 45.91475], [6.898854, 45.914698], [6.898804, 45.91464], [6.898662, 45.914535], [6.898579, 45.914483], [6.898514, 45.914446], [6.898347, 45.914377], [6.898308, 45.914348], [6.898162, 45.914211], [6.898097, 45.914236], [6.897987, 45.914259], [6.897857, 45.914271], [6.897806, 45.914284], [6.897755, 45.914279], [6.897653, 45.914246], [6.897594, 45.914199], [6.897576, 45.9142], [6.897551, 45.914266], [6.897547, 45.914329], [6.89751, 45.914348], [6.897521, 45.914397], [6.897541, 45.914432], [6.897537, 45.914448], [6.897518, 45.914456], [6.897518, 45.914465], [6.897542, 45.914485], [6.897546, 45.914497], [6.897504, 45.914484], [6.897426, 45.914429], [6.897402, 45.914426], [6.897383, 45.91444], [6.897381, 45.91448], [6.89739, 45.914515], [6.897478, 45.914612], [6.897506, 45.914669], [6.897485, 45.914691], [6.897333, 45.914628], [6.897313, 45.914641], [6.897362, 45.914713], [6.897271, 45.914722], [6.897195, 45.914674], [6.897184, 45.9147], [6.897215, 45.914755], [6.897204, 45.914833], [6.897255, 45.914878], [6.897196, 45.91489], [6.897107, 45.91483], [6.897077, 45.914819], [6.897087, 45.914922], [6.896993, 45.914876], [6.896957, 45.914808], [6.896918, 45.914815], [6.896946, 45.914898], [6.896921, 45.915003], [6.896922, 45.915045], [6.896898, 45.915055], [6.896878, 45.915022], [6.89681, 45.915007], [6.896789, 45.91503], [6.896842, 45.915158], [6.896803, 45.915196], [6.896747, 45.915339], [6.896644, 45.915254], [6.896592, 45.915253], [6.89662, 45.915341], [6.896609, 45.915374], [6.89658, 45.915371], [6.89658, 45.915358], [6.89645, 45.915275], [6.896418, 45.915282], [6.896386, 45.915365], [6.896322, 45.915375], [6.896274, 45.915435], [6.89626, 45.915509], [6.896187, 45.915503], [6.89611, 45.915456], [6.896042, 45.915427], [6.896023, 45.915457], [6.895933, 45.915475], [6.89584, 45.915532], [6.895764, 45.915518], [6.895762, 45.915563], [6.895647, 45.915611], [6.895572, 45.915727], [6.895668, 45.91572], [6.895799, 45.915883], [6.895762, 45.915947], [6.895866, 45.916054], [6.895749, 45.916041], [6.8958, 45.916179], [6.895774, 45.91619], [6.895771, 45.916325], [6.895419, 45.916198], [6.895424, 45.916249], [6.89547, 45.916305], [6.89543, 45.916293], [6.895435, 45.916341], [6.895404, 45.91639], [6.895291, 45.916374], [6.895195, 45.916395], [6.895105, 45.916476], [6.894997, 45.916543], [6.894897, 45.916521], [6.894804, 45.916536], [6.894639, 45.916453], [6.894511, 45.916426], [6.894334, 45.916414], [6.894274, 45.916446], [6.894166, 45.916521], [6.894125, 45.916521], [6.893985, 45.916444], [6.893832, 45.916237], [6.893857, 45.916147], [6.893822, 45.916136], [6.893773, 45.916155], [6.893736, 45.916102], [6.89368, 45.91605], [6.893688, 45.915971], [6.89362, 45.91588], [6.893582, 45.915887], [6.893544, 45.91579], [6.89341, 45.915758], [6.893305, 45.915821], [6.893249, 45.915886], [6.893219, 45.916047], [6.893048, 45.916187], [6.893047, 45.916309], [6.892901, 45.916415], [6.892949, 45.916634], [6.892904, 45.916779], [6.892833, 45.916833], [6.892773, 45.91679], [6.892647, 45.91673], [6.892582, 45.916716], [6.892538, 45.91685], [6.892491, 45.916875], [6.892478, 45.917035], [6.892379, 45.91703], [6.892304, 45.916995], [6.892225, 45.91699], [6.892266, 45.917174], [6.892199, 45.917262], [6.892142, 45.917526], [6.89221, 45.917689], [6.892289, 45.917769], [6.892381, 45.917943], [6.892362, 45.917955], [6.892242, 45.917935], [6.891775, 45.917826], [6.891468, 45.917886], [6.891302, 45.917833], [6.891295, 45.917936], [6.891249, 45.91797], [6.891108, 45.917946], [6.891019, 45.917855], [6.890957, 45.917842], [6.890902, 45.917853], [6.890765, 45.917839], [6.890698, 45.917874], [6.890648, 45.917948], [6.89058, 45.917971], [6.890534, 45.917951], [6.89041, 45.917744], [6.89031, 45.91768], [6.890263, 45.917728], [6.890255, 45.917859], [6.890262, 45.917923], [6.890212, 45.917955], [6.890157, 45.917963], [6.890106, 45.917927], [6.890067, 45.917836], [6.889895, 45.917795], [6.889861, 45.917865], [6.889764, 45.917756], [6.889653, 45.91771], [6.889603, 45.917749], [6.889516, 45.917786], [6.88962, 45.918], [6.88962, 45.918182], [6.889647, 45.918332], [6.889638, 45.918392], [6.889614, 45.918402], [6.889597, 45.918424], [6.889577, 45.918429], [6.889567, 45.918443], [6.889539, 45.918513], [6.889574, 45.918571], [6.889566, 45.91859], [6.88951, 45.918588], [6.88935, 45.918591], [6.889253, 45.918629], [6.88922, 45.918662], [6.889169, 45.918684], [6.889131, 45.918711], [6.889137, 45.918792], [6.88921, 45.918879], [6.889191, 45.918913], [6.88919, 45.91894], [6.889209, 45.918983], [6.889237, 45.919019], [6.88925, 45.919064], [6.889231, 45.91909], [6.889179, 45.919098], [6.889116, 45.919086], [6.889059, 45.919056], [6.889006, 45.919049], [6.88891, 45.919025], [6.888862, 45.918985], [6.88879, 45.91887], [6.888741, 45.918821], [6.888703, 45.918746], [6.888527, 45.918558], [6.888459, 45.918501], [6.88838, 45.91839], [6.88837, 45.918325], [6.888378, 45.918262], [6.88836, 45.918229], [6.888315, 45.91819], [6.888231, 45.918153], [6.888134, 45.918082], [6.888079, 45.918054], [6.887922, 45.917899], [6.88787, 45.917884], [6.887771, 45.91778], [6.887742, 45.917765], [6.887713, 45.917656], [6.887659, 45.91752], [6.887611, 45.917455], [6.887614, 45.917435], [6.887604, 45.917407], [6.887582, 45.917396], [6.887538, 45.917389], [6.887523, 45.917379], [6.887482, 45.917308], [6.887397, 45.917232], [6.887243, 45.916989], [6.887126, 45.916767], [6.887021, 45.916608], [6.886855, 45.916483], [6.886733, 45.916403], [6.886602, 45.916306], [6.886463, 45.916135], [6.886439, 45.916063], [6.886424, 45.915982], [6.886403, 45.915898], [6.886345, 45.915855], [6.886333, 45.91582], [6.886322, 45.915731], [6.886344, 45.915646], [6.88642, 45.915591], [6.886438, 45.915561], [6.886394, 45.915495], [6.886385, 45.915467], [6.886367, 45.915437], [6.886338, 45.915433], [6.886204, 45.915443], [6.886089, 45.915419], [6.885977, 45.915376], [6.885887, 45.915315], [6.885892, 45.915284], [6.885945, 45.915182], [6.885977, 45.915047], [6.88585, 45.9151], [6.885631, 45.915255], [6.88542, 45.915355], [6.884795, 45.915278], [6.884049, 45.915114], [6.883298, 45.914995], [6.882826, 45.914899], [6.882718, 45.914805], [6.882836, 45.914823], [6.883149, 45.914855], [6.883349, 45.914804], [6.883475, 45.914779], [6.883664, 45.914768], [6.883809, 45.914772], [6.883962, 45.914785], [6.884156, 45.914823], [6.884479, 45.914926], [6.884553, 45.914929], [6.88465, 45.914946], [6.884762, 45.914947], [6.884871, 45.914933], [6.885094, 45.91494], [6.885214, 45.914951], [6.885623, 45.914948], [6.885732, 45.914925], [6.885764, 45.914897], [6.885694, 45.91487], [6.885659, 45.914833], [6.885439, 45.914748], [6.885431, 45.914738], [6.885459, 45.914714], [6.885479, 45.914707], [6.885658, 45.914705], [6.885889, 45.914682], [6.885897, 45.914667], [6.885514, 45.914525], [6.885526, 45.91451], [6.885972, 45.914405], [6.886123, 45.91433], [6.885924, 45.914283], [6.885823, 45.914228], [6.885837, 45.914216], [6.88603, 45.914151], [6.886253, 45.914111], [6.88625, 45.914095], [6.885999, 45.914041], [6.885957, 45.914024], [6.885976, 45.914002], [6.886032, 45.913978], [6.886151, 45.913941], [6.886356, 45.913926], [6.886361, 45.913916], [6.886345, 45.91389], [6.886318, 45.913865], [6.886281, 45.913842], [6.886122, 45.913773], [6.886128, 45.91374], [6.886362, 45.913731], [6.886195, 45.913654], [6.886202, 45.913648], [6.886432, 45.913655], [6.886262, 45.913543], [6.886254, 45.913533], [6.886255, 45.913516], [6.886269, 45.913509], [6.886332, 45.913513], [6.88646, 45.913477], [6.886401, 45.913455], [6.88631, 45.913435], [6.886226, 45.913388], [6.886227, 45.913368], [6.886288, 45.913355], [6.886393, 45.913293], [6.886391, 45.913282], [6.886369, 45.913263], [6.886186, 45.913235], [6.885839, 45.913254], [6.88572, 45.913253], [6.885472, 45.913264], [6.885415, 45.913259], [6.885381, 45.913246], [6.885348, 45.913223], [6.885307, 45.913153], [6.885289, 45.91292], [6.885099, 45.912808], [6.885092, 45.912774], [6.885107, 45.912721], [6.88518, 45.912624], [6.885216, 45.912588], [6.885278, 45.912576], [6.885356, 45.912571], [6.885385, 45.912595], [6.88541, 45.912598], [6.8854, 45.912468], [6.885361, 45.912447], [6.88537, 45.912428], [6.885398, 45.912431], [6.885484, 45.912487], [6.885506, 45.912473], [6.885506, 45.91246], [6.885466, 45.912396], [6.88548, 45.912384], [6.885502, 45.912387], [6.88556, 45.912433], [6.885578, 45.912429], [6.885595, 45.912368], [6.885615, 45.912364], [6.885668, 45.912431], [6.885724, 45.91244], [6.885766, 45.912275], [6.885868, 45.912292], [6.886128, 45.912126], [6.886341, 45.912056], [6.886526, 45.912075], [6.886571, 45.912029], [6.886511, 45.91201], [6.886257, 45.911955], [6.886602, 45.911896], [6.886633, 45.91188], [6.886442, 45.911843], [6.886396, 45.911818], [6.886301, 45.91181], [6.886308, 45.91179], [6.886371, 45.911753], [6.886603, 45.911711], [6.886815, 45.911595], [6.88643, 45.911591], [6.886875, 45.911437], [6.887113, 45.911438], [6.887058, 45.911411], [6.88668, 45.911318], [6.886728, 45.911287], [6.88686, 45.911274], [6.887, 45.911275], [6.88718, 45.911216], [6.887483, 45.911235], [6.8875, 45.911226], [6.8875, 45.91121], [6.887473, 45.911195], [6.887325, 45.911143], [6.887237, 45.91113], [6.887079, 45.911069], [6.88697, 45.911037], [6.886756, 45.911032], [6.886838, 45.910975], [6.886987, 45.910948], [6.887008, 45.910934], [6.88701, 45.910909], [6.886947, 45.91088], [6.886872, 45.910856], [6.886808, 45.910844], [6.886807, 45.910833], [6.886824, 45.910818], [6.886975, 45.910756], [6.886985, 45.910741], [6.886979, 45.910726], [6.886956, 45.910713], [6.886914, 45.910713], [6.886846, 45.910724], [6.886753, 45.910725], [6.886669, 45.910757], [6.886623, 45.910766], [6.88648, 45.910913], [6.886385, 45.910902], [6.886073, 45.910899], [6.886079, 45.910827], [6.886072, 45.91075], [6.886002, 45.910686], [6.886006, 45.910654], [6.885966, 45.910629], [6.886007, 45.910585], [6.885975, 45.910568], [6.885906, 45.910592], [6.885853, 45.91056], [6.885846, 45.910542], [6.885864, 45.910518], [6.885858, 45.910476], [6.885839, 45.910464], [6.885802, 45.910484], [6.885772, 45.910474], [6.885792, 45.910441], [6.885776, 45.910432], [6.885711, 45.910426], [6.885678, 45.910406], [6.885654, 45.910375], [6.885593, 45.910359], [6.885578, 45.910341], [6.885926, 45.9103], [6.885816, 45.910224], [6.885766, 45.910205], [6.885591, 45.910106], [6.88557, 45.910071], [6.885631, 45.910033], [6.885765, 45.910005], [6.885849, 45.91002], [6.88591, 45.910015], [6.886137, 45.910075], [6.886337, 45.910068], [6.886448, 45.910132], [6.88648, 45.910121], [6.886411, 45.909967], [6.886348, 45.909908], [6.886312, 45.909899], [6.886257, 45.909871], [6.886206, 45.909864], [6.886156, 45.909831], [6.886118, 45.909761], [6.886103, 45.909747], [6.886033, 45.90973], [6.885985, 45.909699], [6.885901, 45.909665], [6.885888, 45.909645], [6.885794, 45.909589], [6.885762, 45.909527], [6.885775, 45.909522], [6.885933, 45.90956], [6.886125, 45.909541], [6.88621, 45.909558], [6.886267, 45.909545], [6.886334, 45.909587], [6.886436, 45.909627], [6.886613, 45.909649], [6.886744, 45.909591], [6.88683, 45.909561], [6.887039, 45.909503], [6.887138, 45.909499], [6.887334, 45.909429], [6.887554, 45.909437], [6.887795, 45.909521], [6.887913, 45.909471], [6.888116, 45.909457], [6.888116, 45.909438], [6.887998, 45.909352], [6.887654, 45.909182], [6.88762, 45.909179], [6.887525, 45.909193], [6.887462, 45.909178], [6.88742, 45.909157], [6.887422, 45.90913], [6.887484, 45.909019], [6.887478, 45.909003], [6.887462, 45.909001], [6.887335, 45.909067], [6.887155, 45.909088], [6.887206, 45.909044], [6.887277, 45.908957], [6.88734, 45.908845], [6.887353, 45.908808], [6.887355, 45.908757], [6.887374, 45.908717], [6.887304, 45.908732], [6.887207, 45.908793], [6.887177, 45.908797], [6.887162, 45.908813], [6.887111, 45.908841], [6.886921, 45.908878], [6.886867, 45.908855], [6.886825, 45.908828], [6.886777, 45.908776], [6.886697, 45.908411], [6.88665, 45.908332], [6.886524, 45.908215], [6.886415, 45.908139], [6.886396, 45.908099], [6.886309, 45.908039], [6.886317, 45.908007], [6.886235, 45.907908], [6.886246, 45.907828], [6.886099, 45.90772], [6.88604, 45.90766], [6.885852, 45.907654], [6.885744, 45.90767], [6.885617, 45.907673], [6.885356, 45.907653], [6.885309, 45.90769], [6.885238, 45.907785], [6.885142, 45.907847], [6.885104, 45.90785], [6.885089, 45.907866], [6.885048, 45.907875], [6.88504, 45.9079], [6.885017, 45.907912], [6.884992, 45.907939], [6.884954, 45.907939], [6.884942, 45.907893], [6.884923, 45.907878], [6.884906, 45.907879], [6.884886, 45.907914], [6.884866, 45.90793], [6.884863, 45.907943], [6.884855, 45.907949], [6.884835, 45.90795], [6.88481, 45.907923], [6.884757, 45.907899], [6.884671, 45.907885], [6.884594, 45.907884], [6.884523, 45.907861], [6.884507, 45.907866], [6.884499, 45.907877], [6.884494, 45.90791], [6.884483, 45.907926], [6.884387, 45.9079], [6.884363, 45.907914], [6.884347, 45.90791], [6.88432, 45.907894], [6.884176, 45.907843], [6.883907, 45.907758], [6.883865, 45.907729], [6.883816, 45.907682], [6.883768, 45.907664], [6.88372, 45.907634], [6.883343, 45.907345], [6.883202, 45.90717], [6.883212, 45.907129], [6.883241, 45.907125], [6.883396, 45.907197], [6.883578, 45.907236], [6.883594, 45.907109], [6.883487, 45.906994], [6.883426, 45.90686], [6.883485, 45.906712], [6.883331, 45.906501], [6.883258, 45.906444], [6.883582, 45.906512], [6.883601, 45.9065], [6.883503, 45.906415], [6.883466, 45.906413], [6.883372, 45.906335], [6.883396, 45.906307], [6.883403, 45.906283], [6.883363, 45.906247], [6.883335, 45.906231], [6.883338, 45.9062], [6.883329, 45.906183], [6.883241, 45.906129], [6.883089, 45.906015], [6.882952, 45.905872], [6.882922, 45.905817], [6.882885, 45.905772], [6.882899, 45.905728], [6.882734, 45.905644], [6.882607, 45.905573], [6.882574, 45.905547], [6.882549, 45.90551], [6.882551, 45.905438], [6.882486, 45.905373], [6.882462, 45.905351], [6.882402, 45.905233], [6.882179, 45.904904], [6.882088, 45.904748], [6.881998, 45.90465], [6.881904, 45.904601], [6.881871, 45.904577], [6.88181, 45.904467], [6.881702, 45.904389], [6.881693, 45.904335], [6.881589, 45.904261], [6.881472, 45.904154], [6.881178, 45.903976], [6.881001, 45.903762], [6.880982, 45.903747], [6.88097, 45.903751], [6.880967, 45.903762], [6.881017, 45.903927], [6.881018, 45.903952], [6.881005, 45.903957], [6.880988, 45.903952], [6.88086, 45.903868], [6.880846, 45.903838], [6.880836, 45.903834], [6.880823, 45.903839], [6.880815, 45.903877], [6.880836, 45.903945], [6.880883, 45.90399], [6.880919, 45.904051], [6.880956, 45.904083], [6.880963, 45.904101], [6.88095, 45.904106], [6.880877, 45.904064], [6.880863, 45.904067], [6.880859, 45.904074], [6.8809, 45.904133], [6.880942, 45.904173], [6.880997, 45.904207], [6.881, 45.904251], [6.880991, 45.904267], [6.880947, 45.904262], [6.880707, 45.904099], [6.880639, 45.904127], [6.88059, 45.904165], [6.880593, 45.904225], [6.880625, 45.904333], [6.880694, 45.904419], [6.88076, 45.904596], [6.881038, 45.904917], [6.881238, 45.905124], [6.881334, 45.905358], [6.881334, 45.905387], [6.881321, 45.905399], [6.881304, 45.9054], [6.881201, 45.905306], [6.881186, 45.905307], [6.881179, 45.905314], [6.881188, 45.905337], [6.881183, 45.905357], [6.881164, 45.905358], [6.88111, 45.90533], [6.881086, 45.905328], [6.881074, 45.905336], [6.881072, 45.905348], [6.881105, 45.905395], [6.881115, 45.905434], [6.881106, 45.905446], [6.881084, 45.905453], [6.881054, 45.905448], [6.88098, 45.905373], [6.880961, 45.905318], [6.880877, 45.905228], [6.880814, 45.905184], [6.880795, 45.90515], [6.880764, 45.905145], [6.880667, 45.905021], [6.880557, 45.904948], [6.880454, 45.904901], [6.880418, 45.904902], [6.88038, 45.90492], [6.880331, 45.904917], [6.880185, 45.904854], [6.880135, 45.904848], [6.880056, 45.904873], [6.880003, 45.904905], [6.879927, 45.904924], [6.879864, 45.904909], [6.879786, 45.904918], [6.879714, 45.904856], [6.879672, 45.904852], [6.879663, 45.904865], [6.879663, 45.904905], [6.87964, 45.904914], [6.879439, 45.904711], [6.879413, 45.904631], [6.879388, 45.904621], [6.879361, 45.904633], [6.879345, 45.904657], [6.87934, 45.904719], [6.879352, 45.904821], [6.87937, 45.904891], [6.8795, 45.905132], [6.879549, 45.905172], [6.879542, 45.90518], [6.879521, 45.90518], [6.879437, 45.905138], [6.879303, 45.905003], [6.879221, 45.904948], [6.879012, 45.90472], [6.878999, 45.90472], [6.878995, 45.904728], [6.879044, 45.90494], [6.879028, 45.905053], [6.878995, 45.905075], [6.878945, 45.905084], [6.878898, 45.905079], [6.878727, 45.904846], [6.878501, 45.904692], [6.878437, 45.904615], [6.878398, 45.904498], [6.878376, 45.904482], [6.878332, 45.904488], [6.87832, 45.904503], [6.878316, 45.90459], [6.87835, 45.904747], [6.878338, 45.90476], [6.878316, 45.904761], [6.878289, 45.904752], [6.878228, 45.904678], [6.878168, 45.904499], [6.878186, 45.904398], [6.878251, 45.904259], [6.87831, 45.90416], [6.8783, 45.904145], [6.87827, 45.904141], [6.878226, 45.904157], [6.87805, 45.904307], [6.877903, 45.904405], [6.877828, 45.904511], [6.877792, 45.904531], [6.877768, 45.904524], [6.877756, 45.904491], [6.877838, 45.904308], [6.877938, 45.904158], [6.877981, 45.903995], [6.87804, 45.90393], [6.87806, 45.903863], [6.878048, 45.903833], [6.878026, 45.903828], [6.877993, 45.90384], [6.877956, 45.903887], [6.877838, 45.904006], [6.877637, 45.904154], [6.877624, 45.904153], [6.877613, 45.904144], [6.877616, 45.904124], [6.87769, 45.904004], [6.877713, 45.903901], [6.877766, 45.903797], [6.877754, 45.903773], [6.877727, 45.903778], [6.877635, 45.903867], [6.877608, 45.903923], [6.877534, 45.903989], [6.877518, 45.903984], [6.877515, 45.903952], [6.877559, 45.903892], [6.877562, 45.903804], [6.87755, 45.903793], [6.877533, 45.903795], [6.877468, 45.903877], [6.877389, 45.903957], [6.877383, 45.903984], [6.877366, 45.903992], [6.877349, 45.903986], [6.87736, 45.903885], [6.877387, 45.903814], [6.877375, 45.903794], [6.877357, 45.903787], [6.87722, 45.903892], [6.8772, 45.903964], [6.877177, 45.903976], [6.877162, 45.903963], [6.877141, 45.903895], [6.877209, 45.903681], [6.877137, 45.903344], [6.877103, 45.902951], [6.877189, 45.902655], [6.877182, 45.90247], [6.877288, 45.902268], [6.877362, 45.90219], [6.87727, 45.902015], [6.877228, 45.901968], [6.87714, 45.901924], [6.877024, 45.901922], [6.876772, 45.901862], [6.876729, 45.901901], [6.876606, 45.901882], [6.876604, 45.901917], [6.876751, 45.902021], [6.876851, 45.902079], [6.87686, 45.902092], [6.876855, 45.902102], [6.876837, 45.90211], [6.876695, 45.902051], [6.876533, 45.902023], [6.876287, 45.90195], [6.876254, 45.90187], [6.876119, 45.901958], [6.876088, 45.901972], [6.876078, 45.902012], [6.876109, 45.902059], [6.876195, 45.902111], [6.876402, 45.902161], [6.876411, 45.902168], [6.876409, 45.90218], [6.87639, 45.902186], [6.87604, 45.902152], [6.875859, 45.902162], [6.875781, 45.902127], [6.875747, 45.902036], [6.875711, 45.901967], [6.875659, 45.901982], [6.875537, 45.902083], [6.875519, 45.902146], [6.875585, 45.902215], [6.875728, 45.902271], [6.875877, 45.902375], [6.875923, 45.902396], [6.875924, 45.902406], [6.875912, 45.90241], [6.875856, 45.902406], [6.875599, 45.902335], [6.87549, 45.90232], [6.875126, 45.902253], [6.875057, 45.902148], [6.875007, 45.902146], [6.874996, 45.902163], [6.874927, 45.902224], [6.874947, 45.902293], [6.87513, 45.902429], [6.875239, 45.902508], [6.875382, 45.902592], [6.875401, 45.902609], [6.875401, 45.902622], [6.875384, 45.902627], [6.875309, 45.902611], [6.875052, 45.902522], [6.874822, 45.902473], [6.874474, 45.902412], [6.874382, 45.902302], [6.874347, 45.90229], [6.874312, 45.902296], [6.874294, 45.902322], [6.874366, 45.902489], [6.874548, 45.902654], [6.874656, 45.902762], [6.874772, 45.90293], [6.874792, 45.903017], [6.874778, 45.903105], [6.87419, 45.903532], [6.874175, 45.903663], [6.873907, 45.9041], [6.873885, 45.904372], [6.873863, 45.904447], [6.873772, 45.904307], [6.873705, 45.904229], [6.873684, 45.904337], [6.873614, 45.904486], [6.873533, 45.904619], [6.873474, 45.904641], [6.873457, 45.904323], [6.87337, 45.904201], [6.873323, 45.903994], [6.873311, 45.903674], [6.873284, 45.903599], [6.873048, 45.903941], [6.872866, 45.904452], [6.872287, 45.905088], [6.872167, 45.905206], [6.872004, 45.905482], [6.87204, 45.905713], [6.87216, 45.906011], [6.872297, 45.906135], [6.872306, 45.906169], [6.872293, 45.906183], [6.872261, 45.906187], [6.872208, 45.90617], [6.871995, 45.906023], [6.871547, 45.905731], [6.871444, 45.905591], [6.871358, 45.905432], [6.871382, 45.905261], [6.871487, 45.904968], [6.871487, 45.904357], [6.871433, 45.904324], [6.871264, 45.904531], [6.871119, 45.904815], [6.871085, 45.904811], [6.871034, 45.904421], [6.870605, 45.904932], [6.870265, 45.905192], [6.870227, 45.905397], [6.870161, 45.905968], [6.870209, 45.906129], [6.870332, 45.906356], [6.870304, 45.906371], [6.870281, 45.906373], [6.870244, 45.906361], [6.87006, 45.90619], [6.870029, 45.906174], [6.869998, 45.906172], [6.869981, 45.906188], [6.870007, 45.906272], [6.870299, 45.90669], [6.870446, 45.906937], [6.870637, 45.907297], [6.870736, 45.907427], [6.870725, 45.907439], [6.870668, 45.907429], [6.870509, 45.907376], [6.870261, 45.907271], [6.870073, 45.907187], [6.869939, 45.907093], [6.869373, 45.906575], [6.869186, 45.906395], [6.868944, 45.906117], [6.868801, 45.905878], [6.868711, 45.905725], [6.868657, 45.905617], [6.868472, 45.905496], [6.8684, 45.90544], [6.86833, 45.905283], [6.868357, 45.904884], [6.868319, 45.904761], [6.868263, 45.904729], [6.868083, 45.904925], [6.867777, 45.90516], [6.867761, 45.905192], [6.867751, 45.905369], [6.867836, 45.905541], [6.867879, 45.905753], [6.867836, 45.905858], [6.867834, 45.906619], [6.867775, 45.906621], [6.86748, 45.906326], [6.867437, 45.906231], [6.867289, 45.905899], [6.867228, 45.905897], [6.867158, 45.906056], [6.867147, 45.906306], [6.867038, 45.906521], [6.866989, 45.906752], [6.866999, 45.907065], [6.867096, 45.907215], [6.867096, 45.907312], [6.867171, 45.907401], [6.867182, 45.907491], [6.867278, 45.907588], [6.867321, 45.907767], [6.867396, 45.907857], [6.867375, 45.907969], [6.86745, 45.908155], [6.867632, 45.908417], [6.867901, 45.908536], [6.868147, 45.908782], [6.868201, 45.909044], [6.868308, 45.909156], [6.868566, 45.909387], [6.868662, 45.909462], [6.868877, 45.909753], [6.869027, 45.909872], [6.869231, 45.909984], [6.869381, 45.910156], [6.869599, 45.910348], [6.869928, 45.910514], [6.870057, 45.910604], [6.870111, 45.910656], [6.870218, 45.910693], [6.870368, 45.910763], [6.870468, 45.910845], [6.870513, 45.910942], [6.870602, 45.911052], [6.87072, 45.911145], [6.870816, 45.911257], [6.870905, 45.911431], [6.870953, 45.911543], [6.871076, 45.911686], [6.871208, 45.911808], [6.871259, 45.911903], [6.871312, 45.91203], [6.871425, 45.912173], [6.87153, 45.912293], [6.871677, 45.912425], [6.871717, 45.912492], [6.87193, 45.912716], [6.872162, 45.912936], [6.872231, 45.913024], [6.872296, 45.913161], [6.872332, 45.913215], [6.872382, 45.913259], [6.872657, 45.913439], [6.872722, 45.913544], [6.87283, 45.913687], [6.872913, 45.913764], [6.873176, 45.913885], [6.873163, 45.913974], [6.873164, 45.914068], [6.873448, 45.9143], [6.873365, 45.914268], [6.873584, 45.914455], [6.873651, 45.914562], [6.873694, 45.914685], [6.873719, 45.914789], [6.873737, 45.915001], [6.873733, 45.915047], [6.873713, 45.91506], [6.873677, 45.915059], [6.873572, 45.914998], [6.873469, 45.914962], [6.873379, 45.914937], [6.873318, 45.914928], [6.873276, 45.914933], [6.873236, 45.914953], [6.873225, 45.914988], [6.873233, 45.915119], [6.873228, 45.915145], [6.873196, 45.915158], [6.873139, 45.915156], [6.873082, 45.915143], [6.872836, 45.915], [6.872734, 45.914948], [6.87263, 45.914908], [6.87257, 45.914908], [6.872546, 45.914933], [6.872526, 45.915003], [6.872483, 45.915016], [6.87232, 45.91498], [6.872176, 45.914969], [6.871871, 45.914979], [6.87186, 45.91501], [6.871877, 45.915054], [6.871935, 45.91513], [6.871978, 45.915214], [6.872013, 45.915345], [6.872025, 45.915455], [6.87205, 45.915545], [6.872105, 45.915639], [6.872185, 45.915712], [6.872398, 45.915832], [6.872459, 45.915881], [6.872497, 45.915938], [6.872524, 45.916019], [6.872568, 45.91609], [6.87264, 45.916153], [6.872744, 45.916223], [6.872881, 45.916348], [6.872897, 45.916431], [6.872901, 45.916509], [6.872892, 45.916582], [6.872827, 45.916651], [6.87273, 45.916725], [6.87267, 45.916736], [6.87248, 45.916711], [6.8724, 45.916689], [6.872319, 45.91669], [6.872262, 45.916709], [6.872233, 45.916733], [6.872195, 45.9168], [6.872188, 45.91683], [6.872024, 45.916989], [6.871884, 45.917092], [6.871747, 45.917161], [6.871731, 45.917175], [6.871673, 45.917239], [6.8716, 45.917312], [6.871439, 45.917539], [6.871205, 45.91779], [6.87107, 45.917921], [6.870882, 45.918046], [6.870857, 45.918064], [6.870605, 45.918239], [6.870498, 45.918318], [6.871109, 45.918703], [6.871066, 45.918735], [6.87098, 45.918793], [6.870953, 45.91884], [6.870802, 45.918956], [6.870895, 45.919018], [6.870858, 45.919049], [6.870872, 45.919115], [6.870658, 45.919265], [6.8706, 45.919274], [6.870537, 45.919314], [6.87045, 45.91937], [6.870528, 45.919459], [6.870562, 45.919525], [6.870584, 45.919586], [6.870583, 45.919636], [6.870576, 45.919677], [6.870527, 45.919766], [6.870413, 45.919895], [6.87021, 45.920173], [6.870115, 45.920321], [6.870035, 45.920498], [6.869982, 45.920641], [6.870028, 45.920666], [6.87004, 45.920685], [6.870044, 45.920705], [6.870026, 45.920744], [6.869977, 45.92077], [6.869915, 45.92077], [6.869908, 45.9208], [6.869891, 45.920859], [6.869832, 45.921034], [6.86969, 45.921447], [6.869643, 45.92159], [6.869592, 45.921783], [6.86958, 45.921864], [6.869584, 45.921956], [6.869639, 45.922139], [6.869679, 45.922217], [6.869893, 45.922461], [6.870189, 45.922845], [6.870318, 45.922998], [6.870285, 45.923014], [6.870241, 45.923033], [6.870199, 45.922998], [6.870142, 45.922996], [6.869984, 45.923068], [6.869688, 45.923203], [6.869708, 45.923242], [6.869711, 45.923281], [6.869704, 45.923329], [6.86968, 45.923401], [6.86966, 45.923445], [6.869835, 45.923662], [6.869827, 45.923694], [6.86947, 45.923807]]}, "properties": {"heading": 126, "length_km": 22.255, "retrace": 0.026}}, {"type": "Feature", "geometry": {"type": "LineString", "coordinates": [[6.86947, 45.923807], [6.869827, 45.923694], [6.869835, 45.923662], [6.86966, 45.923445], [6.86968, 45.923401], [6.869704, 45.923329], [6.869711, 45.923281], [6.869708, 45.923242], [6.869688, 45.923203], [6.869984, 45.923068], [6.870142, 45.922996], [6.870199, 45.922998], [6.870241, 45.923033], [6.870285, 45.923014], [6.870318, 45.922998], [6.870349, 45.923016], [6.870393, 45.92303], [6.870452, 45.923036], [6.87051, 45.923033], [6.870564, 45.923023], [6.870756, 45.922966], [6.870866, 45.922949], [6.87095, 45.922946], [6.871024, 45.92295], [6.871168, 45.922997], [6.87125, 45.922935], [6.87136, 45.922829], [6.871404, 45.922838], [6.871481, 45.922885], [6.871519, 45.922897], [6.871991, 45.922776], [6.872185, 45.92273], [6.872377, 45.922714], [6.872541, 45.922722], [6.87265, 45.922742], [6.872864, 45.922802], [6.873047, 45.922857], [6.873136, 45.922926], [6.873198, 45.922902], [6.873342, 45.922833], [6.873351, 45.922863], [6.873375, 45.922888], [6.873412, 45.922904], [6.873455, 45.922908], [6.873497, 45.922901], [6.873531, 45.922883], [6.8736, 45.922939], [6.873624, 45.922959], [6.87369, 45.922943], [6.873758, 45.922941], [6.873799, 45.922948], [6.873833, 45.922965], [6.87428, 45.923263], [6.874351, 45.923295], [6.874415, 45.923337], [6.874463, 45.9233], [6.875118, 45.922799], [6.875204, 45.922731], [6.87526, 45.922691], [6.875436, 45.922798], [6.875659, 45.922881], [6.875729, 45.922908], [6.875771, 45.922962], [6.875794, 45.922998], [6.875832, 45.92299], [6.875939, 45.922985], [6.875998, 45.923], [6.876044, 45.923023], [6.876072, 45.92306], [6.876086, 45.923097], [6.876093, 45.923157], [6.876149, 45.923159], [6.876256, 45.923159], [6.876303, 45.923078], [6.876327, 45.92302], [6.876445, 45.923087], [6.877261, 45.923596], [6.87768, 45.923861], [6.877771, 45.923865], [6.877742, 45.92381], [6.877892, 45.923884], [6.878442, 45.924165], [6.878615, 45.924246], [6.879246, 45.924584], [6.879336, 45.924599], [6.879354, 45.924615], [6.879379, 45.924599], [6.879547, 45.924589], [6.879734, 45.924597], [6.879813, 45.924606], [6.879934, 45.924663], [6.879962, 45.92469], [6.880043, 45.92479], [6.880403, 45.924806], [6.880512, 45.924861], [6.880641, 45.924819], [6.880707, 45.924817], [6.880792, 45.924824], [6.880929, 45.924843], [6.881156, 45.924931], [6.881256, 45.92496], [6.881636, 45.925122], [6.881774, 45.925174], [6.881889, 45.925199], [6.882034, 45.92521], [6.882459, 45.925196], [6.883021, 45.925351], [6.883424, 45.925535], [6.883693, 45.925682], [6.884039, 45.925794], [6.884077, 45.925823], [6.88412, 45.925889], [6.884229, 45.926153], [6.884317, 45.926243], [6.88434, 45.926288], [6.884354, 45.926455], [6.884366, 45.92651], [6.884386, 45.926548], [6.88447, 45.926633], [6.884747, 45.92684], [6.885302, 45.927405], [6.885566, 45.927568], [6.886138, 45.927735], [6.886689, 45.927879], [6.887022, 45.927946], [6.887207, 45.927959], [6.88737, 45.927948], [6.887544, 45.927928], [6.887661, 45.927893], [6.88778, 45.927839], [6.888009, 45.927662], [6.88834, 45.927452], [6.888405, 45.927457], [6.888548, 45.927562], [6.888869, 45.9277], [6.889092, 45.927808], [6.889126, 45.927772], [6.889086, 45.927698], [6.889102, 45.927667], [6.889145, 45.927653], [6.889223, 45.927689], [6.889207, 45.927605], [6.889252, 45.927599], [6.889324, 45.927643], [6.889417, 45.927648], [6.889428, 45.927614], [6.889409, 45.92752], [6.889476, 45.92749], [6.889492, 45.927489], [6.889607, 45.927553], [6.889812, 45.927628], [6.889852, 45.927633], [6.889878, 45.927629], [6.889893, 45.927618], [6.889889, 45.927593], [6.889811, 45.927443], [6.889799, 45.927371], [6.889824, 45.927344], [6.889851, 45.927337], [6.889955, 45.927389], [6.889998, 45.927392], [6.890038, 45.927402], [6.890085, 45.927452], [6.890165, 45.927494], [6.890225, 45.927482], [6.890215, 45.927435], [6.890159, 45.927298], [6.890151, 45.92719], [6.890177, 45.927172], [6.890232, 45.927167], [6.890289, 45.927217], [6.890338, 45.927245], [6.890366, 45.927204], [6.890399, 45.927105], [6.890448, 45.927063], [6.890523, 45.927091], [6.890561, 45.927066], [6.890625, 45.92708], [6.890633, 45.927035], [6.890634, 45.926848], [6.890612, 45.926795], [6.890629, 45.92675], [6.890672, 45.926745], [6.890716, 45.926823], [6.890814, 45.92688], [6.890835, 45.926844], [6.8909, 45.926835], [6.890936, 45.926726], [6.891022, 45.926805], [6.891142, 45.926804], [6.891208, 45.926837], [6.89133, 45.926857], [6.891399, 45.926881], [6.8916, 45.92699], [6.891752, 45.927064], [6.891838, 45.927083], [6.891912, 45.927148], [6.892047, 45.92717], [6.892077, 45.92727], [6.892126, 45.927303], [6.892163, 45.927338], [6.892206, 45.927357], [6.892176, 45.927247], [6.892192, 45.92724], [6.892214, 45.92724], [6.892693, 45.927505], [6.892989, 45.927747], [6.893103, 45.928005], [6.893235, 45.928136], [6.893385, 45.928169], [6.893676, 45.928267], [6.894027, 45.928457], [6.894876, 45.928882], [6.895007, 45.92892], [6.895257, 45.929054], [6.895391, 45.929084], [6.895504, 45.929076], [6.895633, 45.929107], [6.895797, 45.929267], [6.895943, 45.929345], [6.895986, 45.929443], [6.896128, 45.929513], [6.896248, 45.929627], [6.896913, 45.930103], [6.896984, 45.930177], [6.897035, 45.930187], [6.897055, 45.930151], [6.896969, 45.929996], [6.896937, 45.929774], [6.896947, 45.929767], [6.897075, 45.929845], [6.89728, 45.929946], [6.897626, 45.930031], [6.89793, 45.930059], [6.898019, 45.930052], [6.8981, 45.930028], [6.898328, 45.929976], [6.898419, 45.929991], [6.898506, 45.930026], [6.898543, 45.93005], [6.898562, 45.930162], [6.89859, 45.930212], [6.898808, 45.930307], [6.898828, 45.930348], [6.898875, 45.930534], [6.898843, 45.930595], [6.898825, 45.930658], [6.898809, 45.930777], [6.898917, 45.930906], [6.899079, 45.931033], [6.899155, 45.931104], [6.899181, 45.931155], [6.899207, 45.931409], [6.899281, 45.931637], [6.899297, 45.931647], [6.899337, 45.931645], [6.89935, 45.931532], [6.899351, 45.931469], [6.89937, 45.931458], [6.899389, 45.931462], [6.899417, 45.931478], [6.899438, 45.931588], [6.89946, 45.931792], [6.899485, 45.931873], [6.899531, 45.931925], [6.899623, 45.932002], [6.899746, 45.932066], [6.89984, 45.932106], [6.899921, 45.932174], [6.900089, 45.932407], [6.900227, 45.932544], [6.900271, 45.93255], [6.900291, 45.932538], [6.900297, 45.932506], [6.900291, 45.932424], [6.90027, 45.93233], [6.900275, 45.932179], [6.900289, 45.932184], [6.900305, 45.932206], [6.90034, 45.932219], [6.900358, 45.932246], [6.900363, 45.932282], [6.900386, 45.932316], [6.900417, 45.932335], [6.900464, 45.932404], [6.900574, 45.932484], [6.900609, 45.932495], [6.900724, 45.932595], [6.900767, 45.932615], [6.900839, 45.932671], [6.90088, 45.932684], [6.900936, 45.932676], [6.900973, 45.932659], [6.900987, 45.932645], [6.900972, 45.932614], [6.900816, 45.932459], [6.900698, 45.932253], [6.900702, 45.93218], [6.90071, 45.932162], [6.900732, 45.932153], [6.900764, 45.932152], [6.900976, 45.93236], [6.901041, 45.932393], [6.901116, 45.932415], [6.901278, 45.932437], [6.901435, 45.932441], [6.90199, 45.932534], [6.902234, 45.932552], [6.902324, 45.932577], [6.902373, 45.932605], [6.90265, 45.932623], [6.902827, 45.932641], [6.902916, 45.93266], [6.90299, 45.932685], [6.903134, 45.932712], [6.903293, 45.932777], [6.903351, 45.932822], [6.903435, 45.932859], [6.90359, 45.932914], [6.903843, 45.93303], [6.904138, 45.933106], [6.904381, 45.933147], [6.904477, 45.933155], [6.904636, 45.933184], [6.904665, 45.933195], [6.904684, 45.933213], [6.90472, 45.93323], [6.904804, 45.933258], [6.904854, 45.933323], [6.904897, 45.933353], [6.905023, 45.933398], [6.905062, 45.933421], [6.905164, 45.933504], [6.905266, 45.933541], [6.905358, 45.933549], [6.905456, 45.933569], [6.905487, 45.933567], [6.905505, 45.933557], [6.905507, 45.933544], [6.905326, 45.933435], [6.905295, 45.933397], [6.905691, 45.933438], [6.905837, 45.933444], [6.906031, 45.933509], [6.906193, 45.933529], [6.906323, 45.933543], [6.906413, 45.933562], [6.906511, 45.93361], [6.906611, 45.933721], [6.906756, 45.933918], [6.906796, 45.933926], [6.906834, 45.933963], [6.907141, 45.934159], [6.907208, 45.934178], [6.907233, 45.934173], [6.907178, 45.934101], [6.90713, 45.933985], [6.907042, 45.933922], [6.906922, 45.933741], [6.906894, 45.933661], [6.906996, 45.933679], [6.907049, 45.933728], [6.907305, 45.933873], [6.907407, 45.93392], [6.907493, 45.933945], [6.907488, 45.933917], [6.907329, 45.933744], [6.907289, 45.933676], [6.90736, 45.933695], [6.907489, 45.933787], [6.907565, 45.933801], [6.907549, 45.933753], [6.907462, 45.933648], [6.907454, 45.93362], [6.9075, 45.933624], [6.907562, 45.933652], [6.9076, 45.933661], [6.907674, 45.933652], [6.90769, 45.933613], [6.907515, 45.933512], [6.907445, 45.933488], [6.907328, 45.933414], [6.907289, 45.933338], [6.907421, 45.933348], [6.907775, 45.933461], [6.907868, 45.933476], [6.907906, 45.933463], [6.907887, 45.933436], [6.907796, 45.933396], [6.907678, 45.933318], [6.907571, 45.933174], [6.907477, 45.933064], [6.907471, 45.93304], [6.907488, 45.933038], [6.907555, 45.933061], [6.907746, 45.933208], [6.907828, 45.93324], [6.908037, 45.9333], [6.908154, 45.933309], [6.908116, 45.933246], [6.907955, 45.933168], [6.907854, 45.933065], [6.907687, 45.93276], [6.907614, 45.932692], [6.907749, 45.932719], [6.90788, 45.932791], [6.90802, 45.93288], [6.908084, 45.932945], [6.908135, 45.932956], [6.908192, 45.932958], [6.908181, 45.932934], [6.908113, 45.932878], [6.908075, 45.932788], [6.908109, 45.932766], [6.908273, 45.932846], [6.908398, 45.932889], [6.908775, 45.932863], [6.908891, 45.932869], [6.909165, 45.932906], [6.909303, 45.932937], [6.909546, 45.933004], [6.909612, 45.933026], [6.909729, 45.933038], [6.909802, 45.933016], [6.909973, 45.933057], [6.910344, 45.93309], [6.9105, 45.93314], [6.910694, 45.933151], [6.911352, 45.93315], [6.911512, 45.933158], [6.911679, 45.933228], [6.91175, 45.933266], [6.911876, 45.933356], [6.911998, 45.933378], [6.912297, 45.933557], [6.912413, 45.933591], [6.912442, 45.933617], [6.912493, 45.933611], [6.912457, 45.933525], [6.912322, 45.933457], [6.912249, 45.933366], [6.912251, 45.933336], [6.912426, 45.933431], [6.912607, 45.933488], [6.912662, 45.933579], [6.912717, 45.933614], [6.912803, 45.93363], [6.912966, 45.93382], [6.91319, 45.933951], [6.91324, 45.93404], [6.91324, 45.934151], [6.913311, 45.934243], [6.913507, 45.934312], [6.913555, 45.934309], [6.91345, 45.934227], [6.913459, 45.934208], [6.913546, 45.934234], [6.913606, 45.93424], [6.913721, 45.934272], [6.913808, 45.93427], [6.914037, 45.934219], [6.914166, 45.934203], [6.914355, 45.934212], [6.914434, 45.934134], [6.914493, 45.934065], [6.914631, 45.933877], [6.914694, 45.933816], [6.914762, 45.933775], [6.914853, 45.93374], [6.915053, 45.933709], [6.915167, 45.93371], [6.915323, 45.93373], [6.915389, 45.933747], [6.915456, 45.93377], [6.915547, 45.933828], [6.915726, 45.933867], [6.915937, 45.933904], [6.916093, 45.933926], [6.916226, 45.933946], [6.916361, 45.933968], [6.916422, 45.93399], [6.916577, 45.934089], [6.916713, 45.934192], [6.916771, 45.934285], [6.916803, 45.934319], [6.916874, 45.934339], [6.916918, 45.934342], [6.91694, 45.934326], [6.916951, 45.934294], [6.916911, 45.934129], [6.916889, 45.933917], [6.916843, 45.93372], [6.91684, 45.93364], [6.916724, 45.933467], [6.916696, 45.933444], [6.916584, 45.933367], [6.91641, 45.933291], [6.916384, 45.933275], [6.916384, 45.933266], [6.91601, 45.933231], [6.915919, 45.933206], [6.915929, 45.933197], [6.915964, 45.933186], [6.916039, 45.93317], [6.916003, 45.933135], [6.915991, 45.933103], [6.915995, 45.933045], [6.916035, 45.933037], [6.916039, 45.933007], [6.916004, 45.932994], [6.915971, 45.932953], [6.91595, 45.932941], [6.915871, 45.932911], [6.915763, 45.932858], [6.915656, 45.932854], [6.91558, 45.932841], [6.915525, 45.932821], [6.915397, 45.932752], [6.915354, 45.93272], [6.915331, 45.932688], [6.915297, 45.932658], [6.91519, 45.932615], [6.915145, 45.932611], [6.915082, 45.932619], [6.914972, 45.932617], [6.914796, 45.932585], [6.914778, 45.932569], [6.914785, 45.932556], [6.914777, 45.932544], [6.914716, 45.932532], [6.914637, 45.932543], [6.914493, 45.932524], [6.914332, 45.932523], [6.914169, 45.932498], [6.914109, 45.932476], [6.913962, 45.932453], [6.913852, 45.932446], [6.913782, 45.932424], [6.913718, 45.932422], [6.913653, 45.93241], [6.913604, 45.932387], [6.913512, 45.932357], [6.913447, 45.932324], [6.913332, 45.932314], [6.913272, 45.932301], [6.913155, 45.932258], [6.913138, 45.932246], [6.913144, 45.932234], [6.913194, 45.932224], [6.913236, 45.932204], [6.913249, 45.932187], [6.913239, 45.932174], [6.913138, 45.932169], [6.913104, 45.932155], [6.912907, 45.932024], [6.912617, 45.931854], [6.912522, 45.931824], [6.912463, 45.931797], [6.912328, 45.93168], [6.912297, 45.931617], [6.912024, 45.931387], [6.911906, 45.931261], [6.911908, 45.931084], [6.911829, 45.93105], [6.911756, 45.930864], [6.911682, 45.930721], [6.91139, 45.930675], [6.91129, 45.930747], [6.911184, 45.930771], [6.910926, 45.930765], [6.910711, 45.930738], [6.910496, 45.930752], [6.909364, 45.930515], [6.909185, 45.93047], [6.909107, 45.93034], [6.908983, 45.930242], [6.908978, 45.93009], [6.908856, 45.930003], [6.908674, 45.929744], [6.908613, 45.929677], [6.908453, 45.929644], [6.908299, 45.929542], [6.908169, 45.929533], [6.908126, 45.929519], [6.908043, 45.929426], [6.907881, 45.929381], [6.907819, 45.929408], [6.90769, 45.9294], [6.907605, 45.929359], [6.907535, 45.929293], [6.907526, 45.929225], [6.907607, 45.929161], [6.907656, 45.929076], [6.907637, 45.928929], [6.907571, 45.928785], [6.907468, 45.928728], [6.907323, 45.928674], [6.907203, 45.928571], [6.907195, 45.928464], [6.907206, 45.928359], [6.907193, 45.928298], [6.907148, 45.928244], [6.907165, 45.928205], [6.907034, 45.928135], [6.90698, 45.928079], [6.906724, 45.928061], [6.906852, 45.927849], [6.906875, 45.927715], [6.906798, 45.927621], [6.906704, 45.927535], [6.906552, 45.927442], [6.906444, 45.927298], [6.906222, 45.92708], [6.906201, 45.926972], [6.905964, 45.926843], [6.905909, 45.926774], [6.905866, 45.926747], [6.905705, 45.926766], [6.905484, 45.926644], [6.905384, 45.926539], [6.905186, 45.926433], [6.905003, 45.926431], [6.904581, 45.926177], [6.904539, 45.925968], [6.904582, 45.925767], [6.904648, 45.925807], [6.904579, 45.925669], [6.90455, 45.925474], [6.904483, 45.925267], [6.90449, 45.92502], [6.904482, 45.92494], [6.904676, 45.924697], [6.90461, 45.924486], [6.904642, 45.924119], [6.904701, 45.924055], [6.904801, 45.923894], [6.904907, 45.923844], [6.905034, 45.923619], [6.905059, 45.923453], [6.905154, 45.9234], [6.905178, 45.923343], [6.905265, 45.923289], [6.905298, 45.923194], [6.905334, 45.923167], [6.905358, 45.923138], [6.905326, 45.923089], [6.905343, 45.922979], [6.905444, 45.922632], [6.90542, 45.922564], [6.905441, 45.922464], [6.905438, 45.922272], [6.905541, 45.922148], [6.905559, 45.922049], [6.905456, 45.921634], [6.905482, 45.921425], [6.90547, 45.921193], [6.905318, 45.921045], [6.905264, 45.920951], [6.905253, 45.920848], [6.905245, 45.92078], [6.905188, 45.920641], [6.905268, 45.920236], [6.905355, 45.920109], [6.905271, 45.919952], [6.905162, 45.919774], [6.905168, 45.919653], [6.905091, 45.919516], [6.905014, 45.919417], [6.904814, 45.919251], [6.90469, 45.919221], [6.90453, 45.919152], [6.904225, 45.918966], [6.904098, 45.91885], [6.903957, 45.918571], [6.903774, 45.918452], [6.903625, 45.918381], [6.903483, 45.918357], [6.903403, 45.918314], [6.903256, 45.91827], [6.903199, 45.918221], [6.903087, 45.918208], [6.902984, 45.918241], [6.902892, 45.918228], [6.902667, 45.917958], [6.902661, 45.917854], [6.902695, 45.917772], [6.902827, 45.917512], [6.902878, 45.917322], [6.902842, 45.917206], [6.902718, 45.917157], [6.90247, 45.917122], [6.902325, 45.917125], [6.901956, 45.917065], [6.901673, 45.916881], [6.901546, 45.916833], [6.901443, 45.916721], [6.901348, 45.91663], [6.901334, 45.916544], [6.90124, 45.916455], [6.901116, 45.916382], [6.900976, 45.916207], [6.900648, 45.916004], [6.900631, 45.915921], [6.900425, 45.915851], [6.900384, 45.915757], [6.900258, 45.915672], [6.900119, 45.915592], [6.899921, 45.915435], [6.899706, 45.915279], [6.89967, 45.915249], [6.899637, 45.91524], [6.899613, 45.915224], [6.899493, 45.915203], [6.899436, 45.915184], [6.899366, 45.915123], [6.899332, 45.915114], [6.899286, 45.91508], [6.899255, 45.915039], [6.899183, 45.91498], [6.899063, 45.914849], [6.898967, 45.914782], [6.898935, 45.91475], [6.898854, 45.914698], [6.898804, 45.91464], [6.898662, 45.914535], [6.898579, 45.914483], [6.898514, 45.914446], [6.898347, 45.914377], [6.898308, 45.914348], [6.898162, 45.914211], [6.898097, 45.914236], [6.897987, 45.914259], [6.897857, 45.914271], [6.897806, 45.914284], [6.897755, 45.914279], [6.897653, 45.914246], [6.897594, 45.914199], [6.897576, 45.9142], [6.897551, 45.914266], [6.897547, 45.914329], [6.89751, 45.914348], [6.897521, 45.914397], [6.897541, 45.914432], [6.897537, 45.914448], [6.897518, 45.914456], [6.897518, 45.914465], [6.897542, 45.914485], [6.897546, 45.914497], [6.897504, 45.914484], [6.897426, 45.914429], [6.897402, 45.914426], [6.897383, 45.91444], [6.897381, 45.91448], [6.89739, 45.914515], [6.897478, 45.914612], [6.897506, 45.914669], [6.897485, 45.914691], [6.897333, 45.914628], [6.897313, 45.914641], [6.897362, 45.914713], [6.897271, 45.914722], [6.897195, 45.914674], [6.897184, 45.9147], [6.897215, 45.914755], [6.897204, 45.914833], [6.897255, 45.914878], [6.897196, 45.91489], [6.897107, 45.91483], [6.897077, 45.914819], [6.897087, 45.914922], [6.896993, 45.914876], [6.896957, 45.914808], [6.896918, 45.914815], [6.896946, 45.914898], [6.896921, 45.915003], [6.896922, 45.915045], [6.896898, 45.915055], [6.896878, 45.915022], [6.89681, 45.915007], [6.896789, 45.91503], [6.896842, 45.915158], [6.896803, 45.915196], [6.896747, 45.915339], [6.896644, 45.915254], [6.896592, 45.915253], [6.89662, 45.915341], [6.896609, 45.915374], [6.89658, 45.915371], [6.89658, 45.915358], [6.89645, 45.915275], [6.896418, 45.915282], [6.896386, 45.915365], [6.896322, 45.915375], [6.896274, 45.915435], [6.89626, 45.915509], [6.896187, 45.915503], [6.89611, 45.915456], [6.896042, 45.915427], [6.896023, 45.915457], [6.895933, 45.915475], [6.89584, 45.915532], [6.895764, 45.915518], [6.895762, 45.915563], [6.895647, 45.915611], [6.895572, 45.915727], [6.895668, 45.91572], [6.895799, 45.915883], [6.895762, 45.915947], [6.895866, 45.916054], [6.895749, 45.916041], [6.8958, 45.916179], [6.895774, 45.91619], [6.895771, 45.916325], [6.895419, 45.916198], [6.895424, 45.916249], [6.89547, 45.916305], [6.89543, 45.916293], [6.895435, 45.916341], [6.895404, 45.91639], [6.895291, 45.916374], [6.895195, 45.916395], [6.895105, 45.916476], [6.894997, 45.916543], [6.894897, 45.916521], [6.894804, 45.916536], [6.894639, 45.916453], [6.894511, 45.916426], [6.894334, 45.916414], [6.894274, 45.916446], [6.894166, 45.916521], [6.894125, 45.916521], [6.893985, 45.916444], [6.893832, 45.916237], [6.893857, 45.916147], [6.893822, 45.916136], [6.893773, 45.916155], [6.893736, 45.916102], [6.89368, 45.91605], [6.893688, 45.915971], [6.89362, 45.91588], [6.893582, 45.915887], [6.893544, 45.91579], [6.89341, 45.915758], [6.893305, 45.915821], [6.893249, 45.915886], [6.893219, 45.916047], [6.893048, 45.916187], [6.893047, 45.916309], [6.892901, 45.916415], [6.892949, 45.916634], [6.892904, 45.916779], [6.892833, 45.916833], [6.892773, 45.91679], [6.892647, 45.91673], [6.892582, 45.916716], [6.892538, 45.91685], [6.892491, 45.916875], [6.892478, 45.917035], [6.892379, 45.91703], [6.892304, 45.916995], [6.892225, 45.91699], [6.892266, 45.917174], [6.892199, 45.917262], [6.892142, 45.917526], [6.89221, 45.917689], [6.892289, 45.917769], [6.892381, 45.917943], [6.892362, 45.917955], [6.892242, 45.917935], [6.891775, 45.917826], [6.891468, 45.917886], [6.891302, 45.917833], [6.891295, 45.917936], [6.891249, 45.91797], [6.891108, 45.917946], [6.891019, 45.917855], [6.890957, 45.917842], [6.890902, 45.917853], [6.890765, 45.917839], [6.890698, 45.917874], [6.890648, 45.917948], [6.89058, 45.917971], [6.890534, 45.917951], [6.89041, 45.917744], [6.89031, 45.91768], [6.890263, 45.917728], [6.890255, 45.917859], [6.890262, 45.917923], [6.890212, 45.917955], [6.890157, 45.917963], [6.890106, 45.917927], [6.890067, 45.917836], [6.889895, 45.917795], [6.889861, 45.917865], [6.889764, 45.917756], [6.889653, 45.91771], [6.889603, 45.917749], [6.889516, 45.917786], [6.88962, 45.918], [6.88962, 45.918182], [6.889647, 45.918332], [6.889638, 45.918392], [6.889614, 45.918402], [6.889597, 45.918424], [6.889577, 45.918429], [6.889567, 45.918443], [6.889539, 45.918513], [6.889574, 45.918571], [6.889566, 45.91859], [6.88951, 45.918588], [6.88935, 45.918591], [6.889253, 45.918629], [6.88922, 45.918662], [6.889169, 45.918684], [6.889131, 45.918711], [6.889137, 45.918792], [6.88921, 45.918879], [6.889191, 45.918913], [6.88919, 45.91894], [6.889209, 45.918983], [6.889237, 45.919019], [6.88925, 45.919064], [6.889231, 45.91909], [6.889179, 45.919098], [6.889116, 45.919086], [6.889059, 45.919056], [6.889006, 45.919049], [6.88891, 45.919025], [6.888862, 45.918985], [6.88879, 45.91887], [6.888741, 45.918821], [6.888703, 45.918746], [6.888527, 45.918558], [6.888459, 45.918501], [6.88838, 45.91839], [6.88837, 45.918325], [6.888378, 45.918262], [6.88836, 45.918229], [6.888315, 45.91819], [6.888231, 45.918153], [6.888134, 45.918082], [6.888079, 45.918054], [6.887922, 45.917899], [6.88787, 45.917884], [6.887771, 45.91778], [6.887742, 45.917765], [6.887713, 45.917656], [6.887659, 45.91752], [6.887611, 45.917455], [6.887614, 45.917435], [6.887604, 45.917407], [6.887582, 45.917396], [6.887538, 45.917389], [6.887523, 45.917379], [6.887482, 45.917308], [6.887397, 45.917232], [6.887243, 45.916989], [6.887126, 45.916767], [6.887021, 45.916608], [6.886855, 45.916483], [6.886733, 45.916403], [6.886602, 45.916306], [6.886463, 45.916135], [6.886439, 45.916063], [6.886424, 45.915982], [6.886403, 45.915898], [6.886345, 45.915855], [6.886333, 45.91582], [6.886322, 45.915731], [6.886344, 45.915646], [6.88642, 45.915591], [6.886438, 45.915561], [6.886394, 45.915495], [6.886385, 45.915467], [6.886367, 45.915437], [6.886338, 45.915433], [6.886204, 45.915443], [6.886089, 45.915419], [6.885977, 45.915376], [6.885887, 45.915315], [6.885892, 45.915284], [6.885945, 45.915182], [6.885977, 45.915047], [6.88585, 45.9151], [6.885631, 45.915255], [6.88542, 45.915355], [6.884795, 45.915278], [6.884049, 45.915114], [6.883298, 45.914995], [6.882826, 45.914899], [6.882718, 45.914805], [6.882836, 45.914823], [6.883149, 45.914855], [6.883349, 45.914804], [6.883475, 45.914779], [6.883664, 45.914768], [6.883809, 45.914772], [6.883962, 45.914785], [6.884156, 45.914823], [6.884479, 45.914926], [6.884553, 45.914929], [6.88465, 45.914946], [6.884762, 45.914947], [6.884871, 45.914933], [6.885094, 45.91494], [6.885214, 45.914951], [6.885623, 45.914948], [6.885732, 45.914925], [6.885764, 45.914897], [6.885694, 45.91487], [6.885659, 45.914833], [6.885439, 45.914748], [6.885431, 45.914738], [6.885459, 45.914714], [6.885479, 45.914707], [6.885658, 45.914705], [6.885889, 45.914682], [6.885897, 45.914667], [6.885514, 45.914525], [6.885526, 45.91451], [6.885972, 45.914405], [6.886123, 45.91433], [6.885924, 45.914283], [6.885823, 45.914228], [6.885837, 45.914216], [6.88603, 45.914151], [6.886253, 45.914111], [6.88625, 45.914095], [6.885999, 45.914041], [6.885957, 45.914024], [6.885976, 45.914002], [6.886032, 45.913978], [6.886151, 45.913941], [6.886356, 45.913926], [6.886361, 45.913916], [6.886345, 45.91389], [6.886318, 45.913865], [6.886281, 45.913842], [6.886122, 45.913773], [6.886128, 45.91374], [6.886362, 45.913731], [6.886195, 45.913654], [6.886202, 45.913648], [6.886432, 45.913655], [6.886262, 45.913543], [6.886254, 45.913533], [6.886255, 45.913516], [6.886269, 45.913509], [6.886332, 45.913513], [6.88646, 45.913477], [6.886401, 45.913455], [6.88631, 45.913435], [6.886226, 45.913388], [6.886227, 45.913368], [6.886288, 45.913355], [6.886393, 45.913293], [6.886391, 45.913282], [6.886369, 45.913263], [6.886186, 45.913235], [6.885839, 45.913254], [6.88572, 45.913253], [6.885472, 45.913264], [6.885415, 45.913259], [6.885381, 45.913246], [6.885348, 45.913223], [6.885307, 45.913153], [6.885289, 45.91292], [6.885099, 45.912808], [6.885092, 45.912774], [6.885107, 45.912721], [6.88518, 45.912624], [6.885216, 45.912588], [6.885278, 45.912576], [6.885356, 45.912571], [6.885385, 45.912595], [6.88541, 45.912598], [6.8854, 45.912468], [6.885361, 45.912447], [6.88537, 45.912428], [6.885398, 45.912431], [6.885484, 45.912487], [6.885506, 45.912473], [6.885506, 45.91246], [6.885466, 45.912396], [6.88548, 45.912384], [6.885502, 45.912387], [6.88556, 45.912433], [6.885578, 45.912429], [6.885595, 45.912368], [6.885615, 45.912364], [6.885668, 45.912431], [6.885724, 45.91244], [6.885766, 45.912275], [6.885868, 45.912292], [6.886128, 45.912126], [6.886341, 45.912056], [6.886526, 45.912075], [6.886571, 45.912029], [6.886511, 45.91201], [6.886257, 45.911955], [6.886602, 45.911896], [6.886633, 45.91188], [6.886442, 45.911843], [6.886396, 45.911818], [6.886301, 45.91181], [6.886308, 45.91179], [6.886371, 45.911753], [6.886603, 45.911711], [6.886815, 45.911595], [6.88643, 45.911591], [6.886875, 45.911437], [6.887113, 45.911438], [6.887058, 45.911411], [6.88668, 45.911318], [6.886728, 45.911287], [6.88686, 45.911274], [6.887, 45.911275], [6.88718, 45.911216], [6.887483, 45.911235], [6.8875, 45.911226], [6.8875, 45.91121], [6.887473, 45.911195], [6.887325, 45.911143], [6.887237, 45.91113], [6.887079, 45.911069], [6.88697, 45.911037], [6.886756, 45.911032], [6.886838, 45.910975], [6.886987, 45.910948], [6.887008, 45.910934], [6.88701, 45.910909], [6.886947, 45.91088], [6.886872, 45.910856], [6.886808, 45.910844], [6.886807, 45.910833], [6.886824, 45.910818], [6.886975, 45.910756], [6.886985, 45.910741], [6.886979, 45.910726], [6.886956, 45.910713], [6.886914, 45.910713], [6.886846, 45.910724], [6.886753, 45.910725], [6.886669, 45.910757], [6.886623, 45.910766], [6.88648, 45.910913], [6.886385, 45.910902], [6.886073, 45.910899], [6.886079, 45.910827], [6.886072, 45.91075], [6.886002, 45.910686], [6.886006, 45.910654], [6.885966, 45.910629], [6.886007, 45.910585], [6.885975, 45.910568], [6.885906, 45.910592], [6.885853, 45.91056], [6.885846, 45.910542], [6.885864, 45.910518], [6.885858, 45.910476], [6.885839, 45.910464], [6.885802, 45.910484], [6.885772, 45.910474], [6.885792, 45.910441], [6.885776, 45.910432], [6.885711, 45.910426], [6.885678, 45.910406], [6.885654, 45.910375], [6.885593, 45.910359], [6.885578, 45.910341], [6.885926, 45.9103], [6.885816, 45.910224], [6.885766, 45.910205], [6.885591, 45.910106], [6.88557, 45.910071], [6.885631, 45.910033], [6.885765, 45.910005], [6.885849, 45.91002], [6.88591, 45.910015], [6.886137, 45.910075], [6.886337, 45.910068], [6.886448, 45.910132], [6.88648, 45.910121], [6.886411, 45.909967], [6.886348, 45.909908], [6.886312, 45.909899], [6.886257, 45.909871], [6.886206, 45.909864], [6.886156, 45.909831], [6.886118, 45.909761], [6.886103, 45.909747], [6.886033, 45.90973], [6.885985, 45.909699], [6.885901, 45.909665], [6.885888, 45.909645], [6.885794, 45.909589], [6.885762, 45.909527], [6.885775, 45.909522], [6.885933, 45.90956], [6.886125, 45.909541], [6.88621, 45.909558], [6.886267, 45.909545], [6.886334, 45.909587], [6.886436, 45.909627], [6.886613, 45.909649], [6.886744, 45.909591], [6.88683, 45.909561], [6.887039, 45.909503], [6.887138, 45.909499], [6.887334, 45.909429], [6.887554, 45.909437], [6.887795, 45.909521], [6.887913, 45.909471], [6.888116, 45.909457], [6.888116, 45.909438], [6.887998, 45.909352], [6.887654, 45.909182], [6.88762, 45.909179], [6.887525, 45.909193], [6.887462, 45.909178], [6.88742, 45.909157], [6.887422, 45.90913], [6.887484, 45.909019], [6.887478, 45.909003], [6.887462, 45.909001], [6.887335, 45.909067], [6.887155, 45.909088], [6.887206, 45.909044], [6.887277, 45.908957], [6.88734, 45.908845], [6.887353, 45.908808], [6.887355, 45.908757], [6.887374, 45.908717], [6.887304, 45.908732], [6.887207, 45.908793], [6.887177, 45.908797], [6.887162, 45.908813], [6.887111, 45.908841], [6.886921, 45.908878], [6.886867, 45.908855], [6.886825, 45.908828], [6.886777, 45.908776], [6.886697, 45.908411], [6.88665, 45.908332], [6.886524, 45.908215], [6.886415, 45.908139], [6.886396, 45.908099], [6.886309, 45.908039], [6.886317, 45.908007], [6.886235, 45.907908], [6.886246, 45.907828], [6.886099, 45.90772], [6.88604, 45.90766], [6.885852, 45.907654], [6.885744, 45.90767], [6.885617, 45.907673], [6.885356, 45.907653], [6.885309, 45.90769], [6.885238, 45.907785], [6.885142, 45.907847], [6.885104, 45.90785], [6.885089, 45.907866], [6.885048, 45.907875], [6.88504, 45.9079], [6.885017, 45.907912], [6.884992, 45.907939], [6.884954, 45.907939], [6.884942, 45.907893], [6.884923, 45.907878], [6.884906, 45.907879], [6.884886, 45.907914], [6.884866, 45.90793], [6.884863, 45.907943], [6.884855, 45.907949], [6.884835, 45.90795], [6.88481, 45.907923], [6.884757, 45.907899], [6.884671, 45.907885], [6.884594, 45.907884], [6.884523, 45.907861], [6.884507, 45.907866], [6.884499, 45.907877], [6.884494, 45.90791], [6.884483, 45.907926], [6.884387, 45.9079], [6.884363, 45.907914], [6.884347, 45.90791], [6.88432, 45.907894], [6.884176, 45.907843], [6.883907, 45.907758], [6.883865, 45.907729], [6.883816, 45.907682], [6.883768, 45.907664], [6.88372, 45.907634], [6.883343, 45.907345], [6.883202, 45.90717], [6.883212, 45.907129], [6.883241, 45.907125], [6.883396, 45.907197], [6.883578, 45.907236], [6.883594, 45.907109], [6.883487, 45.906994], [6.883426, 45.90686], [6.883485, 45.906712], [6.883331, 45.906501], [6.883258, 45.906444], [6.883582, 45.906512], [6.883601, 45.9065], [6.883503, 45.906415], [6.883466, 45.906413], [6.883372, 45.906335], [6.883396, 45.906307], [6.883403, 45.906283], [6.883363, 45.906247], [6.883335, 45.906231], [6.883338, 45.9062], [6.883329, 45.906183], [6.883241, 45.906129], [6.883089, 45.906015], [6.882952, 45.905872], [6.882922, 45.905817], [6.882885, 45.905772], [6.882899, 45.905728], [6.882734, 45.905644], [6.882607, 45.905573], [6.882574, 45.905547], [6.882549, 45.90551], [6.882551, 45.905438], [6.882486, 45.905373], [6.882462, 45.905351], [6.882402, 45.905233], [6.882179, 45.904904], [6.882088, 45.904748], [6.881998, 45.90465], [6.881904, 45.904601], [6.881871, 45.904577], [6.88181, 45.904467], [6.881702, 45.904389], [6.881693, 45.904335], [6.881589, 45.904261], [6.881472, 45.904154], [6.881178, 45.903976], [6.881001, 45.903762], [6.880982, 45.903747], [6.88097, 45.903751], [6.880967, 45.903762], [6.881017, 45.903927], [6.881018, 45.903952], [6.881005, 45.903957], [6.880988, 45.903952], [6.88086, 45.903868], [6.880846, 45.903838], [6.880836, 45.903834], [6.880823, 45.903839], [6.880815, 45.903877], [6.880836, 45.903945], [6.880883, 45.90399], [6.880919, 45.904051], [6.880956, 45.904083], [6.880963, 45.904101], [6.88095, 45.904106], [6.880877, 45.904064], [6.880863, 45.904067], [6.880859, 45.904074], [6.8809, 45.904133], [6.880942, 45.904173], [6.880997, 45.904207], [6.881, 45.904251], [6.880991, 45.904267], [6.880947, 45.904262], [6.880707, 45.904099], [6.880639, 45.904127], [6.88059, 45.904165], [6.880593, 45.904225], [6.880625, 45.904333], [6.880694, 45.904419], [6.88076, 45.904596], [6.881038, 45.904917], [6.881238, 45.905124], [6.881334, 45.905358], [6.881334, 45.905387], [6.881321, 45.905399], [6.881304, 45.9054], [6.881201, 45.905306], [6.881186, 45.905307], [6.881179, 45.905314], [6.881188, 45.905337], [6.881183, 45.905357], [6.881164, 45.905358], [6.88111, 45.90533], [6.881086, 45.905328], [6.881074, 45.905336], [6.881072, 45.905348], [6.881105, 45.905395], [6.881115, 45.905434], [6.881106, 45.905446], [6.881084, 45.905453], [6.881054, 45.905448], [6.88098, 45.905373], [6.880961, 45.905318], [6.880877, 45.905228], [6.880814, 45.905184], [6.880795, 45.90515], [6.880764, 45.905145], [6.880667, 45.905021], [6.880557, 45.904948], [6.880454, 45.904901], [6.880418, 45.904902], [6.88038, 45.90492], [6.880331, 45.904917], [6.880185, 45.904854], [6.880135, 45.904848], [6.880056, 45.904873], [6.880003, 45.904905], [6.879927, 45.904924], [6.879864, 45.904909], [6.879786, 45.904918], [6.879714, 45.904856], [6.879672, 45.904852], [6.879663, 45.904865], [6.879663, 45.904905], [6.87964, 45.904914], [6.879439, 45.904711], [6.879413, 45.904631], [6.879388, 45.904621], [6.879361, 45.904633], [6.879345, 45.904657], [6.87934, 45.904719], [6.879352, 45.904821], [6.87937, 45.904891], [6.8795, 45.905132], [6.879549, 45.905172], [6.879542, 45.90518], [6.879521, 45.90518], [6.879437, 45.905138], [6.879303, 45.905003], [6.879221, 45.904948], [6.879012, 45.90472], [6.878999, 45.90472], [6.878995, 45.904728], [6.879044, 45.90494], [6.879028, 45.905053], [6.878995, 45.905075], [6.878945, 45.905084], [6.878898, 45.905079], [6.878727, 45.904846], [6.878501, 45.904692], [6.878437, 45.904615], [6.878398, 45.904498], [6.878376, 45.904482], [6.878332, 45.904488], [6.87832, 45.904503], [6.878316, 45.90459], [6.87835, 45.904747], [6.878338, 45.90476], [6.878316, 45.904761], [6.878289, 45.904752], [6.878228, 45.904678], [6.878168, 45.904499], [6.878186, 45.904398], [6.878251, 45.904259], [6.87831, 45.90416], [6.8783, 45.904145], [6.87827, 45.904141], [6.878226, 45.904157], [6.87805, 45.904307], [6.877903, 45.904405], [6.877828, 45.904511], [6.877792, 45.904531], [6.877768, 45.904524], [6.877756, 45.904491], [6.877838, 45.904308], [6.877938, 45.904158], [6.877981, 45.903995], [6.87804, 45.90393], [6.87806, 45.903863], [6.878048, 45.903833], [6.878026, 45.903828], [6.877993, 45.90384], [6.877956, 45.903887], [6.877838, 45.904006], [6.877637, 45.904154], [6.877624, 45.904153], [6.877613, 45.904144], [6.877616, 45.904124], [6.87769, 45.904004], [6.877713, 45.903901], [6.877766, 45.903797], [6.877754, 45.903773], [6.877727, 45.903778], [6.877635, 45.903867], [6.877608, 45.903923], [6.877534, 45.903989], [6.877518, 45.903984], [6.877515, 45.903952], [6.877559, 45.903892], [6.877562, 45.903804], [6.87755, 45.903793], [6.877533, 45.903795], [6.877468, 45.903877], [6.877389, 45.903957], [6.877383, 45.903984], [6.877366, 45.903992], [6.877349, 45.903986], [6.87736, 45.903885], [6.877387, 45.903814], [6.877375, 45.903794], [6.877357, 45.903787], [6.87722, 45.903892], [6.8772, 45.903964], [6.877177, 45.903976], [6.877162, 45.903963], [6.877141, 45.903895], [6.877209, 45.903681], [6.877137, 45.903344], [6.877103, 45.902951], [6.877189, 45.902655], [6.877182, 45.90247], [6.877288, 45.902268], [6.877362, 45.90219], [6.87727, 45.902015], [6.877228, 45.901968], [6.87714, 45.901924], [6.877024, 45.901922], [6.876772, 45.901862], [6.876729, 45.901901], [6.876606, 45.901882], [6.876604, 45.901917], [6.876751, 45.902021], [6.876851, 45.902079], [6.87686, 45.902092], [6.876855, 45.902102], [6.876837, 45.90211], [6.876695, 45.902051], [6.876533, 45.902023], [6.876287, 45.90195], [6.876254, 45.90187], [6.876119, 45.901958], [6.876088, 45.901972], [6.876078, 45.902012], [6.876109, 45.902059], [6.876195, 45.902111], [6.876402, 45.902161], [6.876411, 45.902168], [6.876409, 45.90218], [6.87639, 45.902186], [6.87604, 45.902152], [6.875859, 45.902162], [6.875781, 45.902127], [6.875747, 45.902036], [6.875711, 45.901967], [6.875659, 45.901982], [6.875537, 45.902083], [6.875519, 45.902146], [6.875585, 45.902215], [6.875728, 45.902271], [6.875877, 45.902375], [6.875923, 45.902396], [6.875924, 45.902406], [6.875912, 45.90241], [6.875856, 45.902406], [6.875599, 45.902335], [6.87549, 45.90232], [6.875126, 45.902253], [6.875057, 45.902148], [6.875007, 45.902146], [6.874996, 45.902163], [6.874927, 45.902224], [6.874947, 45.902293], [6.87513, 45.902429], [6.875239, 45.902508], [6.875382, 45.902592], [6.875401, 45.902609], [6.875401, 45.902622], [6.875384, 45.902627], [6.875309, 45.902611], [6.875052, 45.902522], [6.874822, 45.902473], [6.874474, 45.902412], [6.874382, 45.902302], [6.874347, 45.90229], [6.874312, 45.902296], [6.874294, 45.902322], [6.874366, 45.902489], [6.874548, 45.902654], [6.874656, 45.902762], [6.874772, 45.90293], [6.874792, 45.903017], [6.874778, 45.903105], [6.87419, 45.903532], [6.874175, 45.903663], [6.873907, 45.9041], [6.873885, 45.904372], [6.873863, 45.904447], [6.873772, 45.904307], [6.873705, 45.904229], [6.873684, 45.904337], [6.873614, 45.904486], [6.873533, 45.904619], [6.873474, 45.904641], [6.873457, 45.904323], [6.87337, 45.904201], [6.873323, 45.903994], [6.873311, 45.903674], [6.873284, 45.903599], [6.873048, 45.903941], [6.872866, 45.904452], [6.872287, 45.905088], [6.872167, 45.905206], [6.872004, 45.905482], [6.87204, 45.905713], [6.87216, 45.906011], [6.872297, 45.906135], [6.872306, 45.906169], [6.872293, 45.906183], [6.872261, 45.906187], [6.872208, 45.90617], [6.871995, 45.906023], [6.871547, 45.905731], [6.871444, 45.905591], [6.871358, 45.905432], [6.871382, 45.905261], [6.871487, 45.904968], [6.871487, 45.904357], [6.871433, 45.904324], [6.871264, 45.904531], [6.871119, 45.904815], [6.871085, 45.904811], [6.871034, 45.904421], [6.870605, 45.904932], [6.870265, 45.905192], [6.870227, 45.905397], [6.870161, 45.905968], [6.870209, 45.906129], [6.870332, 45.906356], [6.870304, 45.906371], [6.870281, 45.906373], [6.870244, 45.906361], [6.87006, 45.90619], [6.870029, 45.906174], [6.869998, 45.906172], [6.869981, 45.906188], [6.870007, 45.906272], [6.870299, 45.90669], [6.870446, 45.906937], [6.870637, 45.907297], [6.870736, 45.907427], [6.870725, 45.907439], [6.870668, 45.907429], [6.870509, 45.907376], [6.870261, 45.907271], [6.870073, 45.907187], [6.869939, 45.907093], [6.869373, 45.906575], [6.869186, 45.906395], [6.868944, 45.906117], [6.868711, 45.905725], [6.868657, 45.905617], [6.868472, 45.905496], [6.8684, 45.90544], [6.86833, 45.905283], [6.868357, 45.904884], [6.868319, 45.904761], [6.868263, 45.904729], [6.868083, 45.904925], [6.867777, 45.90516], [6.867761, 45.905192], [6.867751, 45.905369], [6.867836, 45.905541], [6.867879, 45.905753], [6.867836, 45.905858], [6.867834, 45.906619], [6.867775, 45.906621], [6.86748, 45.906326], [6.867437, 45.906231], [6.867289, 45.905899], [6.867228, 45.905897], [6.867158, 45.906056], [6.867029, 45.905733], [6.866871, 45.905602], [6.86667, 45.90549], [6.866471, 45.905214], [6.86638, 45.905339], [6.866208, 45.905235], [6.866176, 45.905076], [6.86609, 45.904962], [6.865929, 45.90477], [6.865642, 45.904555], [6.865439, 45.904581], [6.865431, 45.904477], [6.865321, 45.904449], [6.865178, 45.904186], [6.865055, 45.904066], [6.864958, 45.904195], [6.864798, 45.90393], [6.864511, 45.903581], [6.864221, 45.903377], [6.864336, 45.903883], [6.864266, 45.903902], [6.864127, 45.903769], [6.864028, 45.903717], [6.863886, 45.903689], [6.863768, 45.90362], [6.863765, 45.903699], [6.863778, 45.903756], [6.863961, 45.903958], [6.864025, 45.904135], [6.864001, 45.904188], [6.863888, 45.9041], [6.863711, 45.904085], [6.863751, 45.904253], [6.863778, 45.904333], [6.863628, 45.904417], [6.863585, 45.904529], [6.86299, 45.904176], [6.86284, 45.90415], [6.862638, 45.904167], [6.862539, 45.904316], [6.862287, 45.904383], [6.862142, 45.904385], [6.862083, 45.904385], [6.861864, 45.904315], [6.861919, 45.904263], [6.861953, 45.904252], [6.861958, 45.904242], [6.861936, 45.90422], [6.861919, 45.904159], [6.861835, 45.904045], [6.86178, 45.903905], [6.861815, 45.903865], [6.861979, 45.903861], [6.861998, 45.903852], [6.861994, 45.90383], [6.861947, 45.903818], [6.861856, 45.903761], [6.861824, 45.903726], [6.861842, 45.903694], [6.861962, 45.903686], [6.861997, 45.903678], [6.862033, 45.903659], [6.861992, 45.903609], [6.861798, 45.903516], [6.86167, 45.90339], [6.861619, 45.903194], [6.861546, 45.903117], [6.861397, 45.903085], [6.86121, 45.903113], [6.861025, 45.903196], [6.860791, 45.903364], [6.860786, 45.903642], [6.860731, 45.903945], [6.860744, 45.904189], [6.860787, 45.904427], [6.860871, 45.904596], [6.861024, 45.90484], [6.861248, 45.905063], [6.861379, 45.90516], [6.861444, 45.905221], [6.861548, 45.90534], [6.861582, 45.905469], [6.861614, 45.905545], [6.861609, 45.90565], [6.861568, 45.905701], [6.861549, 45.905762], [6.861618, 45.905936], [6.861577, 45.906132], [6.861571, 45.906212], [6.861376, 45.906225], [6.861571, 45.906212], [6.861577, 45.906132], [6.861618, 45.905936], [6.861549, 45.905762], [6.861568, 45.905701], [6.861609, 45.90565], [6.861614, 45.905545], [6.861582, 45.905469], [6.861548, 45.90534], [6.861444, 45.905221], [6.861379, 45.90516], [6.861248, 45.905063], [6.861024, 45.90484], [6.860871, 45.904596], [6.860787, 45.904427], [6.860744, 45.904189], [6.860731, 45.903945], [6.860786, 45.903642], [6.860791, 45.903364], [6.861025, 45.903196], [6.86121, 45.903113], [6.861397, 45.903085], [6.861546, 45.903117], [6.861619, 45.903194], [6.86167, 45.90339], [6.861798, 45.903516], [6.861992, 45.903609], [6.862033, 45.903659], [6.861997, 45.903678], [6.861962, 45.903686], [6.861842, 45.903694], [6.861824, 45.903726], [6.861856, 45.903761], [6.861947, 45.903818], [6.861994, 45.90383], [6.861998, 45.903852], [6.861979, 45.903861], [6.861815, 45.903865], [6.86178, 45.903905], [6.861835, 45.904045], [6.861919, 45.904159], [6.861936, 45.90422], [6.861958, 45.904242], [6.861953, 45.904252], [6.861919, 45.904263], [6.861864, 45.904315], [6.861771, 45.904374], [6.86168, 45.904379], [6.861703, 45.904551], [6.861568, 45.904581], [6.861697, 45.9048], [6.861711, 45.905048], [6.861747, 45.905146], [6.861764, 45.905192], [6.861973, 45.905427], [6.862284, 45.905608], [6.862541, 45.905825], [6.862622, 45.90593], [6.862629, 45.906008], [6.862596, 45.906331], [6.862605, 45.906461], [6.862682, 45.906616], [6.862719, 45.906778], [6.862717, 45.906984], [6.862609, 45.907471], [6.86259, 45.907663], [6.862595, 45.907902], [6.862622, 45.908028], [6.862721, 45.908242], [6.862902, 45.90854], [6.863041, 45.908666], [6.863088, 45.908822], [6.863233, 45.908864], [6.863367, 45.908937], [6.863459, 45.909029], [6.863522, 45.909147], [6.863534, 45.909257], [6.863757, 45.909513], [6.864046, 45.909899], [6.86415, 45.910068], [6.864212, 45.910196], [6.864209, 45.910233], [6.864155, 45.910255], [6.864073, 45.910226], [6.863992, 45.910209], [6.86391, 45.910246], [6.863789, 45.91035], [6.863849, 45.910371], [6.864122, 45.910446], [6.864212, 45.910489], [6.864378, 45.9106], [6.864592, 45.910713], [6.864686, 45.910778], [6.864918, 45.910958], [6.865028, 45.911033], [6.865154, 45.911103], [6.865363, 45.911245], [6.865472, 45.911306], [6.865719, 45.911407], [6.866119, 45.911541], [6.866223, 45.911584], [6.866408, 45.911674], [6.866617, 45.911747], [6.866623, 45.911766], [6.866648, 45.911788], [6.866914, 45.911987], [6.866939, 45.912016], [6.866946, 45.912046], [6.866887, 45.912168], [6.866836, 45.912348], [6.866818, 45.912442], [6.866751, 45.912617], [6.86673, 45.912696], [6.866732, 45.912868], [6.866809, 45.913559], [6.866831, 45.913617], [6.866862, 45.913676], [6.866971, 45.913813], [6.867221, 45.914066], [6.867408, 45.914295], [6.867479, 45.914366], [6.867675, 45.91453], [6.868073, 45.914891], [6.868452, 45.915274], [6.868327, 45.915492], [6.86852, 45.915621], [6.86866, 45.915689], [6.868779, 45.915727], [6.868883, 45.915745], [6.869234, 45.915765], [6.869305, 45.915797], [6.869276, 45.915827], [6.869276, 45.915866], [6.86929, 45.915884], [6.869325, 45.915904], [6.869343, 45.916002], [6.869311, 45.916082], [6.869307, 45.916153], [6.869314, 45.916234], [6.869331, 45.916283], [6.869277, 45.916324], [6.869166, 45.916407], [6.869111, 45.916447], [6.869066, 45.916485], [6.869196, 45.916554], [6.86957, 45.916786], [6.869679, 45.916851], [6.868516, 45.917687], [6.868542, 45.917707], [6.868737, 45.917851], [6.868874, 45.917963], [6.868929, 45.918014], [6.868867, 45.918022], [6.868753, 45.918015], [6.86851, 45.918016], [6.868348, 45.918042], [6.868396, 45.918268], [6.86838, 45.918266], [6.868051, 45.918214], [6.867996, 45.91825], [6.867892, 45.918267], [6.867741, 45.918195], [6.867643, 45.918238], [6.867432, 45.918581], [6.867383, 45.918658], [6.867422, 45.918733], [6.867276, 45.918963], [6.867307, 45.918985], [6.867346, 45.919013], [6.86737, 45.919029], [6.86757, 45.919166], [6.867727, 45.919269], [6.867797, 45.919298], [6.867861, 45.919307], [6.867862, 45.919415], [6.867812, 45.919446], [6.867885, 45.9195], [6.868299, 45.919808], [6.868281, 45.919821], [6.868258, 45.919837], [6.868108, 45.919937], [6.868085, 45.919952], [6.868047, 45.919977], [6.867875, 45.920088], [6.867711, 45.920194], [6.867491, 45.920334], [6.867524, 45.920361], [6.867705, 45.920508], [6.867761, 45.920547], [6.86784, 45.920589], [6.867918, 45.920616], [6.868259, 45.920679], [6.8683, 45.920707], [6.868312, 45.920732], [6.868312, 45.920775], [6.868298, 45.920827], [6.868265, 45.920867], [6.868234, 45.92088], [6.868196, 45.920888], [6.868153, 45.920882], [6.868131, 45.920933], [6.867818, 45.921067], [6.868253, 45.921668], [6.868401, 45.921803], [6.868591, 45.921961], [6.868646, 45.922033], [6.868561, 45.922305], [6.868708, 45.922425], [6.868849, 45.922532], [6.869076, 45.922715], [6.869339, 45.922926], [6.869436, 45.922969], [6.869545, 45.923062], [6.869688, 45.923203], [6.869708, 45.923242], [6.869711, 45.923281], [6.869704, 45.923329], [6.86968, 45.923401], [6.86966, 45.923445], [6.869835, 45.923662], [6.869827, 45.923694], [6.86947, 45.923807]]}, "properties": {"heading": 144, "length_km": 24.322, "retrace": 0.057}}, {"type": "Feature", "geometry": {"type": "LineString", "coordinates": [[6.86947, 45.923807], [6.869827, 45.923694], [6.869835, 45.923662], [6.86966, 45.923445], [6.86968, 45.923401], [6.869704, 45.923329], [6.869711, 45.923281], [6.869708, 45.923242], [6.869688, 45.923203], [6.869984, 45.923068], [6.870142, 45.922996], [6.870199, 45.922998], [6.870241, 45.923033], [6.870285, 45.923014], [6.870318, 45.922998], [6.870189, 45.922845], [6.869893, 45.922461], [6.869679, 45.922217], [6.869639, 45.922139], [6.869584, 45.921956], [6.86958, 45.921864], [6.869592, 45.921783], [6.869643, 45.92159], [6.86969, 45.921447], [6.869832, 45.921034], [6.869891, 45.920859], [6.869908, 45.9208], [6.869915, 45.92077], [6.869977, 45.92077], [6.870026, 45.920744], [6.870044, 45.920705], [6.87004, 45.920685], [6.870028, 45.920666], [6.869982, 45.920641], [6.870035, 45.920498], [6.870115, 45.920321], [6.87021, 45.920173], [6.870413, 45.919895], [6.870527, 45.919766], [6.870576, 45.919677], [6.870583, 45.919636], [6.870584, 45.919586], [6.870562, 45.919525], [6.870528, 45.919459], [6.87045, 45.91937], [6.870537, 45.919314], [6.8706, 45.919274], [6.870658, 45.919265], [6.870872, 45.919115], [6.870858, 45.919049], [6.870895, 45.919018], [6.870802, 45.918956], [6.870953, 45.91884], [6.87098, 45.918793], [6.871066, 45.918735], [6.871109, 45.918703], [6.870498, 45.918318], [6.870605, 45.918239], [6.870857, 45.918064], [6.870882, 45.918046], [6.87107, 45.917921], [6.871205, 45.91779], [6.871439, 45.917539], [6.8716, 45.917312], [6.871673, 45.917239], [6.871731, 45.917175], [6.871747, 45.917161], [6.871884, 45.917092], [6.872024, 45.916989], [6.872188, 45.91683], [6.872195, 45.9168], [6.872233, 45.916733], [6.872262, 45.916709], [6.872319, 45.91669], [6.8724, 45.916689], [6.87248, 45.916711], [6.87267, 45.916736], [6.87273, 45.916725], [6.872827, 45.916651], [6.872892, 45.916582], [6.872901, 45.916509], [6.872897, 45.916431], [6.872881, 45.916348], [6.872744, 45.916223], [6.87264, 45.916153], [6.872568, 45.91609], [6.872524, 45.916019], [6.872497, 45.915938], [6.872459, 45.915881], [6.872398, 45.915832], [6.872185, 45.915712], [6.872105, 45.915639], [6.87205, 45.915545], [6.872025, 45.915455], [6.872013, 45.915345], [6.871978, 45.915214], [6.871935, 45.91513], [6.871877, 45.915054], [6.87186, 45.91501], [6.871871, 45.914979], [6.872176, 45.914969], [6.87232, 45.91498], [6.872483, 45.915016], [6.872526, 45.915003], [6.872546, 45.914933], [6.87257, 45.914908], [6.87263, 45.914908], [6.872734, 45.914948], [6.872836, 45.915], [6.873082, 45.915143], [6.873139, 45.915156], [6.873196, 45.915158], [6.873228, 45.915145], [6.873233, 45.915119], [6.873225, 45.914988], [6.873236, 45.914953], [6.873276, 45.914933], [6.873318, 45.914928], [6.873379, 45.914937], [6.873469, 45.914962], [6.873572, 45.914998], [6.873677, 45.915059], [6.873713, 45.91506], [6.873733, 45.915047], [6.873737, 45.915001], [6.873719, 45.914789], [6.873694, 45.914685], [6.873651, 45.914562], [6.873584, 45.914455], [6.873365, 45.914268], [6.873448, 45.9143], [6.873164, 45.914068], [6.873163, 45.913974], [6.873176, 45.913885], [6.872913, 45.913764], [6.87283, 45.913687], [6.872722, 45.913544], [6.872903, 45.913598], [6.872955, 45.913626], [6.872995, 45.913634], [6.873037, 45.913664], [6.873101, 45.913681], [6.873121, 45.91368], [6.873133, 45.913673], [6.873051, 45.913589], [6.873, 45.913547], [6.872901, 45.913391], [6.873003, 45.913442], [6.873131, 45.913491], [6.873162, 45.913518], [6.873268, 45.913554], [6.873361, 45.913538], [6.873343, 45.913525], [6.873287, 45.913505], [6.873255, 45.913459], [6.873219, 45.913363], [6.873341, 45.913387], [6.873408, 45.913432], [6.873527, 45.913468], [6.873521, 45.913429], [6.873472, 45.913398], [6.873461, 45.913346], [6.873596, 45.913363], [6.873521, 45.913328], [6.87347, 45.913228], [6.873629, 45.913275], [6.87374, 45.913264], [6.873801, 45.913307], [6.873829, 45.913362], [6.873844, 45.913371], [6.873869, 45.913351], [6.873895, 45.913391], [6.874015, 45.913428], [6.874091, 45.913446], [6.874294, 45.913445], [6.874355, 45.91348], [6.874517, 45.913604], [6.874666, 45.913822], [6.874701, 45.913827], [6.874711, 45.913819], [6.874674, 45.91371], [6.874731, 45.913592], [6.874869, 45.913718], [6.874959, 45.91378], [6.875016, 45.9138], [6.875128, 45.91381], [6.875248, 45.913841], [6.875391, 45.91393], [6.875338, 45.913861], [6.875269, 45.913741], [6.875171, 45.913631], [6.875342, 45.913715], [6.875589, 45.91385], [6.875702, 45.913952], [6.875857, 45.914061], [6.875919, 45.914117], [6.876131, 45.914229], [6.876278, 45.914317], [6.876319, 45.914322], [6.876502, 45.914424], [6.876601, 45.914448], [6.876525, 45.914348], [6.87656, 45.914316], [6.876557, 45.914282], [6.876623, 45.914277], [6.876698, 45.914322], [6.87676, 45.914324], [6.876857, 45.914372], [6.876901, 45.914378], [6.876921, 45.914403], [6.877089, 45.914511], [6.877311, 45.914573], [6.877255, 45.914535], [6.877201, 45.914236], [6.877072, 45.914042], [6.877335, 45.914137], [6.877878, 45.914394], [6.878129, 45.914551], [6.878309, 45.914624], [6.878518, 45.914673], [6.879209, 45.915073], [6.879335, 45.915064], [6.879701, 45.915236], [6.879716, 45.915012], [6.87981, 45.915019], [6.879922, 45.914958], [6.879627, 45.914424], [6.879219, 45.914034], [6.878976, 45.913892], [6.878678, 45.913661], [6.878581, 45.913377], [6.878616, 45.91331], [6.878725, 45.913303], [6.879285, 45.91345], [6.880087, 45.913672], [6.880578, 45.913837], [6.88075, 45.913936], [6.880734, 45.91385], [6.880726, 45.913708], [6.880782, 45.913712], [6.881109, 45.913971], [6.881414, 45.914249], [6.881508, 45.914282], [6.88169, 45.914459], [6.881875, 45.914277], [6.881942, 45.914379], [6.882092, 45.914491], [6.882146, 45.914577], [6.882253, 45.914657], [6.882374, 45.914577], [6.882426, 45.914566], [6.882587, 45.914732], [6.882718, 45.914805], [6.882826, 45.914899], [6.883298, 45.914995], [6.884049, 45.915114], [6.884795, 45.915278], [6.88542, 45.915355], [6.885631, 45.915255], [6.88585, 45.9151], [6.885977, 45.915047], [6.885945, 45.915182], [6.885892, 45.915284], [6.885887, 45.915315], [6.885977, 45.915376], [6.886089, 45.915419], [6.886204, 45.915443], [6.886338, 45.915433], [6.886367, 45.915437], [6.886385, 45.915467], [6.886394, 45.915495], [6.886438, 45.915561], [6.88642, 45.915591], [6.886344, 45.915646], [6.886322, 45.915731], [6.886333, 45.91582], [6.886345, 45.915855], [6.886403, 45.915898], [6.886424, 45.915982], [6.886439, 45.916063], [6.886463, 45.916135], [6.886602, 45.916306], [6.886733, 45.916403], [6.886855, 45.916483], [6.887021, 45.916608], [6.887126, 45.916767], [6.887243, 45.916989], [6.887397, 45.917232], [6.887482, 45.917308], [6.887523, 45.917379], [6.887538, 45.917389], [6.887582, 45.917396], [6.887604, 45.917407], [6.887614, 45.917435], [6.887611, 45.917455], [6.887659, 45.91752], [6.887713, 45.917656], [6.887742, 45.917765], [6.887771, 45.91778], [6.88787, 45.917884], [6.887922, 45.917899], [6.888079, 45.918054], [6.888134, 45.918082], [6.888231, 45.918153], [6.888315, 45.91819], [6.88836, 45.918229], [6.888378, 45.918262], [6.88837, 45.918325], [6.88838, 45.91839], [6.888459, 45.918501], [6.888527, 45.918558], [6.888703, 45.918746], [6.888741, 45.918821], [6.88879, 45.91887], [6.888862, 45.918985], [6.88891, 45.919025], [6.889006, 45.919049], [6.889059, 45.919056], [6.889116, 45.919086], [6.889179, 45.919098], [6.889231, 45.91909], [6.88925, 45.919064], [6.889237, 45.919019], [6.889209, 45.918983], [6.88919, 45.91894], [6.889191, 45.918913], [6.88921, 45.918879], [6.889137, 45.918792], [6.889131, 45.918711], [6.889169, 45.918684], [6.88922, 45.918662], [6.889253, 45.918629], [6.88935, 45.918591], [6.88951, 45.918588], [6.889566, 45.91859], [6.889574, 45.918571], [6.889539, 45.918513], [6.889567, 45.918443], [6.889577, 45.918429], [6.889597, 45.918424], [6.889614, 45.918402], [6.889638, 45.918392], [6.889647, 45.918332], [6.88962, 45.918182], [6.88962, 45.918], [6.889516, 45.917786], [6.889603, 45.917749], [6.889653, 45.91771], [6.889764, 45.917756], [6.889861, 45.917865], [6.889895, 45.917795], [6.890067, 45.917836], [6.890106, 45.917927], [6.890157, 45.917963], [6.890212, 45.917955], [6.890262, 45.917923], [6.890255, 45.917859], [6.890263, 45.917728], [6.89031, 45.91768], [6.89041, 45.917744], [6.890534, 45.917951], [6.89058, 45.917971], [6.890648, 45.917948], [6.890698, 45.917874], [6.890765, 45.917839], [6.890902, 45.917853], [6.890957, 45.917842], [6.891019, 45.917855], [6.891108, 45.917946], [6.891249, 45.91797], [6.891295, 45.917936], [6.891302, 45.917833], [6.891468, 45.917886], [6.891775, 45.917826], [6.892242, 45.917935], [6.892362, 45.917955], [6.892381, 45.917943], [6.892362, 45.917955], [6.892242, 45.917935], [6.891775, 45.917826], [6.891468, 45.917886], [6.891302, 45.917833], [6.891295, 45.917936], [6.891249, 45.91797], [6.891108, 45.917946], [6.891019, 45.917855], [6.890957, 45.917842], [6.890902, 45.917853], [6.890765, 45.917839], [6.890698, 45.917874], [6.890648, 45.917948], [6.89058, 45.917971], [6.890534, 45.917951], [6.89041, 45.917744], [6.89031, 45.91768], [6.890263, 45.917728], [6.890255, 45.917859], [6.890262, 45.917923], [6.890212, 45.917955], [6.890157, 45.917963], [6.890106, 45.917927], [6.890067, 45.917836], [6.889895, 45.917795], [6.889861, 45.917865], [6.889764, 45.917756], [6.889653, 45.91771], [6.889603, 45.917749], [6.889516, 45.917786], [6.88962, 45.918], [6.88962, 45.918182], [6.889647, 45.918332], [6.889638, 45.918392], [6.889614, 45.918402], [6.889597, 45.918424], [6.889577, 45.918429], [6.889567, 45.918443], [6.889539, 45.918513], [6.889574, 45.918571], [6.889566, 45.91859], [6.88951, 45.918588], [6.88935, 45.918591], [6.889253, 45.918629], [6.88922, 45.918662], [6.889169, 45.918684], [6.889131, 45.918711], [6.889137, 45.918792], [6.88921, 45.918879], [6.889191, 45.918913], [6.88919, 45.91894], [6.889209, 45.918983], [6.889237, 45.919019], [6.88925, 45.919064], [6.889231, 45.91909], [6.889179, 45.919098], [6.889116, 45.919086], [6.889059, 45.919056], [6.889006, 45.919049], [6.88891, 45.919025], [6.888862, 45.918985], [6.88879, 45.91887], [6.888741, 45.918821], [6.888703, 45.918746], [6.888527, 45.918558], [6.888459, 45.918501], [6.88838, 45.91839], [6.88837, 45.918325], [6.888378, 45.918262], [6.88836, 45.918229], [6.888315, 45.91819], [6.888231, 45.918153], [6.888134, 45.918082], [6.888079, 45.918054], [6.887922, 45.917899], [6.88787, 45.917884], [6.887771, 45.91778], [6.887742, 45.917765], [6.887713, 45.917656], [6.887659, 45.91752], [6.887611, 45.917455], [6.887614, 45.917435], [6.887604, 45.917407], [6.887582, 45.917396], [6.887538, 45.917389], [6.887523, 45.917379], [6.887482, 45.917308], [6.887397, 45.917232], [6.887243, 45.916989], [6.887126, 45.916767], [6.887021, 45.916608], [6.886855, 45.916483], [6.886733, 45.916403], [6.886602, 45.916306], [6.886463, 45.916135], [6.886439, 45.916063], [6.886424, 45.915982], [6.886403, 45.915898], [6.886345, 45.915855], [6.886333, 45.91582], [6.886322, 45.915731], [6.886344, 45.915646], [6.88642, 45.915591], [6.886438, 45.915561], [6.886394, 45.915495], [6.886385, 45.915467], [6.886367, 45.915437], [6.886338, 45.915433], [6.886204, 45.915443], [6.886089, 45.915419], [6.885977, 45.915376], [6.885887, 45.915315], [6.885892, 45.915284], [6.885945, 45.915182], [6.885977, 45.915047], [6.88585, 45.9151], [6.885631, 45.915255], [6.88542, 45.915355], [6.884795, 45.915278], [6.884049, 45.915114], [6.883298, 45.914995], [6.882826, 45.914899], [6.882718, 45.914805], [6.882836, 45.914823], [6.883149, 45.914855], [6.883349, 45.914804], [6.883475, 45.914779], [6.883664, 45.914768], [6.883809, 45.914772], [6.883962, 45.914785], [6.884156, 45.914823], [6.884479, 45.914926], [6.884553, 45.914929], [6.88465, 45.914946], [6.884762, 45.914947], [6.884871, 45.914933], [6.885094, 45.91494], [6.885214, 45.914951], [6.885623, 45.914948], [6.885732, 45.914925], [6.885764, 45.914897], [6.885694, 45.91487], [6.885659, 45.914833], [6.885439, 45.914748], [6.885431, 45.914738], [6.885459, 45.914714], [6.885479, 45.914707], [6.885658, 45.914705], [6.885889, 45.914682], [6.885897, 45.914667], [6.885514, 45.914525], [6.885526, 45.91451], [6.885972, 45.914405], [6.886123, 45.91433], [6.885924, 45.914283], [6.885823, 45.914228], [6.885837, 45.914216], [6.88603, 45.914151], [6.886253, 45.914111], [6.88625, 45.914095], [6.885999, 45.914041], [6.885957, 45.914024], [6.885976, 45.914002], [6.886032, 45.913978], [6.886151, 45.913941], [6.886356, 45.913926], [6.886361, 45.913916], [6.886345, 45.91389], [6.886318, 45.913865], [6.886281, 45.913842], [6.886122, 45.913773], [6.886128, 45.91374], [6.886362, 45.913731], [6.886195, 45.913654], [6.886202, 45.913648], [6.886432, 45.913655], [6.886262, 45.913543], [6.886254, 45.913533], [6.886255, 45.913516], [6.886269, 45.913509], [6.886332, 45.913513], [6.88646, 45.913477], [6.886401, 45.913455], [6.88631, 45.913435], [6.886226, 45.913388], [6.886227, 45.913368], [6.886288, 45.913355], [6.886393, 45.913293], [6.886391, 45.913282], [6.886369, 45.913263], [6.886186, 45.913235], [6.885839, 45.913254], [6.88572, 45.913253], [6.885472, 45.913264], [6.885415, 45.913259], [6.885381, 45.913246], [6.885348, 45.913223], [6.885307, 45.913153], [6.885289, 45.91292], [6.885099, 45.912808], [6.885092, 45.912774], [6.885107, 45.912721], [6.88518, 45.912624], [6.885216, 45.912588], [6.885278, 45.912576], [6.885356, 45.912571], [6.885385, 45.912595], [6.88541, 45.912598], [6.8854, 45.912468], [6.885361, 45.912447], [6.88537, 45.912428], [6.885398, 45.912431], [6.885484, 45.912487], [6.885506, 45.912473], [6.885506, 45.91246], [6.885466, 45.912396], [6.88548, 45.912384], [6.885502, 45.912387], [6.88556, 45.912433], [6.885578, 45.912429], [6.885595, 45.912368], [6.885615, 45.912364], [6.885668, 45.912431], [6.885724, 45.91244], [6.885766, 45.912275], [6.885868, 45.912292], [6.886128, 45.912126], [6.886341, 45.912056], [6.886526, 45.912075], [6.886571, 45.912029], [6.886511, 45.91201], [6.886257, 45.911955], [6.886602, 45.911896], [6.886633, 45.91188], [6.886442, 45.911843], [6.886396, 45.911818], [6.886301, 45.91181], [6.886308, 45.91179], [6.886371, 45.911753], [6.886603, 45.911711], [6.886815, 45.911595], [6.88643, 45.911591], [6.886875, 45.911437], [6.887113, 45.911438], [6.887058, 45.911411], [6.88668, 45.911318], [6.886728, 45.911287], [6.88686, 45.911274], [6.887, 45.911275], [6.88718, 45.911216], [6.887483, 45.911235], [6.8875, 45.911226], [6.8875, 45.91121], [6.887473, 45.911195], [6.887325, 45.911143], [6.887237, 45.91113], [6.887079, 45.911069], [6.88697, 45.911037], [6.886756, 45.911032], [6.886838, 45.910975], [6.886987, 45.910948], [6.887008, 45.910934], [6.88701, 45.910909], [6.886947, 45.91088], [6.886872, 45.910856], [6.886808, 45.910844], [6.886807, 45.910833], [6.886824, 45.910818], [6.886975, 45.910756], [6.886985, 45.910741], [6.886979, 45.910726], [6.886956, 45.910713], [6.886914, 45.910713], [6.886846, 45.910724], [6.886753, 45.910725], [6.886669, 45.910757], [6.886623, 45.910766], [6.88648, 45.910913], [6.886385, 45.910902], [6.886073, 45.910899], [6.886079, 45.910827], [6.886072, 45.91075], [6.886002, 45.910686], [6.886006, 45.910654], [6.885966, 45.910629], [6.886007, 45.910585], [6.885975, 45.910568], [6.885906, 45.910592], [6.885853, 45.91056], [6.885846, 45.910542], [6.885864, 45.910518], [6.885858, 45.910476], [6.885839, 45.910464], [6.885802, 45.910484], [6.885772, 45.910474], [6.885792, 45.910441], [6.885776, 45.910432], [6.885711, 45.910426], [6.885678, 45.910406], [6.885654, 45.910375], [6.885593, 45.910359], [6.885578, 45.910341], [6.885926, 45.9103], [6.885816, 45.910224], [6.885766, 45.910205], [6.885591, 45.910106], [6.88557, 45.910071], [6.885631, 45.910033], [6.885765, 45.910005], [6.885849, 45.91002], [6.88591, 45.910015], [6.886137, 45.910075], [6.886337, 45.910068], [6.886448, 45.910132], [6.88648, 45.910121], [6.886411, 45.909967], [6.886348, 45.909908], [6.886312, 45.909899], [6.886257, 45.909871], [6.886206, 45.909864], [6.886156, 45.909831], [6.886118, 45.909761], [6.886103, 45.909747], [6.886033, 45.90973], [6.885985, 45.909699], [6.885901, 45.909665], [6.885888, 45.909645], [6.885794, 45.909589], [6.885762, 45.909527], [6.885775, 45.909522], [6.885933, 45.90956], [6.886125, 45.909541], [6.88621, 45.909558], [6.886267, 45.909545], [6.886334, 45.909587], [6.886436, 45.909627], [6.886613, 45.909649], [6.886744, 45.909591], [6.88683, 45.909561], [6.887039, 45.909503], [6.887138, 45.909499], [6.887334, 45.909429], [6.887554, 45.909437], [6.887795, 45.909521], [6.887913, 45.909471], [6.888116, 45.909457], [6.888116, 45.909438], [6.887998, 45.909352], [6.887654, 45.909182], [6.88762, 45.909179], [6.887525, 45.909193], [6.887462, 45.909178], [6.88742, 45.909157], [6.887422, 45.90913], [6.887484, 45.909019], [6.887478, 45.909003], [6.887462, 45.909001], [6.887335, 45.909067], [6.887155, 45.909088], [6.887206, 45.909044], [6.887277, 45.908957], [6.88734, 45.908845], [6.887353, 45.908808], [6.887355, 45.908757], [6.887374, 45.908717], [6.887304, 45.908732], [6.887207, 45.908793], [6.887177, 45.908797], [6.887162, 45.908813], [6.887111, 45.908841], [6.886921, 45.908878], [6.886867, 45.908855], [6.886825, 45.908828], [6.886777, 45.908776], [6.886697, 45.908411], [6.88665, 45.908332], [6.886524, 45.908215], [6.886415, 45.908139], [6.886396, 45.908099], [6.886309, 45.908039], [6.886317, 45.908007], [6.886235, 45.907908], [6.886246, 45.907828], [6.886099, 45.90772], [6.88604, 45.90766], [6.885852, 45.907654], [6.885744, 45.90767], [6.885617, 45.907673], [6.885356, 45.907653], [6.885309, 45.90769], [6.885238, 45.907785], [6.885142, 45.907847], [6.885104, 45.90785], [6.885089, 45.907866], [6.885048, 45.907875], [6.88504, 45.9079], [6.885017, 45.907912], [6.884992, 45.907939], [6.884954, 45.907939], [6.884942, 45.907893], [6.884923, 45.907878], [6.884906, 45.907879], [6.884886, 45.907914], [6.884866, 45.90793], [6.884863, 45.907943], [6.884855, 45.907949], [6.884835, 45.90795], [6.88481, 45.907923], [6.884757, 45.907899], [6.884671, 45.907885], [6.884594, 45.907884], [6.884523, 45.907861], [6.884507, 45.907866], [6.884499, 45.907877], [6.884494, 45.90791], [6.884483, 45.907926], [6.884387, 45.9079], [6.884363, 45.907914], [6.884347, 45.90791], [6.88432, 45.907894], [6.884176, 45.907843], [6.883907, 45.907758], [6.883865, 45.907729], [6.883816, 45.907682], [6.883768, 45.907664], [6.88372, 45.907634], [6.883343, 45.907345], [6.883202, 45.90717], [6.883212, 45.907129], [6.883241, 45.907125], [6.883396, 45.907197], [6.883578, 45.907236], [6.883594, 45.907109], [6.883487, 45.906994], [6.883426, 45.90686], [6.883485, 45.906712], [6.883331, 45.906501], [6.883258, 45.906444], [6.883582, 45.906512], [6.883601, 45.9065], [6.883503, 45.906415], [6.883466, 45.906413], [6.883372, 45.906335], [6.883396, 45.906307], [6.883403, 45.906283], [6.883363, 45.906247], [6.883335, 45.906231], [6.883338, 45.9062], [6.883329, 45.906183], [6.883241, 45.906129], [6.883089, 45.906015], [6.882952, 45.905872], [6.882922, 45.905817], [6.882885, 45.905772], [6.882899, 45.905728], [6.882734, 45.905644], [6.882607, 45.905573], [6.882574, 45.905547], [6.882549, 45.90551], [6.882551, 45.905438], [6.882486, 45.905373], [6.882462, 45.905351], [6.882402, 45.905233], [6.882179, 45.904904], [6.882088, 45.904748], [6.881998, 45.90465], [6.881904, 45.904601], [6.881871, 45.904577], [6.88181, 45.904467], [6.881702, 45.904389], [6.881693, 45.904335], [6.881589, 45.904261], [6.881472, 45.904154], [6.881178, 45.903976], [6.881001, 45.903762], [6.880982, 45.903747], [6.88097, 45.903751], [6.880967, 45.903762], [6.881017, 45.903927], [6.881018, 45.903952], [6.881005, 45.903957], [6.880988, 45.903952], [6.88086, 45.903868], [6.880846, 45.903838], [6.880836, 45.903834], [6.880823, 45.903839], [6.880815, 45.903877], [6.880836, 45.903945], [6.880883, 45.90399], [6.880919, 45.904051], [6.880956, 45.904083], [6.880963, 45.904101], [6.88095, 45.904106], [6.880877, 45.904064], [6.880863, 45.904067], [6.880859, 45.904074], [6.8809, 45.904133], [6.880942, 45.904173], [6.880997, 45.904207], [6.881, 45.904251], [6.880991, 45.904267], [6.880947, 45.904262], [6.880707, 45.904099], [6.880639, 45.904127], [6.88059, 45.904165], [6.880593, 45.904225], [6.880625, 45.904333], [6.880694, 45.904419], [6.88076, 45.904596], [6.881038, 45.904917], [6.881238, 45.905124], [6.881334, 45.905358], [6.881334, 45.905387], [6.881321, 45.905399], [6.881304, 45.9054], [6.881201, 45.905306], [6.881186, 45.905307], [6.881179, 45.905314], [6.881188, 45.905337], [6.881183, 45.905357], [6.881164, 45.905358], [6.88111, 45.90533], [6.881086, 45.905328], [6.881074, 45.905336], [6.881072, 45.905348], [6.881105, 45.905395], [6.881115, 45.905434], [6.881106, 45.905446], [6.881084, 45.905453], [6.881054, 45.905448], [6.88098, 45.905373], [6.880961, 45.905318], [6.880877, 45.905228], [6.880814, 45.905184], [6.880795, 45.90515], [6.880764, 45.905145], [6.880667, 45.905021], [6.880557, 45.904948], [6.880454, 45.904901], [6.880418, 45.904902], [6.88038, 45.90492], [6.880331, 45.904917], [6.880185, 45.904854], [6.880135, 45.904848], [6.880056, 45.904873], [6.880003, 45.904905], [6.879927, 45.904924], [6.879864, 45.904909], [6.879786, 45.904918], [6.879714, 45.904856], [6.879672, 45.904852], [6.879663, 45.904865], [6.879663, 45.904905], [6.87964, 45.904914], [6.879439, 45.904711], [6.879413, 45.904631], [6.879388, 45.904621], [6.879361, 45.904633], [6.879345, 45.904657], [6.87934, 45.904719], [6.879352, 45.904821], [6.87937, 45.904891], [6.8795, 45.905132], [6.879549, 45.905172], [6.879542, 45.90518], [6.879521, 45.90518], [6.879437, 45.905138], [6.879303, 45.905003], [6.879221, 45.904948], [6.879012, 45.90472], [6.878999, 45.90472], [6.878995, 45.904728], [6.879044, 45.90494], [6.879028, 45.905053], [6.878995, 45.905075], [6.878945, 45.905084], [6.878898, 45.905079], [6.878727, 45.904846], [6.878501, 45.904692], [6.878437, 45.904615], [6.878398, 45.904498], [6.878376, 45.904482], [6.878332, 45.904488], [6.87832, 45.904503], [6.878316, 45.90459], [6.87835, 45.904747], [6.878338, 45.90476], [6.878316, 45.904761], [6.878289, 45.904752], [6.878228, 45.904678], [6.878168, 45.904499], [6.878186, 45.904398], [6.878251, 45.904259], [6.87831, 45.90416], [6.8783, 45.904145], [6.87827, 45.904141], [6.878226, 45.904157], [6.87805, 45.904307], [6.877903, 45.904405], [6.877828, 45.904511], [6.877792, 45.904531], [6.877768, 45.904524], [6.877756, 45.904491], [6.877838, 45.904308], [6.877938, 45.904158], [6.877981, 45.903995], [6.87804, 45.90393], [6.87806, 45.903863], [6.878048, 45.903833], [6.878026, 45.903828], [6.877993, 45.90384], [6.877956, 45.903887], [6.877838, 45.904006], [6.877637, 45.904154], [6.877624, 45.904153], [6.877613, 45.904144], [6.877616, 45.904124], [6.87769, 45.904004], [6.877713, 45.903901], [6.877766, 45.903797], [6.877754, 45.903773], [6.877727, 45.903778], [6.877635, 45.903867], [6.877608, 45.903923], [6.877534, 45.903989], [6.877518, 45.903984], [6.877515, 45.903952], [6.877559, 45.903892], [6.877562, 45.903804], [6.87755, 45.903793], [6.877533, 45.903795], [6.877468, 45.903877], [6.877389, 45.903957], [6.877383, 45.903984], [6.877366, 45.903992], [6.877349, 45.903986], [6.87736, 45.903885], [6.877387, 45.903814], [6.877375, 45.903794], [6.877357, 45.903787], [6.87722, 45.903892], [6.8772, 45.903964], [6.877177, 45.903976], [6.877162, 45.903963], [6.877141, 45.903895], [6.877209, 45.903681], [6.877137, 45.903344], [6.877103, 45.902951], [6.877189, 45.902655], [6.877182, 45.90247], [6.877288, 45.902268], [6.877362, 45.90219], [6.87727, 45.902015], [6.877228, 45.901968], [6.87714, 45.901924], [6.877024, 45.901922], [6.876772, 45.901862], [6.876729, 45.901901], [6.876606, 45.901882], [6.876604, 45.901917], [6.876751, 45.902021], [6.876851, 45.902079], [6.87686, 45.902092], [6.876855, 45.902102], [6.876837, 45.90211], [6.876695, 45.902051], [6.876533, 45.902023], [6.876287, 45.90195], [6.876254, 45.90187], [6.876119, 45.901958], [6.876088, 45.901972], [6.876078, 45.902012], [6.876109, 45.902059], [6.876195, 45.902111], [6.876402, 45.902161], [6.876411, 45.902168], [6.876409, 45.90218], [6.87639, 45.902186], [6.87604, 45.902152], [6.875859, 45.902162], [6.875781, 45.902127], [6.875747, 45.902036], [6.875711, 45.901967], [6.875659, 45.901982], [6.875537, 45.902083], [6.875519, 45.902146], [6.875585, 45.902215], [6.875728, 45.902271], [6.875877, 45.902375], [6.875923, 45.902396], [6.875924, 45.902406], [6.875912, 45.90241], [6.875856, 45.902406], [6.875599, 45.902335], [6.87549, 45.90232], [6.875126, 45.902253], [6.875057, 45.902148], [6.875007, 45.902146], [6.874996, 45.902163], [6.874927, 45.902224], [6.874947, 45.902293], [6.87513, 45.902429], [6.875239, 45.902508], [6.875382, 45.902592], [6.875401, 45.902609], [6.875401, 45.902622], [6.875384, 45.902627], [6.875309, 45.902611], [6.875052, 45.902522], [6.874822, 45.902473], [6.874474, 45.902412], [6.874382, 45.902302], [6.874347, 45.90229], [6.874312, 45.902296], [6.874294, 45.902322], [6.874366, 45.902489], [6.874548, 45.902654], [6.874656, 45.902762], [6.874772, 45.90293], [6.874792, 45.903017], [6.874778, 45.903105], [6.87419, 45.903532], [6.874175, 45.903663], [6.873907, 45.9041], [6.873885, 45.904372], [6.873863, 45.904447], [6.873772, 45.904307], [6.873705, 45.904229], [6.873684, 45.904337], [6.873614, 45.904486], [6.873533, 45.904619], [6.873474, 45.904641], [6.873457, 45.904323], [6.87337, 45.904201], [6.873323, 45.903994], [6.873311, 45.903674], [6.873284, 45.903599], [6.873048, 45.903941], [6.872866, 45.904452], [6.872287, 45.905088], [6.872167, 45.905206], [6.872004, 45.905482], [6.87204, 45.905713], [6.87216, 45.906011], [6.872297, 45.906135], [6.872306, 45.906169], [6.872293, 45.906183], [6.872261, 45.906187], [6.872208, 45.90617], [6.871995, 45.906023], [6.871547, 45.905731], [6.871444, 45.905591], [6.871358, 45.905432], [6.871382, 45.905261], [6.871487, 45.904968], [6.871487, 45.904357], [6.871433, 45.904324], [6.871264, 45.904531], [6.871119, 45.904815], [6.871085, 45.904811], [6.871034, 45.904421], [6.870605, 45.904932], [6.870265, 45.905192], [6.870227, 45.905397], [6.870161, 45.905968], [6.870209, 45.906129], [6.870332, 45.906356], [6.870304, 45.906371], [6.870281, 45.906373], [6.870244, 45.906361], [6.87006, 45.90619], [6.870029, 45.906174], [6.869998, 45.906172], [6.869981, 45.906188], [6.870007, 45.906272], [6.870299, 45.90669], [6.870446, 45.906937], [6.870637, 45.907297], [6.870736, 45.907427], [6.870725, 45.907439], [6.870668, 45.907429], [6.870509, 45.907376], [6.870261, 45.907271], [6.870073, 45.907187], [6.869939, 45.907093], [6.869373, 45.906575], [6.869186, 45.906395], [6.868944, 45.906117], [6.868801, 45.905878], [6.868711, 45.905725], [6.868657, 45.905617], [6.868472, 45.905496], [6.8684, 45.90544], [6.86833, 45.905283], [6.868357, 45.904884], [6.868319, 45.904761], [6.868263, 45.904729], [6.868083, 45.904925], [6.867777, 45.90516], [6.867761, 45.905192], [6.867751, 45.905369], [6.867836, 45.905541], [6.867879, 45.905753], [6.867836, 45.905858], [6.867834, 45.906619], [6.867775, 45.906621], [6.86748, 45.906326], [6.867437, 45.906231], [6.867289, 45.905899], [6.867228, 45.905897], [6.867158, 45.906056], [6.867029, 45.905733], [6.866871, 45.905602], [6.86667, 45.90549], [6.866471, 45.905214], [6.86638, 45.905339], [6.866208, 45.905235], [6.866176, 45.905076], [6.86609, 45.904962], [6.865929, 45.90477], [6.865642, 45.904555], [6.865439, 45.904581], [6.865431, 45.904477], [6.865321, 45.904449], [6.865178, 45.904186], [6.865055, 45.904066], [6.864958, 45.904195], [6.864798, 45.90393], [6.864511, 45.903581], [6.864221, 45.903377], [6.864336, 45.903883], [6.864266, 45.903902], [6.864127, 45.903769], [6.864028, 45.903717], [6.863886, 45.903689], [6.863768, 45.90362], [6.863765, 45.903699], [6.863778, 45.903756], [6.863961, 45.903958], [6.864025, 45.904135], [6.864001, 45.904188], [6.863888, 45.9041], [6.863711, 45.904085], [6.863751, 45.904253], [6.863778, 45.904333], [6.863628, 45.904417], [6.863585, 45.904529], [6.86299, 45.904176], [6.86284, 45.90415], [6.862638, 45.904167], [6.862539, 45.904316], [6.862287, 45.904383], [6.862142, 45.904385], [6.862164, 45.904579], [6.862067, 45.904886], [6.861981, 45.905012], [6.861747, 45.905146], [6.861764, 45.905192], [6.861973, 45.905427], [6.862284, 45.905608], [6.862541, 45.905825], [6.862622, 45.90593], [6.862629, 45.906008], [6.862596, 45.906331], [6.862605, 45.906461], [6.862682, 45.906616], [6.862719, 45.906778], [6.862717, 45.906984], [6.862609, 45.907471], [6.86259, 45.907663], [6.862595, 45.907902], [6.862622, 45.908028], [6.862721, 45.908242], [6.862902, 45.90854], [6.863041, 45.908666], [6.863088, 45.908822], [6.863233, 45.908864], [6.863367, 45.908937], [6.863459, 45.909029], [6.863522, 45.909147], [6.863534, 45.909257], [6.863757, 45.909513], [6.864046, 45.909899], [6.86415, 45.910068], [6.864212, 45.910196], [6.864209, 45.910233], [6.864155, 45.910255], [6.864073, 45.910226], [6.863992, 45.910209], [6.86391, 45.910246], [6.863789, 45.91035], [6.863646, 45.910366], [6.863421, 45.910412], [6.863158, 45.910442], [6.863012, 45.910448], [6.862739, 45.910431], [6.862496, 45.910458], [6.862427, 45.910455], [6.862299, 45.910405], [6.862236, 45.910401], [6.861693, 45.91071], [6.861646, 45.910721], [6.861602, 45.910716], [6.861441, 45.910803], [6.861377, 45.910837], [6.861307, 45.910796], [6.861233, 45.910702], [6.860999, 45.910516], [6.860667, 45.910336], [6.860228, 45.910182], [6.859875, 45.910123], [6.859599, 45.910091], [6.858858, 45.910074], [6.858478, 45.910083], [6.8582, 45.910118], [6.85793, 45.910144], [6.857841, 45.910167], [6.857577, 45.910276], [6.85742, 45.910284], [6.857092, 45.910244], [6.856837, 45.910098], [6.856851, 45.910058], [6.856853, 45.910017], [6.856832, 45.90995], [6.856814, 45.909924], [6.856781, 45.909891], [6.856716, 45.909857], [6.856662, 45.909836], [6.856634, 45.909776], [6.856573, 45.90965], [6.856556, 45.909592], [6.856533, 45.909548], [6.856453, 45.90949], [6.856384, 45.909469], [6.856305, 45.909455], [6.856233, 45.90945], [6.85617, 45.909432], [6.856089, 45.909462], [6.855941, 45.909521], [6.855835, 45.909533], [6.855313, 45.909523], [6.855138, 45.909499], [6.855033, 45.909469], [6.854928, 45.909428], [6.85484, 45.909379], [6.85467, 45.909247], [6.854569, 45.909185], [6.854474, 45.909147], [6.854303, 45.909104], [6.854248, 45.909097], [6.854303, 45.909104], [6.854474, 45.909147], [6.854569, 45.909185], [6.85467, 45.909247], [6.85484, 45.909379], [6.854928, 45.909428], [6.855033, 45.909469], [6.855138, 45.909499], [6.855313, 45.909523], [6.855835, 45.909533], [6.855941, 45.909521], [6.856089, 45.909462], [6.85617, 45.909432], [6.856233, 45.90945], [6.856305, 45.909455], [6.856384, 45.909469], [6.856453, 45.90949], [6.856533, 45.909548], [6.856556, 45.909592], [6.856573, 45.90965], [6.856634, 45.909776], [6.856662, 45.909836], [6.856716, 45.909857], [6.856781, 45.909891], [6.856814, 45.909924], [6.856832, 45.90995], [6.856853, 45.910017], [6.856851, 45.910058], [6.856837, 45.910098], [6.857092, 45.910244], [6.85742, 45.910284], [6.857577, 45.910276], [6.857841, 45.910167], [6.85793, 45.910144], [6.8582, 45.910118], [6.858478, 45.910083], [6.858858, 45.910074], [6.859599, 45.910091], [6.859875, 45.910123], [6.860228, 45.910182], [6.860667, 45.910336], [6.860999, 45.910516], [6.861233, 45.910702], [6.861307, 45.910796], [6.861377, 45.910837], [6.861441, 45.910803], [6.861602, 45.910716], [6.861646, 45.910721], [6.861693, 45.91071], [6.862236, 45.910401], [6.862299, 45.910405], [6.862427, 45.910455], [6.862496, 45.910458], [6.862739, 45.910431], [6.863012, 45.910448], [6.863158, 45.910442], [6.863421, 45.910412], [6.863646, 45.910366], [6.863789, 45.91035], [6.863849, 45.910371], [6.864122, 45.910446], [6.864212, 45.910489], [6.864378, 45.9106], [6.864592, 45.910713], [6.864686, 45.910778], [6.864918, 45.910958], [6.865028, 45.911033], [6.865154, 45.911103], [6.865363, 45.911245], [6.865472, 45.911306], [6.865719, 45.911407], [6.866119, 45.911541], [6.866223, 45.911584], [6.866408, 45.911674], [6.866617, 45.911747], [6.866623, 45.911766], [6.866648, 45.911788], [6.866914, 45.911987], [6.866939, 45.912016], [6.866946, 45.912046], [6.866887, 45.912168], [6.866836, 45.912348], [6.866818, 45.912442], [6.866751, 45.912617], [6.86673, 45.912696], [6.866732, 45.912868], [6.866809, 45.913559], [6.866831, 45.913617], [6.866862, 45.913676], [6.866971, 45.913813], [6.867221, 45.914066], [6.867408, 45.914295], [6.867479, 45.914366], [6.867675, 45.91453], [6.868073, 45.914891], [6.868452, 45.915274], [6.868327, 45.915492], [6.86852, 45.915621], [6.86866, 45.915689], [6.868779, 45.915727], [6.868883, 45.915745], [6.869234, 45.915765], [6.869305, 45.915797], [6.869276, 45.915827], [6.869276, 45.915866], [6.86929, 45.915884], [6.869325, 45.915904], [6.869343, 45.916002], [6.869311, 45.916082], [6.869307, 45.916153], [6.869314, 45.916234], [6.869331, 45.916283], [6.869277, 45.916324], [6.869166, 45.916407], [6.869111, 45.916447], [6.869066, 45.916485], [6.869196, 45.916554], [6.86957, 45.916786], [6.869679, 45.916851], [6.868516, 45.917687], [6.868542, 45.917707], [6.868737, 45.917851], [6.868874, 45.917963], [6.868929, 45.918014], [6.868867, 45.918022], [6.868753, 45.918015], [6.86851, 45.918016], [6.868348, 45.918042], [6.868396, 45.918268], [6.86838, 45.918266], [6.868051, 45.918214], [6.867996, 45.91825], [6.867892, 45.918267], [6.867741, 45.918195], [6.867643, 45.918238], [6.867432, 45.918581], [6.867383, 45.918658], [6.867422, 45.918733], [6.867276, 45.918963], [6.867307, 45.918985], [6.867346, 45.919013], [6.86737, 45.919029], [6.86757, 45.919166], [6.867727, 45.919269], [6.867797, 45.919298], [6.867861, 45.919307], [6.867862, 45.919415], [6.867812, 45.919446], [6.867885, 45.9195], [6.868299, 45.919808], [6.868281, 45.919821], [6.868258, 45.919837], [6.868108, 45.919937], [6.868085, 45.919952], [6.868047, 45.919977], [6.867875, 45.920088], [6.867711, 45.920194], [6.867491, 45.920334], [6.867524, 45.920361], [6.867705, 45.920508], [6.867761, 45.920547], [6.86784, 45.920589], [6.867918, 45.920616], [6.868259, 45.920679], [6.8683, 45.920707], [6.868312, 45.920732], [6.868312, 45.920775], [6.868298, 45.920827], [6.868265, 45.920867], [6.868234, 45.92088], [6.868196, 45.920888], [6.868153, 45.920882], [6.868131, 45.920933], [6.867818, 45.921067], [6.868253, 45.921668], [6.868401, 45.921803], [6.868591, 45.921961], [6.868646, 45.922033], [6.868561, 45.922305], [6.868708, 45.922425], [6.868849, 45.922532], [6.869076, 45.922715], [6.869339, 45.922926], [6.869436, 45.922969], [6.869545, 45.923062], [6.869688, 45.923203], [6.869708, 45.923242], [6.869711, 45.923281], [6.869704, 45.923329], [6.86968, 45.923401], [6.86966, 45.923445], [6.869835, 45.923662], [6.869827, 45.923694], [6.86947, 45.923807]]}, "properties": {"heading": 162, "length_km": 19.18, "retrace": 0.24}}, {"type": "Feature", "geometry": {"type": "LineString", "coordinates": [[6.86947, 45.923807], [6.869827, 45.923694], [6.869835, 45.923662], [6.86966, 45.923445], [6.86968, 45.923401], [6.869704, 45.923329], [6.869711, 45.923281], [6.869708, 45.923242], [6.869688, 45.923203], [6.869984, 45.923068], [6.870142, 45.922996], [6.870199, 45.922998], [6.870241, 45.923033], [6.870285, 45.923014], [6.870318, 45.922998], [6.870189, 45.922845], [6.869893, 45.922461], [6.869679, 45.922217], [6.869639, 45.922139], [6.869584, 45.921956], [6.86958, 45.921864], [6.869592, 45.921783], [6.869643, 45.92159], [6.86969, 45.921447], [6.869832, 45.921034], [6.869891, 45.920859], [6.869908, 45.9208], [6.869915, 45.92077], [6.869977, 45.92077], [6.870026, 45.920744], [6.870044, 45.920705], [6.87004, 45.920685], [6.870028, 45.920666], [6.869982, 45.920641], [6.870035, 45.920498], [6.870115, 45.920321], [6.87021, 45.920173], [6.870413, 45.919895], [6.870527, 45.919766], [6.870576, 45.919677], [6.870583, 45.919636], [6.870584, 45.919586], [6.870562, 45.919525], [6.870528, 45.919459], [6.87045, 45.91937], [6.870537, 45.919314], [6.8706, 45.919274], [6.870658, 45.919265], [6.870872, 45.919115], [6.870858, 45.919049], [6.870895, 45.919018], [6.870802, 45.918956], [6.870953, 45.91884], [6.87098, 45.918793], [6.871066, 45.918735], [6.871109, 45.918703], [6.870498, 45.918318], [6.870605, 45.918239], [6.870857, 45.918064], [6.870882, 45.918046], [6.87107, 45.917921], [6.871205, 45.91779], [6.871439, 45.917539], [6.8716, 45.917312], [6.871673, 45.917239], [6.871731, 45.917175], [6.871747, 45.917161], [6.871884, 45.917092], [6.872024, 45.916989], [6.872188, 45.91683], [6.872195, 45.9168], [6.872233, 45.916733], [6.872262, 45.916709], [6.872319, 45.91669], [6.8724, 45.916689], [6.87248, 45.916711], [6.87267, 45.916736], [6.87273, 45.916725], [6.872827, 45.916651], [6.872892, 45.916582], [6.872901, 45.916509], [6.872897, 45.916431], [6.872881, 45.916348], [6.872744, 45.916223], [6.87264, 45.916153], [6.872568, 45.91609], [6.872524, 45.916019], [6.872497, 45.915938], [6.872459, 45.915881], [6.872398, 45.915832], [6.872185, 45.915712], [6.872105, 45.915639], [6.87205, 45.915545], [6.872025, 45.915455], [6.872013, 45.915345], [6.871978, 45.915214], [6.871935, 45.91513], [6.871877, 45.915054], [6.87186, 45.91501], [6.871871, 45.914979], [6.872176, 45.914969], [6.87232, 45.91498], [6.872483, 45.915016], [6.872526, 45.915003], [6.872546, 45.914933], [6.87257, 45.914908], [6.87263, 45.914908], [6.872734, 45.914948], [6.872836, 45.915], [6.873082, 45.915143], [6.873139, 45.915156], [6.873196, 45.915158], [6.873228, 45.915145], [6.873233, 45.915119], [6.873225, 45.914988], [6.873236, 45.914953], [6.873276, 45.914933], [6.873318, 45.914928], [6.873379, 45.914937], [6.873469, 45.914962], [6.873572, 45.914998], [6.873677, 45.915059], [6.873713, 45.91506], [6.873733, 45.915047], [6.873737, 45.915001], [6.873719, 45.914789], [6.873694, 45.914685], [6.873651, 45.914562], [6.873584, 45.914455], [6.873365, 45.914268], [6.873448, 45.9143], [6.873164, 45.914068], [6.873163, 45.913974], [6.873176, 45.913885], [6.872913, 45.913764], [6.87283, 45.913687], [6.872722, 45.913544], [6.872903, 45.913598], [6.872955, 45.913626], [6.872995, 45.913634], [6.873037, 45.913664], [6.873101, 45.913681], [6.873121, 45.91368], [6.873133, 45.913673], [6.873051, 45.913589], [6.873, 45.913547], [6.872901, 45.913391], [6.873003, 45.913442], [6.873131, 45.913491], [6.873162, 45.913518], [6.873268, 45.913554], [6.873361, 45.913538], [6.873343, 45.913525], [6.873287, 45.913505], [6.873255, 45.913459], [6.873219, 45.913363], [6.873341, 45.913387], [6.873408, 45.913432], [6.873527, 45.913468], [6.873521, 45.913429], [6.873472, 45.913398], [6.873461, 45.913346], [6.873596, 45.913363], [6.873521, 45.913328], [6.87347, 45.913228], [6.873629, 45.913275], [6.87374, 45.913264], [6.873801, 45.913307], [6.873829, 45.913362], [6.873844, 45.913371], [6.873869, 45.913351], [6.873895, 45.913391], [6.874015, 45.913428], [6.874091, 45.913446], [6.874294, 45.913445], [6.874355, 45.91348], [6.874517, 45.913604], [6.874666, 45.913822], [6.874701, 45.913827], [6.874711, 45.913819], [6.874674, 45.91371], [6.874731, 45.913592], [6.874869, 45.913718], [6.874959, 45.91378], [6.875016, 45.9138], [6.875128, 45.91381], [6.875248, 45.913841], [6.875391, 45.91393], [6.875338, 45.913861], [6.875269, 45.913741], [6.875171, 45.913631], [6.875342, 45.913715], [6.875589, 45.91385], [6.875702, 45.913952], [6.875857, 45.914061], [6.875919, 45.914117], [6.876131, 45.914229], [6.876278, 45.914317], [6.876319, 45.914322], [6.876502, 45.914424], [6.876601, 45.914448], [6.876525, 45.914348], [6.87656, 45.914316], [6.876557, 45.914282], [6.876623, 45.914277], [6.876698, 45.914322], [6.87676, 45.914324], [6.876857, 45.914372], [6.876901, 45.914378], [6.876921, 45.914403], [6.877089, 45.914511], [6.877311, 45.914573], [6.877255, 45.914535], [6.877201, 45.914236], [6.877072, 45.914042], [6.877335, 45.914137], [6.877878, 45.914394], [6.878129, 45.914551], [6.878309, 45.914624], [6.878518, 45.914673], [6.879209, 45.915073], [6.879335, 45.915064], [6.879701, 45.915236], [6.879716, 45.915012], [6.87981, 45.915019], [6.879922, 45.914958], [6.879627, 45.914424], [6.879219, 45.914034], [6.878976, 45.913892], [6.878678, 45.913661], [6.878581, 45.913377], [6.878616, 45.91331], [6.878725, 45.913303], [6.879285, 45.91345], [6.880087, 45.913672], [6.880578, 45.913837], [6.88075, 45.913936], [6.880734, 45.91385], [6.880726, 45.913708], [6.880782, 45.913712], [6.881109, 45.913971], [6.881414, 45.914249], [6.881508, 45.914282], [6.88169, 45.914459], [6.881875, 45.914277], [6.881942, 45.914379], [6.882092, 45.914491], [6.882146, 45.914577], [6.882253, 45.914657], [6.882374, 45.914577], [6.882426, 45.914566], [6.882587, 45.914732], [6.882718, 45.914805], [6.882836, 45.914823], [6.883149, 45.914855], [6.883349, 45.914804], [6.883475, 45.914779], [6.883664, 45.914768], [6.883809, 45.914772], [6.883962, 45.914785], [6.884156, 45.914823], [6.884479, 45.914926], [6.884553, 45.914929], [6.88465, 45.914946], [6.884762, 45.914947], [6.884871, 45.914933], [6.885094, 45.91494], [6.885214, 45.914951], [6.885623, 45.914948], [6.885732, 45.914925], [6.885764, 45.914897], [6.885694, 45.91487], [6.885659, 45.914833], [6.885439, 45.914748], [6.885431, 45.914738], [6.885459, 45.914714], [6.885479, 45.914707], [6.885658, 45.914705], [6.885889, 45.914682], [6.885897, 45.914667], [6.885514, 45.914525], [6.885526, 45.91451], [6.885972, 45.914405], [6.886123, 45.91433], [6.885924, 45.914283], [6.885823, 45.914228], [6.885837, 45.914216], [6.88603, 45.914151], [6.886253, 45.914111], [6.88625, 45.914095], [6.885999, 45.914041], [6.885957, 45.914024], [6.885976, 45.914002], [6.886032, 45.913978], [6.886151, 45.913941], [6.886356, 45.913926], [6.886361, 45.913916], [6.886345, 45.91389], [6.886318, 45.913865], [6.886281, 45.913842], [6.886122, 45.913773], [6.886128, 45.91374], [6.886362, 45.913731], [6.886195, 45.913654], [6.886202, 45.913648], [6.886432, 45.913655], [6.886262, 45.913543], [6.886254, 45.913533], [6.886255, 45.913516], [6.886269, 45.913509], [6.886332, 45.913513], [6.88646, 45.913477], [6.886401, 45.913455], [6.88631, 45.913435], [6.886226, 45.913388], [6.886227, 45.913368], [6.886288, 45.913355], [6.886393, 45.913293], [6.886391, 45.913282], [6.886369, 45.913263], [6.886186, 45.913235], [6.885839, 45.913254], [6.88572, 45.913253], [6.885472, 45.913264], [6.885415, 45.913259], [6.885381, 45.913246], [6.885348, 45.913223], [6.885307, 45.913153], [6.885289, 45.91292], [6.885099, 45.912808], [6.885092, 45.912774], [6.885107, 45.912721], [6.88518, 45.912624], [6.885216, 45.912588], [6.885278, 45.912576], [6.885356, 45.912571], [6.885385, 45.912595], [6.88541, 45.912598], [6.8854, 45.912468], [6.885361, 45.912447], [6.88537, 45.912428], [6.885398, 45.912431], [6.885484, 45.912487], [6.885506, 45.912473], [6.885506, 45.91246], [6.885466, 45.912396], [6.88548, 45.912384], [6.885502, 45.912387], [6.88556, 45.912433], [6.885578, 45.912429], [6.885595, 45.912368], [6.885615, 45.912364], [6.885668, 45.912431], [6.885724, 45.91244], [6.885766, 45.912275], [6.885868, 45.912292], [6.886128, 45.912126], [6.886341, 45.912056], [6.886526, 45.912075], [6.886571, 45.912029], [6.886511, 45.91201], [6.886257, 45.911955], [6.886602, 45.911896], [6.886633, 45.91188], [6.886442, 45.911843], [6.886396, 45.911818], [6.886301, 45.91181], [6.886308, 45.91179], [6.886371, 45.911753], [6.886603, 45.911711], [6.886815, 45.911595], [6.88643, 45.911591], [6.886875, 45.911437], [6.887113, 45.911438], [6.887058, 45.911411], [6.88668, 45.911318], [6.886728, 45.911287], [6.88686, 45.911274], [6.887, 45.911275], [6.88718, 45.911216], [6.887483, 45.911235], [6.8875, 45.911226], [6.8875, 45.91121], [6.887473, 45.911195], [6.887325, 45.911143], [6.887237, 45.91113], [6.887079, 45.911069], [6.88697, 45.911037], [6.886756, 45.911032], [6.886838, 45.910975], [6.886987, 45.910948], [6.887008, 45.910934], [6.88701, 45.910909], [6.886947, 45.91088], [6.886872, 45.910856], [6.886808, 45.910844], [6.886807, 45.910833], [6.886824, 45.910818], [6.886975, 45.910756], [6.886985, 45.910741], [6.886979, 45.910726], [6.886956, 45.910713], [6.886914, 45.910713], [6.886846, 45.910724], [6.886753, 45.910725], [6.886669, 45.910757], [6.886623, 45.910766], [6.88648, 45.910913], [6.886385, 45.910902], [6.886073, 45.910899], [6.886079, 45.910827], [6.886072, 45.91075], [6.886002, 45.910686], [6.886006, 45.910654], [6.885966, 45.910629], [6.886007, 45.910585], [6.885975, 45.910568], [6.885906, 45.910592], [6.885853, 45.91056], [6.885846, 45.910542], [6.885864, 45.910518], [6.885858, 45.910476], [6.885839, 45.910464], [6.885802, 45.910484], [6.885772, 45.910474], [6.885792, 45.910441], [6.885776, 45.910432], [6.885711, 45.910426], [6.885678, 45.910406], [6.885654, 45.910375], [6.885593, 45.910359], [6.885578, 45.910341], [6.885926, 45.9103], [6.885816, 45.910224], [6.885766, 45.910205], [6.885591, 45.910106], [6.88557, 45.910071], [6.885631, 45.910033], [6.885765, 45.910005], [6.885849, 45.91002], [6.88591, 45.910015], [6.886137, 45.910075], [6.886337, 45.910068], [6.886448, 45.910132], [6.88648, 45.910121], [6.886411, 45.909967], [6.886348, 45.909908], [6.886312, 45.909899], [6.886257, 45.909871], [6.886206, 45.909864], [6.886156, 45.909831], [6.886118, 45.909761], [6.886103, 45.909747], [6.886033, 45.90973], [6.885985, 45.909699], [6.885901, 45.909665], [6.885888, 45.909645], [6.885794, 45.909589], [6.885762, 45.909527], [6.885775, 45.909522], [6.885933, 45.90956], [6.886125, 45.909541], [6.88621, 45.909558], [6.886267, 45.909545], [6.886334, 45.909587], [6.886436, 45.909627], [6.886613, 45.909649], [6.886744, 45.909591], [6.88683, 45.909561], [6.887039, 45.909503], [6.887138, 45.909499], [6.887334, 45.909429], [6.887554, 45.909437], [6.887795, 45.909521], [6.887913, 45.909471], [6.888116, 45.909457], [6.888116, 45.909438], [6.887998, 45.909352], [6.887654, 45.909182], [6.88762, 45.909179], [6.887525, 45.909193], [6.887462, 45.909178], [6.88742, 45.909157], [6.887422, 45.90913], [6.887484, 45.909019], [6.887478, 45.909003], [6.887462, 45.909001], [6.887335, 45.909067], [6.887155, 45.909088], [6.887206, 45.909044], [6.887277, 45.908957], [6.88734, 45.908845], [6.887353, 45.908808], [6.887355, 45.908757], [6.887374, 45.908717], [6.887304, 45.908732], [6.887207, 45.908793], [6.887177, 45.908797], [6.887162, 45.908813], [6.887111, 45.908841], [6.886921, 45.908878], [6.886867, 45.908855], [6.886825, 45.908828], [6.886777, 45.908776], [6.886697, 45.908411], [6.88665, 45.908332], [6.886524, 45.908215], [6.886415, 45.908139], [6.886396, 45.908099], [6.886309, 45.908039], [6.886317, 45.908007], [6.886235, 45.907908], [6.886246, 45.907828], [6.886099, 45.90772], [6.88604, 45.90766], [6.885852, 45.907654], [6.885744, 45.90767], [6.885617, 45.907673], [6.885356, 45.907653], [6.885309, 45.90769], [6.885238, 45.907785], [6.885142, 45.907847], [6.885104, 45.90785], [6.885089, 45.907866], [6.885048, 45.907875], [6.88504, 45.9079], [6.885017, 45.907912], [6.884992, 45.907939], [6.884954, 45.907939], [6.884942, 45.907893], [6.884923, 45.907878], [6.884906, 45.907879], [6.884886, 45.907914], [6.884866, 45.90793], [6.884863, 45.907943], [6.884855, 45.907949], [6.884835, 45.90795], [6.88481, 45.907923], [6.884757, 45.907899], [6.884671, 45.907885], [6.884594, 45.907884], [6.884523, 45.907861], [6.884507, 45.907866], [6.884499, 45.907877], [6.884494, 45.90791], [6.884483, 45.907926], [6.884387, 45.9079], [6.884363, 45.907914], [6.884347, 45.90791], [6.88432, 45.907894], [6.884176, 45.907843], [6.883907, 45.907758], [6.883865, 45.907729], [6.883816, 45.907682], [6.883768, 45.907664], [6.88372, 45.907634], [6.883343, 45.907345], [6.883202, 45.90717], [6.883212, 45.907129], [6.883241, 45.907125], [6.883396, 45.907197], [6.883578, 45.907236], [6.883594, 45.907109], [6.883487, 45.906994], [6.883426, 45.90686], [6.883485, 45.906712], [6.883331, 45.906501], [6.883258, 45.906444], [6.883582, 45.906512], [6.883601, 45.9065], [6.883503, 45.906415], [6.883466, 45.906413], [6.883372, 45.906335], [6.883396, 45.906307], [6.883403, 45.906283], [6.883363, 45.906247], [6.883335, 45.906231], [6.883338, 45.9062], [6.883329, 45.906183], [6.883241, 45.906129], [6.883089, 45.906015], [6.882952, 45.905872], [6.882922, 45.905817], [6.882885, 45.905772], [6.882899, 45.905728], [6.882734, 45.905644], [6.882607, 45.905573], [6.882574, 45.905547], [6.882549, 45.90551], [6.882551, 45.905438], [6.882486, 45.905373], [6.882462, 45.905351], [6.882402, 45.905233], [6.882179, 45.904904], [6.882088, 45.904748], [6.881998, 45.90465], [6.881904, 45.904601], [6.881871, 45.904577], [6.88181, 45.904467], [6.881702, 45.904389], [6.881693, 45.904335], [6.881589, 45.904261], [6.881472, 45.904154], [6.881178, 45.903976], [6.881001, 45.903762], [6.880982, 45.903747], [6.88097, 45.903751], [6.880967, 45.903762], [6.881017, 45.903927], [6.881018, 45.903952], [6.881005, 45.903957], [6.880988, 45.903952], [6.88086, 45.903868], [6.880846, 45.903838], [6.880836, 45.903834], [6.880823, 45.903839], [6.880815, 45.903877], [6.880836, 45.903945], [6.880883, 45.90399], [6.880919, 45.904051], [6.880956, 45.904083], [6.880963, 45.904101], [6.88095, 45.904106], [6.880877, 45.904064], [6.880863, 45.904067], [6.880859, 45.904074], [6.8809, 45.904133], [6.880942, 45.904173], [6.880997, 45.904207], [6.881, 45.904251], [6.880991, 45.904267], [6.880947, 45.904262], [6.880707, 45.904099], [6.880639, 45.904127], [6.88059, 45.904165], [6.880593, 45.904225], [6.880625, 45.904333], [6.880694, 45.904419], [6.88076, 45.904596], [6.881038, 45.904917], [6.881238, 45.905124], [6.881334, 45.905358], [6.881334, 45.905387], [6.881321, 45.905399], [6.881304, 45.9054], [6.881201, 45.905306], [6.881186, 45.905307], [6.881179, 45.905314], [6.881188, 45.905337], [6.881183, 45.905357], [6.881164, 45.905358], [6.88111, 45.90533], [6.881086, 45.905328], [6.881074, 45.905336], [6.881072, 45.905348], [6.881105, 45.905395], [6.881115, 45.905434], [6.881106, 45.905446], [6.881084, 45.905453], [6.881054, 45.905448], [6.88098, 45.905373], [6.880961, 45.905318], [6.880877, 45.905228], [6.880814, 45.905184], [6.880795, 45.90515], [6.880764, 45.905145], [6.880667, 45.905021], [6.880557, 45.904948], [6.880454, 45.904901], [6.880418, 45.904902], [6.88038, 45.90492], [6.880331, 45.904917], [6.880185, 45.904854], [6.880135, 45.904848], [6.880056, 45.904873], [6.880003, 45.904905], [6.879927, 45.904924], [6.879864, 45.904909], [6.879786, 45.904918], [6.879714, 45.904856], [6.879672, 45.904852], [6.879663, 45.904865], [6.879663, 45.904905], [6.87964, 45.904914], [6.879439, 45.904711], [6.879413, 45.904631], [6.879388, 45.904621], [6.879361, 45.904633], [6.879345, 45.904657], [6.87934, 45.904719], [6.879352, 45.904821], [6.87937, 45.904891], [6.8795, 45.905132], [6.879549, 45.905172], [6.879542, 45.90518], [6.879521, 45.90518], [6.879437, 45.905138], [6.879303, 45.905003], [6.879221, 45.904948], [6.879012, 45.90472], [6.878999, 45.90472], [6.878995, 45.904728], [6.879044, 45.90494], [6.879028, 45.905053], [6.878995, 45.905075], [6.878945, 45.905084], [6.878898, 45.905079], [6.878727, 45.904846], [6.878501, 45.904692], [6.878437, 45.904615], [6.878398, 45.904498], [6.878376, 45.904482], [6.878332, 45.904488], [6.87832, 45.904503], [6.878316, 45.90459], [6.87835, 45.904747], [6.878338, 45.90476], [6.878316, 45.904761], [6.878289, 45.904752], [6.878228, 45.904678], [6.878168, 45.904499], [6.878186, 45.904398], [6.878251, 45.904259], [6.87831, 45.90416], [6.8783, 45.904145], [6.87827, 45.904141], [6.878226, 45.904157], [6.87805, 45.904307], [6.877903, 45.904405], [6.877828, 45.904511], [6.877792, 45.904531], [6.877768, 45.904524], [6.877756, 45.904491], [6.877838, 45.904308], [6.877938, 45.904158], [6.877981, 45.903995], [6.87804, 45.90393], [6.87806, 45.903863], [6.878048, 45.903833], [6.878026, 45.903828], [6.877993, 45.90384], [6.877956, 45.903887], [6.877838, 45.904006], [6.877637, 45.904154], [6.877624, 45.904153], [6.877613, 45.904144], [6.877616, 45.904124], [6.87769, 45.904004], [6.877713, 45.903901], [6.877766, 45.903797], [6.877754, 45.903773], [6.877727, 45.903778], [6.877635, 45.903867], [6.877608, 45.903923], [6.877534, 45.903989], [6.877518, 45.903984], [6.877515, 45.903952], [6.877559, 45.903892], [6.877562, 45.903804], [6.87755, 45.903793], [6.877533, 45.903795], [6.877468, 45.903877], [6.877389, 45.903957], [6.877383, 45.903984], [6.877366, 45.903992], [6.877349, 45.903986], [6.87736, 45.903885], [6.877387, 45.903814], [6.877375, 45.903794], [6.877357, 45.903787], [6.87722, 45.903892], [6.8772, 45.903964], [6.877177, 45.903976], [6.877162, 45.903963], [6.877141, 45.903895], [6.877209, 45.903681], [6.877137, 45.903344], [6.877103, 45.902951], [6.877189, 45.902655], [6.877182, 45.90247], [6.877288, 45.902268], [6.877362, 45.90219], [6.87727, 45.902015], [6.877228, 45.901968], [6.87714, 45.901924], [6.877024, 45.901922], [6.876772, 45.901862], [6.876729, 45.901901], [6.876606, 45.901882], [6.876604, 45.901917], [6.876751, 45.902021], [6.876851, 45.902079], [6.87686, 45.902092], [6.876855, 45.902102], [6.876837, 45.90211], [6.876695, 45.902051], [6.876533, 45.902023], [6.876287, 45.90195], [6.876254, 45.90187], [6.876119, 45.901958], [6.876088, 45.901972], [6.876078, 45.902012], [6.876109, 45.902059], [6.876195, 45.902111], [6.876402, 45.902161], [6.876411, 45.902168], [6.876409, 45.90218], [6.87639, 45.902186], [6.87604, 45.902152], [6.875859, 45.902162], [6.875781, 45.902127], [6.875747, 45.902036], [6.875711, 45.901967], [6.875659, 45.901982], [6.875537, 45.902083], [6.875519, 45.902146], [6.875585, 45.902215], [6.875728, 45.902271], [6.875877, 45.902375], [6.875923, 45.902396], [6.875924, 45.902406], [6.875912, 45.90241], [6.875856, 45.902406], [6.875599, 45.902335], [6.87549, 45.90232], [6.875126, 45.902253], [6.875057, 45.902148], [6.875007, 45.902146], [6.874996, 45.902163], [6.874927, 45.902224], [6.874947, 45.902293], [6.87513, 45.902429], [6.875239, 45.902508], [6.875382, 45.902592], [6.875401, 45.902609], [6.875401, 45.902622], [6.875384, 45.902627], [6.875309, 45.902611], [6.875052, 45.902522], [6.874822, 45.902473], [6.874474, 45.902412], [6.874382, 45.902302], [6.874347, 45.90229], [6.874312, 45.902296], [6.874294, 45.902322], [6.874366, 45.902489], [6.874548, 45.902654], [6.874656, 45.902762], [6.874772, 45.90293], [6.874792, 45.903017], [6.874778, 45.903105], [6.87419, 45.903532], [6.874175, 45.903663], [6.873907, 45.9041], [6.873885, 45.904372], [6.873863, 45.904447], [6.873772, 45.904307], [6.873705, 45.904229], [6.873684, 45.904337], [6.873614, 45.904486], [6.873533, 45.904619], [6.873474, 45.904641], [6.873457, 45.904323], [6.87337, 45.904201], [6.873323, 45.903994], [6.873311, 45.903674], [6.873284, 45.903599], [6.873048, 45.903941], [6.872866, 45.904452], [6.872287, 45.905088], [6.872167, 45.905206], [6.872004, 45.905482], [6.87204, 45.905713], [6.87216, 45.906011], [6.872297, 45.906135], [6.872306, 45.906169], [6.872293, 45.906183], [6.872261, 45.906187], [6.872208, 45.90617], [6.871995, 45.906023], [6.871547, 45.905731], [6.871444, 45.905591], [6.871358, 45.905432], [6.871382, 45.905261], [6.871487, 45.904968], [6.871487, 45.904357], [6.871433, 45.904324], [6.871264, 45.904531], [6.871119, 45.904815], [6.871085, 45.904811], [6.871034, 45.904421], [6.870605, 45.904932], [6.870265, 45.905192], [6.870227, 45.905397], [6.870161, 45.905968], [6.870209, 45.906129], [6.870332, 45.906356], [6.870304, 45.906371], [6.870281, 45.906373], [6.870244, 45.906361], [6.87006, 45.90619], [6.870029, 45.906174], [6.869998, 45.906172], [6.869981, 45.906188], [6.870007, 45.906272], [6.870299, 45.90669], [6.870446, 45.906937], [6.870637, 45.907297], [6.870736, 45.907427], [6.870725, 45.907439], [6.870668, 45.907429], [6.870509, 45.907376], [6.870261, 45.907271], [6.870073, 45.907187], [6.869939, 45.907093], [6.869373, 45.906575], [6.869186, 45.906395], [6.868944, 45.906117], [6.868711, 45.905725], [6.868657, 45.905617], [6.868472, 45.905496], [6.8684, 45.90544], [6.86833, 45.905283], [6.868357, 45.904884], [6.868319, 45.904761], [6.868263, 45.904729], [6.868083, 45.904925], [6.867777, 45.90516], [6.867761, 45.905192], [6.867751, 45.905369], [6.867836, 45.905541], [6.867879, 45.905753], [6.867836, 45.905858], [6.867834, 45.906619], [6.867775, 45.906621], [6.86748, 45.906326], [6.867437, 45.906231], [6.867289, 45.905899], [6.867228, 45.905897], [6.867158, 45.906056], [6.867029, 45.905733], [6.866871, 45.905602], [6.86667, 45.90549], [6.866471, 45.905214], [6.86638, 45.905339], [6.866208, 45.905235], [6.866176, 45.905076], [6.86609, 45.904962], [6.865929, 45.90477], [6.865642, 45.904555], [6.865439, 45.904581], [6.865431, 45.904477], [6.865321, 45.904449], [6.865178, 45.904186], [6.865055, 45.904066], [6.864958, 45.904195], [6.864798, 45.90393], [6.864511, 45.903581], [6.864221, 45.903377], [6.864336, 45.903883], [6.864266, 45.903902], [6.864127, 45.903769], [6.864028, 45.903717], [6.863886, 45.903689], [6.863768, 45.90362], [6.863765, 45.903699], [6.863778, 45.903756], [6.863961, 45.903958], [6.864025, 45.904135], [6.864001, 45.904188], [6.863888, 45.9041], [6.863711, 45.904085], [6.863751, 45.904253], [6.863778, 45.904333], [6.863628, 45.904417], [6.863585, 45.904529], [6.86299, 45.904176], [6.86284, 45.90415], [6.862638, 45.904167], [6.862539, 45.904316], [6.862287, 45.904383], [6.862142, 45.904385], [6.862083, 45.904385], [6.861864, 45.904315], [6.861919, 45.904263], [6.861953, 45.904252], [6.861958, 45.904242], [6.861936, 45.90422], [6.861919, 45.904159], [6.861835, 45.904045], [6.86178, 45.903905], [6.861815, 45.903865], [6.861979, 45.903861], [6.861998, 45.903852], [6.861994, 45.90383], [6.861947, 45.903818], [6.861856, 45.903761], [6.861824, 45.903726], [6.861842, 45.903694], [6.861962, 45.903686], [6.861997, 45.903678], [6.862033, 45.903659], [6.861992, 45.903609], [6.861798, 45.903516], [6.86167, 45.90339], [6.861619, 45.903194], [6.861546, 45.903117], [6.861397, 45.903085], [6.86121, 45.903113], [6.861025, 45.903196], [6.860791, 45.903364], [6.860786, 45.903642], [6.860731, 45.903945], [6.860744, 45.904189], [6.860787, 45.904427], [6.860871, 45.904596], [6.861024, 45.90484], [6.861248, 45.905063], [6.861379, 45.90516], [6.861444, 45.905221], [6.861548, 45.90534], [6.861582, 45.905469], [6.861614, 45.905545], [6.861609, 45.90565], [6.861568, 45.905701], [6.861549, 45.905762], [6.861618, 45.905936], [6.861577, 45.906132], [6.861571, 45.906212], [6.861376, 45.906225], [6.861232, 45.906236], [6.860994, 45.906279], [6.860941, 45.906262], [6.860813, 45.906262], [6.860689, 45.906274], [6.860623, 45.906254], [6.860554, 45.906206], [6.860503, 45.906193], [6.860443, 45.906202], [6.860316, 45.906272], [6.859951, 45.906405], [6.859839, 45.90642], [6.859771, 45.906453], [6.859612, 45.906434], [6.859465, 45.906407], [6.859361, 45.906419], [6.859162, 45.906461], [6.859113, 45.906477], [6.859029, 45.906593], [6.858815, 45.906792], [6.858797, 45.906865], [6.858568, 45.906947], [6.85852, 45.90703], [6.85842, 45.907087], [6.858338, 45.907108], [6.858101, 45.907081], [6.857751, 45.90716], [6.857477, 45.907198], [6.857357, 45.90724], [6.856152, 45.907516], [6.855936, 45.90755], [6.855155, 45.907582], [6.854764, 45.907609], [6.854547, 45.907652], [6.854503, 45.907792], [6.854404, 45.908009], [6.854387, 45.908051], [6.85438, 45.908099], [6.854339, 45.908176], [6.854297, 45.908222], [6.854222, 45.908344], [6.853959, 45.908748], [6.853913, 45.908809], [6.853898, 45.908846], [6.853891, 45.908887], [6.853912, 45.908962], [6.853994, 45.90904], [6.854082, 45.909081], [6.854058, 45.909112], [6.853995, 45.909184], [6.854064, 45.909218], [6.854147, 45.909247], [6.854315, 45.909277], [6.854464, 45.909353], [6.854559, 45.909433], [6.854749, 45.909524], [6.854751, 45.909532], [6.854715, 45.909543], [6.854561, 45.909535], [6.854495, 45.909504], [6.854367, 45.90942], [6.85426, 45.909368], [6.854176, 45.909376], [6.854114, 45.9094], [6.854063, 45.909439], [6.854016, 45.909484], [6.853731, 45.909894], [6.853686, 45.909954], [6.853615, 45.910021], [6.853362, 45.910009], [6.853361, 45.91003], [6.853361, 45.910054], [6.85336, 45.910082], [6.85336, 45.910087], [6.853097, 45.910084], [6.853057, 45.910125], [6.8529, 45.910227], [6.852813, 45.910293], [6.852738, 45.910362], [6.852643, 45.910477], [6.852628, 45.910501], [6.852618, 45.910541], [6.852648, 45.910649], [6.852596, 45.910669], [6.852482, 45.910703], [6.852264, 45.910629], [6.852169, 45.910604], [6.852067, 45.910581], [6.851874, 45.910637], [6.850941, 45.910857], [6.850555, 45.910978], [6.850341, 45.911053], [6.850301, 45.911067], [6.850227, 45.911081], [6.85002, 45.911156], [6.849701, 45.91127], [6.849592, 45.91131], [6.849488, 45.91136], [6.849397, 45.911403], [6.849301, 45.911443], [6.849129, 45.911542], [6.849025, 45.911594], [6.848964, 45.91162], [6.848849, 45.91164], [6.848792, 45.911672], [6.848738, 45.911685], [6.848658, 45.911695], [6.848254, 45.911715], [6.848162, 45.911733], [6.848079, 45.91176], [6.847954, 45.911827], [6.847637, 45.912055], [6.847548, 45.912118], [6.847503, 45.912146], [6.847636, 45.912247], [6.847769, 45.912361], [6.848078, 45.912605], [6.848255, 45.912764], [6.848654, 45.913034], [6.848255, 45.912764], [6.848078, 45.912605], [6.847769, 45.912361], [6.847636, 45.912247], [6.847503, 45.912146], [6.847472, 45.912166], [6.847267, 45.912308], [6.84722, 45.912339], [6.847132, 45.912395], [6.84711, 45.91241], [6.846914, 45.912526], [6.846621, 45.912709], [6.846693, 45.91277], [6.846785, 45.912847], [6.846855, 45.912918], [6.846947, 45.912989], [6.846951, 45.912995], [6.846964, 45.913016], [6.847054, 45.913145], [6.847209, 45.913314], [6.847113, 45.91337], [6.846822, 45.913537], [6.846764, 45.913559], [6.846653, 45.913633], [6.846319, 45.913812], [6.846252, 45.91384], [6.846115, 45.913896], [6.845837, 45.913533], [6.845765, 45.913429], [6.845721, 45.913344], [6.845695, 45.913274], [6.845685, 45.913208], [6.845694, 45.91307], [6.845688, 45.912981], [6.845669, 45.912908], [6.845652, 45.912716], [6.845611, 45.912499], [6.84552, 45.912368], [6.845426, 45.912199], [6.845408, 45.912152], [6.8454, 45.912017], [6.845383, 45.911975], [6.84527, 45.911781], [6.845192, 45.911675], [6.84514, 45.911647], [6.845086, 45.911627], [6.844927, 45.911604], [6.844882, 45.911585], [6.844826, 45.911577], [6.84464, 45.911526], [6.844525, 45.911523], [6.844368, 45.911532], [6.844224, 45.911524], [6.844172, 45.911531], [6.844077, 45.911557], [6.843988, 45.911618], [6.843955, 45.911624], [6.843827, 45.911627], [6.843696, 45.911653], [6.843636, 45.911655], [6.843568, 45.911645], [6.843533, 45.911634], [6.843349, 45.911549], [6.84318, 45.911507], [6.843064, 45.911467], [6.842873, 45.91143], [6.842702, 45.91138], [6.842524, 45.911342], [6.842399, 45.911331], [6.842296, 45.911278], [6.842155, 45.911243], [6.842037, 45.911187], [6.842024, 45.911197], [6.842038, 45.91129], [6.842037, 45.911482], [6.842004, 45.911565], [6.842038, 45.91172], [6.842086, 45.911786], [6.842088, 45.91183], [6.842143, 45.911883], [6.842129, 45.911939], [6.842156, 45.912005], [6.84212, 45.912069], [6.842121, 45.912083], [6.84215, 45.912123], [6.842154, 45.912148], [6.842117, 45.912212], [6.84212, 45.912238], [6.842173, 45.912374], [6.842171, 45.912402], [6.842132, 45.912444], [6.84213, 45.91247], [6.842144, 45.912528], [6.842118, 45.912541], [6.842107, 45.912534], [6.842097, 45.912507], [6.842071, 45.912477], [6.842012, 45.912423], [6.841964, 45.912397], [6.841911, 45.91238], [6.841806, 45.912362], [6.841773, 45.912365], [6.841803, 45.912454], [6.8418, 45.912481], [6.841747, 45.912566], [6.841721, 45.912652], [6.841702, 45.912664], [6.841676, 45.912664], [6.841659, 45.912656], [6.841641, 45.912635], [6.841615, 45.912624], [6.84157, 45.912617], [6.841493, 45.912582], [6.84148, 45.912556], [6.841475, 45.912503], [6.841463, 45.912486], [6.841379, 45.912447], [6.841367, 45.912448], [6.84137, 45.9125], [6.841352, 45.912516], [6.841322, 45.912569], [6.841304, 45.912628], [6.841306, 45.912649], [6.841336, 45.912694], [6.841344, 45.912722], [6.841338, 45.912747], [6.841317, 45.912773], [6.841246, 45.912806], [6.841211, 45.912832], [6.841195, 45.91286], [6.841197, 45.912888], [6.841218, 45.91293], [6.841221, 45.912956], [6.841206, 45.912993], [6.841222, 45.913026], [6.841275, 45.913066], [6.841347, 45.913156], [6.841367, 45.913201], [6.841367, 45.913229], [6.841333, 45.913367], [6.841334, 45.913471], [6.841298, 45.913607], [6.84132, 45.913653], [6.841384, 45.913698], [6.841616, 45.913778], [6.841823, 45.913876], [6.842058, 45.913995], [6.842066, 45.914008], [6.842057, 45.914019], [6.842038, 45.914024], [6.84162, 45.914055], [6.841538, 45.914073], [6.841543, 45.914105], [6.841641, 45.914179], [6.841681, 45.914232], [6.84171, 45.914323], [6.841711, 45.91434], [6.841694, 45.914347], [6.841619, 45.914281], [6.841592, 45.91427], [6.841556, 45.914267], [6.841449, 45.914295], [6.841444, 45.914305], [6.841456, 45.914318], [6.841515, 45.914337], [6.841537, 45.914351], [6.841549, 45.914367], [6.841542, 45.914392], [6.84152, 45.914395], [6.841453, 45.914389], [6.841297, 45.914402], [6.841171, 45.91443], [6.841041, 45.914443], [6.840977, 45.914455], [6.840977, 45.914469], [6.840987, 45.914481], [6.841191, 45.914577], [6.841342, 45.914672], [6.841403, 45.914741], [6.841392, 45.914751], [6.841205, 45.914736], [6.841039, 45.914735], [6.840898, 45.914741], [6.840845, 45.914737], [6.840956, 45.91481], [6.840999, 45.914828], [6.841066, 45.914842], [6.841096, 45.914854], [6.841331, 45.91499], [6.841356, 45.91501], [6.841367, 45.915033], [6.84137, 45.915104], [6.841392, 45.915125], [6.841426, 45.915133], [6.841459, 45.915133], [6.841499, 45.91513], [6.841553, 45.915114], [6.841736, 45.915118], [6.841837, 45.915149], [6.841933, 45.91516], [6.842011, 45.915162], [6.842041, 45.915171], [6.842118, 45.915217], [6.842324, 45.915279], [6.842358, 45.915295], [6.842411, 45.91534], [6.842512, 45.915463], [6.842549, 45.915512], [6.842653, 45.915685], [6.842706, 45.915754], [6.842725, 45.915772], [6.842773, 45.915794], [6.842812, 45.915848], [6.842839, 45.915871], [6.842936, 45.91594], [6.843039, 45.915998], [6.843053, 45.916026], [6.843121, 45.916064], [6.843184, 45.916112], [6.843335, 45.916212], [6.843465, 45.916293], [6.843516, 45.916313], [6.843577, 45.916325], [6.843643, 45.916334], [6.843743, 45.916336], [6.844117, 45.916347], [6.84424, 45.916386], [6.844337, 45.916408], [6.844477, 45.91643], [6.844537, 45.916446], [6.844656, 45.916457], [6.8447, 45.916466], [6.844754, 45.916486], [6.844864, 45.91651], [6.845053, 45.916576], [6.84517, 45.916609], [6.845431, 45.916739], [6.845651, 45.916866], [6.845706, 45.916889], [6.845883, 45.916942], [6.845928, 45.916956], [6.845998, 45.916961], [6.846248, 45.916946], [6.84636, 45.91695], [6.846413, 45.916966], [6.846649, 45.917078], [6.84679, 45.917123], [6.846852, 45.917133], [6.846932, 45.917135], [6.847074, 45.917125], [6.84724, 45.91713], [6.84737, 45.917234], [6.84744, 45.917318], [6.84747, 45.917385], [6.847483, 45.917522], [6.847499, 45.917563], [6.847526, 45.917601], [6.847577, 45.91764], [6.84763, 45.917667], [6.847685, 45.917681], [6.847816, 45.917696], [6.847908, 45.917713], [6.848181, 45.917739], [6.848233, 45.917754], [6.848266, 45.917771], [6.848282, 45.917791], [6.848281, 45.917821], [6.848264, 45.917847], [6.848081, 45.917998], [6.848068, 45.918033], [6.848066, 45.918066], [6.84808, 45.918095], [6.848247, 45.918195], [6.84838, 45.918239], [6.848515, 45.918266], [6.848587, 45.918269], [6.848655, 45.918296], [6.848724, 45.918314], [6.848814, 45.918314], [6.84892, 45.918337], [6.849109, 45.918393], [6.849152, 45.91842], [6.849239, 45.9185], [6.849383, 45.918608], [6.84951, 45.918756], [6.849645, 45.91889], [6.849773, 45.918965], [6.849932, 45.91904], [6.850036, 45.91914], [6.850087, 45.919205], [6.850105, 45.919241], [6.850145, 45.919356], [6.850215, 45.919504], [6.850222, 45.919536], [6.85022, 45.919643], [6.850243, 45.919698], [6.85027, 45.919726], [6.850356, 45.919789], [6.850409, 45.919857], [6.850442, 45.919932], [6.850458, 45.919956], [6.850502, 45.920005], [6.85052, 45.920069], [6.850706, 45.920325], [6.85085, 45.920571], [6.850928, 45.920655], [6.850962, 45.920699], [6.851029, 45.920758], [6.851057, 45.920792], [6.851136, 45.920912], [6.851222, 45.921087], [6.851309, 45.921218], [6.851393, 45.921304], [6.851402, 45.921334], [6.851399, 45.921408], [6.851381, 45.921436], [6.851276, 45.921519], [6.851236, 45.921569], [6.851211, 45.921624], [6.851188, 45.921647], [6.851182, 45.921664], [6.851188, 45.921675], [6.851205, 45.921688], [6.851392, 45.921754], [6.851484, 45.921802], [6.851527, 45.921836], [6.851608, 45.921879], [6.851724, 45.921914], [6.8518, 45.921954], [6.851924, 45.922029], [6.851955, 45.922062], [6.852039, 45.922126], [6.852075, 45.922166], [6.852701, 45.922443], [6.852804, 45.922515], [6.852923, 45.922574], [6.85317, 45.9226], [6.8534, 45.922725], [6.853399, 45.92282], [6.853458, 45.922932], [6.853613, 45.923083], [6.853925, 45.923212], [6.854046, 45.923241], [6.854367, 45.92324], [6.854619, 45.923248], [6.854749, 45.923295], [6.855023, 45.923356], [6.855292, 45.923315], [6.855527, 45.923382], [6.855886, 45.923535], [6.85629, 45.92383], [6.856419, 45.923774], [6.856836, 45.923733], [6.85703, 45.923744], [6.857397, 45.923735], [6.857977, 45.923785], [6.858335, 45.923731], [6.858543, 45.923726], [6.85894, 45.923796], [6.859339, 45.923799], [6.859607, 45.923871], [6.85989, 45.924053], [6.86021, 45.92431], [6.860502, 45.924612], [6.860697, 45.925036], [6.860811, 45.925221], [6.86085, 45.925263], [6.860905, 45.925305], [6.860957, 45.925334], [6.861015, 45.925343], [6.861048, 45.925413], [6.861144, 45.925424], [6.861243, 45.925426], [6.861273, 45.925422], [6.861328, 45.925395], [6.861409, 45.925369], [6.861452, 45.925334], [6.861528, 45.925271], [6.861606, 45.925219], [6.861676, 45.925186], [6.861708, 45.925178], [6.86178, 45.925175], [6.861952, 45.925236], [6.86214, 45.925252], [6.862282, 45.925247], [6.86261, 45.925207], [6.862737, 45.925202], [6.862766, 45.925218], [6.862804, 45.925228], [6.86294, 45.925241], [6.863036, 45.925261], [6.863174, 45.925274], [6.863703, 45.925438], [6.864072, 45.925513], [6.864416, 45.925605], [6.864632, 45.925645], [6.864754, 45.925688], [6.865286, 45.925796], [6.865552, 45.925865], [6.865659, 45.925886], [6.866015, 45.925912], [6.8664, 45.925975], [6.866614, 45.926068], [6.866886, 45.926242], [6.866829, 45.925938], [6.866813, 45.925734], [6.866725, 45.925642], [6.866726, 45.92558], [6.866652, 45.925367], [6.866531, 45.925136], [6.866479, 45.924986], [6.866518, 45.92492], [6.867228, 45.924728], [6.867244, 45.924713], [6.867467, 45.924668], [6.867511, 45.92448], [6.867517, 45.924453], [6.86753, 45.924394], [6.867569, 45.924216], [6.8676, 45.924204], [6.867767, 45.924163], [6.86784, 45.924153], [6.867949, 45.924165], [6.868005, 45.924189], [6.868058, 45.924182], [6.86815, 45.924154], [6.868189, 45.924148], [6.868238, 45.924099], [6.868342, 45.924016], [6.868479, 45.923986], [6.868536, 45.92398], [6.868735, 45.923997], [6.868788, 45.923992], [6.868896, 45.923964], [6.868952, 45.923962], [6.869115, 45.923907], [6.869282, 45.923867], [6.86947, 45.923807]]}, "properties": {"heading": 180, "length_km": 19.072, "retrace": 0.014}}, {"type": "Feature", "geometry": {"type": "LineString", "coordinates": [[6.86947, 45.923807], [6.869827, 45.923694], [6.869835, 45.923662], [6.86966, 45.923445], [6.86968, 45.923401], [6.869704, 45.923329], [6.869711, 45.923281], [6.869708, 45.923242], [6.869688, 45.923203], [6.869984, 45.923068], [6.870142, 45.922996], [6.870199, 45.922998], [6.870241, 45.923033], [6.870285, 45.923014], [6.870318, 45.922998], [6.870189, 45.922845], [6.869893, 45.922461], [6.869679, 45.922217], [6.869639, 45.922139], [6.869584, 45.921956], [6.86958, 45.921864], [6.869592, 45.921783], [6.869643, 45.92159], [6.86969, 45.921447], [6.869832, 45.921034], [6.869891, 45.920859], [6.869908, 45.9208], [6.869915, 45.92077], [6.869977, 45.92077], [6.870026, 45.920744], [6.870044, 45.920705], [6.87004, 45.920685], [6.870028, 45.920666], [6.869982, 45.920641], [6.870035, 45.920498], [6.870115, 45.920321], [6.87021, 45.920173], [6.870413, 45.919895], [6.870527, 45.919766], [6.870576, 45.919677], [6.870583, 45.919636], [6.870584, 45.919586], [6.870562, 45.919525], [6.870528, 45.919459], [6.87045, 45.91937], [6.870537, 45.919314], [6.8706, 45.919274], [6.870658, 45.919265], [6.870872, 45.919115], [6.870858, 45.919049], [6.870895, 45.919018], [6.870802, 45.918956], [6.870953, 45.91884], [6.87098, 45.918793], [6.871066, 45.918735], [6.871109, 45.918703], [6.870498, 45.918318], [6.870605, 45.918239], [6.870857, 45.918064], [6.870882, 45.918046], [6.87107, 45.917921], [6.871205, 45.91779], [6.871439, 45.917539], [6.8716, 45.917312], [6.871673, 45.917239], [6.871731, 45.917175], [6.871747, 45.917161], [6.871884, 45.917092], [6.872024, 45.916989], [6.872188, 45.91683], [6.872195, 45.9168], [6.872233, 45.916733], [6.872262, 45.916709], [6.872319, 45.91669], [6.8724, 45.916689], [6.87248, 45.916711], [6.87267, 45.916736], [6.87273, 45.916725], [6.872827, 45.916651], [6.872892, 45.916582], [6.872901, 45.916509], [6.872897, 45.916431], [6.872881, 45.916348], [6.872744, 45.916223], [6.87264, 45.916153], [6.872568, 45.91609], [6.872524, 45.916019], [6.872497, 45.915938], [6.872459, 45.915881], [6.872398, 45.915832], [6.872185, 45.915712], [6.872105, 45.915639], [6.87205, 45.915545], [6.872025, 45.915455], [6.872013, 45.915345], [6.871978, 45.915214], [6.871935, 45.91513], [6.871877, 45.915054], [6.87186, 45.91501], [6.871871, 45.914979], [6.872176, 45.914969], [6.87232, 45.91498], [6.872483, 45.915016], [6.872526, 45.915003], [6.872546, 45.914933], [6.87257, 45.914908], [6.87263, 45.914908], [6.872734, 45.914948], [6.872836, 45.915], [6.873082, 45.915143], [6.873139, 45.915156], [6.873196, 45.915158], [6.873228, 45.915145], [6.873233, 45.915119], [6.873225, 45.914988], [6.873236, 45.914953], [6.873276, 45.914933], [6.873318, 45.914928], [6.873379, 45.914937], [6.873469, 45.914962], [6.873572, 45.914998], [6.873677, 45.915059], [6.873713, 45.91506], [6.873733, 45.915047], [6.873737, 45.915001], [6.873719, 45.914789], [6.873694, 45.914685], [6.873651, 45.914562], [6.873584, 45.914455], [6.873365, 45.914268], [6.873448, 45.9143], [6.873164, 45.914068], [6.873163, 45.913974], [6.873176, 45.913885], [6.872913, 45.913764], [6.87283, 45.913687], [6.872722, 45.913544], [6.872903, 45.913598], [6.872955, 45.913626], [6.872995, 45.913634], [6.873037, 45.913664], [6.873101, 45.913681], [6.873121, 45.91368], [6.873133, 45.913673], [6.873051, 45.913589], [6.873, 45.913547], [6.872901, 45.913391], [6.873003, 45.913442], [6.873131, 45.913491], [6.873162, 45.913518], [6.873268, 45.913554], [6.873361, 45.913538], [6.873343, 45.913525], [6.873287, 45.913505], [6.873255, 45.913459], [6.873219, 45.913363], [6.873341, 45.913387], [6.873408, 45.913432], [6.873527, 45.913468], [6.873521, 45.913429], [6.873472, 45.913398], [6.873461, 45.913346], [6.873596, 45.913363], [6.873521, 45.913328], [6.87347, 45.913228], [6.873629, 45.913275], [6.87374, 45.913264], [6.873801, 45.913307], [6.873829, 45.913362], [6.873844, 45.913371], [6.873869, 45.913351], [6.873895, 45.913391], [6.874015, 45.913428], [6.874091, 45.913446], [6.874294, 45.913445], [6.874355, 45.91348], [6.874517, 45.913604], [6.874666, 45.913822], [6.874701, 45.913827], [6.874711, 45.913819], [6.874674, 45.91371], [6.874731, 45.913592], [6.874869, 45.913718], [6.874959, 45.91378], [6.875016, 45.9138], [6.875128, 45.91381], [6.875248, 45.913841], [6.875391, 45.91393], [6.875338, 45.913861], [6.875269, 45.913741], [6.875171, 45.913631], [6.875342, 45.913715], [6.875589, 45.91385], [6.875702, 45.913952], [6.875857, 45.914061], [6.875919, 45.914117], [6.876131, 45.914229], [6.876278, 45.914317], [6.876319, 45.914322], [6.876502, 45.914424], [6.876601, 45.914448], [6.876525, 45.914348], [6.87656, 45.914316], [6.876557, 45.914282], [6.876623, 45.914277], [6.876698, 45.914322], [6.87676, 45.914324], [6.876857, 45.914372], [6.876901, 45.914378], [6.876921, 45.914403], [6.877089, 45.914511], [6.877311, 45.914573], [6.877255, 45.914535], [6.877201, 45.914236], [6.877072, 45.914042], [6.877335, 45.914137], [6.877878, 45.914394], [6.878129, 45.914551], [6.878309, 45.914624], [6.878518, 45.914673], [6.879209, 45.915073], [6.879335, 45.915064], [6.879701, 45.915236], [6.879716, 45.915012], [6.87981, 45.915019], [6.879922, 45.914958], [6.879627, 45.914424], [6.879219, 45.914034], [6.878976, 45.913892], [6.878678, 45.913661], [6.878581, 45.913377], [6.878616, 45.91331], [6.878725, 45.913303], [6.879285, 45.91345], [6.880087, 45.913672], [6.880578, 45.913837], [6.88075, 45.913936], [6.880734, 45.91385], [6.880726, 45.913708], [6.880782, 45.913712], [6.881109, 45.913971], [6.881414, 45.914249], [6.881508, 45.914282], [6.88169, 45.914459], [6.881875, 45.914277], [6.881942, 45.914379], [6.882092, 45.914491], [6.882146, 45.914577], [6.882253, 45.914657], [6.882374, 45.914577], [6.882426, 45.914566], [6.882587, 45.914732], [6.882718, 45.914805], [6.882836, 45.914823], [6.883149, 45.914855], [6.883349, 45.914804], [6.883475, 45.914779], [6.883664, 45.914768], [6.883809, 45.914772], [6.883962, 45.914785], [6.884156, 45.914823], [6.884479, 45.914926], [6.884553, 45.914929], [6.88465, 45.914946], [6.884762, 45.914947], [6.884871, 45.914933], [6.885094, 45.91494], [6.885214, 45.914951], [6.885623, 45.914948], [6.885732, 45.914925], [6.885764, 45.914897], [6.885694, 45.91487], [6.885659, 45.914833], [6.885439, 45.914748], [6.885431, 45.914738], [6.885459, 45.914714], [6.885479, 45.914707], [6.885658, 45.914705], [6.885889, 45.914682], [6.885897, 45.914667], [6.885514, 45.914525], [6.885526, 45.91451], [6.885972, 45.914405], [6.886123, 45.91433], [6.885924, 45.914283], [6.885823, 45.914228], [6.885837, 45.914216], [6.88603, 45.914151], [6.886253, 45.914111], [6.88625, 45.914095], [6.885999, 45.914041], [6.885957, 45.914024], [6.885976, 45.914002], [6.886032, 45.913978], [6.886151, 45.913941], [6.886356, 45.913926], [6.886361, 45.913916], [6.886345, 45.91389], [6.886318, 45.913865], [6.886281, 45.913842], [6.886122, 45.913773], [6.886128, 45.91374], [6.886362, 45.913731], [6.886195, 45.913654], [6.886202, 45.913648], [6.886432, 45.913655], [6.886262, 45.913543], [6.886254, 45.913533], [6.886255, 45.913516], [6.886269, 45.913509], [6.886332, 45.913513], [6.88646, 45.913477], [6.886401, 45.913455], [6.88631, 45.913435], [6.886226, 45.913388], [6.886227, 45.913368], [6.886288, 45.913355], [6.886393, 45.913293], [6.886391, 45.913282], [6.886369, 45.913263], [6.886186, 45.913235], [6.885839, 45.913254], [6.88572, 45.913253], [6.885472, 45.913264], [6.885415, 45.913259], [6.885381, 45.913246], [6.885348, 45.913223], [6.885307, 45.913153], [6.885289, 45.91292], [6.885099, 45.912808], [6.885092, 45.912774], [6.885107, 45.912721], [6.88518, 45.912624], [6.885216, 45.912588], [6.885278, 45.912576], [6.885356, 45.912571], [6.885385, 45.912595], [6.88541, 45.912598], [6.8854, 45.912468], [6.885361, 45.912447], [6.88537, 45.912428], [6.885398, 45.912431], [6.885484, 45.912487], [6.885506, 45.912473], [6.885506, 45.91246], [6.885466, 45.912396], [6.88548, 45.912384], [6.885502, 45.912387], [6.88556, 45.912433], [6.885578, 45.912429], [6.885595, 45.912368], [6.885615, 45.912364], [6.885668, 45.912431], [6.885724, 45.91244], [6.885766, 45.912275], [6.885868, 45.912292], [6.886128, 45.912126], [6.886341, 45.912056], [6.886526, 45.912075], [6.886571, 45.912029], [6.886511, 45.91201], [6.886257, 45.911955], [6.886602, 45.911896], [6.886633, 45.91188], [6.886442, 45.911843], [6.886396, 45.911818], [6.886301, 45.91181], [6.886308, 45.91179], [6.886371, 45.911753], [6.886603, 45.911711], [6.886815, 45.911595], [6.88643, 45.911591], [6.886875, 45.911437], [6.887113, 45.911438], [6.887058, 45.911411], [6.88668, 45.911318], [6.886728, 45.911287], [6.88686, 45.911274], [6.887, 45.911275], [6.88718, 45.911216], [6.887483, 45.911235], [6.8875, 45.911226], [6.8875, 45.91121], [6.887473, 45.911195], [6.887325, 45.911143], [6.887237, 45.91113], [6.887079, 45.911069], [6.88697, 45.911037], [6.886756, 45.911032], [6.886838, 45.910975], [6.886987, 45.910948], [6.887008, 45.910934], [6.88701, 45.910909], [6.886947, 45.91088], [6.886872, 45.910856], [6.886808, 45.910844], [6.886807, 45.910833], [6.886824, 45.910818], [6.886975, 45.910756], [6.886985, 45.910741], [6.886979, 45.910726], [6.886956, 45.910713], [6.886914, 45.910713], [6.886846, 45.910724], [6.886753, 45.910725], [6.886669, 45.910757], [6.886623, 45.910766], [6.88648, 45.910913], [6.886385, 45.910902], [6.886073, 45.910899], [6.886079, 45.910827], [6.886072, 45.91075], [6.886002, 45.910686], [6.886006, 45.910654], [6.885966, 45.910629], [6.886007, 45.910585], [6.885975, 45.910568], [6.885906, 45.910592], [6.885853, 45.91056], [6.885846, 45.910542], [6.885864, 45.910518], [6.885858, 45.910476], [6.885839, 45.910464], [6.885802, 45.910484], [6.885772, 45.910474], [6.885792, 45.910441], [6.885776, 45.910432], [6.885711, 45.910426], [6.885678, 45.910406], [6.885654, 45.910375], [6.885593, 45.910359], [6.885578, 45.910341], [6.885926, 45.9103], [6.885816, 45.910224], [6.885766, 45.910205], [6.885591, 45.910106], [6.88557, 45.910071], [6.885631, 45.910033], [6.885765, 45.910005], [6.885849, 45.91002], [6.88591, 45.910015], [6.886137, 45.910075], [6.886337, 45.910068], [6.886448, 45.910132], [6.88648, 45.910121], [6.886411, 45.909967], [6.886348, 45.909908], [6.886312, 45.909899], [6.886257, 45.909871], [6.886206, 45.909864], [6.886156, 45.909831], [6.886118, 45.909761], [6.886103, 45.909747], [6.886033, 45.90973], [6.885985, 45.909699], [6.885901, 45.909665], [6.885888, 45.909645], [6.885794, 45.909589], [6.885762, 45.909527], [6.885775, 45.909522], [6.885933, 45.90956], [6.886125, 45.909541], [6.88621, 45.909558], [6.886267, 45.909545], [6.886334, 45.909587], [6.886436, 45.909627], [6.886613, 45.909649], [6.886744, 45.909591], [6.88683, 45.909561], [6.887039, 45.909503], [6.887138, 45.909499], [6.887334, 45.909429], [6.887554, 45.909437], [6.887795, 45.909521], [6.887913, 45.909471], [6.888116, 45.909457], [6.888116, 45.909438], [6.887998, 45.909352], [6.887654, 45.909182], [6.88762, 45.909179], [6.887525, 45.909193], [6.887462, 45.909178], [6.88742, 45.909157], [6.887422, 45.90913], [6.887484, 45.909019], [6.887478, 45.909003], [6.887462, 45.909001], [6.887335, 45.909067], [6.887155, 45.909088], [6.887206, 45.909044], [6.887277, 45.908957], [6.88734, 45.908845], [6.887353, 45.908808], [6.887355, 45.908757], [6.887374, 45.908717], [6.887304, 45.908732], [6.887207, 45.908793], [6.887177, 45.908797], [6.887162, 45.908813], [6.887111, 45.908841], [6.886921, 45.908878], [6.886867, 45.908855], [6.886825, 45.908828], [6.886777, 45.908776], [6.886697, 45.908411], [6.88665, 45.908332], [6.886524, 45.908215], [6.886415, 45.908139], [6.886396, 45.908099], [6.886309, 45.908039], [6.886317, 45.908007], [6.886235, 45.907908], [6.886246, 45.907828], [6.886099, 45.90772], [6.88604, 45.90766], [6.885852, 45.907654], [6.885744, 45.90767], [6.885617, 45.907673], [6.885356, 45.907653], [6.885309, 45.90769], [6.885238, 45.907785], [6.885142, 45.907847], [6.885104, 45.90785], [6.885089, 45.907866], [6.885048, 45.907875], [6.88504, 45.9079], [6.885017, 45.907912], [6.884992, 45.907939], [6.884954, 45.907939], [6.884942, 45.907893], [6.884923, 45.907878], [6.884906, 45.907879], [6.884886, 45.907914], [6.884866, 45.90793], [6.884863, 45.907943], [6.884855, 45.907949], [6.884835, 45.90795], [6.88481, 45.907923], [6.884757, 45.907899], [6.884671, 45.907885], [6.884594, 45.907884], [6.884523, 45.907861], [6.884507, 45.907866], [6.884499, 45.907877], [6.884494, 45.90791], [6.884483, 45.907926], [6.884387, 45.9079], [6.884363, 45.907914], [6.884347, 45.90791], [6.88432, 45.907894], [6.884176, 45.907843], [6.883907, 45.907758], [6.883865, 45.907729], [6.883816, 45.907682], [6.883768, 45.907664], [6.88372, 45.907634], [6.883343, 45.907345], [6.883202, 45.90717], [6.883212, 45.907129], [6.883241, 45.907125], [6.883396, 45.907197], [6.883578, 45.907236], [6.883594, 45.907109], [6.883487, 45.906994], [6.883426, 45.90686], [6.883485, 45.906712], [6.883331, 45.906501], [6.883258, 45.906444], [6.883582, 45.906512], [6.883601, 45.9065], [6.883503, 45.906415], [6.883466, 45.906413], [6.883372, 45.906335], [6.883396, 45.906307], [6.883403, 45.906283], [6.883363, 45.906247], [6.883335, 45.906231], [6.883338, 45.9062], [6.883329, 45.906183], [6.883241, 45.906129], [6.883089, 45.906015], [6.882952, 45.905872], [6.882922, 45.905817], [6.882885, 45.905772], [6.882899, 45.905728], [6.882734, 45.905644], [6.882607, 45.905573], [6.882574, 45.905547], [6.882549, 45.90551], [6.882551, 45.905438], [6.882486, 45.905373], [6.882462, 45.905351], [6.882402, 45.905233], [6.882179, 45.904904], [6.882088, 45.904748], [6.881998, 45.90465], [6.881904, 45.904601], [6.881871, 45.904577], [6.88181, 45.904467], [6.881702, 45.904389], [6.881693, 45.904335], [6.881589, 45.904261], [6.881472, 45.904154], [6.881178, 45.903976], [6.881001, 45.903762], [6.880982, 45.903747], [6.88097, 45.903751], [6.880967, 45.903762], [6.881017, 45.903927], [6.881018, 45.903952], [6.881005, 45.903957], [6.880988, 45.903952], [6.88086, 45.903868], [6.880846, 45.903838], [6.880836, 45.903834], [6.880823, 45.903839], [6.880815, 45.903877], [6.880836, 45.903945], [6.880883, 45.90399], [6.880919, 45.904051], [6.880956, 45.904083], [6.880963, 45.904101], [6.88095, 45.904106], [6.880877, 45.904064], [6.880863, 45.904067], [6.880859, 45.904074], [6.8809, 45.904133], [6.880942, 45.904173], [6.880997, 45.904207], [6.881, 45.904251], [6.880991, 45.904267], [6.880947, 45.904262], [6.880707, 45.904099], [6.880639, 45.904127], [6.88059, 45.904165], [6.880593, 45.904225], [6.880625, 45.904333], [6.880694, 45.904419], [6.88076, 45.904596], [6.881038, 45.904917], [6.881238, 45.905124], [6.881334, 45.905358], [6.881334, 45.905387], [6.881321, 45.905399], [6.881304, 45.9054], [6.881201, 45.905306], [6.881186, 45.905307], [6.881179, 45.905314], [6.881188, 45.905337], [6.881183, 45.905357], [6.881164, 45.905358], [6.88111, 45.90533], [6.881086, 45.905328], [6.881074, 45.905336], [6.881072, 45.905348], [6.881105, 45.905395], [6.881115, 45.905434], [6.881106, 45.905446], [6.881084, 45.905453], [6.881054, 45.905448], [6.88098, 45.905373], [6.880961, 45.905318], [6.880877, 45.905228], [6.880814, 45.905184], [6.880795, 45.90515], [6.880764, 45.905145], [6.880667, 45.905021], [6.880557, 45.904948], [6.880454, 45.904901], [6.880418, 45.904902], [6.88038, 45.90492], [6.880331, 45.904917], [6.880185, 45.904854], [6.880135, 45.904848], [6.880056, 45.904873], [6.880003, 45.904905], [6.879927, 45.904924], [6.879864, 45.904909], [6.879786, 45.904918], [6.879714, 45.904856], [6.879672, 45.904852], [6.879663, 45.904865], [6.879663, 45.904905], [6.87964, 45.904914], [6.879439, 45.904711], [6.879413, 45.904631], [6.879388, 45.904621], [6.879361, 45.904633], [6.879345, 45.904657], [6.87934, 45.904719], [6.879352, 45.904821], [6.87937, 45.904891], [6.8795, 45.905132], [6.879549, 45.905172], [6.879542, 45.90518], [6.879521, 45.90518], [6.879437, 45.905138], [6.879303, 45.905003], [6.879221, 45.904948], [6.879012, 45.90472], [6.878999, 45.90472], [6.878995, 45.904728], [6.879044, 45.90494], [6.879028, 45.905053], [6.878995, 45.905075], [6.878945, 45.905084], [6.878898, 45.905079], [6.878727, 45.904846], [6.878501, 45.904692], [6.878437, 45.904615], [6.878398, 45.904498], [6.878376, 45.904482], [6.878332, 45.904488], [6.87832, 45.904503], [6.878316, 45.90459], [6.87835, 45.904747], [6.878338, 45.90476], [6.878316, 45.904761], [6.878289, 45.904752], [6.878228, 45.904678], [6.878168, 45.904499], [6.878186, 45.904398], [6.878251, 45.904259], [6.87831, 45.90416], [6.8783, 45.904145], [6.87827, 45.904141], [6.878226, 45.904157], [6.87805, 45.904307], [6.877903, 45.904405], [6.877828, 45.904511], [6.877792, 45.904531], [6.877768, 45.904524], [6.877756, 45.904491], [6.877838, 45.904308], [6.877938, 45.904158], [6.877981, 45.903995], [6.87804, 45.90393], [6.87806, 45.903863], [6.878048, 45.903833], [6.878026, 45.903828], [6.877993, 45.90384], [6.877956, 45.903887], [6.877838, 45.904006], [6.877637, 45.904154], [6.877624, 45.904153], [6.877613, 45.904144], [6.877616, 45.904124], [6.87769, 45.904004], [6.877713, 45.903901], [6.877766, 45.903797], [6.877754, 45.903773], [6.877727, 45.903778], [6.877635, 45.903867], [6.877608, 45.903923], [6.877534, 45.903989], [6.877518, 45.903984], [6.877515, 45.903952], [6.877559, 45.903892], [6.877562, 45.903804], [6.87755, 45.903793], [6.877533, 45.903795], [6.877468, 45.903877], [6.877389, 45.903957], [6.877383, 45.903984], [6.877366, 45.903992], [6.877349, 45.903986], [6.87736, 45.903885], [6.877387, 45.903814], [6.877375, 45.903794], [6.877357, 45.903787], [6.87722, 45.903892], [6.8772, 45.903964], [6.877177, 45.903976], [6.877162, 45.903963], [6.877141, 45.903895], [6.877209, 45.903681], [6.877137, 45.903344], [6.877103, 45.902951], [6.877189, 45.902655], [6.877182, 45.90247], [6.877288, 45.902268], [6.877362, 45.90219], [6.87727, 45.902015], [6.877228, 45.901968], [6.87714, 45.901924], [6.877024, 45.901922], [6.876772, 45.901862], [6.876729, 45.901901], [6.876606, 45.901882], [6.876604, 45.901917], [6.876751, 45.902021], [6.876851, 45.902079], [6.87686, 45.902092], [6.876855, 45.902102], [6.876837, 45.90211], [6.876695, 45.902051], [6.876533, 45.902023], [6.876287, 45.90195], [6.876254, 45.90187], [6.876119, 45.901958], [6.876088, 45.901972], [6.876078, 45.902012], [6.876109, 45.902059], [6.876195, 45.902111], [6.876402, 45.902161], [6.876411, 45.902168], [6.876409, 45.90218], [6.87639, 45.902186], [6.87604, 45.902152], [6.875859, 45.902162], [6.875781, 45.902127], [6.875747, 45.902036], [6.875711, 45.901967], [6.875659, 45.901982], [6.875537, 45.902083], [6.875519, 45.902146], [6.875585, 45.902215], [6.875728, 45.902271], [6.875877, 45.902375], [6.875923, 45.902396], [6.875924, 45.902406], [6.875912, 45.90241], [6.875856, 45.902406], [6.875599, 45.902335], [6.87549, 45.90232], [6.875126, 45.902253], [6.875057, 45.902148], [6.875007, 45.902146], [6.874996, 45.902163], [6.874927, 45.902224], [6.874947, 45.902293], [6.87513, 45.902429], [6.875239, 45.902508], [6.875382, 45.902592], [6.875401, 45.902609], [6.875401, 45.902622], [6.875384, 45.902627], [6.875309, 45.902611], [6.875052, 45.902522], [6.874822, 45.902473], [6.874474, 45.902412], [6.874382, 45.902302], [6.874347, 45.90229], [6.874312, 45.902296], [6.874294, 45.902322], [6.874366, 45.902489], [6.874548, 45.902654], [6.874656, 45.902762], [6.874772, 45.90293], [6.874792, 45.903017], [6.874778, 45.903105], [6.87419, 45.903532], [6.874175, 45.903663], [6.873907, 45.9041], [6.873885, 45.904372], [6.873863, 45.904447], [6.873772, 45.904307], [6.873705, 45.904229], [6.873684, 45.904337], [6.873614, 45.904486], [6.873533, 45.904619], [6.873474, 45.904641], [6.873457, 45.904323], [6.87337, 45.904201], [6.873323, 45.903994], [6.873311, 45.903674], [6.873284, 45.903599], [6.873048, 45.903941], [6.872866, 45.904452], [6.872287, 45.905088], [6.872167, 45.905206], [6.872004, 45.905482], [6.87204, 45.905713], [6.87216, 45.906011], [6.872297, 45.906135], [6.872306, 45.906169], [6.872293, 45.906183], [6.872261, 45.906187], [6.872208, 45.90617], [6.871995, 45.906023], [6.871547, 45.905731], [6.871444, 45.905591], [6.871358, 45.905432], [6.871382, 45.905261], [6.871487, 45.904968], [6.871487, 45.904357], [6.871433, 45.904324], [6.871264, 45.904531], [6.871119, 45.904815], [6.871085, 45.904811], [6.871034, 45.904421], [6.870605, 45.904932], [6.870265, 45.905192], [6.870227, 45.905397], [6.870161, 45.905968], [6.870209, 45.906129], [6.870332, 45.906356], [6.870304, 45.906371], [6.870281, 45.906373], [6.870244, 45.906361], [6.87006, 45.90619], [6.870029, 45.906174], [6.869998, 45.906172], [6.869981, 45.906188], [6.870007, 45.906272], [6.870299, 45.90669], [6.870446, 45.906937], [6.870637, 45.907297], [6.870736, 45.907427], [6.870725, 45.907439], [6.870668, 45.907429], [6.870509, 45.907376], [6.870261, 45.907271], [6.870073, 45.907187], [6.869939, 45.907093], [6.869373, 45.906575], [6.869186, 45.906395], [6.868944, 45.906117], [6.868801, 45.905878], [6.868711, 45.905725], [6.868657, 45.905617], [6.868472, 45.905496], [6.8684, 45.90544], [6.86833, 45.905283], [6.868357, 45.904884], [6.868319, 45.904761], [6.868263, 45.904729], [6.868083, 45.904925], [6.867777, 45.90516], [6.867761, 45.905192], [6.867751, 45.905369], [6.867836, 45.905541], [6.867879, 45.905753], [6.867836, 45.905858], [6.867834, 45.906619], [6.867775, 45.906621], [6.86748, 45.906326], [6.867437, 45.906231], [6.867289, 45.905899], [6.867228, 45.905897], [6.867158, 45.906056], [6.867029, 45.905733], [6.866871, 45.905602], [6.86667, 45.90549], [6.866471, 45.905214], [6.86638, 45.905339], [6.866208, 45.905235], [6.866176, 45.905076], [6.86609, 45.904962], [6.865929, 45.90477], [6.865642, 45.904555], [6.865439, 45.904581], [6.865431, 45.904477], [6.865321, 45.904449], [6.865178, 45.904186], [6.865055, 45.904066], [6.864958, 45.904195], [6.864798, 45.90393], [6.864511, 45.903581], [6.864221, 45.903377], [6.864336, 45.903883], [6.864266, 45.903902], [6.864127, 45.903769], [6.864028, 45.903717], [6.863886, 45.903689], [6.863768, 45.90362], [6.863765, 45.903699], [6.863778, 45.903756], [6.863961, 45.903958], [6.864025, 45.904135], [6.864001, 45.904188], [6.863888, 45.9041], [6.863711, 45.904085], [6.863751, 45.904253], [6.863778, 45.904333], [6.863628, 45.904417], [6.863585, 45.904529], [6.86299, 45.904176], [6.86284, 45.90415], [6.862638, 45.904167], [6.862539, 45.904316], [6.862287, 45.904383], [6.862142, 45.904385], [6.862164, 45.904579], [6.862067, 45.904886], [6.861981, 45.905012], [6.861747, 45.905146], [6.861764, 45.905192], [6.861973, 45.905427], [6.862284, 45.905608], [6.862541, 45.905825], [6.862622, 45.90593], [6.862629, 45.906008], [6.862596, 45.906331], [6.862605, 45.906461], [6.862682, 45.906616], [6.862719, 45.906778], [6.862717, 45.906984], [6.862609, 45.907471], [6.86259, 45.907663], [6.862595, 45.907902], [6.862622, 45.908028], [6.862721, 45.908242], [6.862902, 45.90854], [6.863041, 45.908666], [6.863088, 45.908822], [6.863233, 45.908864], [6.863367, 45.908937], [6.863459, 45.909029], [6.863522, 45.909147], [6.863534, 45.909257], [6.863757, 45.909513], [6.864046, 45.909899], [6.86415, 45.910068], [6.864212, 45.910196], [6.864209, 45.910233], [6.864155, 45.910255], [6.864073, 45.910226], [6.863992, 45.910209], [6.86391, 45.910246], [6.863789, 45.91035], [6.863646, 45.910366], [6.863421, 45.910412], [6.863158, 45.910442], [6.863012, 45.910448], [6.862739, 45.910431], [6.862496, 45.910458], [6.862427, 45.910455], [6.862299, 45.910405], [6.862236, 45.910401], [6.861693, 45.91071], [6.861646, 45.910721], [6.861602, 45.910716], [6.861441, 45.910803], [6.861377, 45.910837], [6.861307, 45.910796], [6.861233, 45.910702], [6.860999, 45.910516], [6.860667, 45.910336], [6.860228, 45.910182], [6.859875, 45.910123], [6.859599, 45.910091], [6.858858, 45.910074], [6.858478, 45.910083], [6.8582, 45.910118], [6.85793, 45.910144], [6.857841, 45.910167], [6.857577, 45.910276], [6.85742, 45.910284], [6.857092, 45.910244], [6.856837, 45.910098], [6.856851, 45.910058], [6.856853, 45.910017], [6.856832, 45.90995], [6.856814, 45.909924], [6.856781, 45.909891], [6.856716, 45.909857], [6.856662, 45.909836], [6.856634, 45.909776], [6.856573, 45.90965], [6.856556, 45.909592], [6.856533, 45.909548], [6.856453, 45.90949], [6.856384, 45.909469], [6.856305, 45.909455], [6.856233, 45.90945], [6.85617, 45.909432], [6.856089, 45.909462], [6.855941, 45.909521], [6.855835, 45.909533], [6.855313, 45.909523], [6.855138, 45.909499], [6.855033, 45.909469], [6.854928, 45.909428], [6.85484, 45.909379], [6.85467, 45.909247], [6.854569, 45.909185], [6.854474, 45.909147], [6.854303, 45.909104], [6.854248, 45.909097], [6.854169, 45.909087], [6.854082, 45.909081], [6.854058, 45.909112], [6.853995, 45.909184], [6.854064, 45.909218], [6.854147, 45.909247], [6.854315, 45.909277], [6.854464, 45.909353], [6.854559, 45.909433], [6.854749, 45.909524], [6.854751, 45.909532], [6.854715, 45.909543], [6.854561, 45.909535], [6.854495, 45.909504], [6.854367, 45.90942], [6.85426, 45.909368], [6.854176, 45.909376], [6.854114, 45.9094], [6.854063, 45.909439], [6.854016, 45.909484], [6.853731, 45.909894], [6.853686, 45.909954], [6.853615, 45.910021], [6.853362, 45.910009], [6.853361, 45.91003], [6.853361, 45.910054], [6.85336, 45.910082], [6.85336, 45.910087], [6.853097, 45.910084], [6.853057, 45.910125], [6.8529, 45.910227], [6.852813, 45.910293], [6.852738, 45.910362], [6.852643, 45.910477], [6.852628, 45.910501], [6.852618, 45.910541], [6.852648, 45.910649], [6.852596, 45.910669], [6.852482, 45.910703], [6.852264, 45.910629], [6.852169, 45.910604], [6.852067, 45.910581], [6.851874, 45.910637], [6.850941, 45.910857], [6.850555, 45.910978], [6.850341, 45.911053], [6.850301, 45.911067], [6.850227, 45.911081], [6.85002, 45.911156], [6.849701, 45.91127], [6.849592, 45.91131], [6.849488, 45.91136], [6.849397, 45.911403], [6.849301, 45.911443], [6.849129, 45.911542], [6.849025, 45.911594], [6.848964, 45.91162], [6.848849, 45.91164], [6.848792, 45.911672], [6.848738, 45.911685], [6.848658, 45.911695], [6.848254, 45.911715], [6.848162, 45.911733], [6.848079, 45.91176], [6.847954, 45.911827], [6.847637, 45.912055], [6.847548, 45.912118], [6.847503, 45.912146], [6.847472, 45.912166], [6.847267, 45.912308], [6.84722, 45.912339], [6.847132, 45.912395], [6.84711, 45.91241], [6.846914, 45.912526], [6.846621, 45.912709], [6.846693, 45.91277], [6.846785, 45.912847], [6.846855, 45.912918], [6.846947, 45.912989], [6.846951, 45.912995], [6.846964, 45.913016], [6.847054, 45.913145], [6.847209, 45.913314], [6.847113, 45.91337], [6.846822, 45.913537], [6.846764, 45.913559], [6.846653, 45.913633], [6.846319, 45.913812], [6.846252, 45.91384], [6.846115, 45.913896], [6.845837, 45.913533], [6.845765, 45.913429], [6.845721, 45.913344], [6.845695, 45.913274], [6.845685, 45.913208], [6.845694, 45.91307], [6.845688, 45.912981], [6.845669, 45.912908], [6.845652, 45.912716], [6.845611, 45.912499], [6.84552, 45.912368], [6.845426, 45.912199], [6.845408, 45.912152], [6.8454, 45.912017], [6.845383, 45.911975], [6.84527, 45.911781], [6.845192, 45.911675], [6.84514, 45.911647], [6.845086, 45.911627], [6.844927, 45.911604], [6.844882, 45.911585], [6.844826, 45.911577], [6.84464, 45.911526], [6.844525, 45.911523], [6.844368, 45.911532], [6.844224, 45.911524], [6.844172, 45.911531], [6.844077, 45.911557], [6.843988, 45.911618], [6.843955, 45.911624], [6.843827, 45.911627], [6.843696, 45.911653], [6.843636, 45.911655], [6.843568, 45.911645], [6.843533, 45.911634], [6.843349, 45.911549], [6.84318, 45.911507], [6.843064, 45.911467], [6.842873, 45.91143], [6.842702, 45.91138], [6.842524, 45.911342], [6.842399, 45.911331], [6.842296, 45.911278], [6.842155, 45.911243], [6.842037, 45.911187], [6.842024, 45.911197], [6.842038, 45.91129], [6.842037, 45.911482], [6.842004, 45.911565], [6.842038, 45.91172], [6.842086, 45.911786], [6.842088, 45.91183], [6.842143, 45.911883], [6.842129, 45.911939], [6.842156, 45.912005], [6.84212, 45.912069], [6.842121, 45.912083], [6.84215, 45.912123], [6.842154, 45.912148], [6.842117, 45.912212], [6.84212, 45.912238], [6.842173, 45.912374], [6.842171, 45.912402], [6.842132, 45.912444], [6.84213, 45.91247], [6.842144, 45.912528], [6.842118, 45.912541], [6.842107, 45.912534], [6.842097, 45.912507], [6.842071, 45.912477], [6.842012, 45.912423], [6.841964, 45.912397], [6.841911, 45.91238], [6.841806, 45.912362], [6.841773, 45.912365], [6.841803, 45.912454], [6.8418, 45.912481], [6.841747, 45.912566], [6.841721, 45.912652], [6.841702, 45.912664], [6.841676, 45.912664], [6.841659, 45.912656], [6.841641, 45.912635], [6.841615, 45.912624], [6.84157, 45.912617], [6.841493, 45.912582], [6.84148, 45.912556], [6.841475, 45.912503], [6.841463, 45.912486], [6.841379, 45.912447], [6.841367, 45.912448], [6.84137, 45.9125], [6.841352, 45.912516], [6.841322, 45.912569], [6.841304, 45.912628], [6.841306, 45.912649], [6.841336, 45.912694], [6.841344, 45.912722], [6.841338, 45.912747], [6.841317, 45.912773], [6.841246, 45.912806], [6.841211, 45.912832], [6.841195, 45.91286], [6.841197, 45.912888], [6.841218, 45.91293], [6.841221, 45.912956], [6.841206, 45.912993], [6.841222, 45.913026], [6.841275, 45.913066], [6.841347, 45.913156], [6.841367, 45.913201], [6.841367, 45.913229], [6.841333, 45.913367], [6.841334, 45.913471], [6.841298, 45.913607], [6.84132, 45.913653], [6.841384, 45.913698], [6.841616, 45.913778], [6.841823, 45.913876], [6.842058, 45.913995], [6.842066, 45.914008], [6.842057, 45.914019], [6.842038, 45.914024], [6.84162, 45.914055], [6.841538, 45.914073], [6.841543, 45.914105], [6.841641, 45.914179], [6.841681, 45.914232], [6.84171, 45.914323], [6.841711, 45.91434], [6.841694, 45.914347], [6.841619, 45.914281], [6.841592, 45.91427], [6.841556, 45.914267], [6.841449, 45.914295], [6.841444, 45.914305], [6.841456, 45.914318], [6.841515, 45.914337], [6.841537, 45.914351], [6.841549, 45.914367], [6.841542, 45.914392], [6.84152, 45.914395], [6.841453, 45.914389], [6.841297, 45.914402], [6.841171, 45.91443], [6.841041, 45.914443], [6.840977, 45.914455], [6.840977, 45.914469], [6.840987, 45.914481], [6.841191, 45.914577], [6.841342, 45.914672], [6.841403, 45.914741], [6.841392, 45.914751], [6.841205, 45.914736], [6.841039, 45.914735], [6.840898, 45.914741], [6.840845, 45.914737], [6.840956, 45.91481], [6.840999, 45.914828], [6.841066, 45.914842], [6.841096, 45.914854], [6.841331, 45.91499], [6.841356, 45.91501], [6.841367, 45.915033], [6.84137, 45.915104], [6.841392, 45.915125], [6.841426, 45.915133], [6.841459, 45.915133], [6.841499, 45.91513], [6.841553, 45.915114], [6.841736, 45.915118], [6.841837, 45.915149], [6.841933, 45.91516], [6.842011, 45.915162], [6.842041, 45.915171], [6.842118, 45.915217], [6.842324, 45.915279], [6.842358, 45.915295], [6.842411, 45.91534], [6.842512, 45.915463], [6.842549, 45.915512], [6.842653, 45.915685], [6.842706, 45.915754], [6.842725, 45.915772], [6.842773, 45.915794], [6.842812, 45.915848], [6.842839, 45.915871], [6.842936, 45.91594], [6.843039, 45.915998], [6.843053, 45.916026], [6.84266, 45.915947], [6.842233, 45.91577], [6.842078, 45.915776], [6.841934, 45.91581], [6.841624, 45.915939], [6.841673, 45.91597], [6.841841, 45.915991], [6.842126, 45.916079], [6.842195, 45.916129], [6.842346, 45.916286], [6.842316, 45.916584], [6.842527, 45.916887], [6.842718, 45.917016], [6.842859, 45.917231], [6.843102, 45.917405], [6.843203, 45.917495], [6.843507, 45.917686], [6.843738, 45.917884], [6.844074, 45.917922], [6.844087, 45.91806], [6.844213, 45.918313], [6.844379, 45.918442], [6.844535, 45.918565], [6.845111, 45.918765], [6.845226, 45.918833], [6.845351, 45.918945], [6.845426, 45.919149], [6.845822, 45.919288], [6.845825, 45.919518], [6.845891, 45.919698], [6.84611, 45.919822], [6.846337, 45.91986], [6.846439, 45.919887], [6.84652, 45.919877], [6.846661, 45.919879], [6.846811, 45.919913], [6.847064, 45.920001], [6.847125, 45.920028], [6.847289, 45.920025], [6.847487, 45.920081], [6.84772, 45.920136], [6.847788, 45.920162], [6.847819, 45.920179], [6.847845, 45.920203], [6.847931, 45.920399], [6.847996, 45.920492], [6.848023, 45.920519], [6.848154, 45.920612], [6.848512, 45.920828], [6.848561, 45.920864], [6.848601, 45.9209], [6.848684, 45.921038], [6.848761, 45.921146], [6.848787, 45.921162], [6.84884, 45.921162], [6.848944, 45.921117], [6.849005, 45.921104], [6.849139, 45.921084], [6.84921, 45.921095], [6.849278, 45.921117], [6.849343, 45.921149], [6.849484, 45.921253], [6.849573, 45.921302], [6.849625, 45.921317], [6.849716, 45.921373], [6.849759, 45.921416], [6.849775, 45.921407], [6.849757, 45.921331], [6.849735, 45.921286], [6.849658, 45.92119], [6.849617, 45.921022], [6.849563, 45.920897], [6.849528, 45.920846], [6.849462, 45.920794], [6.849431, 45.920786], [6.849297, 45.920773], [6.84924, 45.920757], [6.849178, 45.92073], [6.84918, 45.920721], [6.849409, 45.920687], [6.849426, 45.920673], [6.849405, 45.920663], [6.849304, 45.92065], [6.849252, 45.920636], [6.849232, 45.920622], [6.849165, 45.920534], [6.849126, 45.920454], [6.849038, 45.920314], [6.849037, 45.920301], [6.849045, 45.920294], [6.849084, 45.920305], [6.849167, 45.920391], [6.849237, 45.920435], [6.849288, 45.920447], [6.849327, 45.920447], [6.849427, 45.920464], [6.849501, 45.920463], [6.84955, 45.920454], [6.849748, 45.920381], [6.84979, 45.920379], [6.849829, 45.920401], [6.849946, 45.920552], [6.850202, 45.920792], [6.850303, 45.920911], [6.850558, 45.921044], [6.850647, 45.921104], [6.850693, 45.921161], [6.850734, 45.921235], [6.850777, 45.92129], [6.850884, 45.921386], [6.850888, 45.921409], [6.850867, 45.921451], [6.850852, 45.921561], [6.850817, 45.921632], [6.850785, 45.921668], [6.850626, 45.921787], [6.850602, 45.921812], [6.85062, 45.921843], [6.850641, 45.921853], [6.850687, 45.921852], [6.850739, 45.921863], [6.850906, 45.921873], [6.850981, 45.921884], [6.851142, 45.921955], [6.851248, 45.922018], [6.851279, 45.922026], [6.851509, 45.922007], [6.851597, 45.922008], [6.851864, 45.922121], [6.851943, 45.922144], [6.852075, 45.922166], [6.852701, 45.922443], [6.852804, 45.922515], [6.852923, 45.922574], [6.85317, 45.9226], [6.8534, 45.922725], [6.853399, 45.92282], [6.853458, 45.922932], [6.853613, 45.923083], [6.853925, 45.923212], [6.854046, 45.923241], [6.854367, 45.92324], [6.854619, 45.923248], [6.854749, 45.923295], [6.855023, 45.923356], [6.855292, 45.923315], [6.855527, 45.923382], [6.855886, 45.923535], [6.85629, 45.92383], [6.856419, 45.923774], [6.856836, 45.923733], [6.85703, 45.923744], [6.857397, 45.923735], [6.857977, 45.923785], [6.858335, 45.923731], [6.858543, 45.923726], [6.85894, 45.923796], [6.859339, 45.923799], [6.859607, 45.923871], [6.85989, 45.924053], [6.86021, 45.92431], [6.860502, 45.924612], [6.860697, 45.925036], [6.860811, 45.925221], [6.86085, 45.925263], [6.860905, 45.925305], [6.860957, 45.925334], [6.861015, 45.925343], [6.861048, 45.925413], [6.861144, 45.925424], [6.861243, 45.925426], [6.861273, 45.925422], [6.861328, 45.925395], [6.861409, 45.925369], [6.861452, 45.925334], [6.861528, 45.925271], [6.861606, 45.925219], [6.861676, 45.925186], [6.861708, 45.925178], [6.86178, 45.925175], [6.861952, 45.925236], [6.86214, 45.925252], [6.862282, 45.925247], [6.86261, 45.925207], [6.862737, 45.925202], [6.862766, 45.925218], [6.862804, 45.925228], [6.86294, 45.925241], [6.863036, 45.925261], [6.863174, 45.925274], [6.863703, 45.925438], [6.864072, 45.925513], [6.864416, 45.925605], [6.864632, 45.925645], [6.864754, 45.925688], [6.865286, 45.925796], [6.865552, 45.925865], [6.865659, 45.925886], [6.866015, 45.925912], [6.8664, 45.925975], [6.866614, 45.926068], [6.866886, 45.926242], [6.866829, 45.925938], [6.866813, 45.925734], [6.866725, 45.925642], [6.866726, 45.92558], [6.866652, 45.925367], [6.866531, 45.925136], [6.866479, 45.924986], [6.866518, 45.92492], [6.867228, 45.924728], [6.867244, 45.924713], [6.867467, 45.924668], [6.867511, 45.92448], [6.867517, 45.924453], [6.86753, 45.924394], [6.867569, 45.924216], [6.8676, 45.924204], [6.867767, 45.924163], [6.86784, 45.924153], [6.867949, 45.924165], [6.868005, 45.924189], [6.868058, 45.924182], [6.86815, 45.924154], [6.868189, 45.924148], [6.868238, 45.924099], [6.868342, 45.924016], [6.868479, 45.923986], [6.868536, 45.92398], [6.868735, 45.923997], [6.868788, 45.923992], [6.868896, 45.923964], [6.868952, 45.923962], [6.869115, 45.923907], [6.869282, 45.923867], [6.86947, 45.923807]]}, "properties": {"heading": 198, "length_km": 19.594, "retrace": 0.0}}, {"type": "Feature", "geometry": {"type": "LineString", "coordinates": [[6.86947, 45.923807], [6.869827, 45.923694], [6.869835, 45.923662], [6.86966, 45.923445], [6.86968, 45.923401], [6.869704, 45.923329], [6.869711, 45.923281], [6.869708, 45.923242], [6.869688, 45.923203], [6.869984, 45.923068], [6.870142, 45.922996], [6.870199, 45.922998], [6.870241, 45.923033], [6.870285, 45.923014], [6.870318, 45.922998], [6.870189, 45.922845], [6.869893, 45.922461], [6.869679, 45.922217], [6.869639, 45.922139], [6.869584, 45.921956], [6.86958, 45.921864], [6.869592, 45.921783], [6.869643, 45.92159], [6.86969, 45.921447], [6.869832, 45.921034], [6.869891, 45.920859], [6.869908, 45.9208], [6.869915, 45.92077], [6.869977, 45.92077], [6.870026, 45.920744], [6.870044, 45.920705], [6.87004, 45.920685], [6.870028, 45.920666], [6.869982, 45.920641], [6.870035, 45.920498], [6.870115, 45.920321], [6.87021, 45.920173], [6.870413, 45.919895], [6.870527, 45.919766], [6.870576, 45.919677], [6.870583, 45.919636], [6.870584, 45.919586], [6.870562, 45.919525], [6.870528, 45.919459], [6.87045, 45.91937], [6.870537, 45.919314], [6.8706, 45.919274], [6.870658, 45.919265], [6.870872, 45.919115], [6.870858, 45.919049], [6.870895, 45.919018], [6.870802, 45.918956], [6.870953, 45.91884], [6.87098, 45.918793], [6.871066, 45.918735], [6.871109, 45.918703], [6.870498, 45.918318], [6.870605, 45.918239], [6.870857, 45.918064], [6.870882, 45.918046], [6.87107, 45.917921], [6.871205, 45.91779], [6.871439, 45.917539], [6.8716, 45.917312], [6.871673, 45.917239], [6.871731, 45.917175], [6.871747, 45.917161], [6.871884, 45.917092], [6.872024, 45.916989], [6.872188, 45.91683], [6.872195, 45.9168], [6.872233, 45.916733], [6.872262, 45.916709], [6.872319, 45.91669], [6.8724, 45.916689], [6.87248, 45.916711], [6.87267, 45.916736], [6.87273, 45.916725], [6.872827, 45.916651], [6.872892, 45.916582], [6.872901, 45.916509], [6.872897, 45.916431], [6.872881, 45.916348], [6.872744, 45.916223], [6.87264, 45.916153], [6.872568, 45.91609], [6.872524, 45.916019], [6.872497, 45.915938], [6.872459, 45.915881], [6.872398, 45.915832], [6.872185, 45.915712], [6.872105, 45.915639], [6.87205, 45.915545], [6.872025, 45.915455], [6.872013, 45.915345], [6.871978, 45.915214], [6.871935, 45.91513], [6.871877, 45.915054], [6.87186, 45.91501], [6.871871, 45.914979], [6.872176, 45.914969], [6.87232, 45.91498], [6.872483, 45.915016], [6.872526, 45.915003], [6.872546, 45.914933], [6.87257, 45.914908], [6.87263, 45.914908], [6.872734, 45.914948], [6.872836, 45.915], [6.873082, 45.915143], [6.873139, 45.915156], [6.873196, 45.915158], [6.873228, 45.915145], [6.873233, 45.915119], [6.873225, 45.914988], [6.873236, 45.914953], [6.873276, 45.914933], [6.873318, 45.914928], [6.873379, 45.914937], [6.873469, 45.914962], [6.873572, 45.914998], [6.873677, 45.915059], [6.873713, 45.91506], [6.873733, 45.915047], [6.873737, 45.915001], [6.873719, 45.914789], [6.873694, 45.914685], [6.873651, 45.914562], [6.873584, 45.914455], [6.873365, 45.914268], [6.873448, 45.9143], [6.873164, 45.914068], [6.873163, 45.913974], [6.873176, 45.913885], [6.872913, 45.913764], [6.87283, 45.913687], [6.872722, 45.913544], [6.872657, 45.913439], [6.872382, 45.913259], [6.872332, 45.913215], [6.872296, 45.913161], [6.872231, 45.913024], [6.872162, 45.912936], [6.87193, 45.912716], [6.871717, 45.912492], [6.871677, 45.912425], [6.87153, 45.912293], [6.871425, 45.912173], [6.871312, 45.91203], [6.871259, 45.911903], [6.871208, 45.911808], [6.871076, 45.911686], [6.870953, 45.911543], [6.870905, 45.911431], [6.870816, 45.911257], [6.87072, 45.911145], [6.870602, 45.911052], [6.870513, 45.910942], [6.870468, 45.910845], [6.870368, 45.910763], [6.870218, 45.910693], [6.870111, 45.910656], [6.870057, 45.910604], [6.869928, 45.910514], [6.869599, 45.910348], [6.869381, 45.910156], [6.869231, 45.909984], [6.869027, 45.909872], [6.868877, 45.909753], [6.868662, 45.909462], [6.868566, 45.909387], [6.868308, 45.909156], [6.868201, 45.909044], [6.868147, 45.908782], [6.867901, 45.908536], [6.867632, 45.908417], [6.86745, 45.908155], [6.867375, 45.907969], [6.867396, 45.907857], [6.867321, 45.907767], [6.867278, 45.907588], [6.867182, 45.907491], [6.867171, 45.907401], [6.867096, 45.907312], [6.867096, 45.907215], [6.866999, 45.907065], [6.866989, 45.906752], [6.867038, 45.906521], [6.867147, 45.906306], [6.867158, 45.906056], [6.867228, 45.905897], [6.867289, 45.905899], [6.867437, 45.906231], [6.86748, 45.906326], [6.867775, 45.906621], [6.867834, 45.906619], [6.867836, 45.905858], [6.867879, 45.905753], [6.867836, 45.905541], [6.867751, 45.905369], [6.867761, 45.905192], [6.867777, 45.90516], [6.868083, 45.904925], [6.868263, 45.904729], [6.868319, 45.904761], [6.868357, 45.904884], [6.86833, 45.905283], [6.8684, 45.90544], [6.868472, 45.905496], [6.868657, 45.905617], [6.868711, 45.905725], [6.868944, 45.906117], [6.869186, 45.906395], [6.869373, 45.906575], [6.869939, 45.907093], [6.870073, 45.907187], [6.870261, 45.907271], [6.870509, 45.907376], [6.870668, 45.907429], [6.870725, 45.907439], [6.870736, 45.907427], [6.870637, 45.907297], [6.870446, 45.906937], [6.870299, 45.90669], [6.870007, 45.906272], [6.869981, 45.906188], [6.869998, 45.906172], [6.870029, 45.906174], [6.87006, 45.90619], [6.870244, 45.906361], [6.870281, 45.906373], [6.870304, 45.906371], [6.870332, 45.906356], [6.870209, 45.906129], [6.870161, 45.905968], [6.870227, 45.905397], [6.870265, 45.905192], [6.870605, 45.904932], [6.871034, 45.904421], [6.871085, 45.904811], [6.871119, 45.904815], [6.871264, 45.904531], [6.871433, 45.904324], [6.871487, 45.904357], [6.871487, 45.904968], [6.871382, 45.905261], [6.871358, 45.905432], [6.871444, 45.905591], [6.871547, 45.905731], [6.871995, 45.906023], [6.872208, 45.90617], [6.872261, 45.906187], [6.872293, 45.906183], [6.872306, 45.906169], [6.872297, 45.906135], [6.87216, 45.906011], [6.87204, 45.905713], [6.872004, 45.905482], [6.872167, 45.905206], [6.872287, 45.905088], [6.872866, 45.904452], [6.873048, 45.903941], [6.873284, 45.903599], [6.873311, 45.903674], [6.873323, 45.903994], [6.87337, 45.904201], [6.873457, 45.904323], [6.873474, 45.904641], [6.873533, 45.904619], [6.873614, 45.904486], [6.873684, 45.904337], [6.873705, 45.904229], [6.873772, 45.904307], [6.873863, 45.904447], [6.873885, 45.904372], [6.873907, 45.9041], [6.874175, 45.903663], [6.87419, 45.903532], [6.874778, 45.903105], [6.874792, 45.903017], [6.874772, 45.90293], [6.874656, 45.902762], [6.874548, 45.902654], [6.874366, 45.902489], [6.874294, 45.902322], [6.874312, 45.902296], [6.874347, 45.90229], [6.874382, 45.902302], [6.874474, 45.902412], [6.874822, 45.902473], [6.875052, 45.902522], [6.875309, 45.902611], [6.875384, 45.902627], [6.875401, 45.902622], [6.875401, 45.902609], [6.875382, 45.902592], [6.875239, 45.902508], [6.87513, 45.902429], [6.874947, 45.902293], [6.874927, 45.902224], [6.874996, 45.902163], [6.875007, 45.902146], [6.875057, 45.902148], [6.875126, 45.902253], [6.87549, 45.90232], [6.875599, 45.902335], [6.875856, 45.902406], [6.875912, 45.90241], [6.875924, 45.902406], [6.875923, 45.902396], [6.875877, 45.902375], [6.875728, 45.902271], [6.875585, 45.902215], [6.875519, 45.902146], [6.875537, 45.902083], [6.875659, 45.901982], [6.875711, 45.901967], [6.875747, 45.902036], [6.875781, 45.902127], [6.875859, 45.902162], [6.87604, 45.902152], [6.87639, 45.902186], [6.876409, 45.90218], [6.876411, 45.902168], [6.876402, 45.902161], [6.876195, 45.902111], [6.876109, 45.902059], [6.876078, 45.902012], [6.876088, 45.901972], [6.876119, 45.901958], [6.876254, 45.90187], [6.876287, 45.90195], [6.876533, 45.902023], [6.876695, 45.902051], [6.876837, 45.90211], [6.876855, 45.902102], [6.87686, 45.902092], [6.876851, 45.902079], [6.876751, 45.902021], [6.876604, 45.901917], [6.876606, 45.901882], [6.876729, 45.901901], [6.876772, 45.901862], [6.877024, 45.901922], [6.87714, 45.901924], [6.877228, 45.901968], [6.87727, 45.902015], [6.877362, 45.90219], [6.877288, 45.902268], [6.877182, 45.90247], [6.877189, 45.902655], [6.877103, 45.902951], [6.877137, 45.903344], [6.877209, 45.903681], [6.877141, 45.903895], [6.877162, 45.903963], [6.877177, 45.903976], [6.8772, 45.903964], [6.87722, 45.903892], [6.877357, 45.903787], [6.877375, 45.903794], [6.877387, 45.903814], [6.87736, 45.903885], [6.877349, 45.903986], [6.877366, 45.903992], [6.877383, 45.903984], [6.877389, 45.903957], [6.877468, 45.903877], [6.877533, 45.903795], [6.87755, 45.903793], [6.877562, 45.903804], [6.877559, 45.903892], [6.877515, 45.903952], [6.877518, 45.903984], [6.877534, 45.903989], [6.877608, 45.903923], [6.877635, 45.903867], [6.877727, 45.903778], [6.877754, 45.903773], [6.877766, 45.903797], [6.877713, 45.903901], [6.87769, 45.904004], [6.877616, 45.904124], [6.877613, 45.904144], [6.877624, 45.904153], [6.877637, 45.904154], [6.877838, 45.904006], [6.877956, 45.903887], [6.877993, 45.90384], [6.878026, 45.903828], [6.878048, 45.903833], [6.87806, 45.903863], [6.87804, 45.90393], [6.877981, 45.903995], [6.877938, 45.904158], [6.877838, 45.904308], [6.877756, 45.904491], [6.877768, 45.904524], [6.877792, 45.904531], [6.877828, 45.904511], [6.877903, 45.904405], [6.87805, 45.904307], [6.878226, 45.904157], [6.87827, 45.904141], [6.8783, 45.904145], [6.87831, 45.90416], [6.878251, 45.904259], [6.878186, 45.904398], [6.878168, 45.904499], [6.878228, 45.904678], [6.878289, 45.904752], [6.878316, 45.904761], [6.878338, 45.90476], [6.87835, 45.904747], [6.878316, 45.90459], [6.87832, 45.904503], [6.878332, 45.904488], [6.878376, 45.904482], [6.878398, 45.904498], [6.878437, 45.904615], [6.878501, 45.904692], [6.878727, 45.904846], [6.878898, 45.905079], [6.878727, 45.904846], [6.878501, 45.904692], [6.878437, 45.904615], [6.878398, 45.904498], [6.878376, 45.904482], [6.878332, 45.904488], [6.87832, 45.904503], [6.878316, 45.90459], [6.87835, 45.904747], [6.878338, 45.90476], [6.878316, 45.904761], [6.878289, 45.904752], [6.878228, 45.904678], [6.878168, 45.904499], [6.878186, 45.904398], [6.878251, 45.904259], [6.87831, 45.90416], [6.8783, 45.904145], [6.87827, 45.904141], [6.878226, 45.904157], [6.87805, 45.904307], [6.877903, 45.904405], [6.877828, 45.904511], [6.877792, 45.904531], [6.877768, 45.904524], [6.877756, 45.904491], [6.877838, 45.904308], [6.877938, 45.904158], [6.877981, 45.903995], [6.87804, 45.90393], [6.87806, 45.903863], [6.878048, 45.903833], [6.878026, 45.903828], [6.877993, 45.90384], [6.877956, 45.903887], [6.877838, 45.904006], [6.877637, 45.904154], [6.877624, 45.904153], [6.877613, 45.904144], [6.877616, 45.904124], [6.87769, 45.904004], [6.877713, 45.903901], [6.877766, 45.903797], [6.877754, 45.903773], [6.877727, 45.903778], [6.877635, 45.903867], [6.877608, 45.903923], [6.877534, 45.903989], [6.877518, 45.903984], [6.877515, 45.903952], [6.877559, 45.903892], [6.877562, 45.903804], [6.87755, 45.903793], [6.877533, 45.903795], [6.877468, 45.903877], [6.877389, 45.903957], [6.877383, 45.903984], [6.877366, 45.903992], [6.877349, 45.903986], [6.87736, 45.903885], [6.877387, 45.903814], [6.877375, 45.903794], [6.877357, 45.903787], [6.87722, 45.903892], [6.8772, 45.903964], [6.877177, 45.903976], [6.877162, 45.903963], [6.877141, 45.903895], [6.877209, 45.903681], [6.877137, 45.903344], [6.877103, 45.902951], [6.877189, 45.902655], [6.877182, 45.90247], [6.877288, 45.902268], [6.877362, 45.90219], [6.87727, 45.902015], [6.877228, 45.901968], [6.87714, 45.901924], [6.877024, 45.901922], [6.876772, 45.901862], [6.876729, 45.901901], [6.876606, 45.901882], [6.876604, 45.901917], [6.876751, 45.902021], [6.876851, 45.902079], [6.87686, 45.902092], [6.876855, 45.902102], [6.876837, 45.90211], [6.876695, 45.902051], [6.876533, 45.902023], [6.876287, 45.90195], [6.876254, 45.90187], [6.876119, 45.901958], [6.876088, 45.901972], [6.876078, 45.902012], [6.876109, 45.902059], [6.876195, 45.902111], [6.876402, 45.902161], [6.876411, 45.902168], [6.876409, 45.90218], [6.87639, 45.902186], [6.87604, 45.902152], [6.875859, 45.902162], [6.875781, 45.902127], [6.875747, 45.902036], [6.875711, 45.901967], [6.875659, 45.901982], [6.875537, 45.902083], [6.875519, 45.902146], [6.875585, 45.902215], [6.875728, 45.902271], [6.875877, 45.902375], [6.875923, 45.902396], [6.875924, 45.902406], [6.875912, 45.90241], [6.875856, 45.902406], [6.875599, 45.902335], [6.87549, 45.90232], [6.875126, 45.902253], [6.875057, 45.902148], [6.875007, 45.902146], [6.874996, 45.902163], [6.874927, 45.902224], [6.874947, 45.902293], [6.87513, 45.902429], [6.875239, 45.902508], [6.875382, 45.902592], [6.875401, 45.902609], [6.875401, 45.902622], [6.875384, 45.902627], [6.875309, 45.902611], [6.875052, 45.902522], [6.874822, 45.902473], [6.874474, 45.902412], [6.874382, 45.902302], [6.874347, 45.90229], [6.874312, 45.902296], [6.874294, 45.902322], [6.874366, 45.902489], [6.874548, 45.902654], [6.874656, 45.902762], [6.874772, 45.90293], [6.874792, 45.903017], [6.874778, 45.903105], [6.87419, 45.903532], [6.874175, 45.903663], [6.873907, 45.9041], [6.873885, 45.904372], [6.873863, 45.904447], [6.873772, 45.904307], [6.873705, 45.904229], [6.873684, 45.904337], [6.873614, 45.904486], [6.873533, 45.904619], [6.873474, 45.904641], [6.873457, 45.904323], [6.87337, 45.904201], [6.873323, 45.903994], [6.873311, 45.903674], [6.873284, 45.903599], [6.873048, 45.903941], [6.872866, 45.904452], [6.872287, 45.905088], [6.872167, 45.905206], [6.872004, 45.905482], [6.87204, 45.905713], [6.87216, 45.906011], [6.872297, 45.906135], [6.872306, 45.906169], [6.872293, 45.906183], [6.872261, 45.906187], [6.872208, 45.90617], [6.871995, 45.906023], [6.871547, 45.905731], [6.871444, 45.905591], [6.871358, 45.905432], [6.871382, 45.905261], [6.871487, 45.904968], [6.871487, 45.904357], [6.871433, 45.904324], [6.871264, 45.904531], [6.871119, 45.904815], [6.871085, 45.904811], [6.871034, 45.904421], [6.870605, 45.904932], [6.870265, 45.905192], [6.870227, 45.905397], [6.870161, 45.905968], [6.870209, 45.906129], [6.870332, 45.906356], [6.870304, 45.906371], [6.870281, 45.906373], [6.870244, 45.906361], [6.87006, 45.90619], [6.870029, 45.906174], [6.869998, 45.906172], [6.869981, 45.906188], [6.870007, 45.906272], [6.870299, 45.90669], [6.870446, 45.906937], [6.870637, 45.907297], [6.870736, 45.907427], [6.870725, 45.907439], [6.870668, 45.907429], [6.870509, 45.907376], [6.870261, 45.907271], [6.870073, 45.907187], [6.869939, 45.907093], [6.869373, 45.906575], [6.869186, 45.906395], [6.868944, 45.906117], [6.868711, 45.905725], [6.868657, 45.905617], [6.868472, 45.905496], [6.8684, 45.90544], [6.86833, 45.905283], [6.868357, 45.904884], [6.868319, 45.904761], [6.868263, 45.904729], [6.868083, 45.904925], [6.867777, 45.90516], [6.867761, 45.905192], [6.867751, 45.905369], [6.867836, 45.905541], [6.867879, 45.905753], [6.867836, 45.905858], [6.867834, 45.906619], [6.867775, 45.906621], [6.86748, 45.906326], [6.867437, 45.906231], [6.867289, 45.905899], [6.867228, 45.905897], [6.867158, 45.906056], [6.867029, 45.905733], [6.866871, 45.905602], [6.86667, 45.90549], [6.866471, 45.905214], [6.86638, 45.905339], [6.866208, 45.905235], [6.866176, 45.905076], [6.86609, 45.904962], [6.865929, 45.90477], [6.865642, 45.904555], [6.865439, 45.904581], [6.865431, 45.904477], [6.865321, 45.904449], [6.865178, 45.904186], [6.865055, 45.904066], [6.864958, 45.904195], [6.864798, 45.90393], [6.864511, 45.903581], [6.864221, 45.903377], [6.864336, 45.903883], [6.864266, 45.903902], [6.864127, 45.903769], [6.864028, 45.903717], [6.863886, 45.903689], [6.863768, 45.90362], [6.863765, 45.903699], [6.863778, 45.903756], [6.863961, 45.903958], [6.864025, 45.904135], [6.864001, 45.904188], [6.863888, 45.9041], [6.863711, 45.904085], [6.863751, 45.904253], [6.863778, 45.904333], [6.863628, 45.904417], [6.863585, 45.904529], [6.86299, 45.904176], [6.86284, 45.90415], [6.862638, 45.904167], [6.862539, 45.904316], [6.862287, 45.904383], [6.862142, 45.904385], [6.862083, 45.904385], [6.861864, 45.904315], [6.861919, 45.904263], [6.861953, 45.904252], [6.861958, 45.904242], [6.861936, 45.90422], [6.861919, 45.904159], [6.861835, 45.904045], [6.86178, 45.903905], [6.861815, 45.903865], [6.861979, 45.903861], [6.861998, 45.903852], [6.861994, 45.90383], [6.861947, 45.903818], [6.861856, 45.903761], [6.861824, 45.903726], [6.861842, 45.903694], [6.861962, 45.903686], [6.861997, 45.903678], [6.862033, 45.903659], [6.861992, 45.903609], [6.861798, 45.903516], [6.86167, 45.90339], [6.861619, 45.903194], [6.861546, 45.903117], [6.861397, 45.903085], [6.86121, 45.903113], [6.861025, 45.903196], [6.860791, 45.903364], [6.860786, 45.903642], [6.860731, 45.903945], [6.860744, 45.904189], [6.860787, 45.904427], [6.860871, 45.904596], [6.861024, 45.90484], [6.861248, 45.905063], [6.861379, 45.90516], [6.861444, 45.905221], [6.861548, 45.90534], [6.861582, 45.905469], [6.861614, 45.905545], [6.861609, 45.90565], [6.861568, 45.905701], [6.861549, 45.905762], [6.861618, 45.905936], [6.861577, 45.906132], [6.861571, 45.906212], [6.861376, 45.906225], [6.861232, 45.906236], [6.860994, 45.906279], [6.860941, 45.906262], [6.860813, 45.906262], [6.860689, 45.906274], [6.860623, 45.906254], [6.860554, 45.906206], [6.860503, 45.906193], [6.860443, 45.906202], [6.860316, 45.906272], [6.859951, 45.906405], [6.859839, 45.90642], [6.859771, 45.906453], [6.859612, 45.906434], [6.859465, 45.906407], [6.859361, 45.906419], [6.859162, 45.906461], [6.859113, 45.906477], [6.859029, 45.906593], [6.858815, 45.906792], [6.858797, 45.906865], [6.858568, 45.906947], [6.85852, 45.90703], [6.85842, 45.907087], [6.858338, 45.907108], [6.858101, 45.907081], [6.857751, 45.90716], [6.857477, 45.907198], [6.857357, 45.90724], [6.856152, 45.907516], [6.855936, 45.90755], [6.855155, 45.907582], [6.854764, 45.907609], [6.854547, 45.907652], [6.854503, 45.907792], [6.854404, 45.908009], [6.854387, 45.908051], [6.85438, 45.908099], [6.854339, 45.908176], [6.854297, 45.908222], [6.854222, 45.908344], [6.853959, 45.908748], [6.853913, 45.908809], [6.853898, 45.908846], [6.853891, 45.908887], [6.853912, 45.908962], [6.853994, 45.90904], [6.854082, 45.909081], [6.854058, 45.909112], [6.853995, 45.909184], [6.854064, 45.909218], [6.854147, 45.909247], [6.854315, 45.909277], [6.854464, 45.909353], [6.854559, 45.909433], [6.854749, 45.909524], [6.854751, 45.909532], [6.854715, 45.909543], [6.854561, 45.909535], [6.854495, 45.909504], [6.854367, 45.90942], [6.85426, 45.909368], [6.854176, 45.909376], [6.854114, 45.9094], [6.854063, 45.909439], [6.854016, 45.909484], [6.853731, 45.909894], [6.853686, 45.909954], [6.853615, 45.910021], [6.853362, 45.910009], [6.853361, 45.91003], [6.853361, 45.910054], [6.85336, 45.910082], [6.85336, 45.910087], [6.853097, 45.910084], [6.853057, 45.910125], [6.8529, 45.910227], [6.852813, 45.910293], [6.852738, 45.910362], [6.852643, 45.910477], [6.852628, 45.910501], [6.852618, 45.910541], [6.852648, 45.910649], [6.852596, 45.910669], [6.852482, 45.910703], [6.852264, 45.910629], [6.852169, 45.910604], [6.852067, 45.910581], [6.851874, 45.910637], [6.850941, 45.910857], [6.850555, 45.910978], [6.850341, 45.911053], [6.850301, 45.911067], [6.850227, 45.911081], [6.85002, 45.911156], [6.849701, 45.91127], [6.849592, 45.91131], [6.849488, 45.91136], [6.849397, 45.911403], [6.849301, 45.911443], [6.849129, 45.911542], [6.849025, 45.911594], [6.848964, 45.91162], [6.848849, 45.91164], [6.848792, 45.911672], [6.848738, 45.911685], [6.848658, 45.911695], [6.848254, 45.911715], [6.848162, 45.911733], [6.848079, 45.91176], [6.847954, 45.911827], [6.847637, 45.912055], [6.847548, 45.912118], [6.847503, 45.912146], [6.847636, 45.912247], [6.847769, 45.912361], [6.848078, 45.912605], [6.848255, 45.912764], [6.848654, 45.913034], [6.848255, 45.912764], [6.848078, 45.912605], [6.847769, 45.912361], [6.847636, 45.912247], [6.847503, 45.912146], [6.847472, 45.912166], [6.847267, 45.912308], [6.84722, 45.912339], [6.847132, 45.912395], [6.84711, 45.91241], [6.846914, 45.912526], [6.846621, 45.912709], [6.846693, 45.91277], [6.846785, 45.912847], [6.846855, 45.912918], [6.846947, 45.912989], [6.846951, 45.912995], [6.846964, 45.913016], [6.847054, 45.913145], [6.847209, 45.913314], [6.847113, 45.91337], [6.846822, 45.913537], [6.846764, 45.913559], [6.846653, 45.913633], [6.846319, 45.913812], [6.846252, 45.91384], [6.846115, 45.913896], [6.845837, 45.913533], [6.845765, 45.913429], [6.845721, 45.913344], [6.845695, 45.913274], [6.845685, 45.913208], [6.845694, 45.91307], [6.845688, 45.912981], [6.845669, 45.912908], [6.845652, 45.912716], [6.845611, 45.912499], [6.84552, 45.912368], [6.845426, 45.912199], [6.845408, 45.912152], [6.8454, 45.912017], [6.845383, 45.911975], [6.84527, 45.911781], [6.845192, 45.911675], [6.84514, 45.911647], [6.845086, 45.911627], [6.844927, 45.911604], [6.844882, 45.911585], [6.844826, 45.911577], [6.84464, 45.911526], [6.844525, 45.911523], [6.844368, 45.911532], [6.844224, 45.911524], [6.844172, 45.911531], [6.844077, 45.911557], [6.843988, 45.911618], [6.843955, 45.911624], [6.843827, 45.911627], [6.843696, 45.911653], [6.843636, 45.911655], [6.843568, 45.911645], [6.843533, 45.911634], [6.843349, 45.911549], [6.84318, 45.911507], [6.843064, 45.911467], [6.842873, 45.91143], [6.842702, 45.91138], [6.842524, 45.911342], [6.842399, 45.911331], [6.842296, 45.911278], [6.842155, 45.911243], [6.842037, 45.911187], [6.842024, 45.911197], [6.842038, 45.91129], [6.842037, 45.911482], [6.842004, 45.911565], [6.842038, 45.91172], [6.842086, 45.911786], [6.842088, 45.91183], [6.842143, 45.911883], [6.842129, 45.911939], [6.842156, 45.912005], [6.84212, 45.912069], [6.842121, 45.912083], [6.84215, 45.912123], [6.842154, 45.912148], [6.842117, 45.912212], [6.84212, 45.912238], [6.842173, 45.912374], [6.842171, 45.912402], [6.842132, 45.912444], [6.84213, 45.91247], [6.842144, 45.912528], [6.842118, 45.912541], [6.842107, 45.912534], [6.842097, 45.912507], [6.842071, 45.912477], [6.842012, 45.912423], [6.841964, 45.912397], [6.841911, 45.91238], [6.841806, 45.912362], [6.841773, 45.912365], [6.841803, 45.912454], [6.8418, 45.912481], [6.841747, 45.912566], [6.841721, 45.912652], [6.841702, 45.912664], [6.841676, 45.912664], [6.841659, 45.912656], [6.841641, 45.912635], [6.841615, 45.912624], [6.84157, 45.912617], [6.841493, 45.912582], [6.84148, 45.912556], [6.841475, 45.912503], [6.841463, 45.912486], [6.841379, 45.912447], [6.841367, 45.912448], [6.84137, 45.9125], [6.841352, 45.912516], [6.841322, 45.912569], [6.841304, 45.912628], [6.841306, 45.912649], [6.841336, 45.912694], [6.841344, 45.912722], [6.841338, 45.912747], [6.841317, 45.912773], [6.841246, 45.912806], [6.841211, 45.912832], [6.841195, 45.91286], [6.841197, 45.912888], [6.841218, 45.91293], [6.841221, 45.912956], [6.841206, 45.912993], [6.841222, 45.913026], [6.841275, 45.913066], [6.841347, 45.913156], [6.841367, 45.913201], [6.841367, 45.913229], [6.841333, 45.913367], [6.841334, 45.913471], [6.841298, 45.913607], [6.84132, 45.913653], [6.841384, 45.913698], [6.841616, 45.913778], [6.841823, 45.913876], [6.842058, 45.913995], [6.842066, 45.914008], [6.842057, 45.914019], [6.842038, 45.914024], [6.84162, 45.914055], [6.841538, 45.914073], [6.841543, 45.914105], [6.841641, 45.914179], [6.841681, 45.914232], [6.84171, 45.914323], [6.841711, 45.91434], [6.841694, 45.914347], [6.841619, 45.914281], [6.841592, 45.91427], [6.841556, 45.914267], [6.841449, 45.914295], [6.841444, 45.914305], [6.841456, 45.914318], [6.841515, 45.914337], [6.841537, 45.914351], [6.841549, 45.914367], [6.841542, 45.914392], [6.84152, 45.914395], [6.841453, 45.914389], [6.841297, 45.914402], [6.841171, 45.91443], [6.841041, 45.914443], [6.840977, 45.914455], [6.840977, 45.914469], [6.840987, 45.914481], [6.841191, 45.914577], [6.841342, 45.914672], [6.841403, 45.914741], [6.841392, 45.914751], [6.841205, 45.914736], [6.841039, 45.914735], [6.840898, 45.914741], [6.840845, 45.914737], [6.840956, 45.91481], [6.840999, 45.914828], [6.841066, 45.914842], [6.841096, 45.914854], [6.841331, 45.91499], [6.841356, 45.91501], [6.841367, 45.915033], [6.84137, 45.915104], [6.841392, 45.915125], [6.841426, 45.915133], [6.841459, 45.915133], [6.841499, 45.91513], [6.841553, 45.915114], [6.841736, 45.915118], [6.841837, 45.915149], [6.841933, 45.91516], [6.842011, 45.915162], [6.842041, 45.915171], [6.842118, 45.915217], [6.842324, 45.915279], [6.842358, 45.915295], [6.842411, 45.91534], [6.842512, 45.915463], [6.842549, 45.915512], [6.842653, 45.915685], [6.842706, 45.915754], [6.842725, 45.915772], [6.842773, 45.915794], [6.842812, 45.915848], [6.842839, 45.915871], [6.842936, 45.91594], [6.843039, 45.915998], [6.843053, 45.916026], [6.84266, 45.915947], [6.842233, 45.91577], [6.842078, 45.915776], [6.841934, 45.91581], [6.841624, 45.915939], [6.841673, 45.91597], [6.841841, 45.915991], [6.842126, 45.916079], [6.842195, 45.916129], [6.842346, 45.916286], [6.842316, 45.916584], [6.842527, 45.916887], [6.842718, 45.917016], [6.842859, 45.917231], [6.843102, 45.917405], [6.843203, 45.917495], [6.843507, 45.917686], [6.843738, 45.917884], [6.844074, 45.917922], [6.844087, 45.91806], [6.844213, 45.918313], [6.844535, 45.918565], [6.845111, 45.918765], [6.845226, 45.918833], [6.845351, 45.918945], [6.845426, 45.919149], [6.845822, 45.919288], [6.845825, 45.919518], [6.845891, 45.919698], [6.84611, 45.919822], [6.846337, 45.91986], [6.846439, 45.919887], [6.846488, 45.919923], [6.846679, 45.92003], [6.846861, 45.920183], [6.846958, 45.920332], [6.847063, 45.920411], [6.847174, 45.920456], [6.847187, 45.920525], [6.84705, 45.920887], [6.847076, 45.921036], [6.84728, 45.921206], [6.847284, 45.92132], [6.847222, 45.92146], [6.847149, 45.921766], [6.847276, 45.922102], [6.847291, 45.922305], [6.84732, 45.922396], [6.847308, 45.922409], [6.847286, 45.922411], [6.847272, 45.922404], [6.8472, 45.922313], [6.846997, 45.922087], [6.846825, 45.922013], [6.846588, 45.921768], [6.846348, 45.921594], [6.846208, 45.921553], [6.846124, 45.921516], [6.846037, 45.921442], [6.845961, 45.921275], [6.845822, 45.921221], [6.845603, 45.921203], [6.845354, 45.921245], [6.845061, 45.921254], [6.844874, 45.921218], [6.844728, 45.921138], [6.844509, 45.921101], [6.844215, 45.921025], [6.844114, 45.921025], [6.84395, 45.92104], [6.843815, 45.920993], [6.843709, 45.920998], [6.843509, 45.92093], [6.843332, 45.920812], [6.843017, 45.920714], [6.84269, 45.920596], [6.842448, 45.920598], [6.842229, 45.92062], [6.84175, 45.920687], [6.841071, 45.920802], [6.840831, 45.920863], [6.840793, 45.920856], [6.840643, 45.920663], [6.84065, 45.920485], [6.840536, 45.920372], [6.840413, 45.920225], [6.84025, 45.920165], [6.840107, 45.920147], [6.839727, 45.920226], [6.839636, 45.920262], [6.839665, 45.920309], [6.839751, 45.920383], [6.839801, 45.920473], [6.839939, 45.920854], [6.839898, 45.920942], [6.839921, 45.92107], [6.840037, 45.921232], [6.840101, 45.921284], [6.840093, 45.921318], [6.840179, 45.92147], [6.840364, 45.921521], [6.840504, 45.921478], [6.840797, 45.921587], [6.841043, 45.921588], [6.841216, 45.921579], [6.841567, 45.921626], [6.841723, 45.921623], [6.841814, 45.92164], [6.841876, 45.921683], [6.841943, 45.921749], [6.841982, 45.921832], [6.842147, 45.922126], [6.84226, 45.922231], [6.84233, 45.922329], [6.842457, 45.922481], [6.84253, 45.922528], [6.842619, 45.922546], [6.842681, 45.922574], [6.842846, 45.922755], [6.84294, 45.922781], [6.842995, 45.922815], [6.843148, 45.923046], [6.843206, 45.92317], [6.843378, 45.923307], [6.843395, 45.923369], [6.843352, 45.923532], [6.843318, 45.923584], [6.843352, 45.923532], [6.843395, 45.923369], [6.843378, 45.923307], [6.843206, 45.92317], [6.843148, 45.923046], [6.842995, 45.922815], [6.84294, 45.922781], [6.842846, 45.922755], [6.842681, 45.922574], [6.842619, 45.922546], [6.84253, 45.922528], [6.842457, 45.922481], [6.84233, 45.922329], [6.84226, 45.922231], [6.842147, 45.922126], [6.841982, 45.921832], [6.841943, 45.921749], [6.841876, 45.921683], [6.841814, 45.92164], [6.841723, 45.921623], [6.841567, 45.921626], [6.841216, 45.921579], [6.841043, 45.921588], [6.840797, 45.921587], [6.840504, 45.921478], [6.840364, 45.921521], [6.840179, 45.92147], [6.840093, 45.921318], [6.840101, 45.921284], [6.840037, 45.921232], [6.839921, 45.92107], [6.839898, 45.920942], [6.839939, 45.920854], [6.839801, 45.920473], [6.839751, 45.920383], [6.839665, 45.920309], [6.839636, 45.920262], [6.839727, 45.920226], [6.840107, 45.920147], [6.84025, 45.920165], [6.840413, 45.920225], [6.840536, 45.920372], [6.84065, 45.920485], [6.840643, 45.920663], [6.840793, 45.920856], [6.840831, 45.920863], [6.841071, 45.920802], [6.84175, 45.920687], [6.842229, 45.92062], [6.842448, 45.920598], [6.84269, 45.920596], [6.843017, 45.920714], [6.843332, 45.920812], [6.843509, 45.92093], [6.843709, 45.920998], [6.843815, 45.920993], [6.84395, 45.92104], [6.844114, 45.921025], [6.844215, 45.921025], [6.844509, 45.921101], [6.844728, 45.921138], [6.844874, 45.921218], [6.845061, 45.921254], [6.845354, 45.921245], [6.845603, 45.921203], [6.845822, 45.921221], [6.845961, 45.921275], [6.846037, 45.921442], [6.846124, 45.921516], [6.846208, 45.921553], [6.846348, 45.921594], [6.846588, 45.921768], [6.846825, 45.922013], [6.846997, 45.922087], [6.8472, 45.922313], [6.847272, 45.922404], [6.847286, 45.922411], [6.847308, 45.922409], [6.84732, 45.922396], [6.847291, 45.922305], [6.847276, 45.922102], [6.847149, 45.921766], [6.847222, 45.92146], [6.847284, 45.92132], [6.84728, 45.921206], [6.847076, 45.921036], [6.84705, 45.920887], [6.847187, 45.920525], [6.847174, 45.920456], [6.847063, 45.920411], [6.846958, 45.920332], [6.846861, 45.920183], [6.846679, 45.92003], [6.846488, 45.919923], [6.846439, 45.919887], [6.84652, 45.919877], [6.846661, 45.919879], [6.846811, 45.919913], [6.847064, 45.920001], [6.847125, 45.920028], [6.847289, 45.920025], [6.847487, 45.920081], [6.84772, 45.920136], [6.847788, 45.920162], [6.847819, 45.920179], [6.847845, 45.920203], [6.847931, 45.920399], [6.847996, 45.920492], [6.848023, 45.920519], [6.848154, 45.920612], [6.848512, 45.920828], [6.848561, 45.920864], [6.848601, 45.9209], [6.848684, 45.921038], [6.848761, 45.921146], [6.848787, 45.921162], [6.84884, 45.921162], [6.848944, 45.921117], [6.849005, 45.921104], [6.849139, 45.921084], [6.84921, 45.921095], [6.849278, 45.921117], [6.849343, 45.921149], [6.849484, 45.921253], [6.849573, 45.921302], [6.849625, 45.921317], [6.849716, 45.921373], [6.849759, 45.921416], [6.849775, 45.921407], [6.849757, 45.921331], [6.849735, 45.921286], [6.849658, 45.92119], [6.849617, 45.921022], [6.849563, 45.920897], [6.849528, 45.920846], [6.849462, 45.920794], [6.849431, 45.920786], [6.849297, 45.920773], [6.84924, 45.920757], [6.849178, 45.92073], [6.84918, 45.920721], [6.849409, 45.920687], [6.849426, 45.920673], [6.849405, 45.920663], [6.849304, 45.92065], [6.849252, 45.920636], [6.849232, 45.920622], [6.849165, 45.920534], [6.849126, 45.920454], [6.849038, 45.920314], [6.849037, 45.920301], [6.849045, 45.920294], [6.849084, 45.920305], [6.849167, 45.920391], [6.849237, 45.920435], [6.849288, 45.920447], [6.849327, 45.920447], [6.849427, 45.920464], [6.849501, 45.920463], [6.84955, 45.920454], [6.849748, 45.920381], [6.84979, 45.920379], [6.849829, 45.920401], [6.849946, 45.920552], [6.850202, 45.920792], [6.850303, 45.920911], [6.850558, 45.921044], [6.850647, 45.921104], [6.850693, 45.921161], [6.850734, 45.921235], [6.850777, 45.92129], [6.850884, 45.921386], [6.850888, 45.921409], [6.850867, 45.921451], [6.850852, 45.921561], [6.850817, 45.921632], [6.850785, 45.921668], [6.850626, 45.921787], [6.850602, 45.921812], [6.85062, 45.921843], [6.850641, 45.921853], [6.850687, 45.921852], [6.850739, 45.921863], [6.850906, 45.921873], [6.850981, 45.921884], [6.851142, 45.921955], [6.851248, 45.922018], [6.851279, 45.922026], [6.851509, 45.922007], [6.851597, 45.922008], [6.851864, 45.922121], [6.851943, 45.922144], [6.852075, 45.922166], [6.852701, 45.922443], [6.852804, 45.922515], [6.852923, 45.922574], [6.85317, 45.9226], [6.8534, 45.922725], [6.853399, 45.92282], [6.853458, 45.922932], [6.853613, 45.923083], [6.853925, 45.923212], [6.854046, 45.923241], [6.854367, 45.92324], [6.854619, 45.923248], [6.854749, 45.923295], [6.855023, 45.923356], [6.855292, 45.923315], [6.855527, 45.923382], [6.855886, 45.923535], [6.85629, 45.92383], [6.856419, 45.923774], [6.856836, 45.923733], [6.85703, 45.923744], [6.857397, 45.923735], [6.857977, 45.923785], [6.858335, 45.923731], [6.858543, 45.923726], [6.85894, 45.923796], [6.859339, 45.923799], [6.859607, 45.923871], [6.85989, 45.924053], [6.86021, 45.92431], [6.860502, 45.924612], [6.860697, 45.925036], [6.860811, 45.925221], [6.86085, 45.925263], [6.860905, 45.925305], [6.860957, 45.925334], [6.861015, 45.925343], [6.861048, 45.925413], [6.861144, 45.925424], [6.861243, 45.925426], [6.861273, 45.925422], [6.861328, 45.925395], [6.861409, 45.925369], [6.861452, 45.925334], [6.861528, 45.925271], [6.861606, 45.925219], [6.861676, 45.925186], [6.861708, 45.925178], [6.86178, 45.925175], [6.861952, 45.925236], [6.86214, 45.925252], [6.862282, 45.925247], [6.86261, 45.925207], [6.862737, 45.925202], [6.862766, 45.925218], [6.862804, 45.925228], [6.86294, 45.925241], [6.863036, 45.925261], [6.863174, 45.925274], [6.863703, 45.925438], [6.864072, 45.925513], [6.864416, 45.925605], [6.864632, 45.925645], [6.864754, 45.925688], [6.865286, 45.925796], [6.865552, 45.925865], [6.865659, 45.925886], [6.866015, 45.925912], [6.8664, 45.925975], [6.866614, 45.926068], [6.866886, 45.926242], [6.866829, 45.925938], [6.866813, 45.925734], [6.866725, 45.925642], [6.866726, 45.92558], [6.866652, 45.925367], [6.866531, 45.925136], [6.866479, 45.924986], [6.866518, 45.92492], [6.867228, 45.924728], [6.867244, 45.924713], [6.867467, 45.924668], [6.867511, 45.92448], [6.867517, 45.924453], [6.86753, 45.924394], [6.867569, 45.924216], [6.8676, 45.924204], [6.867767, 45.924163], [6.86784, 45.924153], [6.867949, 45.924165], [6.868005, 45.924189], [6.868058, 45.924182], [6.86815, 45.924154], [6.868189, 45.924148], [6.868238, 45.924099], [6.868342, 45.924016], [6.868479, 45.923986], [6.868536, 45.92398], [6.868735, 45.923997], [6.868788, 45.923992], [6.868896, 45.923964], [6.868952, 45.923962], [6.869115, 45.923907], [6.869282, 45.923867], [6.86947, 45.923807]]}, "properties": {"heading": 216, "length_km": 21.7, "retrace": 0.496}}, {"type": "Feature", "geometry": {"type": "LineString", "coordinates": [[6.86947, 45.923807], [6.869827, 45.923694], [6.869835, 45.923662], [6.86966, 45.923445], [6.86968, 45.923401], [6.869704, 45.923329], [6.869711, 45.923281], [6.869708, 45.923242], [6.869688, 45.923203], [6.869984, 45.923068], [6.870142, 45.922996], [6.870199, 45.922998], [6.870241, 45.923033], [6.870285, 45.923014], [6.870318, 45.922998], [6.870189, 45.922845], [6.869893, 45.922461], [6.869679, 45.922217], [6.869639, 45.922139], [6.869584, 45.921956], [6.86958, 45.921864], [6.869592, 45.921783], [6.869643, 45.92159], [6.86969, 45.921447], [6.869832, 45.921034], [6.869891, 45.920859], [6.869908, 45.9208], [6.869915, 45.92077], [6.869977, 45.92077], [6.870026, 45.920744], [6.870044, 45.920705], [6.87004, 45.920685], [6.870028, 45.920666], [6.869982, 45.920641], [6.870035, 45.920498], [6.870115, 45.920321], [6.87021, 45.920173], [6.870413, 45.919895], [6.870527, 45.919766], [6.870576, 45.919677], [6.870583, 45.919636], [6.870584, 45.919586], [6.870562, 45.919525], [6.870528, 45.919459], [6.87045, 45.91937], [6.870537, 45.919314], [6.8706, 45.919274], [6.870658, 45.919265], [6.870872, 45.919115], [6.870858, 45.919049], [6.870895, 45.919018], [6.870802, 45.918956], [6.870953, 45.91884], [6.87098, 45.918793], [6.871066, 45.918735], [6.871109, 45.918703], [6.870498, 45.918318], [6.870605, 45.918239], [6.870857, 45.918064], [6.870882, 45.918046], [6.87107, 45.917921], [6.871205, 45.91779], [6.871439, 45.917539], [6.8716, 45.917312], [6.871673, 45.917239], [6.871731, 45.917175], [6.871747, 45.917161], [6.871884, 45.917092], [6.872024, 45.916989], [6.872188, 45.91683], [6.872195, 45.9168], [6.872233, 45.916733], [6.872262, 45.916709], [6.872319, 45.91669], [6.8724, 45.916689], [6.87248, 45.916711], [6.87267, 45.916736], [6.87273, 45.916725], [6.872827, 45.916651], [6.872892, 45.916582], [6.872901, 45.916509], [6.872897, 45.916431], [6.872881, 45.916348], [6.872744, 45.916223], [6.87264, 45.916153], [6.872568, 45.91609], [6.872524, 45.916019], [6.872497, 45.915938], [6.872459, 45.915881], [6.872398, 45.915832], [6.872185, 45.915712], [6.872105, 45.915639], [6.87205, 45.915545], [6.872025, 45.915455], [6.872013, 45.915345], [6.871978, 45.915214], [6.871935, 45.91513], [6.871877, 45.915054], [6.87186, 45.91501], [6.871871, 45.914979], [6.872176, 45.914969], [6.87232, 45.91498], [6.872483, 45.915016], [6.872526, 45.915003], [6.872546, 45.914933], [6.87257, 45.914908], [6.87263, 45.914908], [6.872734, 45.914948], [6.872836, 45.915], [6.873082, 45.915143], [6.873139, 45.915156], [6.873196, 45.915158], [6.873228, 45.915145], [6.873233, 45.915119], [6.873225, 45.914988], [6.873236, 45.914953], [6.873276, 45.914933], [6.873318, 45.914928], [6.873379, 45.914937], [6.873469, 45.914962], [6.873572, 45.914998], [6.873677, 45.915059], [6.873713, 45.91506], [6.873733, 45.915047], [6.873737, 45.915001], [6.873719, 45.914789], [6.873694, 45.914685], [6.873651, 45.914562], [6.873584, 45.914455], [6.873365, 45.914268], [6.873448, 45.9143], [6.873164, 45.914068], [6.873163, 45.913974], [6.873176, 45.913885], [6.872913, 45.913764], [6.87283, 45.913687], [6.872722, 45.913544], [6.872657, 45.913439], [6.872382, 45.913259], [6.872332, 45.913215], [6.872296, 45.913161], [6.872231, 45.913024], [6.872162, 45.912936], [6.87193, 45.912716], [6.871717, 45.912492], [6.871677, 45.912425], [6.87153, 45.912293], [6.871425, 45.912173], [6.871312, 45.91203], [6.871259, 45.911903], [6.871208, 45.911808], [6.871076, 45.911686], [6.870953, 45.911543], [6.870905, 45.911431], [6.870816, 45.911257], [6.87072, 45.911145], [6.870602, 45.911052], [6.870513, 45.910942], [6.870468, 45.910845], [6.870368, 45.910763], [6.870218, 45.910693], [6.870111, 45.910656], [6.870057, 45.910604], [6.869928, 45.910514], [6.869599, 45.910348], [6.869381, 45.910156], [6.869231, 45.909984], [6.869027, 45.909872], [6.868877, 45.909753], [6.868662, 45.909462], [6.868566, 45.909387], [6.868308, 45.909156], [6.868201, 45.909044], [6.868147, 45.908782], [6.867901, 45.908536], [6.867632, 45.908417], [6.86745, 45.908155], [6.867375, 45.907969], [6.867396, 45.907857], [6.867321, 45.907767], [6.867278, 45.907588], [6.867182, 45.907491], [6.867171, 45.907401], [6.867096, 45.907312], [6.867096, 45.907215], [6.866999, 45.907065], [6.866989, 45.906752], [6.867038, 45.906521], [6.867147, 45.906306], [6.867158, 45.906056], [6.867228, 45.905897], [6.867289, 45.905899], [6.867437, 45.906231], [6.86748, 45.906326], [6.867775, 45.906621], [6.867834, 45.906619], [6.867836, 45.905858], [6.867879, 45.905753], [6.867836, 45.905541], [6.867751, 45.905369], [6.867761, 45.905192], [6.867777, 45.90516], [6.868083, 45.904925], [6.868263, 45.904729], [6.868319, 45.904761], [6.868357, 45.904884], [6.86833, 45.905283], [6.8684, 45.90544], [6.868472, 45.905496], [6.868657, 45.905617], [6.868711, 45.905725], [6.868801, 45.905878], [6.868711, 45.905725], [6.868657, 45.905617], [6.868472, 45.905496], [6.8684, 45.90544], [6.86833, 45.905283], [6.868357, 45.904884], [6.868319, 45.904761], [6.868263, 45.904729], [6.868083, 45.904925], [6.867777, 45.90516], [6.867761, 45.905192], [6.867751, 45.905369], [6.867836, 45.905541], [6.867879, 45.905753], [6.867836, 45.905858], [6.867834, 45.906619], [6.867775, 45.906621], [6.86748, 45.906326], [6.867437, 45.906231], [6.867289, 45.905899], [6.867228, 45.905897], [6.867158, 45.906056], [6.867029, 45.905733], [6.866871, 45.905602], [6.86667, 45.90549], [6.866471, 45.905214], [6.86638, 45.905339], [6.866208, 45.905235], [6.866176, 45.905076], [6.86609, 45.904962], [6.865929, 45.90477], [6.865642, 45.904555], [6.865439, 45.904581], [6.865431, 45.904477], [6.865321, 45.904449], [6.865178, 45.904186], [6.865055, 45.904066], [6.864958, 45.904195], [6.864798, 45.90393], [6.864511, 45.903581], [6.864221, 45.903377], [6.864336, 45.903883], [6.864266, 45.903902], [6.864127, 45.903769], [6.864028, 45.903717], [6.863886, 45.903689], [6.863768, 45.90362], [6.863765, 45.903699], [6.863778, 45.903756], [6.863961, 45.903958], [6.864025, 45.904135], [6.864001, 45.904188], [6.863888, 45.9041], [6.863711, 45.904085], [6.863751, 45.904253], [6.863778, 45.904333], [6.863628, 45.904417], [6.863585, 45.904529], [6.86299, 45.904176], [6.86284, 45.90415], [6.862638, 45.904167], [6.862539, 45.904316], [6.862287, 45.904383], [6.862142, 45.904385], [6.862164, 45.904579], [6.862067, 45.904886], [6.861981, 45.905012], [6.861747, 45.905146], [6.861764, 45.905192], [6.861973, 45.905427], [6.862284, 45.905608], [6.862541, 45.905825], [6.862622, 45.90593], [6.862629, 45.906008], [6.862596, 45.906331], [6.862605, 45.906461], [6.862682, 45.906616], [6.862719, 45.906778], [6.862717, 45.906984], [6.862609, 45.907471], [6.86259, 45.907663], [6.862595, 45.907902], [6.862622, 45.908028], [6.862721, 45.908242], [6.862902, 45.90854], [6.863041, 45.908666], [6.863088, 45.908822], [6.863233, 45.908864], [6.863367, 45.908937], [6.863459, 45.909029], [6.863522, 45.909147], [6.863534, 45.909257], [6.863757, 45.909513], [6.864046, 45.909899], [6.86415, 45.910068], [6.864212, 45.910196], [6.864209, 45.910233], [6.864155, 45.910255], [6.864073, 45.910226], [6.863992, 45.910209], [6.86391, 45.910246], [6.863789, 45.91035], [6.863646, 45.910366], [6.863421, 45.910412], [6.863158, 45.910442], [6.863012, 45.910448], [6.862739, 45.910431], [6.862496, 45.910458], [6.862427, 45.910455], [6.862299, 45.910405], [6.862236, 45.910401], [6.861693, 45.91071], [6.861646, 45.910721], [6.861602, 45.910716], [6.861441, 45.910803], [6.861377, 45.910837], [6.861307, 45.910796], [6.861233, 45.910702], [6.860999, 45.910516], [6.860667, 45.910336], [6.860228, 45.910182], [6.859875, 45.910123], [6.859599, 45.910091], [6.858858, 45.910074], [6.858478, 45.910083], [6.8582, 45.910118], [6.85793, 45.910144], [6.857841, 45.910167], [6.857577, 45.910276], [6.85742, 45.910284], [6.857092, 45.910244], [6.856837, 45.910098], [6.856851, 45.910058], [6.856853, 45.910017], [6.856832, 45.90995], [6.856814, 45.909924], [6.856781, 45.909891], [6.856716, 45.909857], [6.856662, 45.909836], [6.856634, 45.909776], [6.856573, 45.90965], [6.856556, 45.909592], [6.856533, 45.909548], [6.856453, 45.90949], [6.856384, 45.909469], [6.856305, 45.909455], [6.856233, 45.90945], [6.85617, 45.909432], [6.856089, 45.909462], [6.855941, 45.909521], [6.855835, 45.909533], [6.855313, 45.909523], [6.855138, 45.909499], [6.855033, 45.909469], [6.854928, 45.909428], [6.85484, 45.909379], [6.85467, 45.909247], [6.854569, 45.909185], [6.854474, 45.909147], [6.854303, 45.909104], [6.854248, 45.909097], [6.854169, 45.909087], [6.854082, 45.909081], [6.854058, 45.909112], [6.853995, 45.909184], [6.854064, 45.909218], [6.854147, 45.909247], [6.854315, 45.909277], [6.854464, 45.909353], [6.854559, 45.909433], [6.854749, 45.909524], [6.854751, 45.909532], [6.854715, 45.909543], [6.854561, 45.909535], [6.854495, 45.909504], [6.854367, 45.90942], [6.85426, 45.909368], [6.854176, 45.909376], [6.854114, 45.9094], [6.854063, 45.909439], [6.854016, 45.909484], [6.853731, 45.909894], [6.853686, 45.909954], [6.853615, 45.910021], [6.853362, 45.910009], [6.853361, 45.91003], [6.853361, 45.910054], [6.85336, 45.910082], [6.85336, 45.910087], [6.853097, 45.910084], [6.853057, 45.910125], [6.8529, 45.910227], [6.852813, 45.910293], [6.852738, 45.910362], [6.852643, 45.910477], [6.852628, 45.910501], [6.852618, 45.910541], [6.852648, 45.910649], [6.852596, 45.910669], [6.852482, 45.910703], [6.852264, 45.910629], [6.852169, 45.910604], [6.852067, 45.910581], [6.851874, 45.910637], [6.850941, 45.910857], [6.850555, 45.910978], [6.850341, 45.911053], [6.850301, 45.911067], [6.850227, 45.911081], [6.85002, 45.911156], [6.849701, 45.91127], [6.849592, 45.91131], [6.849488, 45.91136], [6.849397, 45.911403], [6.849301, 45.911443], [6.849129, 45.911542], [6.849025, 45.911594], [6.848964, 45.91162], [6.848849, 45.91164], [6.848792, 45.911672], [6.848738, 45.911685], [6.848658, 45.911695], [6.848254, 45.911715], [6.848162, 45.911733], [6.848079, 45.91176], [6.847954, 45.911827], [6.847637, 45.912055], [6.847548, 45.912118], [6.847503, 45.912146], [6.847472, 45.912166], [6.847267, 45.912308], [6.84722, 45.912339], [6.847132, 45.912395], [6.84711, 45.91241], [6.846914, 45.912526], [6.846621, 45.912709], [6.846693, 45.91277], [6.846785, 45.912847], [6.846855, 45.912918], [6.846947, 45.912989], [6.846951, 45.912995], [6.846964, 45.913016], [6.847054, 45.913145], [6.847209, 45.913314], [6.847113, 45.91337], [6.846822, 45.913537], [6.846764, 45.913559], [6.846653, 45.913633], [6.846319, 45.913812], [6.846252, 45.91384], [6.846115, 45.913896], [6.845837, 45.913533], [6.845765, 45.913429], [6.845721, 45.913344], [6.845695, 45.913274], [6.845685, 45.913208], [6.845694, 45.91307], [6.845688, 45.912981], [6.845669, 45.912908], [6.845652, 45.912716], [6.845611, 45.912499], [6.84552, 45.912368], [6.845426, 45.912199], [6.845408, 45.912152], [6.8454, 45.912017], [6.845383, 45.911975], [6.84527, 45.911781], [6.845192, 45.911675], [6.84514, 45.911647], [6.845086, 45.911627], [6.844927, 45.911604], [6.844882, 45.911585], [6.844826, 45.911577], [6.84464, 45.911526], [6.844525, 45.911523], [6.844368, 45.911532], [6.844224, 45.911524], [6.844172, 45.911531], [6.844077, 45.911557], [6.843988, 45.911618], [6.843955, 45.911624], [6.843827, 45.911627], [6.843696, 45.911653], [6.843636, 45.911655], [6.843568, 45.911645], [6.843533, 45.911634], [6.843349, 45.911549], [6.84318, 45.911507], [6.843064, 45.911467], [6.842873, 45.91143], [6.842702, 45.91138], [6.842524, 45.911342], [6.842399, 45.911331], [6.842296, 45.911278], [6.842155, 45.911243], [6.842037, 45.911187], [6.842024, 45.911197], [6.842038, 45.91129], [6.842037, 45.911482], [6.842004, 45.911565], [6.842038, 45.91172], [6.842086, 45.911786], [6.842088, 45.91183], [6.842143, 45.911883], [6.842129, 45.911939], [6.842156, 45.912005], [6.84212, 45.912069], [6.842121, 45.912083], [6.84215, 45.912123], [6.842154, 45.912148], [6.842117, 45.912212], [6.84212, 45.912238], [6.842173, 45.912374], [6.842171, 45.912402], [6.842132, 45.912444], [6.84213, 45.91247], [6.842144, 45.912528], [6.842118, 45.912541], [6.842107, 45.912534], [6.842097, 45.912507], [6.842071, 45.912477], [6.842012, 45.912423], [6.841964, 45.912397], [6.841911, 45.91238], [6.841806, 45.912362], [6.841773, 45.912365], [6.841803, 45.912454], [6.8418, 45.912481], [6.841747, 45.912566], [6.841721, 45.912652], [6.841702, 45.912664], [6.841676, 45.912664], [6.841659, 45.912656], [6.841641, 45.912635], [6.841615, 45.912624], [6.84157, 45.912617], [6.841493, 45.912582], [6.84148, 45.912556], [6.841475, 45.912503], [6.841463, 45.912486], [6.841379, 45.912447], [6.841367, 45.912448], [6.84137, 45.9125], [6.841352, 45.912516], [6.841322, 45.912569], [6.841304, 45.912628], [6.841306, 45.912649], [6.841336, 45.912694], [6.841344, 45.912722], [6.841338, 45.912747], [6.841317, 45.912773], [6.841246, 45.912806], [6.841211, 45.912832], [6.841195, 45.91286], [6.841197, 45.912888], [6.841218, 45.91293], [6.841221, 45.912956], [6.841206, 45.912993], [6.841222, 45.913026], [6.841275, 45.913066], [6.841347, 45.913156], [6.841367, 45.913201], [6.841367, 45.913229], [6.841333, 45.913367], [6.841334, 45.913471], [6.841298, 45.913607], [6.84132, 45.913653], [6.841384, 45.913698], [6.841616, 45.913778], [6.841823, 45.913876], [6.842058, 45.913995], [6.842066, 45.914008], [6.842057, 45.914019], [6.842038, 45.914024], [6.84162, 45.914055], [6.841538, 45.914073], [6.841543, 45.914105], [6.841641, 45.914179], [6.841681, 45.914232], [6.84171, 45.914323], [6.841711, 45.91434], [6.841694, 45.914347], [6.841619, 45.914281], [6.841592, 45.91427], [6.841556, 45.914267], [6.841449, 45.914295], [6.841444, 45.914305], [6.841456, 45.914318], [6.841515, 45.914337], [6.841537, 45.914351], [6.841549, 45.914367], [6.841542, 45.914392], [6.84152, 45.914395], [6.841453, 45.914389], [6.841297, 45.914402], [6.841171, 45.91443], [6.841041, 45.914443], [6.840977, 45.914455], [6.840977, 45.914469], [6.840987, 45.914481], [6.841191, 45.914577], [6.841342, 45.914672], [6.841403, 45.914741], [6.841392, 45.914751], [6.841205, 45.914736], [6.841039, 45.914735], [6.840898, 45.914741], [6.840845, 45.914737], [6.840956, 45.91481], [6.840999, 45.914828], [6.841066, 45.914842], [6.841096, 45.914854], [6.841331, 45.91499], [6.841356, 45.91501], [6.841367, 45.915033], [6.84137, 45.915104], [6.841392, 45.915125], [6.841426, 45.915133], [6.841459, 45.915133], [6.841499, 45.91513], [6.841553, 45.915114], [6.841736, 45.915118], [6.841837, 45.915149], [6.841933, 45.91516], [6.842011, 45.915162], [6.842041, 45.915171], [6.842118, 45.915217], [6.842324, 45.915279], [6.842358, 45.915295], [6.842411, 45.91534], [6.842512, 45.915463], [6.842549, 45.915512], [6.842653, 45.915685], [6.842706, 45.915754], [6.842725, 45.915772], [6.842773, 45.915794], [6.842812, 45.915848], [6.842839, 45.915871], [6.842936, 45.91594], [6.843039, 45.915998], [6.843053, 45.916026], [6.84266, 45.915947], [6.842233, 45.91577], [6.842078, 45.915776], [6.841934, 45.91581], [6.841624, 45.915939], [6.841673, 45.91597], [6.841841, 45.915991], [6.842126, 45.916079], [6.842195, 45.916129], [6.842346, 45.916286], [6.842316, 45.916584], [6.842527, 45.916887], [6.842718, 45.917016], [6.842859, 45.917231], [6.843102, 45.917405], [6.843203, 45.917495], [6.843507, 45.917686], [6.843738, 45.917884], [6.844074, 45.917922], [6.844087, 45.91806], [6.844213, 45.918313], [6.844379, 45.918442], [6.844535, 45.918565], [6.845111, 45.918765], [6.845226, 45.918833], [6.845351, 45.918945], [6.845426, 45.919149], [6.845822, 45.919288], [6.845825, 45.919518], [6.845891, 45.919698], [6.84611, 45.919822], [6.846337, 45.91986], [6.846439, 45.919887], [6.846488, 45.919923], [6.846679, 45.92003], [6.846861, 45.920183], [6.846958, 45.920332], [6.847063, 45.920411], [6.847174, 45.920456], [6.847187, 45.920525], [6.84705, 45.920887], [6.847076, 45.921036], [6.84728, 45.921206], [6.847284, 45.92132], [6.847222, 45.92146], [6.847149, 45.921766], [6.847276, 45.922102], [6.847291, 45.922305], [6.84732, 45.922396], [6.847308, 45.922409], [6.847286, 45.922411], [6.847272, 45.922404], [6.8472, 45.922313], [6.846997, 45.922087], [6.846825, 45.922013], [6.846588, 45.921768], [6.846348, 45.921594], [6.846208, 45.921553], [6.846124, 45.921516], [6.846037, 45.921442], [6.845961, 45.921275], [6.845822, 45.921221], [6.845603, 45.921203], [6.845354, 45.921245], [6.845061, 45.921254], [6.844874, 45.921218], [6.844728, 45.921138], [6.844509, 45.921101], [6.844215, 45.921025], [6.844114, 45.921025], [6.84395, 45.92104], [6.843815, 45.920993], [6.843709, 45.920998], [6.843509, 45.92093], [6.843332, 45.920812], [6.843017, 45.920714], [6.84269, 45.920596], [6.842448, 45.920598], [6.842229, 45.92062], [6.84175, 45.920687], [6.841071, 45.920802], [6.840831, 45.920863], [6.840793, 45.920856], [6.840643, 45.920663], [6.84065, 45.920485], [6.840536, 45.920372], [6.840413, 45.920225], [6.84025, 45.920165], [6.840107, 45.920147], [6.839727, 45.920226], [6.839636, 45.920262], [6.839665, 45.920309], [6.839751, 45.920383], [6.839801, 45.920473], [6.839939, 45.920854], [6.839898, 45.920942], [6.839921, 45.92107], [6.840037, 45.921232], [6.840101, 45.921284], [6.840093, 45.921318], [6.840179, 45.92147], [6.840364, 45.921521], [6.840504, 45.921478], [6.840797, 45.921587], [6.841043, 45.921588], [6.841216, 45.921579], [6.841567, 45.921626], [6.841723, 45.921623], [6.841814, 45.92164], [6.841876, 45.921683], [6.841943, 45.921749], [6.841982, 45.921832], [6.842147, 45.922126], [6.84226, 45.922231], [6.84233, 45.922329], [6.842457, 45.922481], [6.84253, 45.922528], [6.842619, 45.922546], [6.842681, 45.922574], [6.842846, 45.922755], [6.84294, 45.922781], [6.842995, 45.922815], [6.843148, 45.923046], [6.843206, 45.92317], [6.843378, 45.923307], [6.843395, 45.923369], [6.843352, 45.923532], [6.843318, 45.923584], [6.843266, 45.923614], [6.843252, 45.923728], [6.843239, 45.923772], [6.843305, 45.92392], [6.843389, 45.924029], [6.843559, 45.924145], [6.843684, 45.924255], [6.843774, 45.924297], [6.843892, 45.924431], [6.843916, 45.924549], [6.843895, 45.924624], [6.843944, 45.924762], [6.843971, 45.924811], [6.844025, 45.924859], [6.844239, 45.924911], [6.844455, 45.924983], [6.844533, 45.925], [6.84474, 45.925079], [6.844785, 45.925132], [6.844902, 45.925413], [6.844962, 45.925483], [6.844973, 45.925548], [6.844955, 45.925578], [6.844962, 45.925612], [6.844989, 45.92563], [6.84532, 45.925714], [6.845596, 45.925909], [6.845655, 45.925995], [6.845741, 45.926042], [6.845765, 45.926125], [6.845812, 45.926176], [6.845984, 45.926277], [6.846052, 45.926344], [6.84605, 45.926372], [6.846077, 45.926414], [6.846149, 45.926482], [6.846418, 45.926551], [6.846682, 45.926669], [6.846748, 45.926684], [6.846807, 45.926736], [6.847206, 45.926937], [6.847446, 45.927073], [6.847825, 45.927338], [6.847805, 45.927355], [6.847733, 45.927381], [6.847566, 45.927505], [6.847284, 45.927741], [6.84728, 45.927834], [6.847262, 45.927908], [6.847204, 45.927971], [6.847203, 45.928117], [6.84733, 45.928287], [6.847367, 45.928355], [6.847436, 45.928447], [6.84775, 45.928577], [6.848004, 45.92882], [6.848017, 45.928916], [6.848064, 45.929009], [6.848185, 45.929157], [6.84819, 45.929225], [6.84822, 45.929283], [6.848272, 45.929292], [6.848304, 45.929309], [6.84832, 45.929343], [6.848402, 45.929399], [6.848439, 45.929473], [6.848528, 45.929543], [6.8486, 45.929678], [6.848656, 45.929731], [6.848783, 45.929939], [6.848856, 45.929994], [6.848964, 45.930196], [6.849144, 45.930323], [6.849144, 45.930391], [6.849124, 45.930478], [6.849146, 45.930486], [6.849214, 45.930489], [6.849272, 45.930506], [6.849385, 45.930679], [6.849408, 45.930764], [6.849459, 45.930797], [6.849502, 45.930808], [6.849519, 45.930841], [6.849623, 45.930877], [6.849713, 45.930931], [6.849807, 45.930918], [6.850169, 45.930996], [6.850253, 45.930996], [6.850399, 45.931085], [6.850499, 45.931087], [6.850543, 45.9311], [6.850609, 45.931128], [6.850656, 45.931169], [6.850756, 45.931182], [6.850852, 45.931225], [6.850995, 45.931209], [6.851268, 45.931119], [6.851438, 45.931113], [6.851754, 45.931156], [6.851848, 45.93115], [6.852042, 45.931097], [6.852251, 45.931079], [6.852399, 45.930998], [6.853096, 45.930798], [6.853275, 45.930769], [6.853472, 45.930653], [6.853601, 45.930616], [6.853607, 45.930552], [6.85366, 45.930502], [6.853885, 45.93058], [6.854089, 45.930576], [6.854281, 45.930487], [6.854561, 45.930331], [6.854658, 45.93033], [6.854832, 45.93029], [6.854958, 45.930249], [6.855269, 45.930078], [6.855309, 45.929972], [6.855408, 45.929868], [6.855441, 45.929814], [6.855461, 45.9298], [6.85548, 45.929791], [6.855505, 45.929792], [6.855528, 45.929804], [6.855584, 45.929866], [6.855646, 45.929911], [6.855707, 45.929944], [6.855799, 45.929979], [6.855895, 45.930005], [6.856235, 45.930064], [6.856341, 45.930076], [6.856399, 45.930076], [6.856515, 45.930065], [6.856556, 45.930054], [6.856723, 45.930039], [6.856788, 45.93004], [6.856851, 45.930049], [6.856949, 45.930047], [6.857147, 45.930015], [6.857237, 45.930011], [6.857279, 45.930042], [6.857348, 45.930182], [6.857385, 45.930227], [6.857445, 45.930285], [6.857509, 45.930326], [6.857578, 45.93035], [6.857694, 45.930425], [6.857903, 45.930471], [6.858089, 45.930602], [6.858222, 45.930666], [6.858577, 45.930599], [6.85916, 45.930515], [6.859444, 45.930491], [6.859744, 45.93064], [6.860023, 45.930651], [6.860318, 45.930629], [6.86064, 45.93067], [6.861396, 45.930856], [6.862094, 45.930853], [6.86241, 45.931002], [6.862829, 45.931084], [6.862907, 45.931496], [6.863176, 45.931577], [6.863355, 45.931655], [6.863416, 45.931762], [6.863558, 45.931873], [6.863601, 45.932049], [6.863827, 45.932081], [6.86395, 45.932173], [6.864086, 45.932419], [6.864449, 45.932569], [6.864661, 45.932627], [6.8648, 45.93277], [6.865036, 45.93291], [6.865144, 45.933011], [6.8651, 45.933162], [6.865063, 45.933327], [6.864921, 45.933611], [6.864916, 45.933641], [6.86493, 45.933681], [6.864942, 45.933687], [6.864962, 45.933674], [6.864986, 45.933614], [6.865009, 45.933587], [6.865086, 45.933535], [6.865215, 45.933417], [6.865321, 45.933337], [6.865342, 45.933309], [6.865384, 45.933221], [6.865547, 45.933073], [6.865567, 45.933045], [6.865564, 45.933017], [6.86553, 45.932937], [6.865518, 45.93283], [6.865527, 45.932792], [6.86558, 45.932719], [6.865577, 45.932694], [6.865565, 45.932676], [6.865477, 45.932614], [6.865424, 45.932562], [6.865362, 45.932526], [6.865348, 45.932511], [6.865346, 45.932487], [6.865383, 45.932423], [6.865398, 45.932299], [6.865384, 45.932255], [6.865303, 45.932191], [6.865274, 45.932158], [6.865255, 45.932116], [6.865252, 45.932069], [6.865237, 45.932014], [6.865213, 45.93198], [6.865149, 45.931947], [6.865118, 45.931923], [6.865111, 45.931893], [6.865156, 45.931834], [6.865153, 45.93179], [6.865098, 45.931669], [6.865097, 45.931485], [6.865073, 45.931457], [6.865026, 45.931431], [6.864935, 45.931402], [6.864911, 45.931378], [6.864909, 45.931351], [6.864956, 45.931208], [6.86495, 45.931175], [6.864928, 45.931144], [6.864922, 45.931119], [6.864955, 45.93093], [6.86495, 45.930893], [6.864935, 45.930873], [6.864911, 45.930861], [6.864867, 45.930853], [6.864744, 45.930799], [6.864697, 45.930764], [6.864678, 45.930723], [6.864677, 45.930683], [6.864688, 45.930632], [6.864685, 45.930586], [6.864667, 45.930528], [6.864666, 45.930459], [6.864675, 45.930388], [6.864702, 45.930294], [6.864836, 45.930121], [6.864325, 45.929673], [6.8642, 45.929591], [6.864152, 45.929397], [6.864035, 45.92923], [6.863886, 45.929107], [6.863822, 45.929017], [6.863628, 45.928875], [6.863445, 45.928754], [6.86336, 45.928652], [6.863193, 45.928516], [6.863102, 45.928459], [6.863088, 45.928424], [6.862991, 45.928187], [6.862767, 45.928063], [6.862662, 45.927965], [6.862577, 45.927848], [6.862593, 45.927571], [6.862555, 45.927389], [6.86262, 45.927346], [6.862478, 45.927146], [6.862296, 45.926923], [6.862111, 45.926739], [6.861934, 45.926591], [6.861507, 45.926041], [6.861387, 45.925931], [6.861269, 45.925794], [6.86104, 45.925551], [6.861016, 45.92551], [6.86101, 45.925464], [6.861015, 45.925343], [6.861048, 45.925413], [6.861144, 45.925424], [6.861243, 45.925426], [6.861273, 45.925422], [6.861328, 45.925395], [6.861409, 45.925369], [6.861452, 45.925334], [6.861528, 45.925271], [6.861606, 45.925219], [6.861676, 45.925186], [6.861708, 45.925178], [6.86178, 45.925175], [6.861952, 45.925236], [6.86214, 45.925252], [6.862282, 45.925247], [6.86261, 45.925207], [6.862737, 45.925202], [6.862766, 45.925218], [6.862804, 45.925228], [6.86294, 45.925241], [6.863036, 45.925261], [6.863174, 45.925274], [6.863703, 45.925438], [6.864072, 45.925513], [6.864416, 45.925605], [6.864632, 45.925645], [6.864754, 45.925688], [6.865286, 45.925796], [6.865552, 45.925865], [6.865659, 45.925886], [6.866015, 45.925912], [6.8664, 45.925975], [6.866614, 45.926068], [6.866886, 45.926242], [6.866829, 45.925938], [6.866813, 45.925734], [6.866725, 45.925642], [6.866726, 45.92558], [6.866652, 45.925367], [6.866531, 45.925136], [6.866479, 45.924986], [6.866518, 45.92492], [6.867228, 45.924728], [6.867244, 45.924713], [6.867467, 45.924668], [6.867511, 45.92448], [6.867517, 45.924453], [6.86753, 45.924394], [6.867569, 45.924216], [6.8676, 45.924204], [6.867767, 45.924163], [6.86784, 45.924153], [6.867949, 45.924165], [6.868005, 45.924189], [6.868058, 45.924182], [6.86815, 45.924154], [6.868189, 45.924148], [6.868238, 45.924099], [6.868342, 45.924016], [6.868479, 45.923986], [6.868536, 45.92398], [6.868735, 45.923997], [6.868788, 45.923992], [6.868896, 45.923964], [6.868952, 45.923962], [6.869115, 45.923907], [6.869282, 45.923867], [6.86947, 45.923807]]}, "properties": {"heading": 234, "length_km": 15.668, "retrace": 0.062}}, {"type": "Feature", "geometry": {"type": "LineString", "coordinates": [[6.86947, 45.923807], [6.869827, 45.923694], [6.869835, 45.923662], [6.86966, 45.923445], [6.86968, 45.923401], [6.869704, 45.923329], [6.869711, 45.923281], [6.869708, 45.923242], [6.869688, 45.923203], [6.869545, 45.923062], [6.869436, 45.922969], [6.869339, 45.922926], [6.869076, 45.922715], [6.868849, 45.922532], [6.868708, 45.922425], [6.868561, 45.922305], [6.868646, 45.922033], [6.868591, 45.921961], [6.868401, 45.921803], [6.868253, 45.921668], [6.867818, 45.921067], [6.868131, 45.920933], [6.868153, 45.920882], [6.868196, 45.920888], [6.868234, 45.92088], [6.868265, 45.920867], [6.868298, 45.920827], [6.868312, 45.920775], [6.868312, 45.920732], [6.8683, 45.920707], [6.868259, 45.920679], [6.867918, 45.920616], [6.86784, 45.920589], [6.867761, 45.920547], [6.867705, 45.920508], [6.867524, 45.920361], [6.867491, 45.920334], [6.867711, 45.920194], [6.867875, 45.920088], [6.868047, 45.919977], [6.868085, 45.919952], [6.868108, 45.919937], [6.868258, 45.919837], [6.868281, 45.919821], [6.868299, 45.919808], [6.867885, 45.9195], [6.867812, 45.919446], [6.867862, 45.919415], [6.867861, 45.919307], [6.867797, 45.919298], [6.867727, 45.919269], [6.86757, 45.919166], [6.86737, 45.919029], [6.867346, 45.919013], [6.867307, 45.918985], [6.867276, 45.918963], [6.867422, 45.918733], [6.867383, 45.918658], [6.867432, 45.918581], [6.867643, 45.918238], [6.867741, 45.918195], [6.867892, 45.918267], [6.867996, 45.91825], [6.868051, 45.918214], [6.86838, 45.918266], [6.868396, 45.918268], [6.868348, 45.918042], [6.86851, 45.918016], [6.868753, 45.918015], [6.868867, 45.918022], [6.868929, 45.918014], [6.868874, 45.917963], [6.868737, 45.917851], [6.868542, 45.917707], [6.868516, 45.917687], [6.869679, 45.916851], [6.86957, 45.916786], [6.869196, 45.916554], [6.869066, 45.916485], [6.869111, 45.916447], [6.869166, 45.916407], [6.869277, 45.916324], [6.869331, 45.916283], [6.869314, 45.916234], [6.869307, 45.916153], [6.869311, 45.916082], [6.869343, 45.916002], [6.869325, 45.915904], [6.86929, 45.915884], [6.869276, 45.915866], [6.869276, 45.915827], [6.869305, 45.915797], [6.869234, 45.915765], [6.868883, 45.915745], [6.868779, 45.915727], [6.86866, 45.915689], [6.86852, 45.915621], [6.868327, 45.915492], [6.868452, 45.915274], [6.868073, 45.914891], [6.867675, 45.91453], [6.867479, 45.914366], [6.867408, 45.914295], [6.867221, 45.914066], [6.866971, 45.913813], [6.866862, 45.913676], [6.866831, 45.913617], [6.866809, 45.913559], [6.866732, 45.912868], [6.86673, 45.912696], [6.866751, 45.912617], [6.866818, 45.912442], [6.866836, 45.912348], [6.866887, 45.912168], [6.866946, 45.912046], [6.866939, 45.912016], [6.866914, 45.911987], [6.866648, 45.911788], [6.866623, 45.911766], [6.866617, 45.911747], [6.866408, 45.911674], [6.866223, 45.911584], [6.866119, 45.911541], [6.865719, 45.911407], [6.865472, 45.911306], [6.865363, 45.911245], [6.865154, 45.911103], [6.865028, 45.911033], [6.864918, 45.910958], [6.864686, 45.910778], [6.864592, 45.910713], [6.864378, 45.9106], [6.864212, 45.910489], [6.864122, 45.910446], [6.863849, 45.910371], [6.863789, 45.91035], [6.86391, 45.910246], [6.863992, 45.910209], [6.864073, 45.910226], [6.864155, 45.910255], [6.864209, 45.910233], [6.864212, 45.910196], [6.86415, 45.910068], [6.864046, 45.909899], [6.863757, 45.909513], [6.863534, 45.909257], [6.863522, 45.909147], [6.863459, 45.909029], [6.863367, 45.908937], [6.863233, 45.908864], [6.863088, 45.908822], [6.863041, 45.908666], [6.862902, 45.90854], [6.862721, 45.908242], [6.862622, 45.908028], [6.862595, 45.907902], [6.86259, 45.907663], [6.862609, 45.907471], [6.862717, 45.906984], [6.862719, 45.906778], [6.862682, 45.906616], [6.862605, 45.906461], [6.862596, 45.906331], [6.862629, 45.906008], [6.862622, 45.90593], [6.862541, 45.905825], [6.862284, 45.905608], [6.861973, 45.905427], [6.861764, 45.905192], [6.861747, 45.905146], [6.861711, 45.905048], [6.861697, 45.9048], [6.861568, 45.904581], [6.861703, 45.904551], [6.86168, 45.904379], [6.861771, 45.904374], [6.861864, 45.904315], [6.861919, 45.904263], [6.861953, 45.904252], [6.861958, 45.904242], [6.861936, 45.90422], [6.861919, 45.904159], [6.861835, 45.904045], [6.86178, 45.903905], [6.861815, 45.903865], [6.861979, 45.903861], [6.861998, 45.903852], [6.861994, 45.90383], [6.861947, 45.903818], [6.861856, 45.903761], [6.861824, 45.903726], [6.861842, 45.903694], [6.861962, 45.903686], [6.861997, 45.903678], [6.862033, 45.903659], [6.861992, 45.903609], [6.861798, 45.903516], [6.86167, 45.90339], [6.861619, 45.903194], [6.861546, 45.903117], [6.861397, 45.903085], [6.86121, 45.903113], [6.861025, 45.903196], [6.860791, 45.903364], [6.860786, 45.903642], [6.860731, 45.903945], [6.860744, 45.904189], [6.860787, 45.904427], [6.860871, 45.904596], [6.861024, 45.90484], [6.861248, 45.905063], [6.861379, 45.90516], [6.861444, 45.905221], [6.861548, 45.90534], [6.861582, 45.905469], [6.861614, 45.905545], [6.861609, 45.90565], [6.861568, 45.905701], [6.861549, 45.905762], [6.861618, 45.905936], [6.861577, 45.906132], [6.861571, 45.906212], [6.861232, 45.906236], [6.860994, 45.906279], [6.860941, 45.906262], [6.860813, 45.906262], [6.860689, 45.906274], [6.860623, 45.906254], [6.860554, 45.906206], [6.860503, 45.906193], [6.860443, 45.906202], [6.860316, 45.906272], [6.859951, 45.906405], [6.859839, 45.90642], [6.859771, 45.906453], [6.859612, 45.906434], [6.859465, 45.906407], [6.859361, 45.906419], [6.859162, 45.906461], [6.859113, 45.906477], [6.859029, 45.906593], [6.858815, 45.906792], [6.858797, 45.906865], [6.858568, 45.906947], [6.85852, 45.90703], [6.85842, 45.907087], [6.858338, 45.907108], [6.858101, 45.907081], [6.857751, 45.90716], [6.857477, 45.907198], [6.857357, 45.90724], [6.856152, 45.907516], [6.855936, 45.90755], [6.855155, 45.907582], [6.854764, 45.907609], [6.854547, 45.907652], [6.854503, 45.907792], [6.854404, 45.908009], [6.854387, 45.908051], [6.85438, 45.908099], [6.854339, 45.908176], [6.854297, 45.908222], [6.854222, 45.908344], [6.853959, 45.908748], [6.853913, 45.908809], [6.853898, 45.908846], [6.853891, 45.908887], [6.853912, 45.908962], [6.853994, 45.90904], [6.854082, 45.909081], [6.854058, 45.909112], [6.853995, 45.909184], [6.854064, 45.909218], [6.854147, 45.909247], [6.854315, 45.909277], [6.854464, 45.909353], [6.854559, 45.909433], [6.854749, 45.909524], [6.854751, 45.909532], [6.854715, 45.909543], [6.854561, 45.909535], [6.854495, 45.909504], [6.854367, 45.90942], [6.85426, 45.909368], [6.854176, 45.909376], [6.854114, 45.9094], [6.854063, 45.909439], [6.854016, 45.909484], [6.853731, 45.909894], [6.853686, 45.909954], [6.853615, 45.910021], [6.853362, 45.910009], [6.853361, 45.91003], [6.853361, 45.910054], [6.85336, 45.910082], [6.85336, 45.910087], [6.853097, 45.910084], [6.853057, 45.910125], [6.8529, 45.910227], [6.852813, 45.910293], [6.852738, 45.910362], [6.852643, 45.910477], [6.852628, 45.910501], [6.852618, 45.910541], [6.852648, 45.910649], [6.852596, 45.910669], [6.852482, 45.910703], [6.852264, 45.910629], [6.852169, 45.910604], [6.852067, 45.910581], [6.851874, 45.910637], [6.850941, 45.910857], [6.850555, 45.910978], [6.850341, 45.911053], [6.850301, 45.911067], [6.850227, 45.911081], [6.85002, 45.911156], [6.849701, 45.91127], [6.849592, 45.91131], [6.849488, 45.91136], [6.849397, 45.911403], [6.849301, 45.911443], [6.849129, 45.911542], [6.849025, 45.911594], [6.848964, 45.91162], [6.848849, 45.91164], [6.848792, 45.911672], [6.848738, 45.911685], [6.848658, 45.911695], [6.848254, 45.911715], [6.848162, 45.911733], [6.848079, 45.91176], [6.847954, 45.911827], [6.847637, 45.912055], [6.847548, 45.912118], [6.847503, 45.912146], [6.847636, 45.912247], [6.847769, 45.912361], [6.848078, 45.912605], [6.848255, 45.912764], [6.848654, 45.913034], [6.848255, 45.912764], [6.848078, 45.912605], [6.847769, 45.912361], [6.847636, 45.912247], [6.847503, 45.912146], [6.847472, 45.912166], [6.847267, 45.912308], [6.84722, 45.912339], [6.847132, 45.912395], [6.84711, 45.91241], [6.846914, 45.912526], [6.846621, 45.912709], [6.846693, 45.91277], [6.846785, 45.912847], [6.846855, 45.912918], [6.846947, 45.912989], [6.846951, 45.912995], [6.846964, 45.913016], [6.847054, 45.913145], [6.847209, 45.913314], [6.847113, 45.91337], [6.846822, 45.913537], [6.846764, 45.913559], [6.846653, 45.913633], [6.846319, 45.913812], [6.846252, 45.91384], [6.846115, 45.913896], [6.845837, 45.913533], [6.845765, 45.913429], [6.845721, 45.913344], [6.845695, 45.913274], [6.845685, 45.913208], [6.845694, 45.91307], [6.845688, 45.912981], [6.845669, 45.912908], [6.845652, 45.912716], [6.845611, 45.912499], [6.84552, 45.912368], [6.845426, 45.912199], [6.845408, 45.912152], [6.8454, 45.912017], [6.845383, 45.911975], [6.84527, 45.911781], [6.845192, 45.911675], [6.84514, 45.911647], [6.845086, 45.911627], [6.844927, 45.911604], [6.844882, 45.911585], [6.844826, 45.911577], [6.84464, 45.911526], [6.844525, 45.911523], [6.844368, 45.911532], [6.844224, 45.911524], [6.844172, 45.911531], [6.844077, 45.911557], [6.843988, 45.911618], [6.843955, 45.911624], [6.843827, 45.911627], [6.843696, 45.911653], [6.843636, 45.911655], [6.843568, 45.911645], [6.843533, 45.911634], [6.843349, 45.911549], [6.84318, 45.911507], [6.843064, 45.911467], [6.842873, 45.91143], [6.842702, 45.91138], [6.842524, 45.911342], [6.842399, 45.911331], [6.842296, 45.911278], [6.842155, 45.911243], [6.842037, 45.911187], [6.842024, 45.911197], [6.842038, 45.91129], [6.842037, 45.911482], [6.842004, 45.911565], [6.842038, 45.91172], [6.842086, 45.911786], [6.842088, 45.91183], [6.842143, 45.911883], [6.842129, 45.911939], [6.842156, 45.912005], [6.84212, 45.912069], [6.842121, 45.912083], [6.84215, 45.912123], [6.842154, 45.912148], [6.842117, 45.912212], [6.84212, 45.912238], [6.842173, 45.912374], [6.842171, 45.912402], [6.842132, 45.912444], [6.84213, 45.91247], [6.842144, 45.912528], [6.842118, 45.912541], [6.842107, 45.912534], [6.842097, 45.912507], [6.842071, 45.912477], [6.842012, 45.912423], [6.841964, 45.912397], [6.841911, 45.91238], [6.841806, 45.912362], [6.841773, 45.912365], [6.841803, 45.912454], [6.8418, 45.912481], [6.841747, 45.912566], [6.841721, 45.912652], [6.841702, 45.912664], [6.841676, 45.912664], [6.841659, 45.912656], [6.841641, 45.912635], [6.841615, 45.912624], [6.84157, 45.912617], [6.841493, 45.912582], [6.84148, 45.912556], [6.841475, 45.912503], [6.841463, 45.912486], [6.841379, 45.912447], [6.841367, 45.912448], [6.84137, 45.9125], [6.841352, 45.912516], [6.841322, 45.912569], [6.841304, 45.912628], [6.841306, 45.912649], [6.841336, 45.912694], [6.841344, 45.912722], [6.841338, 45.912747], [6.841317, 45.912773], [6.841246, 45.912806], [6.841211, 45.912832], [6.841195, 45.91286], [6.841197, 45.912888], [6.841218, 45.91293], [6.841221, 45.912956], [6.841206, 45.912993], [6.841222, 45.913026], [6.841275, 45.913066], [6.841347, 45.913156], [6.841367, 45.913201], [6.841367, 45.913229], [6.841333, 45.913367], [6.841334, 45.913471], [6.841298, 45.913607], [6.84132, 45.913653], [6.841384, 45.913698], [6.841616, 45.913778], [6.841823, 45.913876], [6.842058, 45.913995], [6.842066, 45.914008], [6.842057, 45.914019], [6.842038, 45.914024], [6.84162, 45.914055], [6.841538, 45.914073], [6.841543, 45.914105], [6.841641, 45.914179], [6.841681, 45.914232], [6.84171, 45.914323], [6.841711, 45.91434], [6.841694, 45.914347], [6.841619, 45.914281], [6.841592, 45.91427], [6.841556, 45.914267], [6.841449, 45.914295], [6.841444, 45.914305], [6.841456, 45.914318], [6.841515, 45.914337], [6.841537, 45.914351], [6.841549, 45.914367], [6.841542, 45.914392], [6.84152, 45.914395], [6.841453, 45.914389], [6.841297, 45.914402], [6.841171, 45.91443], [6.841041, 45.914443], [6.840977, 45.914455], [6.840977, 45.914469], [6.840987, 45.914481], [6.841191, 45.914577], [6.841342, 45.914672], [6.841403, 45.914741], [6.841392, 45.914751], [6.841205, 45.914736], [6.841039, 45.914735], [6.840898, 45.914741], [6.840845, 45.914737], [6.840956, 45.91481], [6.840999, 45.914828], [6.841066, 45.914842], [6.841096, 45.914854], [6.841331, 45.91499], [6.841356, 45.91501], [6.841367, 45.915033], [6.84137, 45.915104], [6.841392, 45.915125], [6.841426, 45.915133], [6.841459, 45.915133], [6.841499, 45.91513], [6.841553, 45.915114], [6.841736, 45.915118], [6.841837, 45.915149], [6.841933, 45.91516], [6.842011, 45.915162], [6.842041, 45.915171], [6.842118, 45.915217], [6.842324, 45.915279], [6.842358, 45.915295], [6.842411, 45.91534], [6.842512, 45.915463], [6.842549, 45.915512], [6.842653, 45.915685], [6.842706, 45.915754], [6.842725, 45.915772], [6.842773, 45.915794], [6.842812, 45.915848], [6.842839, 45.915871], [6.842936, 45.91594], [6.843039, 45.915998], [6.843053, 45.916026], [6.84266, 45.915947], [6.842233, 45.91577], [6.842078, 45.915776], [6.841934, 45.91581], [6.841624, 45.915939], [6.841673, 45.91597], [6.841841, 45.915991], [6.842126, 45.916079], [6.842195, 45.916129], [6.842346, 45.916286], [6.842316, 45.916584], [6.842527, 45.916887], [6.842718, 45.917016], [6.842859, 45.917231], [6.843102, 45.917405], [6.843203, 45.917495], [6.843507, 45.917686], [6.843738, 45.917884], [6.844074, 45.917922], [6.844087, 45.91806], [6.844213, 45.918313], [6.844535, 45.918565], [6.845111, 45.918765], [6.845226, 45.918833], [6.845351, 45.918945], [6.845426, 45.919149], [6.845822, 45.919288], [6.845825, 45.919518], [6.845891, 45.919698], [6.84611, 45.919822], [6.846337, 45.91986], [6.846439, 45.919887], [6.846488, 45.919923], [6.846679, 45.92003], [6.846861, 45.920183], [6.846958, 45.920332], [6.847063, 45.920411], [6.847174, 45.920456], [6.847187, 45.920525], [6.84705, 45.920887], [6.847076, 45.921036], [6.84728, 45.921206], [6.847284, 45.92132], [6.847222, 45.92146], [6.847149, 45.921766], [6.847276, 45.922102], [6.847291, 45.922305], [6.84732, 45.922396], [6.847308, 45.922409], [6.847286, 45.922411], [6.847272, 45.922404], [6.8472, 45.922313], [6.846997, 45.922087], [6.846825, 45.922013], [6.846588, 45.921768], [6.846348, 45.921594], [6.846208, 45.921553], [6.846124, 45.921516], [6.846037, 45.921442], [6.845961, 45.921275], [6.845822, 45.921221], [6.845603, 45.921203], [6.845354, 45.921245], [6.845061, 45.921254], [6.844874, 45.921218], [6.844728, 45.921138], [6.844509, 45.921101], [6.844215, 45.921025], [6.844114, 45.921025], [6.84395, 45.92104], [6.843815, 45.920993], [6.843709, 45.920998], [6.843509, 45.92093], [6.843332, 45.920812], [6.843017, 45.920714], [6.84269, 45.920596], [6.842448, 45.920598], [6.842229, 45.92062], [6.84175, 45.920687], [6.841071, 45.920802], [6.840831, 45.920863], [6.840793, 45.920856], [6.840643, 45.920663], [6.84065, 45.920485], [6.840536, 45.920372], [6.840413, 45.920225], [6.84025, 45.920165], [6.840107, 45.920147], [6.839727, 45.920226], [6.839636, 45.920262], [6.839665, 45.920309], [6.839751, 45.920383], [6.839801, 45.920473], [6.839939, 45.920854], [6.839898, 45.920942], [6.839921, 45.92107], [6.840037, 45.921232], [6.840101, 45.921284], [6.840093, 45.921318], [6.840179, 45.92147], [6.840364, 45.921521], [6.840504, 45.921478], [6.840797, 45.921587], [6.841043, 45.921588], [6.841216, 45.921579], [6.841567, 45.921626], [6.841723, 45.921623], [6.841814, 45.92164], [6.841876, 45.921683], [6.841943, 45.921749], [6.841982, 45.921832], [6.842147, 45.922126], [6.84226, 45.922231], [6.84233, 45.922329], [6.842457, 45.922481], [6.84253, 45.922528], [6.842619, 45.922546], [6.842681, 45.922574], [6.842846, 45.922755], [6.84294, 45.922781], [6.842995, 45.922815], [6.843148, 45.923046], [6.843206, 45.92317], [6.843378, 45.923307], [6.843395, 45.923369], [6.843352, 45.923532], [6.843318, 45.923584], [6.843266, 45.923614], [6.843252, 45.923728], [6.843239, 45.923772], [6.843305, 45.92392], [6.843389, 45.924029], [6.843559, 45.924145], [6.843684, 45.924255], [6.843774, 45.924297], [6.843892, 45.924431], [6.843916, 45.924549], [6.843895, 45.924624], [6.843944, 45.924762], [6.843971, 45.924811], [6.844025, 45.924859], [6.844239, 45.924911], [6.844455, 45.924983], [6.844533, 45.925], [6.84474, 45.925079], [6.844785, 45.925132], [6.844902, 45.925413], [6.844962, 45.925483], [6.844973, 45.925548], [6.844955, 45.925578], [6.844962, 45.925612], [6.844989, 45.92563], [6.84532, 45.925714], [6.845596, 45.925909], [6.845655, 45.925995], [6.845741, 45.926042], [6.845765, 45.926125], [6.845812, 45.926176], [6.845984, 45.926277], [6.846052, 45.926344], [6.84605, 45.926372], [6.846077, 45.926414], [6.846149, 45.926482], [6.846418, 45.926551], [6.846682, 45.926669], [6.846748, 45.926684], [6.846807, 45.926736], [6.847206, 45.926937], [6.847446, 45.927073], [6.847825, 45.927338], [6.847805, 45.927355], [6.847733, 45.927381], [6.847566, 45.927505], [6.847284, 45.927741], [6.84728, 45.927834], [6.847262, 45.927908], [6.847204, 45.927971], [6.847203, 45.928117], [6.84733, 45.928287], [6.847367, 45.928355], [6.847436, 45.928447], [6.84775, 45.928577], [6.848004, 45.92882], [6.848017, 45.928916], [6.848064, 45.929009], [6.848185, 45.929157], [6.84819, 45.929225], [6.84822, 45.929283], [6.848272, 45.929292], [6.848304, 45.929309], [6.84832, 45.929343], [6.848402, 45.929399], [6.848439, 45.929473], [6.848528, 45.929543], [6.8486, 45.929678], [6.848656, 45.929731], [6.848783, 45.929939], [6.848856, 45.929994], [6.848964, 45.930196], [6.849144, 45.930323], [6.849144, 45.930391], [6.849124, 45.930478], [6.849146, 45.930486], [6.849214, 45.930489], [6.849272, 45.930506], [6.849385, 45.930679], [6.849408, 45.930764], [6.849459, 45.930797], [6.849446, 45.930847], [6.849478, 45.931017], [6.84956, 45.931175], [6.849726, 45.931349], [6.84986, 45.931601], [6.849894, 45.93165], [6.849901, 45.931677], [6.849884, 45.931702], [6.849858, 45.93171], [6.849788, 45.931693], [6.849581, 45.931586], [6.849231, 45.931436], [6.849103, 45.93143], [6.849005, 45.931399], [6.848975, 45.931368], [6.848919, 45.931369], [6.848876, 45.931303], [6.848822, 45.931281], [6.848765, 45.93121], [6.848765, 45.931198], [6.848742, 45.931178], [6.848665, 45.931173], [6.848607, 45.931135], [6.848563, 45.931132], [6.848631, 45.931445], [6.848662, 45.931487], [6.848702, 45.931564], [6.848732, 45.931596], [6.848751, 45.931629], [6.848746, 45.931693], [6.848763, 45.931801], [6.848789, 45.931814], [6.848806, 45.931866], [6.848844, 45.9319], [6.848862, 45.931942], [6.848856, 45.932016], [6.848892, 45.932095], [6.848878, 45.932172], [6.848877, 45.932235], [6.848892, 45.932418], [6.848876, 45.932506], [6.8489, 45.932576], [6.848905, 45.932648], [6.848893, 45.932668], [6.848875, 45.932681], [6.848846, 45.93268], [6.848784, 45.932586], [6.848735, 45.932543], [6.848706, 45.932536], [6.848665, 45.93249], [6.848525, 45.932396], [6.848478, 45.932375], [6.848452, 45.932304], [6.8484, 45.932292], [6.848318, 45.932254], [6.848288, 45.932246], [6.848263, 45.932198], [6.848122, 45.93213], [6.848022, 45.932043], [6.847918, 45.931935], [6.847865, 45.93186], [6.847782, 45.93182], [6.847772, 45.931828], [6.847763, 45.931836], [6.847775, 45.931861], [6.84776, 45.931898], [6.847762, 45.93195], [6.847794, 45.932082], [6.847782, 45.932154], [6.847789, 45.932252], [6.847825, 45.932405], [6.847831, 45.932527], [6.847824, 45.93257], [6.847872, 45.932779], [6.847936, 45.93286], [6.84802, 45.932939], [6.848116, 45.93305], [6.848131, 45.933117], [6.848175, 45.933229], [6.848363, 45.933309], [6.848447, 45.933365], [6.848609, 45.933521], [6.848689, 45.933572], [6.84885, 45.933642], [6.848933, 45.933669], [6.849112, 45.933712], [6.849261, 45.933778], [6.849323, 45.933796], [6.849362, 45.933799], [6.849399, 45.933794], [6.849503, 45.933764], [6.849613, 45.933745], [6.849637, 45.933749], [6.849644, 45.933758], [6.849641, 45.93379], [6.849454, 45.933907], [6.849403, 45.933947], [6.849318, 45.933981], [6.849146, 45.934002], [6.848965, 45.934005], [6.848928, 45.934016], [6.848903, 45.934031], [6.848898, 45.934047], [6.848903, 45.934031], [6.848928, 45.934016], [6.848965, 45.934005], [6.849146, 45.934002], [6.849318, 45.933981], [6.849403, 45.933947], [6.849454, 45.933907], [6.849641, 45.93379], [6.849644, 45.933758], [6.849637, 45.933749], [6.849613, 45.933745], [6.849503, 45.933764], [6.849399, 45.933794], [6.849362, 45.933799], [6.849323, 45.933796], [6.849261, 45.933778], [6.849112, 45.933712], [6.848933, 45.933669], [6.84885, 45.933642], [6.848689, 45.933572], [6.848609, 45.933521], [6.848447, 45.933365], [6.848363, 45.933309], [6.848175, 45.933229], [6.848131, 45.933117], [6.848116, 45.93305], [6.84802, 45.932939], [6.847936, 45.93286], [6.847872, 45.932779], [6.847824, 45.93257], [6.847831, 45.932527], [6.847825, 45.932405], [6.847789, 45.932252], [6.847782, 45.932154], [6.847794, 45.932082], [6.847762, 45.93195], [6.84776, 45.931898], [6.847775, 45.931861], [6.847763, 45.931836], [6.847772, 45.931828], [6.847782, 45.93182], [6.847865, 45.93186], [6.847918, 45.931935], [6.848022, 45.932043], [6.848122, 45.93213], [6.848263, 45.932198], [6.848288, 45.932246], [6.848318, 45.932254], [6.8484, 45.932292], [6.848452, 45.932304], [6.848478, 45.932375], [6.848525, 45.932396], [6.848665, 45.93249], [6.848706, 45.932536], [6.848735, 45.932543], [6.848784, 45.932586], [6.848846, 45.93268], [6.848875, 45.932681], [6.848893, 45.932668], [6.848905, 45.932648], [6.8489, 45.932576], [6.848876, 45.932506], [6.848892, 45.932418], [6.848877, 45.932235], [6.848878, 45.932172], [6.848892, 45.932095], [6.848856, 45.932016], [6.848862, 45.931942], [6.848844, 45.9319], [6.848806, 45.931866], [6.848789, 45.931814], [6.848763, 45.931801], [6.848746, 45.931693], [6.848751, 45.931629], [6.848732, 45.931596], [6.848702, 45.931564], [6.848662, 45.931487], [6.848631, 45.931445], [6.848563, 45.931132], [6.848607, 45.931135], [6.848665, 45.931173], [6.848742, 45.931178], [6.848765, 45.931198], [6.848765, 45.93121], [6.848822, 45.931281], [6.848876, 45.931303], [6.848919, 45.931369], [6.848975, 45.931368], [6.849005, 45.931399], [6.849103, 45.93143], [6.849231, 45.931436], [6.849581, 45.931586], [6.849788, 45.931693], [6.849858, 45.93171], [6.849884, 45.931702], [6.849901, 45.931677], [6.849894, 45.93165], [6.84986, 45.931601], [6.849726, 45.931349], [6.84956, 45.931175], [6.849478, 45.931017], [6.849446, 45.930847], [6.849459, 45.930797], [6.849502, 45.930808], [6.849519, 45.930841], [6.849623, 45.930877], [6.849713, 45.930931], [6.849807, 45.930918], [6.850169, 45.930996], [6.850253, 45.930996], [6.850399, 45.931085], [6.850499, 45.931087], [6.850543, 45.9311], [6.850609, 45.931128], [6.850656, 45.931169], [6.850756, 45.931182], [6.850852, 45.931225], [6.850995, 45.931209], [6.851268, 45.931119], [6.851438, 45.931113], [6.851754, 45.931156], [6.851848, 45.93115], [6.852042, 45.931097], [6.852251, 45.931079], [6.852399, 45.930998], [6.853096, 45.930798], [6.853275, 45.930769], [6.853472, 45.930653], [6.853601, 45.930616], [6.853607, 45.930552], [6.85366, 45.930502], [6.853885, 45.93058], [6.854089, 45.930576], [6.854281, 45.930487], [6.854561, 45.930331], [6.854658, 45.93033], [6.854832, 45.93029], [6.854958, 45.930249], [6.855269, 45.930078], [6.855309, 45.929972], [6.855408, 45.929868], [6.855441, 45.929814], [6.855461, 45.9298], [6.85548, 45.929791], [6.855505, 45.929792], [6.855528, 45.929804], [6.855584, 45.929866], [6.855646, 45.929911], [6.855707, 45.929944], [6.855799, 45.929979], [6.855895, 45.930005], [6.856235, 45.930064], [6.856341, 45.930076], [6.856399, 45.930076], [6.856515, 45.930065], [6.856556, 45.930054], [6.856723, 45.930039], [6.856788, 45.93004], [6.856851, 45.930049], [6.856949, 45.930047], [6.857147, 45.930015], [6.857237, 45.930011], [6.857279, 45.930042], [6.857348, 45.930182], [6.857385, 45.930227], [6.857445, 45.930285], [6.857509, 45.930326], [6.857578, 45.93035], [6.857694, 45.930425], [6.857903, 45.930471], [6.858089, 45.930602], [6.858222, 45.930666], [6.858577, 45.930599], [6.85916, 45.930515], [6.859444, 45.930491], [6.859744, 45.93064], [6.860023, 45.930651], [6.860318, 45.930629], [6.86064, 45.93067], [6.861396, 45.930856], [6.862094, 45.930853], [6.86241, 45.931002], [6.862829, 45.931084], [6.862907, 45.931496], [6.863176, 45.931577], [6.863355, 45.931655], [6.863416, 45.931762], [6.863558, 45.931873], [6.863601, 45.932049], [6.863827, 45.932081], [6.86395, 45.932173], [6.864086, 45.932419], [6.864449, 45.932569], [6.864661, 45.932627], [6.8648, 45.93277], [6.865036, 45.93291], [6.865144, 45.933011], [6.8651, 45.933162], [6.865063, 45.933327], [6.864921, 45.933611], [6.864916, 45.933641], [6.86493, 45.933681], [6.864942, 45.933687], [6.864962, 45.933674], [6.864986, 45.933614], [6.865009, 45.933587], [6.865086, 45.933535], [6.865215, 45.933417], [6.865321, 45.933337], [6.865342, 45.933309], [6.865384, 45.933221], [6.865547, 45.933073], [6.865567, 45.933045], [6.865564, 45.933017], [6.86553, 45.932937], [6.865518, 45.93283], [6.865527, 45.932792], [6.86558, 45.932719], [6.865577, 45.932694], [6.865565, 45.932676], [6.865477, 45.932614], [6.865424, 45.932562], [6.865362, 45.932526], [6.865348, 45.932511], [6.865346, 45.932487], [6.865383, 45.932423], [6.865398, 45.932299], [6.865384, 45.932255], [6.865303, 45.932191], [6.865274, 45.932158], [6.865255, 45.932116], [6.865252, 45.932069], [6.865237, 45.932014], [6.865213, 45.93198], [6.865149, 45.931947], [6.865118, 45.931923], [6.865111, 45.931893], [6.865156, 45.931834], [6.865153, 45.93179], [6.865098, 45.931669], [6.865097, 45.931485], [6.865073, 45.931457], [6.865026, 45.931431], [6.864935, 45.931402], [6.864911, 45.931378], [6.864909, 45.931351], [6.864956, 45.931208], [6.86495, 45.931175], [6.864928, 45.931144], [6.864922, 45.931119], [6.864955, 45.93093], [6.86495, 45.930893], [6.864935, 45.930873], [6.864911, 45.930861], [6.864867, 45.930853], [6.864744, 45.930799], [6.864697, 45.930764], [6.864678, 45.930723], [6.864677, 45.930683], [6.864688, 45.930632], [6.864685, 45.930586], [6.864667, 45.930528], [6.864666, 45.930459], [6.864675, 45.930388], [6.864702, 45.930294], [6.864836, 45.930121], [6.864325, 45.929673], [6.8642, 45.929591], [6.864152, 45.929397], [6.864035, 45.92923], [6.863886, 45.929107], [6.863822, 45.929017], [6.863628, 45.928875], [6.863445, 45.928754], [6.86336, 45.928652], [6.863193, 45.928516], [6.863102, 45.928459], [6.863088, 45.928424], [6.862991, 45.928187], [6.862767, 45.928063], [6.862662, 45.927965], [6.862577, 45.927848], [6.862593, 45.927571], [6.862555, 45.927389], [6.86262, 45.927346], [6.862478, 45.927146], [6.862296, 45.926923], [6.862111, 45.926739], [6.861934, 45.926591], [6.861507, 45.926041], [6.861387, 45.925931], [6.861269, 45.925794], [6.86104, 45.925551], [6.861016, 45.92551], [6.86101, 45.925464], [6.861015, 45.925343], [6.861048, 45.925413], [6.861144, 45.925424], [6.861243, 45.925426], [6.861273, 45.925422], [6.861328, 45.925395], [6.861409, 45.925369], [6.861452, 45.925334], [6.861528, 45.925271], [6.861606, 45.925219], [6.861676, 45.925186], [6.861708, 45.925178], [6.86178, 45.925175], [6.861952, 45.925236], [6.86214, 45.925252], [6.862282, 45.925247], [6.86261, 45.925207], [6.862737, 45.925202], [6.862766, 45.925218], [6.862804, 45.925228], [6.86294, 45.925241], [6.863036, 45.925261], [6.863174, 45.925274], [6.863703, 45.925438], [6.864072, 45.925513], [6.864416, 45.925605], [6.864632, 45.925645], [6.864754, 45.925688], [6.865286, 45.925796], [6.865552, 45.925865], [6.865659, 45.925886], [6.866015, 45.925912], [6.8664, 45.925975], [6.866614, 45.926068], [6.866886, 45.926242], [6.866829, 45.925938], [6.866813, 45.925734], [6.866725, 45.925642], [6.866726, 45.92558], [6.866652, 45.925367], [6.866531, 45.925136], [6.866479, 45.924986], [6.866518, 45.92492], [6.867228, 45.924728], [6.867244, 45.924713], [6.867467, 45.924668], [6.867511, 45.92448], [6.867517, 45.924453], [6.86753, 45.924394], [6.867569, 45.924216], [6.8676, 45.924204], [6.867767, 45.924163], [6.86784, 45.924153], [6.867949, 45.924165], [6.868005, 45.924189], [6.868058, 45.924182], [6.86815, 45.924154], [6.868189, 45.924148], [6.868238, 45.924099], [6.868342, 45.924016], [6.868479, 45.923986], [6.868536, 45.92398], [6.868735, 45.923997], [6.868788, 45.923992], [6.868896, 45.923964], [6.868952, 45.923962], [6.869115, 45.923907], [6.869282, 45.923867], [6.86947, 45.923807]]}, "properties": {"heading": 252, "length_km": 15.946, "retrace": 0.132}}, {"type": "Feature", "geometry": {"type": "LineString", "coordinates": [[6.86947, 45.923807], [6.869827, 45.923694], [6.869835, 45.923662], [6.86966, 45.923445], [6.86968, 45.923401], [6.869704, 45.923329], [6.869711, 45.923281], [6.869708, 45.923242], [6.869688, 45.923203], [6.869545, 45.923062], [6.869436, 45.922969], [6.869339, 45.922926], [6.869076, 45.922715], [6.868849, 45.922532], [6.868708, 45.922425], [6.868561, 45.922305], [6.868646, 45.922033], [6.868591, 45.921961], [6.868401, 45.921803], [6.868253, 45.921668], [6.867818, 45.921067], [6.868131, 45.920933], [6.868153, 45.920882], [6.868196, 45.920888], [6.868234, 45.92088], [6.868265, 45.920867], [6.868298, 45.920827], [6.868312, 45.920775], [6.868312, 45.920732], [6.8683, 45.920707], [6.868259, 45.920679], [6.867918, 45.920616], [6.86784, 45.920589], [6.867761, 45.920547], [6.867705, 45.920508], [6.867524, 45.920361], [6.867491, 45.920334], [6.867711, 45.920194], [6.867875, 45.920088], [6.868047, 45.919977], [6.868085, 45.919952], [6.868108, 45.919937], [6.868258, 45.919837], [6.868281, 45.919821], [6.868299, 45.919808], [6.867885, 45.9195], [6.867812, 45.919446], [6.867862, 45.919415], [6.867861, 45.919307], [6.867797, 45.919298], [6.867727, 45.919269], [6.86757, 45.919166], [6.86737, 45.919029], [6.867346, 45.919013], [6.867307, 45.918985], [6.867276, 45.918963], [6.867422, 45.918733], [6.867383, 45.918658], [6.867432, 45.918581], [6.867643, 45.918238], [6.867741, 45.918195], [6.867892, 45.918267], [6.867996, 45.91825], [6.868051, 45.918214], [6.86838, 45.918266], [6.868396, 45.918268], [6.868348, 45.918042], [6.86851, 45.918016], [6.868753, 45.918015], [6.868867, 45.918022], [6.868929, 45.918014], [6.868874, 45.917963], [6.868737, 45.917851], [6.868542, 45.917707], [6.868516, 45.917687], [6.869679, 45.916851], [6.86957, 45.916786], [6.869196, 45.916554], [6.869066, 45.916485], [6.869111, 45.916447], [6.869166, 45.916407], [6.869277, 45.916324], [6.869331, 45.916283], [6.869314, 45.916234], [6.869307, 45.916153], [6.869311, 45.916082], [6.869343, 45.916002], [6.869325, 45.915904], [6.86929, 45.915884], [6.869276, 45.915866], [6.869276, 45.915827], [6.869305, 45.915797], [6.869234, 45.915765], [6.868883, 45.915745], [6.868779, 45.915727], [6.86866, 45.915689], [6.86852, 45.915621], [6.868327, 45.915492], [6.868452, 45.915274], [6.868073, 45.914891], [6.867675, 45.91453], [6.867479, 45.914366], [6.867408, 45.914295], [6.867221, 45.914066], [6.866971, 45.913813], [6.866862, 45.913676], [6.866831, 45.913617], [6.866809, 45.913559], [6.866732, 45.912868], [6.86673, 45.912696], [6.866751, 45.912617], [6.866818, 45.912442], [6.866836, 45.912348], [6.866887, 45.912168], [6.866946, 45.912046], [6.866939, 45.912016], [6.866914, 45.911987], [6.866648, 45.911788], [6.866623, 45.911766], [6.866617, 45.911747], [6.866408, 45.911674], [6.866223, 45.911584], [6.866119, 45.911541], [6.865719, 45.911407], [6.865472, 45.911306], [6.865363, 45.911245], [6.865154, 45.911103], [6.865028, 45.911033], [6.864918, 45.910958], [6.864686, 45.910778], [6.864592, 45.910713], [6.864378, 45.9106], [6.864212, 45.910489], [6.864122, 45.910446], [6.863849, 45.910371], [6.863789, 45.91035], [6.863646, 45.910366], [6.863421, 45.910412], [6.863158, 45.910442], [6.863012, 45.910448], [6.862739, 45.910431], [6.862496, 45.910458], [6.862427, 45.910455], [6.862299, 45.910405], [6.862236, 45.910401], [6.861693, 45.91071], [6.861646, 45.910721], [6.861602, 45.910716], [6.861441, 45.910803], [6.861377, 45.910837], [6.861307, 45.910796], [6.861233, 45.910702], [6.860999, 45.910516], [6.860667, 45.910336], [6.860228, 45.910182], [6.859875, 45.910123], [6.859599, 45.910091], [6.858858, 45.910074], [6.858478, 45.910083], [6.8582, 45.910118], [6.85793, 45.910144], [6.857841, 45.910167], [6.857577, 45.910276], [6.85742, 45.910284], [6.857092, 45.910244], [6.856837, 45.910098], [6.856851, 45.910058], [6.856853, 45.910017], [6.856832, 45.90995], [6.856814, 45.909924], [6.856781, 45.909891], [6.856716, 45.909857], [6.856662, 45.909836], [6.856634, 45.909776], [6.856573, 45.90965], [6.856556, 45.909592], [6.856533, 45.909548], [6.856453, 45.90949], [6.856384, 45.909469], [6.856305, 45.909455], [6.856233, 45.90945], [6.85617, 45.909432], [6.856089, 45.909462], [6.855941, 45.909521], [6.855835, 45.909533], [6.855313, 45.909523], [6.855138, 45.909499], [6.855033, 45.909469], [6.854928, 45.909428], [6.85484, 45.909379], [6.85467, 45.909247], [6.854569, 45.909185], [6.854474, 45.909147], [6.854303, 45.909104], [6.854248, 45.909097], [6.854169, 45.909087], [6.854082, 45.909081], [6.854058, 45.909112], [6.853995, 45.909184], [6.854064, 45.909218], [6.854147, 45.909247], [6.854315, 45.909277], [6.854464, 45.909353], [6.854559, 45.909433], [6.854749, 45.909524], [6.854751, 45.909532], [6.854715, 45.909543], [6.854561, 45.909535], [6.854495, 45.909504], [6.854367, 45.90942], [6.85426, 45.909368], [6.854176, 45.909376], [6.854114, 45.9094], [6.854063, 45.909439], [6.854016, 45.909484], [6.853731, 45.909894], [6.853686, 45.909954], [6.853615, 45.910021], [6.853362, 45.910009], [6.853361, 45.91003], [6.853361, 45.910054], [6.85336, 45.910082], [6.85336, 45.910087], [6.853097, 45.910084], [6.853057, 45.910125], [6.8529, 45.910227], [6.852813, 45.910293], [6.852738, 45.910362], [6.852643, 45.910477], [6.852628, 45.910501], [6.852618, 45.910541], [6.852648, 45.910649], [6.852596, 45.910669], [6.852482, 45.910703], [6.852264, 45.910629], [6.852169, 45.910604], [6.852067, 45.910581], [6.851874, 45.910637], [6.850941, 45.910857], [6.850555, 45.910978], [6.850341, 45.911053], [6.850301, 45.911067], [6.850227, 45.911081], [6.85002, 45.911156], [6.849701, 45.91127], [6.849592, 45.91131], [6.849488, 45.91136], [6.849397, 45.911403], [6.849301, 45.911443], [6.849129, 45.911542], [6.849025, 45.911594], [6.848964, 45.91162], [6.848849, 45.91164], [6.848792, 45.911672], [6.848738, 45.911685], [6.848658, 45.911695], [6.848254, 45.911715], [6.848162, 45.911733], [6.848079, 45.91176], [6.847954, 45.911827], [6.847637, 45.912055], [6.847548, 45.912118], [6.847503, 45.912146], [6.847472, 45.912166], [6.847267, 45.912308], [6.84722, 45.912339], [6.847132, 45.912395], [6.84711, 45.91241], [6.846914, 45.912526], [6.846621, 45.912709], [6.846693, 45.91277], [6.846785, 45.912847], [6.846855, 45.912918], [6.846947, 45.912989], [6.846951, 45.912995], [6.846964, 45.913016], [6.847054, 45.913145], [6.847209, 45.913314], [6.847113, 45.91337], [6.846822, 45.913537], [6.846764, 45.913559], [6.846653, 45.913633], [6.846319, 45.913812], [6.846252, 45.91384], [6.846115, 45.913896], [6.845837, 45.913533], [6.845765, 45.913429], [6.845721, 45.913344], [6.845695, 45.913274], [6.845685, 45.913208], [6.845694, 45.91307], [6.845688, 45.912981], [6.845669, 45.912908], [6.845652, 45.912716], [6.845611, 45.912499], [6.84552, 45.912368], [6.845426, 45.912199], [6.845408, 45.912152], [6.8454, 45.912017], [6.845383, 45.911975], [6.84527, 45.911781], [6.845192, 45.911675], [6.84514, 45.911647], [6.845086, 45.911627], [6.844927, 45.911604], [6.844882, 45.911585], [6.844826, 45.911577], [6.84464, 45.911526], [6.844525, 45.911523], [6.844368, 45.911532], [6.844224, 45.911524], [6.844172, 45.911531], [6.844077, 45.911557], [6.843988, 45.911618], [6.843955, 45.911624], [6.843827, 45.911627], [6.843696, 45.911653], [6.843636, 45.911655], [6.843568, 45.911645], [6.843533, 45.911634], [6.843349, 45.911549], [6.84318, 45.911507], [6.843064, 45.911467], [6.842873, 45.91143], [6.842702, 45.91138], [6.842524, 45.911342], [6.842399, 45.911331], [6.842296, 45.911278], [6.842155, 45.911243], [6.842037, 45.911187], [6.842024, 45.911197], [6.842038, 45.91129], [6.842037, 45.911482], [6.842004, 45.911565], [6.842038, 45.91172], [6.842086, 45.911786], [6.842088, 45.91183], [6.842143, 45.911883], [6.842129, 45.911939], [6.842156, 45.912005], [6.84212, 45.912069], [6.842121, 45.912083], [6.84215, 45.912123], [6.842154, 45.912148], [6.842117, 45.912212], [6.84212, 45.912238], [6.842173, 45.912374], [6.842171, 45.912402], [6.842132, 45.912444], [6.84213, 45.91247], [6.842144, 45.912528], [6.842118, 45.912541], [6.842107, 45.912534], [6.842097, 45.912507], [6.842071, 45.912477], [6.842012, 45.912423], [6.841964, 45.912397], [6.841911, 45.91238], [6.841806, 45.912362], [6.841773, 45.912365], [6.841803, 45.912454], [6.8418, 45.912481], [6.841747, 45.912566], [6.841721, 45.912652], [6.841702, 45.912664], [6.841676, 45.912664], [6.841659, 45.912656], [6.841641, 45.912635], [6.841615, 45.912624], [6.84157, 45.912617], [6.841493, 45.912582], [6.84148, 45.912556], [6.841475, 45.912503], [6.841463, 45.912486], [6.841379, 45.912447], [6.841367, 45.912448], [6.84137, 45.9125], [6.841352, 45.912516], [6.841322, 45.912569], [6.841304, 45.912628], [6.841306, 45.912649], [6.841336, 45.912694], [6.841344, 45.912722], [6.841338, 45.912747], [6.841317, 45.912773], [6.841246, 45.912806], [6.841211, 45.912832], [6.841195, 45.91286], [6.841197, 45.912888], [6.841218, 45.91293], [6.841221, 45.912956], [6.841206, 45.912993], [6.841222, 45.913026], [6.841275, 45.913066], [6.841347, 45.913156], [6.841367, 45.913201], [6.841367, 45.913229], [6.841333, 45.913367], [6.841334, 45.913471], [6.841298, 45.913607], [6.84132, 45.913653], [6.841384, 45.913698], [6.841616, 45.913778], [6.841823, 45.913876], [6.842058, 45.913995], [6.842066, 45.914008], [6.842057, 45.914019], [6.842038, 45.914024], [6.84162, 45.914055], [6.841538, 45.914073], [6.841543, 45.914105], [6.841641, 45.914179], [6.841681, 45.914232], [6.84171, 45.914323], [6.841711, 45.91434], [6.841694, 45.914347], [6.841619, 45.914281], [6.841592, 45.91427], [6.841556, 45.914267], [6.841449, 45.914295], [6.841444, 45.914305], [6.841456, 45.914318], [6.841515, 45.914337], [6.841537, 45.914351], [6.841549, 45.914367], [6.841542, 45.914392], [6.84152, 45.914395], [6.841453, 45.914389], [6.841297, 45.914402], [6.841171, 45.91443], [6.841041, 45.914443], [6.840977, 45.914455], [6.840977, 45.914469], [6.840987, 45.914481], [6.841191, 45.914577], [6.841342, 45.914672], [6.841403, 45.914741], [6.841392, 45.914751], [6.841205, 45.914736], [6.841039, 45.914735], [6.840898, 45.914741], [6.840845, 45.914737], [6.840956, 45.91481], [6.840999, 45.914828], [6.841066, 45.914842], [6.841096, 45.914854], [6.841331, 45.91499], [6.841356, 45.91501], [6.841367, 45.915033], [6.84137, 45.915104], [6.841392, 45.915125], [6.841426, 45.915133], [6.841459, 45.915133], [6.841499, 45.91513], [6.841553, 45.915114], [6.841736, 45.915118], [6.841837, 45.915149], [6.841933, 45.91516], [6.842011, 45.915162], [6.842041, 45.915171], [6.842118, 45.915217], [6.842324, 45.915279], [6.842358, 45.915295], [6.842411, 45.91534], [6.842512, 45.915463], [6.842549, 45.915512], [6.842653, 45.915685], [6.842706, 45.915754], [6.842725, 45.915772], [6.842773, 45.915794], [6.842812, 45.915848], [6.842839, 45.915871], [6.842936, 45.91594], [6.843039, 45.915998], [6.843053, 45.916026], [6.84266, 45.915947], [6.842233, 45.91577], [6.842078, 45.915776], [6.841934, 45.91581], [6.841624, 45.915939], [6.841673, 45.91597], [6.841841, 45.915991], [6.842126, 45.916079], [6.842195, 45.916129], [6.842346, 45.916286], [6.842316, 45.916584], [6.842527, 45.916887], [6.842718, 45.917016], [6.842859, 45.917231], [6.843102, 45.917405], [6.843203, 45.917495], [6.843507, 45.917686], [6.843738, 45.917884], [6.844074, 45.917922], [6.844087, 45.91806], [6.844213, 45.918313], [6.844379, 45.918442], [6.844535, 45.918565], [6.845111, 45.918765], [6.845226, 45.918833], [6.845351, 45.918945], [6.845426, 45.919149], [6.845822, 45.919288], [6.845825, 45.919518], [6.845891, 45.919698], [6.84611, 45.919822], [6.846337, 45.91986], [6.846439, 45.919887], [6.846488, 45.919923], [6.846679, 45.92003], [6.846861, 45.920183], [6.846958, 45.920332], [6.847063, 45.920411], [6.847174, 45.920456], [6.847187, 45.920525], [6.84705, 45.920887], [6.847076, 45.921036], [6.84728, 45.921206], [6.847284, 45.92132], [6.847222, 45.92146], [6.847149, 45.921766], [6.847276, 45.922102], [6.847291, 45.922305], [6.84732, 45.922396], [6.847308, 45.922409], [6.847286, 45.922411], [6.847272, 45.922404], [6.8472, 45.922313], [6.846997, 45.922087], [6.846825, 45.922013], [6.846588, 45.921768], [6.846348, 45.921594], [6.846208, 45.921553], [6.846124, 45.921516], [6.846037, 45.921442], [6.845961, 45.921275], [6.845822, 45.921221], [6.845603, 45.921203], [6.845354, 45.921245], [6.845061, 45.921254], [6.844874, 45.921218], [6.844728, 45.921138], [6.844509, 45.921101], [6.844215, 45.921025], [6.844114, 45.921025], [6.84395, 45.92104], [6.843815, 45.920993], [6.843709, 45.920998], [6.843509, 45.92093], [6.843332, 45.920812], [6.843017, 45.920714], [6.84269, 45.920596], [6.842448, 45.920598], [6.842229, 45.92062], [6.84175, 45.920687], [6.841071, 45.920802], [6.840831, 45.920863], [6.840793, 45.920856], [6.840643, 45.920663], [6.84065, 45.920485], [6.840536, 45.920372], [6.840413, 45.920225], [6.84025, 45.920165], [6.840107, 45.920147], [6.839727, 45.920226], [6.839636, 45.920262], [6.839665, 45.920309], [6.839751, 45.920383], [6.839801, 45.920473], [6.839939, 45.920854], [6.839898, 45.920942], [6.839921, 45.92107], [6.840037, 45.921232], [6.840101, 45.921284], [6.840093, 45.921318], [6.840179, 45.92147], [6.840364, 45.921521], [6.840504, 45.921478], [6.840797, 45.921587], [6.841043, 45.921588], [6.841216, 45.921579], [6.841567, 45.921626], [6.841723, 45.921623], [6.841814, 45.92164], [6.841876, 45.921683], [6.841943, 45.921749], [6.841982, 45.921832], [6.842147, 45.922126], [6.84226, 45.922231], [6.84233, 45.922329], [6.842457, 45.922481], [6.84253, 45.922528], [6.842619, 45.922546], [6.842681, 45.922574], [6.842846, 45.922755], [6.84294, 45.922781], [6.842995, 45.922815], [6.843148, 45.923046], [6.843206, 45.92317], [6.843378, 45.923307], [6.843395, 45.923369], [6.843352, 45.923532], [6.843318, 45.923584], [6.843266, 45.923614], [6.843252, 45.923728], [6.843239, 45.923772], [6.843305, 45.92392], [6.843389, 45.924029], [6.843559, 45.924145], [6.843684, 45.924255], [6.843774, 45.924297], [6.843892, 45.924431], [6.843916, 45.924549], [6.843895, 45.924624], [6.843944, 45.924762], [6.843971, 45.924811], [6.844025, 45.924859], [6.844239, 45.924911], [6.844455, 45.924983], [6.844533, 45.925], [6.84474, 45.925079], [6.844785, 45.925132], [6.844902, 45.925413], [6.844962, 45.925483], [6.844973, 45.925548], [6.844955, 45.925578], [6.844962, 45.925612], [6.844989, 45.92563], [6.84532, 45.925714], [6.845596, 45.925909], [6.845655, 45.925995], [6.845741, 45.926042], [6.845765, 45.926125], [6.845812, 45.926176], [6.845984, 45.926277], [6.846052, 45.926344], [6.84605, 45.926372], [6.846077, 45.926414], [6.846149, 45.926482], [6.846418, 45.926551], [6.846682, 45.926669], [6.846748, 45.926684], [6.846807, 45.926736], [6.847206, 45.926937], [6.847446, 45.927073], [6.847825, 45.927338], [6.847805, 45.927355], [6.847733, 45.927381], [6.847566, 45.927505], [6.847284, 45.927741], [6.84728, 45.927834], [6.847262, 45.927908], [6.847204, 45.927971], [6.847203, 45.928117], [6.84733, 45.928287], [6.847367, 45.928355], [6.847436, 45.928447], [6.84775, 45.928577], [6.848004, 45.92882], [6.848017, 45.928916], [6.848064, 45.929009], [6.848185, 45.929157], [6.84819, 45.929225], [6.84822, 45.929283], [6.848272, 45.929292], [6.848304, 45.929309], [6.84832, 45.929343], [6.848402, 45.929399], [6.848439, 45.929473], [6.848528, 45.929543], [6.8486, 45.929678], [6.848656, 45.929731], [6.848783, 45.929939], [6.848856, 45.929994], [6.848964, 45.930196], [6.849144, 45.930323], [6.849144, 45.930391], [6.849124, 45.930478], [6.849146, 45.930486], [6.849214, 45.930489], [6.849272, 45.930506], [6.849385, 45.930679], [6.849408, 45.930764], [6.849459, 45.930797], [6.849446, 45.930847], [6.849478, 45.931017], [6.84956, 45.931175], [6.849726, 45.931349], [6.84986, 45.931601], [6.849894, 45.93165], [6.849901, 45.931677], [6.849884, 45.931702], [6.849858, 45.93171], [6.849788, 45.931693], [6.849581, 45.931586], [6.849231, 45.931436], [6.849103, 45.93143], [6.849005, 45.931399], [6.848975, 45.931368], [6.848919, 45.931369], [6.848876, 45.931303], [6.848822, 45.931281], [6.848765, 45.93121], [6.848765, 45.931198], [6.848742, 45.931178], [6.848665, 45.931173], [6.848607, 45.931135], [6.848563, 45.931132], [6.848631, 45.931445], [6.848662, 45.931487], [6.848702, 45.931564], [6.848732, 45.931596], [6.848751, 45.931629], [6.848746, 45.931693], [6.848763, 45.931801], [6.848789, 45.931814], [6.848806, 45.931866], [6.848844, 45.9319], [6.848862, 45.931942], [6.848856, 45.932016], [6.848892, 45.932095], [6.848878, 45.932172], [6.848877, 45.932235], [6.848892, 45.932418], [6.848876, 45.932506], [6.8489, 45.932576], [6.848905, 45.932648], [6.848893, 45.932668], [6.848875, 45.932681], [6.848846, 45.93268], [6.848784, 45.932586], [6.848735, 45.932543], [6.848706, 45.932536], [6.848665, 45.93249], [6.848525, 45.932396], [6.848478, 45.932375], [6.848452, 45.932304], [6.8484, 45.932292], [6.848318, 45.932254], [6.848288, 45.932246], [6.848263, 45.932198], [6.848122, 45.93213], [6.848022, 45.932043], [6.847918, 45.931935], [6.847865, 45.93186], [6.847782, 45.93182], [6.847772, 45.931828], [6.847763, 45.931836], [6.847775, 45.931861], [6.84776, 45.931898], [6.847762, 45.93195], [6.847794, 45.932082], [6.847782, 45.932154], [6.847789, 45.932252], [6.847825, 45.932405], [6.847831, 45.932527], [6.847824, 45.93257], [6.847872, 45.932779], [6.847936, 45.93286], [6.84802, 45.932939], [6.848116, 45.93305], [6.848131, 45.933117], [6.848175, 45.933229], [6.848363, 45.933309], [6.848447, 45.933365], [6.848609, 45.933521], [6.848689, 45.933572], [6.84885, 45.933642], [6.848933, 45.933669], [6.849112, 45.933712], [6.849261, 45.933778], [6.849323, 45.933796], [6.849362, 45.933799], [6.849399, 45.933794], [6.849503, 45.933764], [6.849613, 45.933745], [6.849637, 45.933749], [6.849644, 45.933758], [6.849641, 45.93379], [6.849454, 45.933907], [6.849403, 45.933947], [6.849318, 45.933981], [6.849146, 45.934002], [6.848965, 45.934005], [6.848928, 45.934016], [6.848903, 45.934031], [6.848898, 45.934047], [6.848952, 45.934081], [6.849271, 45.934174], [6.849389, 45.934191], [6.849497, 45.934193], [6.849627, 45.934166], [6.849666, 45.934178], [6.849673, 45.934189], [6.84967, 45.934209], [6.849657, 45.934226], [6.849513, 45.934314], [6.849345, 45.934401], [6.849324, 45.934422], [6.849327, 45.934434], [6.849344, 45.934444], [6.849377, 45.934452], [6.849471, 45.93444], [6.849563, 45.934413], [6.849676, 45.934389], [6.849715, 45.934393], [6.849726, 45.934402], [6.849728, 45.934427], [6.84971, 45.934459], [6.849568, 45.934549], [6.849442, 45.934611], [6.849444, 45.934626], [6.849468, 45.934637], [6.84949, 45.934646], [6.849552, 45.934647], [6.849988, 45.934548], [6.850015, 45.934543], [6.850035, 45.93455], [6.85002, 45.934596], [6.85, 45.934619], [6.84986, 45.93469], [6.849745, 45.934798], [6.849519, 45.934929], [6.849517, 45.93494], [6.849532, 45.934955], [6.849553, 45.934963], [6.84966, 45.934949], [6.850487, 45.93466], [6.850717, 45.934595], [6.851047, 45.93453], [6.851292, 45.934509], [6.851541, 45.934512], [6.851667, 45.934535], [6.851698, 45.934548], [6.851702, 45.934567], [6.851688, 45.934582], [6.851673, 45.934591], [6.851453, 45.93465], [6.85107, 45.934938], [6.851068, 45.934965], [6.851081, 45.934978], [6.851111, 45.934986], [6.851741, 45.93495], [6.851828, 45.934952], [6.851844, 45.93496], [6.85185, 45.934974], [6.851837, 45.934993], [6.85127, 45.935342], [6.850895, 45.935543], [6.850886, 45.935559], [6.850888, 45.935569], [6.85091, 45.935579], [6.850952, 45.935584], [6.851462, 45.935543], [6.851497, 45.935546], [6.851504, 45.935562], [6.851493, 45.935588], [6.851465, 45.935614], [6.851162, 45.935736], [6.850918, 45.935784], [6.850879, 45.935801], [6.850873, 45.93582], [6.85089, 45.935837], [6.850948, 45.935847], [6.851097, 45.935856], [6.851243, 45.935848], [6.851697, 45.935793], [6.852197, 45.935637], [6.852698, 45.935584], [6.852805, 45.935645], [6.852975, 45.935673], [6.853015, 45.935711], [6.85309, 45.935712], [6.85331, 45.935744], [6.853479, 45.935796], [6.853533, 45.935865], [6.853576, 45.935888], [6.853659, 45.935939], [6.853677, 45.935964], [6.853682, 45.935994], [6.853665, 45.936028], [6.853612, 45.936072], [6.853415, 45.936207], [6.85357, 45.936354], [6.85365, 45.936533], [6.853771, 45.93677], [6.853879, 45.93689], [6.854207, 45.9371], [6.854259, 45.937173], [6.854281, 45.937251], [6.854281, 45.937376], [6.854219, 45.937447], [6.853809, 45.937744], [6.853699, 45.937899], [6.853667, 45.938055], [6.853666, 45.938256], [6.853666, 45.938424], [6.853562, 45.938616], [6.853554, 45.93868], [6.853562, 45.938736], [6.853622, 45.938844], [6.853651, 45.938859], [6.853693, 45.938895], [6.853786, 45.939025], [6.8541, 45.93933], [6.854153, 45.939367], [6.85422, 45.939401], [6.854298, 45.939418], [6.854387, 45.939419], [6.854765, 45.939373], [6.854875, 45.939343], [6.854965, 45.939307], [6.855031, 45.939266], [6.855132, 45.939174], [6.855209, 45.939015], [6.855246, 45.938958], [6.8553, 45.938899], [6.855388, 45.938819], [6.855475, 45.938756], [6.855797, 45.938534], [6.855852, 45.938505], [6.855907, 45.938491], [6.855952, 45.938491], [6.855988, 45.9385], [6.856029, 45.938524], [6.856116, 45.938593], [6.856397, 45.938777], [6.856456, 45.938904], [6.856531, 45.939236], [6.856638, 45.939336], [6.856735, 45.939497], [6.856778, 45.939624], [6.856788, 45.939806], [6.856751, 45.94], [6.856638, 45.940198], [6.856394, 45.940491], [6.856352, 45.94056], [6.856332, 45.940621], [6.856332, 45.940683], [6.856353, 45.940744], [6.856389, 45.940801], [6.856434, 45.940847], [6.856534, 45.940913], [6.856641, 45.940999], [6.856717, 45.941081], [6.856813, 45.941224], [6.856891, 45.941301], [6.85701, 45.941394], [6.857116, 45.941494], [6.85719, 45.941564], [6.85724, 45.941627], [6.857298, 45.941705], [6.85737, 45.941872], [6.857379, 45.941962], [6.857371, 45.942031], [6.857352, 45.942093], [6.85726, 45.942229], [6.85718, 45.942313], [6.856976, 45.9425], [6.856686, 45.942977], [6.85644, 45.943212], [6.856263, 45.94341], [6.856193, 45.943623], [6.856204, 45.943768], [6.856257, 45.943899], [6.856338, 45.944023], [6.856504, 45.944085], [6.856708, 45.9441], [6.857051, 45.944093], [6.857518, 45.9441], [6.857706, 45.944093], [6.85791, 45.944055], [6.858167, 45.943969], [6.858693, 45.943843], [6.858845, 45.943776], [6.858987, 45.943465], [6.859128, 45.943303], [6.859381, 45.943023], [6.85954, 45.942914], [6.859666, 45.942863], [6.859846, 45.942811], [6.859988, 45.942784], [6.8601, 45.94278], [6.860368, 45.942804], [6.860628, 45.942847], [6.860855, 45.942892], [6.861049, 45.942951], [6.861203, 45.943019], [6.861308, 45.943083], [6.861396, 45.943156], [6.861826, 45.943675], [6.862386, 45.944189], [6.862523, 45.94429], [6.862654, 45.944353], [6.862766, 45.944377], [6.862903, 45.944385], [6.863022, 45.944373], [6.863106, 45.944344], [6.863376, 45.944126], [6.863446, 45.94408], [6.863526, 45.944049], [6.863919, 45.943993], [6.864112, 45.94396], [6.864232, 45.943925], [6.864406, 45.943813], [6.864485, 45.94379], [6.864571, 45.943797], [6.86465, 45.943819], [6.864929, 45.943926], [6.865048, 45.943953], [6.865165, 45.943958], [6.865508, 45.94391], [6.865681, 45.943873], [6.865937, 45.943769], [6.866183, 45.943629], [6.866265, 45.943602], [6.866414, 45.943617], [6.866656, 45.943686], [6.866785, 45.943715], [6.8669, 45.943724], [6.867033, 45.943708], [6.867124, 45.94368], [6.867181, 45.943649], [6.867193, 45.943621], [6.867186, 45.943586], [6.867144, 45.943566], [6.866919, 45.943526], [6.86684, 45.943505], [6.866778, 45.943477], [6.866686, 45.943416], [6.866375, 45.943104], [6.866287, 45.943038], [6.86621, 45.943007], [6.866108, 45.942988], [6.866014, 45.942996], [6.865897, 45.94303], [6.865781, 45.94305], [6.865679, 45.943049], [6.865597, 45.943027], [6.865518, 45.942982], [6.865429, 45.942901], [6.865327, 45.942779], [6.865148, 45.942502], [6.865078, 45.942408], [6.864965, 45.942326], [6.864833, 45.94229], [6.864747, 45.94229], [6.864665, 45.942299], [6.864403, 45.942355], [6.864313, 45.942363], [6.864236, 45.942364], [6.864163, 45.942353], [6.86411, 45.942332], [6.864041, 45.942283], [6.864, 45.942227], [6.863989, 45.942172], [6.864006, 45.942116], [6.864053, 45.942083], [6.864127, 45.942058], [6.864292, 45.942026], [6.864901, 45.941917], [6.864993, 45.941908], [6.865097, 45.941909], [6.865148, 45.941917], [6.86563, 45.942027], [6.865808, 45.94204], [6.866108, 45.941991], [6.866341, 45.941988], [6.866569, 45.941999], [6.866717, 45.941995], [6.866808, 45.942008], [6.866994, 45.942076], [6.867104, 45.942097], [6.867228, 45.942104], [6.867363, 45.942091], [6.867656, 45.942017], [6.867724, 45.941992], [6.867744, 45.941959], [6.867728, 45.941938], [6.867688, 45.941923], [6.867626, 45.941921], [6.867505, 45.941936], [6.867411, 45.941932], [6.867316, 45.941915], [6.867224, 45.941889], [6.866874, 45.941692], [6.866728, 45.941647], [6.866616, 45.941623], [6.866493, 45.941577], [6.866399, 45.941522], [6.86611, 45.941274], [6.866064, 45.941245], [6.865979, 45.941218], [6.865892, 45.941218], [6.865738, 45.941228], [6.865677, 45.941217], [6.865648, 45.941191], [6.865661, 45.941157], [6.865704, 45.941123], [6.865826, 45.94108], [6.865931, 45.941052], [6.866045, 45.941044], [6.86621, 45.941054], [6.866094, 45.941009], [6.866062, 45.940985], [6.866009, 45.94096], [6.865925, 45.940941], [6.865745, 45.940884], [6.865613, 45.940901], [6.865564, 45.9409], [6.865476, 45.940875], [6.86542, 45.940849], [6.865341, 45.940831], [6.865264, 45.940826], [6.865199, 45.940809], [6.865155, 45.94081], [6.865115, 45.940801], [6.865044, 45.94077], [6.864968, 45.94077], [6.864936, 45.940758], [6.86492, 45.940739], [6.864909, 45.940706], [6.86491, 45.940669], [6.864958, 45.940613], [6.864969, 45.94059], [6.864958, 45.940552], [6.864879, 45.940447], [6.86485, 45.940434], [6.864798, 45.940425], [6.864739, 45.9404], [6.864668, 45.940383], [6.864613, 45.940379], [6.864471, 45.940384], [6.864383, 45.940373], [6.864315, 45.940337], [6.864288, 45.940305], [6.864285, 45.94027], [6.864297, 45.940236], [6.864327, 45.940208], [6.864348, 45.940197], [6.864421, 45.940194], [6.864453, 45.94018], [6.864531, 45.940097], [6.864625, 45.939907], [6.864655, 45.93987], [6.864702, 45.939835], [6.864813, 45.939684], [6.864812, 45.939659], [6.86476, 45.93952], [6.864763, 45.939465], [6.864775, 45.939423], [6.864766, 45.939393], [6.864751, 45.939366], [6.864696, 45.939332], [6.864666, 45.939301], [6.864661, 45.939268], [6.864682, 45.939241], [6.864739, 45.939222], [6.864784, 45.939193], [6.864855, 45.939086], [6.864975, 45.938996], [6.864998, 45.938972], [6.865008, 45.93895], [6.864992, 45.938858], [6.864962, 45.938809], [6.864926, 45.938775], [6.864893, 45.938756], [6.864858, 45.9387], [6.864784, 45.93854], [6.864767, 45.938479], [6.864812, 45.938243], [6.864853, 45.938129], [6.864965, 45.937895], [6.865023, 45.937822], [6.865086, 45.937721], [6.865165, 45.937567], [6.86526, 45.937464], [6.865302, 45.937441], [6.865449, 45.937319], [6.865495, 45.937291], [6.865547, 45.937271], [6.86563, 45.937255], [6.865671, 45.937235], [6.865702, 45.937202], [6.865724, 45.937134], [6.86575, 45.9371], [6.865868, 45.936995], [6.865978, 45.936832], [6.866113, 45.936726], [6.866397, 45.936601], [6.866612, 45.936527], [6.866733, 45.93651], [6.866768, 45.936511], [6.866821, 45.936522], [6.866844, 45.936522], [6.866876, 45.936513], [6.867058, 45.93643], [6.867235, 45.936338], [6.867254, 45.936316], [6.867254, 45.936291], [6.867244, 45.936268], [6.86711, 45.936157], [6.867069, 45.93608], [6.867062, 45.936025], [6.866948, 45.935864], [6.866902, 45.935828], [6.866869, 45.935821], [6.866725, 45.935815], [6.866579, 45.935791], [6.866481, 45.935764], [6.866295, 45.935734], [6.866241, 45.935716], [6.866021, 45.935603], [6.865945, 45.935557], [6.865839, 45.935474], [6.865671, 45.935401], [6.86561, 45.935377], [6.865532, 45.935369], [6.865408, 45.935333], [6.865324, 45.935339], [6.865303, 45.935337], [6.865229, 45.935299], [6.865176, 45.935218], [6.865131, 45.935189], [6.865015, 45.935138], [6.864966, 45.935072], [6.864771, 45.934936], [6.864608, 45.934852], [6.864478, 45.934827], [6.864417, 45.934785], [6.864372, 45.934743], [6.864338, 45.934726], [6.864191, 45.93468], [6.864167, 45.934662], [6.864161, 45.934633], [6.864184, 45.934603], [6.864248, 45.934565], [6.864284, 45.934513], [6.864354, 45.93444], [6.864386, 45.934357], [6.864466, 45.934233], [6.864525, 45.934104], [6.864699, 45.93394], [6.864771, 45.933851], [6.864838, 45.933788], [6.86491, 45.933733], [6.86494, 45.933702], [6.864942, 45.933687], [6.864962, 45.933674], [6.864986, 45.933614], [6.865009, 45.933587], [6.865086, 45.933535], [6.865215, 45.933417], [6.865321, 45.933337], [6.865342, 45.933309], [6.865384, 45.933221], [6.865547, 45.933073], [6.865567, 45.933045], [6.865564, 45.933017], [6.86553, 45.932937], [6.865518, 45.93283], [6.865527, 45.932792], [6.86558, 45.932719], [6.865577, 45.932694], [6.865565, 45.932676], [6.865477, 45.932614], [6.865424, 45.932562], [6.865362, 45.932526], [6.865348, 45.932511], [6.865346, 45.932487], [6.865383, 45.932423], [6.865398, 45.932299], [6.865384, 45.932255], [6.865303, 45.932191], [6.865274, 45.932158], [6.865255, 45.932116], [6.865252, 45.932069], [6.865237, 45.932014], [6.865213, 45.93198], [6.865149, 45.931947], [6.865118, 45.931923], [6.865111, 45.931893], [6.865156, 45.931834], [6.865153, 45.93179], [6.865098, 45.931669], [6.865097, 45.931485], [6.865073, 45.931457], [6.865026, 45.931431], [6.864935, 45.931402], [6.864911, 45.931378], [6.864909, 45.931351], [6.864956, 45.931208], [6.86495, 45.931175], [6.864928, 45.931144], [6.864922, 45.931119], [6.864955, 45.93093], [6.86495, 45.930893], [6.864935, 45.930873], [6.864911, 45.930861], [6.864867, 45.930853], [6.864744, 45.930799], [6.864697, 45.930764], [6.864678, 45.930723], [6.864677, 45.930683], [6.864688, 45.930632], [6.864685, 45.930586], [6.864667, 45.930528], [6.864666, 45.930459], [6.864675, 45.930388], [6.864702, 45.930294], [6.864836, 45.930121], [6.864325, 45.929673], [6.8642, 45.929591], [6.864152, 45.929397], [6.864035, 45.92923], [6.863886, 45.929107], [6.863822, 45.929017], [6.863628, 45.928875], [6.863445, 45.928754], [6.86336, 45.928652], [6.863193, 45.928516], [6.863102, 45.928459], [6.863088, 45.928424], [6.862991, 45.928187], [6.862767, 45.928063], [6.862662, 45.927965], [6.862577, 45.927848], [6.862593, 45.927571], [6.862555, 45.927389], [6.86262, 45.927346], [6.862478, 45.927146], [6.862296, 45.926923], [6.862111, 45.926739], [6.861934, 45.926591], [6.861507, 45.926041], [6.861387, 45.925931], [6.861269, 45.925794], [6.86104, 45.925551], [6.861016, 45.92551], [6.86101, 45.925464], [6.861015, 45.925343], [6.861048, 45.925413], [6.861144, 45.925424], [6.861243, 45.925426], [6.861273, 45.925422], [6.861328, 45.925395], [6.861409, 45.925369], [6.861452, 45.925334], [6.861528, 45.925271], [6.861606, 45.925219], [6.861676, 45.925186], [6.861708, 45.925178], [6.86178, 45.925175], [6.861952, 45.925236], [6.86214, 45.925252], [6.862282, 45.925247], [6.86261, 45.925207], [6.862737, 45.925202], [6.862766, 45.925218], [6.862804, 45.925228], [6.86294, 45.925241], [6.863036, 45.925261], [6.863174, 45.925274], [6.863703, 45.925438], [6.864072, 45.925513], [6.864416, 45.925605], [6.864632, 45.925645], [6.864754, 45.925688], [6.865286, 45.925796], [6.865552, 45.925865], [6.865659, 45.925886], [6.866015, 45.925912], [6.8664, 45.925975], [6.866614, 45.926068], [6.866886, 45.926242], [6.866829, 45.925938], [6.866813, 45.925734], [6.866725, 45.925642], [6.866726, 45.92558], [6.866652, 45.925367], [6.866531, 45.925136], [6.866479, 45.924986], [6.866518, 45.92492], [6.867228, 45.924728], [6.867244, 45.924713], [6.867467, 45.924668], [6.867511, 45.92448], [6.867517, 45.924453], [6.86753, 45.924394], [6.867569, 45.924216], [6.8676, 45.924204], [6.867767, 45.924163], [6.86784, 45.924153], [6.867949, 45.924165], [6.868005, 45.924189], [6.868058, 45.924182], [6.86815, 45.924154], [6.868189, 45.924148], [6.868238, 45.924099], [6.868342, 45.924016], [6.868479, 45.923986], [6.868536, 45.92398], [6.868735, 45.923997], [6.868788, 45.923992], [6.868896, 45.923964], [6.868952, 45.923962], [6.869115, 45.923907], [6.869282, 45.923867], [6.86947, 45.923807]]}, "properties": {"heading": 270, "length_km": 17.442, "retrace": 0.0}}, {"type": "Feature", "geometry": {"type": "LineString", "coordinates": [[6.86947, 45.923807], [6.869282, 45.923867], [6.869115, 45.923907], [6.868952, 45.923962], [6.868896, 45.923964], [6.868788, 45.923992], [6.868735, 45.923997], [6.868536, 45.92398], [6.868479, 45.923986], [6.868342, 45.924016], [6.868238, 45.924099], [6.868189, 45.924148], [6.86815, 45.924154], [6.868058, 45.924182], [6.868005, 45.924189], [6.867949, 45.924165], [6.86784, 45.924153], [6.867767, 45.924163], [6.8676, 45.924204], [6.867569, 45.924216], [6.86753, 45.924394], [6.867517, 45.924453], [6.867511, 45.92448], [6.867467, 45.924668], [6.867244, 45.924713], [6.867228, 45.924728], [6.866518, 45.92492], [6.866479, 45.924986], [6.866531, 45.925136], [6.866652, 45.925367], [6.866726, 45.92558], [6.866725, 45.925642], [6.866813, 45.925734], [6.866829, 45.925938], [6.866886, 45.926242], [6.866614, 45.926068], [6.8664, 45.925975], [6.866015, 45.925912], [6.865659, 45.925886], [6.865552, 45.925865], [6.865286, 45.925796], [6.864754, 45.925688], [6.864632, 45.925645], [6.864416, 45.925605], [6.864072, 45.925513], [6.863703, 45.925438], [6.863174, 45.925274], [6.863036, 45.925261], [6.86294, 45.925241], [6.862804, 45.925228], [6.862766, 45.925218], [6.862737, 45.925202], [6.86261, 45.925207], [6.862282, 45.925247], [6.86214, 45.925252], [6.861952, 45.925236], [6.86178, 45.925175], [6.861708, 45.925178], [6.861676, 45.925186], [6.861606, 45.925219], [6.861528, 45.925271], [6.861452, 45.925334], [6.861409, 45.925369], [6.861328, 45.925395], [6.861273, 45.925422], [6.861243, 45.925426], [6.861144, 45.925424], [6.861048, 45.925413], [6.861015, 45.925343], [6.860957, 45.925334], [6.860905, 45.925305], [6.86085, 45.925263], [6.860811, 45.925221], [6.860697, 45.925036], [6.860502, 45.924612], [6.86021, 45.92431], [6.85989, 45.924053], [6.859607, 45.923871], [6.859339, 45.923799], [6.85894, 45.923796], [6.858543, 45.923726], [6.858335, 45.923731], [6.857977, 45.923785], [6.857397, 45.923735], [6.85703, 45.923744], [6.856836, 45.923733], [6.856419, 45.923774], [6.85629, 45.92383], [6.855886, 45.923535], [6.855527, 45.923382], [6.855292, 45.923315], [6.855023, 45.923356], [6.854749, 45.923295], [6.854619, 45.923248], [6.854367, 45.92324], [6.854046, 45.923241], [6.853925, 45.923212], [6.853613, 45.923083], [6.853458, 45.922932], [6.853399, 45.92282], [6.8534, 45.922725], [6.85317, 45.9226], [6.852923, 45.922574], [6.852804, 45.922515], [6.852701, 45.922443], [6.852075, 45.922166], [6.852039, 45.922126], [6.851955, 45.922062], [6.851924, 45.922029], [6.8518, 45.921954], [6.851724, 45.921914], [6.851608, 45.921879], [6.851527, 45.921836], [6.851484, 45.921802], [6.851392, 45.921754], [6.851205, 45.921688], [6.851188, 45.921675], [6.851182, 45.921664], [6.851188, 45.921647], [6.851211, 45.921624], [6.851236, 45.921569], [6.851276, 45.921519], [6.851381, 45.921436], [6.851399, 45.921408], [6.851402, 45.921334], [6.851393, 45.921304], [6.851309, 45.921218], [6.851222, 45.921087], [6.851136, 45.920912], [6.851057, 45.920792], [6.851029, 45.920758], [6.850962, 45.920699], [6.850928, 45.920655], [6.85085, 45.920571], [6.850706, 45.920325], [6.85052, 45.920069], [6.850502, 45.920005], [6.850458, 45.919956], [6.850442, 45.919932], [6.850409, 45.919857], [6.850356, 45.919789], [6.85027, 45.919726], [6.850243, 45.919698], [6.85022, 45.919643], [6.850222, 45.919536], [6.850215, 45.919504], [6.850145, 45.919356], [6.850105, 45.919241], [6.850087, 45.919205], [6.850036, 45.91914], [6.849932, 45.91904], [6.849773, 45.918965], [6.849645, 45.91889], [6.84951, 45.918756], [6.849383, 45.918608], [6.849239, 45.9185], [6.849152, 45.91842], [6.849109, 45.918393], [6.84892, 45.918337], [6.848814, 45.918314], [6.848724, 45.918314], [6.848655, 45.918296], [6.848587, 45.918269], [6.848515, 45.918266], [6.84838, 45.918239], [6.848247, 45.918195], [6.84808, 45.918095], [6.848066, 45.918066], [6.848068, 45.918033], [6.848081, 45.917998], [6.848264, 45.917847], [6.848281, 45.917821], [6.848282, 45.917791], [6.848266, 45.917771], [6.848233, 45.917754], [6.848181, 45.917739], [6.847908, 45.917713], [6.847816, 45.917696], [6.847685, 45.917681], [6.84763, 45.917667], [6.847577, 45.91764], [6.847526, 45.917601], [6.847499, 45.917563], [6.847483, 45.917522], [6.84747, 45.917385], [6.84744, 45.917318], [6.84737, 45.917234], [6.84724, 45.91713], [6.847074, 45.917125], [6.846932, 45.917135], [6.846852, 45.917133], [6.84679, 45.917123], [6.846649, 45.917078], [6.846413, 45.916966], [6.84636, 45.91695], [6.846248, 45.916946], [6.845998, 45.916961], [6.845928, 45.916956], [6.845883, 45.916942], [6.845706, 45.916889], [6.845651, 45.916866], [6.845431, 45.916739], [6.84517, 45.916609], [6.845053, 45.916576], [6.844864, 45.91651], [6.844754, 45.916486], [6.8447, 45.916466], [6.844656, 45.916457], [6.844537, 45.916446], [6.844477, 45.91643], [6.844337, 45.916408], [6.84424, 45.916386], [6.844117, 45.916347], [6.843743, 45.916336], [6.843643, 45.916334], [6.843577, 45.916325], [6.843516, 45.916313], [6.843465, 45.916293], [6.843335, 45.916212], [6.843184, 45.916112], [6.843121, 45.916064], [6.843053, 45.916026], [6.843039, 45.915998], [6.842936, 45.91594], [6.842839, 45.915871], [6.842812, 45.915848], [6.842773, 45.915794], [6.842725, 45.915772], [6.842706, 45.915754], [6.842653, 45.915685], [6.842549, 45.915512], [6.842512, 45.915463], [6.842411, 45.91534], [6.842358, 45.915295], [6.842324, 45.915279], [6.842118, 45.915217], [6.842041, 45.915171], [6.842011, 45.915162], [6.841933, 45.91516], [6.841837, 45.915149], [6.841736, 45.915118], [6.841553, 45.915114], [6.841499, 45.91513], [6.841459, 45.915133], [6.841426, 45.915133], [6.841392, 45.915125], [6.84137, 45.915104], [6.841367, 45.915033], [6.841356, 45.91501], [6.841331, 45.91499], [6.841096, 45.914854], [6.841066, 45.914842], [6.840999, 45.914828], [6.840956, 45.91481], [6.840845, 45.914737], [6.840898, 45.914741], [6.841039, 45.914735], [6.841205, 45.914736], [6.841392, 45.914751], [6.841403, 45.914741], [6.841342, 45.914672], [6.841191, 45.914577], [6.840987, 45.914481], [6.840977, 45.914469], [6.840977, 45.914455], [6.841041, 45.914443], [6.841171, 45.91443], [6.841297, 45.914402], [6.841453, 45.914389], [6.84152, 45.914395], [6.841542, 45.914392], [6.841549, 45.914367], [6.841537, 45.914351], [6.841515, 45.914337], [6.841456, 45.914318], [6.841444, 45.914305], [6.841449, 45.914295], [6.841556, 45.914267], [6.841592, 45.91427], [6.841619, 45.914281], [6.841694, 45.914347], [6.841711, 45.91434], [6.84171, 45.914323], [6.841681, 45.914232], [6.841641, 45.914179], [6.841543, 45.914105], [6.841538, 45.914073], [6.84162, 45.914055], [6.842038, 45.914024], [6.842057, 45.914019], [6.842066, 45.914008], [6.842058, 45.913995], [6.841823, 45.913876], [6.841616, 45.913778], [6.841384, 45.913698], [6.84132, 45.913653], [6.841298, 45.913607], [6.841334, 45.913471], [6.841333, 45.913367], [6.841367, 45.913229], [6.841367, 45.913201], [6.841347, 45.913156], [6.841275, 45.913066], [6.841222, 45.913026], [6.841206, 45.912993], [6.841221, 45.912956], [6.841218, 45.91293], [6.841197, 45.912888], [6.841195, 45.91286], [6.841211, 45.912832], [6.841246, 45.912806], [6.841317, 45.912773], [6.841338, 45.912747], [6.841344, 45.912722], [6.841336, 45.912694], [6.841306, 45.912649], [6.841304, 45.912628], [6.841322, 45.912569], [6.841352, 45.912516], [6.84137, 45.9125], [6.841367, 45.912448], [6.841379, 45.912447], [6.841463, 45.912486], [6.841475, 45.912503], [6.84148, 45.912556], [6.841493, 45.912582], [6.84157, 45.912617], [6.841615, 45.912624], [6.841641, 45.912635], [6.841659, 45.912656], [6.841676, 45.912664], [6.841702, 45.912664], [6.841721, 45.912652], [6.841747, 45.912566], [6.8418, 45.912481], [6.841803, 45.912454], [6.841773, 45.912365], [6.841806, 45.912362], [6.841911, 45.91238], [6.841964, 45.912397], [6.842012, 45.912423], [6.842071, 45.912477], [6.842097, 45.912507], [6.842107, 45.912534], [6.842118, 45.912541], [6.842144, 45.912528], [6.84213, 45.91247], [6.842132, 45.912444], [6.842171, 45.912402], [6.842173, 45.912374], [6.84212, 45.912238], [6.842117, 45.912212], [6.842154, 45.912148], [6.84215, 45.912123], [6.842121, 45.912083], [6.84212, 45.912069], [6.842156, 45.912005], [6.842129, 45.911939], [6.842143, 45.911883], [6.842088, 45.91183], [6.842086, 45.911786], [6.842038, 45.91172], [6.842004, 45.911565], [6.842037, 45.911482], [6.842038, 45.91129], [6.842024, 45.911197], [6.842037, 45.911187], [6.842155, 45.911243], [6.842296, 45.911278], [6.842399, 45.911331], [6.842524, 45.911342], [6.842702, 45.91138], [6.842873, 45.91143], [6.843064, 45.911467], [6.84318, 45.911507], [6.843349, 45.911549], [6.843533, 45.911634], [6.843568, 45.911645], [6.843636, 45.911655], [6.843696, 45.911653], [6.843827, 45.911627], [6.843955, 45.911624], [6.843988, 45.911618], [6.844077, 45.911557], [6.844172, 45.911531], [6.844224, 45.911524], [6.844368, 45.911532], [6.844525, 45.911523], [6.84464, 45.911526], [6.844826, 45.911577], [6.844882, 45.911585], [6.844927, 45.911604], [6.845086, 45.911627], [6.84514, 45.911647], [6.845192, 45.911675], [6.84527, 45.911781], [6.845383, 45.911975], [6.8454, 45.912017], [6.845408, 45.912152], [6.845426, 45.912199], [6.84552, 45.912368], [6.845611, 45.912499], [6.845652, 45.912716], [6.845669, 45.912908], [6.845688, 45.912981], [6.845694, 45.91307], [6.845685, 45.913208], [6.845695, 45.913274], [6.845721, 45.913344], [6.845765, 45.913429], [6.845837, 45.913533], [6.846115, 45.913896], [6.846252, 45.91384], [6.846319, 45.913812], [6.846653, 45.913633], [6.846764, 45.913559], [6.846822, 45.913537], [6.847113, 45.91337], [6.847209, 45.913314], [6.847054, 45.913145], [6.846964, 45.913016], [6.846951, 45.912995], [6.846947, 45.912989], [6.846855, 45.912918], [6.846785, 45.912847], [6.846693, 45.91277], [6.846621, 45.912709], [6.846914, 45.912526], [6.84711, 45.91241], [6.847132, 45.912395], [6.84722, 45.912339], [6.847267, 45.912308], [6.847472, 45.912166], [6.847503, 45.912146], [6.847636, 45.912247], [6.847769, 45.912361], [6.848078, 45.912605], [6.848255, 45.912764], [6.848654, 45.913034], [6.848255, 45.912764], [6.848078, 45.912605], [6.847769, 45.912361], [6.847636, 45.912247], [6.847503, 45.912146], [6.847472, 45.912166], [6.847267, 45.912308], [6.84722, 45.912339], [6.847132, 45.912395], [6.84711, 45.91241], [6.846914, 45.912526], [6.846621, 45.912709], [6.846693, 45.91277], [6.846785, 45.912847], [6.846855, 45.912918], [6.846947, 45.912989], [6.846951, 45.912995], [6.846964, 45.913016], [6.847054, 45.913145], [6.847209, 45.913314], [6.847113, 45.91337], [6.846822, 45.913537], [6.846764, 45.913559], [6.846653, 45.913633], [6.846319, 45.913812], [6.846252, 45.91384], [6.846115, 45.913896], [6.845837, 45.913533], [6.845765, 45.913429], [6.845721, 45.913344], [6.845695, 45.913274], [6.845685, 45.913208], [6.845694, 45.91307], [6.845688, 45.912981], [6.845669, 45.912908], [6.845652, 45.912716], [6.845611, 45.912499], [6.84552, 45.912368], [6.845426, 45.912199], [6.845408, 45.912152], [6.8454, 45.912017], [6.845383, 45.911975], [6.84527, 45.911781], [6.845192, 45.911675], [6.84514, 45.911647], [6.845086, 45.911627], [6.844927, 45.911604], [6.844882, 45.911585], [6.844826, 45.911577], [6.84464, 45.911526], [6.844525, 45.911523], [6.844368, 45.911532], [6.844224, 45.911524], [6.844172, 45.911531], [6.844077, 45.911557], [6.843988, 45.911618], [6.843955, 45.911624], [6.843827, 45.911627], [6.843696, 45.911653], [6.843636, 45.911655], [6.843568, 45.911645], [6.843533, 45.911634], [6.843349, 45.911549], [6.84318, 45.911507], [6.843064, 45.911467], [6.842873, 45.91143], [6.842702, 45.91138], [6.842524, 45.911342], [6.842399, 45.911331], [6.842296, 45.911278], [6.842155, 45.911243], [6.842037, 45.911187], [6.842024, 45.911197], [6.842038, 45.91129], [6.842037, 45.911482], [6.842004, 45.911565], [6.842038, 45.91172], [6.842086, 45.911786], [6.842088, 45.91183], [6.842143, 45.911883], [6.842129, 45.911939], [6.842156, 45.912005], [6.84212, 45.912069], [6.842121, 45.912083], [6.84215, 45.912123], [6.842154, 45.912148], [6.842117, 45.912212], [6.84212, 45.912238], [6.842173, 45.912374], [6.842171, 45.912402], [6.842132, 45.912444], [6.84213, 45.91247], [6.842144, 45.912528], [6.842118, 45.912541], [6.842107, 45.912534], [6.842097, 45.912507], [6.842071, 45.912477], [6.842012, 45.912423], [6.841964, 45.912397], [6.841911, 45.91238], [6.841806, 45.912362], [6.841773, 45.912365], [6.841803, 45.912454], [6.8418, 45.912481], [6.841747, 45.912566], [6.841721, 45.912652], [6.841702, 45.912664], [6.841676, 45.912664], [6.841659, 45.912656], [6.841641, 45.912635], [6.841615, 45.912624], [6.84157, 45.912617], [6.841493, 45.912582], [6.84148, 45.912556], [6.841475, 45.912503], [6.841463, 45.912486], [6.841379, 45.912447], [6.841367, 45.912448], [6.84137, 45.9125], [6.841352, 45.912516], [6.841322, 45.912569], [6.841304, 45.912628], [6.841306, 45.912649], [6.841336, 45.912694], [6.841344, 45.912722], [6.841338, 45.912747], [6.841317, 45.912773], [6.841246, 45.912806], [6.841211, 45.912832], [6.841195, 45.91286], [6.841197, 45.912888], [6.841218, 45.91293], [6.841221, 45.912956], [6.841206, 45.912993], [6.841222, 45.913026], [6.841275, 45.913066], [6.841347, 45.913156], [6.841367, 45.913201], [6.841367, 45.913229], [6.841333, 45.913367], [6.841334, 45.913471], [6.841298, 45.913607], [6.84132, 45.913653], [6.841384, 45.913698], [6.841616, 45.913778], [6.841823, 45.913876], [6.842058, 45.913995], [6.842066, 45.914008], [6.842057, 45.914019], [6.842038, 45.914024], [6.84162, 45.914055], [6.841538, 45.914073], [6.841543, 45.914105], [6.841641, 45.914179], [6.841681, 45.914232], [6.84171, 45.914323], [6.841711, 45.91434], [6.841694, 45.914347], [6.841619, 45.914281], [6.841592, 45.91427], [6.841556, 45.914267], [6.841449, 45.914295], [6.841444, 45.914305], [6.841456, 45.914318], [6.841515, 45.914337], [6.841537, 45.914351], [6.841549, 45.914367], [6.841542, 45.914392], [6.84152, 45.914395], [6.841453, 45.914389], [6.841297, 45.914402], [6.841171, 45.91443], [6.841041, 45.914443], [6.840977, 45.914455], [6.840977, 45.914469], [6.840987, 45.914481], [6.841191, 45.914577], [6.841342, 45.914672], [6.841403, 45.914741], [6.841392, 45.914751], [6.841205, 45.914736], [6.841039, 45.914735], [6.840898, 45.914741], [6.840845, 45.914737], [6.840956, 45.91481], [6.840999, 45.914828], [6.841066, 45.914842], [6.841096, 45.914854], [6.841331, 45.91499], [6.841356, 45.91501], [6.841367, 45.915033], [6.84137, 45.915104], [6.841392, 45.915125], [6.841426, 45.915133], [6.841459, 45.915133], [6.841499, 45.91513], [6.841553, 45.915114], [6.841736, 45.915118], [6.841837, 45.915149], [6.841933, 45.91516], [6.842011, 45.915162], [6.842041, 45.915171], [6.842118, 45.915217], [6.842324, 45.915279], [6.842358, 45.915295], [6.842411, 45.91534], [6.842512, 45.915463], [6.842549, 45.915512], [6.842653, 45.915685], [6.842706, 45.915754], [6.842725, 45.915772], [6.842773, 45.915794], [6.842812, 45.915848], [6.842839, 45.915871], [6.842936, 45.91594], [6.843039, 45.915998], [6.843053, 45.916026], [6.84266, 45.915947], [6.842233, 45.91577], [6.842078, 45.915776], [6.841934, 45.91581], [6.841624, 45.915939], [6.841673, 45.91597], [6.841841, 45.915991], [6.842126, 45.916079], [6.842195, 45.916129], [6.842346, 45.916286], [6.842316, 45.916584], [6.842527, 45.916887], [6.842718, 45.917016], [6.842859, 45.917231], [6.843102, 45.917405], [6.843203, 45.917495], [6.843507, 45.917686], [6.843738, 45.917884], [6.844074, 45.917922], [6.844087, 45.91806], [6.844213, 45.918313], [6.844535, 45.918565], [6.845111, 45.918765], [6.845226, 45.918833], [6.845351, 45.918945], [6.845426, 45.919149], [6.845822, 45.919288], [6.845825, 45.919518], [6.845891, 45.919698], [6.84611, 45.919822], [6.846337, 45.91986], [6.846439, 45.919887], [6.846488, 45.919923], [6.846679, 45.92003], [6.846861, 45.920183], [6.846958, 45.920332], [6.847063, 45.920411], [6.847174, 45.920456], [6.847187, 45.920525], [6.84705, 45.920887], [6.847076, 45.921036], [6.84728, 45.921206], [6.847284, 45.92132], [6.847222, 45.92146], [6.847149, 45.921766], [6.847276, 45.922102], [6.847291, 45.922305], [6.84732, 45.922396], [6.847308, 45.922409], [6.847286, 45.922411], [6.847272, 45.922404], [6.8472, 45.922313], [6.846997, 45.922087], [6.846825, 45.922013], [6.846588, 45.921768], [6.846348, 45.921594], [6.846208, 45.921553], [6.846124, 45.921516], [6.846037, 45.921442], [6.845961, 45.921275], [6.845822, 45.921221], [6.845603, 45.921203], [6.845354, 45.921245], [6.845061, 45.921254], [6.844874, 45.921218], [6.844728, 45.921138], [6.844509, 45.921101], [6.844215, 45.921025], [6.844114, 45.921025], [6.84395, 45.92104], [6.843815, 45.920993], [6.843709, 45.920998], [6.843509, 45.92093], [6.843332, 45.920812], [6.843017, 45.920714], [6.84269, 45.920596], [6.842448, 45.920598], [6.842229, 45.92062], [6.84175, 45.920687], [6.841071, 45.920802], [6.840831, 45.920863], [6.840793, 45.920856], [6.840643, 45.920663], [6.84065, 45.920485], [6.840536, 45.920372], [6.840413, 45.920225], [6.84025, 45.920165], [6.840107, 45.920147], [6.839727, 45.920226], [6.839636, 45.920262], [6.839665, 45.920309], [6.839751, 45.920383], [6.839801, 45.920473], [6.839939, 45.920854], [6.839898, 45.920942], [6.839921, 45.92107], [6.840037, 45.921232], [6.840101, 45.921284], [6.840093, 45.921318], [6.840179, 45.92147], [6.840364, 45.921521], [6.840504, 45.921478], [6.840797, 45.921587], [6.841043, 45.921588], [6.841216, 45.921579], [6.841567, 45.921626], [6.841723, 45.921623], [6.841814, 45.92164], [6.841876, 45.921683], [6.841943, 45.921749], [6.841982, 45.921832], [6.842147, 45.922126], [6.84226, 45.922231], [6.84233, 45.922329], [6.842457, 45.922481], [6.84253, 45.922528], [6.842619, 45.922546], [6.842681, 45.922574], [6.842846, 45.922755], [6.84294, 45.922781], [6.842995, 45.922815], [6.843148, 45.923046], [6.843206, 45.92317], [6.843378, 45.923307], [6.843395, 45.923369], [6.843352, 45.923532], [6.843318, 45.923584], [6.843266, 45.923614], [6.843252, 45.923728], [6.843239, 45.923772], [6.843305, 45.92392], [6.843389, 45.924029], [6.843559, 45.924145], [6.843684, 45.924255], [6.843774, 45.924297], [6.843892, 45.924431], [6.843916, 45.924549], [6.843895, 45.924624], [6.843944, 45.924762], [6.843971, 45.924811], [6.844025, 45.924859], [6.844239, 45.924911], [6.844455, 45.924983], [6.844533, 45.925], [6.84474, 45.925079], [6.844785, 45.925132], [6.844902, 45.925413], [6.844962, 45.925483], [6.844973, 45.925548], [6.844955, 45.925578], [6.844962, 45.925612], [6.844989, 45.92563], [6.84532, 45.925714], [6.845596, 45.925909], [6.845655, 45.925995], [6.845741, 45.926042], [6.845765, 45.926125], [6.845812, 45.926176], [6.845984, 45.926277], [6.846052, 45.926344], [6.84605, 45.926372], [6.846077, 45.926414], [6.846149, 45.926482], [6.846418, 45.926551], [6.846682, 45.926669], [6.846748, 45.926684], [6.846807, 45.926736], [6.847206, 45.926937], [6.847446, 45.927073], [6.847825, 45.927338], [6.847805, 45.927355], [6.847733, 45.927381], [6.847566, 45.927505], [6.847284, 45.927741], [6.84728, 45.927834], [6.847262, 45.927908], [6.847204, 45.927971], [6.847203, 45.928117], [6.84733, 45.928287], [6.847367, 45.928355], [6.847436, 45.928447], [6.84775, 45.928577], [6.848004, 45.92882], [6.848017, 45.928916], [6.848064, 45.929009], [6.848185, 45.929157], [6.84819, 45.929225], [6.84822, 45.929283], [6.848272, 45.929292], [6.848304, 45.929309], [6.84832, 45.929343], [6.848402, 45.929399], [6.848439, 45.929473], [6.848528, 45.929543], [6.8486, 45.929678], [6.848656, 45.929731], [6.848783, 45.929939], [6.848856, 45.929994], [6.848964, 45.930196], [6.849144, 45.930323], [6.849144, 45.930391], [6.849124, 45.930478], [6.849146, 45.930486], [6.849214, 45.930489], [6.849272, 45.930506], [6.849385, 45.930679], [6.849408, 45.930764], [6.849459, 45.930797], [6.849446, 45.930847], [6.849478, 45.931017], [6.84956, 45.931175], [6.849726, 45.931349], [6.84986, 45.931601], [6.849894, 45.93165], [6.849901, 45.931677], [6.849884, 45.931702], [6.849858, 45.93171], [6.849788, 45.931693], [6.849581, 45.931586], [6.849231, 45.931436], [6.849103, 45.93143], [6.849005, 45.931399], [6.848975, 45.931368], [6.848919, 45.931369], [6.848876, 45.931303], [6.848822, 45.931281], [6.848765, 45.93121], [6.848765, 45.931198], [6.848742, 45.931178], [6.848665, 45.931173], [6.848607, 45.931135], [6.848563, 45.931132], [6.848631, 45.931445], [6.848662, 45.931487], [6.848702, 45.931564], [6.848732, 45.931596], [6.848751, 45.931629], [6.848746, 45.931693], [6.848763, 45.931801], [6.848789, 45.931814], [6.848806, 45.931866], [6.848844, 45.9319], [6.848862, 45.931942], [6.848856, 45.932016], [6.848892, 45.932095], [6.848878, 45.932172], [6.848877, 45.932235], [6.848892, 45.932418], [6.848876, 45.932506], [6.8489, 45.932576], [6.848905, 45.932648], [6.848893, 45.932668], [6.848875, 45.932681], [6.848846, 45.93268], [6.848784, 45.932586], [6.848735, 45.932543], [6.848706, 45.932536], [6.848665, 45.93249], [6.848525, 45.932396], [6.848478, 45.932375], [6.848452, 45.932304], [6.8484, 45.932292], [6.848318, 45.932254], [6.848288, 45.932246], [6.848263, 45.932198], [6.848122, 45.93213], [6.848022, 45.932043], [6.847918, 45.931935], [6.847865, 45.93186], [6.847782, 45.93182], [6.847772, 45.931828], [6.847763, 45.931836], [6.847775, 45.931861], [6.84776, 45.931898], [6.847762, 45.93195], [6.847794, 45.932082], [6.847782, 45.932154], [6.847789, 45.932252], [6.847825, 45.932405], [6.847831, 45.932527], [6.847824, 45.93257], [6.847872, 45.932779], [6.847936, 45.93286], [6.84802, 45.932939], [6.848116, 45.93305], [6.848131, 45.933117], [6.848175, 45.933229], [6.848363, 45.933309], [6.848447, 45.933365], [6.848609, 45.933521], [6.848689, 45.933572], [6.84885, 45.933642], [6.848933, 45.933669], [6.849112, 45.933712], [6.849261, 45.933778], [6.849323, 45.933796], [6.849362, 45.933799], [6.849399, 45.933794], [6.849503, 45.933764], [6.849613, 45.933745], [6.849637, 45.933749], [6.849644, 45.933758], [6.849641, 45.93379], [6.849454, 45.933907], [6.849403, 45.933947], [6.849318, 45.933981], [6.849146, 45.934002], [6.848965, 45.934005], [6.848928, 45.934016], [6.848903, 45.934031], [6.848898, 45.934047], [6.848903, 45.934031], [6.848928, 45.934016], [6.848965, 45.934005], [6.849146, 45.934002], [6.849318, 45.933981], [6.849403, 45.933947], [6.849454, 45.933907], [6.849641, 45.93379], [6.849644, 45.933758], [6.849637, 45.933749], [6.849613, 45.933745], [6.849503, 45.933764], [6.849399, 45.933794], [6.849362, 45.933799], [6.849323, 45.933796], [6.849261, 45.933778], [6.849112, 45.933712], [6.848933, 45.933669], [6.84885, 45.933642], [6.848689, 45.933572], [6.848609, 45.933521], [6.848447, 45.933365], [6.848363, 45.933309], [6.848175, 45.933229], [6.848131, 45.933117], [6.848116, 45.93305], [6.84802, 45.932939], [6.847936, 45.93286], [6.847872, 45.932779], [6.847824, 45.93257], [6.847831, 45.932527], [6.847825, 45.932405], [6.847789, 45.932252], [6.847782, 45.932154], [6.847794, 45.932082], [6.847762, 45.93195], [6.84776, 45.931898], [6.847775, 45.931861], [6.847763, 45.931836], [6.847772, 45.931828], [6.847782, 45.93182], [6.847865, 45.93186], [6.847918, 45.931935], [6.848022, 45.932043], [6.848122, 45.93213], [6.848263, 45.932198], [6.848288, 45.932246], [6.848318, 45.932254], [6.8484, 45.932292], [6.848452, 45.932304], [6.848478, 45.932375], [6.848525, 45.932396], [6.848665, 45.93249], [6.848706, 45.932536], [6.848735, 45.932543], [6.848784, 45.932586], [6.848846, 45.93268], [6.848875, 45.932681], [6.848893, 45.932668], [6.848905, 45.932648], [6.8489, 45.932576], [6.848876, 45.932506], [6.848892, 45.932418], [6.848877, 45.932235], [6.848878, 45.932172], [6.848892, 45.932095], [6.848856, 45.932016], [6.848862, 45.931942], [6.848844, 45.9319], [6.848806, 45.931866], [6.848789, 45.931814], [6.848763, 45.931801], [6.848746, 45.931693], [6.848751, 45.931629], [6.848732, 45.931596], [6.848702, 45.931564], [6.848662, 45.931487], [6.848631, 45.931445], [6.848563, 45.931132], [6.848607, 45.931135], [6.848665, 45.931173], [6.848742, 45.931178], [6.848765, 45.931198], [6.848765, 45.93121], [6.848822, 45.931281], [6.848876, 45.931303], [6.848919, 45.931369], [6.848975, 45.931368], [6.849005, 45.931399], [6.849103, 45.93143], [6.849231, 45.931436], [6.849581, 45.931586], [6.849788, 45.931693], [6.849858, 45.93171], [6.849884, 45.931702], [6.849901, 45.931677], [6.849894, 45.93165], [6.84986, 45.931601], [6.849726, 45.931349], [6.84956, 45.931175], [6.849478, 45.931017], [6.849446, 45.930847], [6.849459, 45.930797], [6.849502, 45.930808], [6.849519, 45.930841], [6.849623, 45.930877], [6.849713, 45.930931], [6.849807, 45.930918], [6.850169, 45.930996], [6.850253, 45.930996], [6.850399, 45.931085], [6.850499, 45.931087], [6.850543, 45.9311], [6.850609, 45.931128], [6.850656, 45.931169], [6.850756, 45.931182], [6.850852, 45.931225], [6.850995, 45.931209], [6.851268, 45.931119], [6.851438, 45.931113], [6.851754, 45.931156], [6.851848, 45.93115], [6.852042, 45.931097], [6.852251, 45.931079], [6.852399, 45.930998], [6.853096, 45.930798], [6.853275, 45.930769], [6.853472, 45.930653], [6.853601, 45.930616], [6.853607, 45.930552], [6.85366, 45.930502], [6.853885, 45.93058], [6.854089, 45.930576], [6.854281, 45.930487], [6.854561, 45.930331], [6.854658, 45.93033], [6.854832, 45.93029], [6.854958, 45.930249], [6.855269, 45.930078], [6.855309, 45.929972], [6.855408, 45.929868], [6.855441, 45.929814], [6.855461, 45.9298], [6.85548, 45.929791], [6.855505, 45.929792], [6.855528, 45.929804], [6.855584, 45.929866], [6.855646, 45.929911], [6.855707, 45.929944], [6.855799, 45.929979], [6.855895, 45.930005], [6.856235, 45.930064], [6.856341, 45.930076], [6.856399, 45.930076], [6.856515, 45.930065], [6.856556, 45.930054], [6.856723, 45.930039], [6.856788, 45.93004], [6.856851, 45.930049], [6.856949, 45.930047], [6.857147, 45.930015], [6.857237, 45.930011], [6.857279, 45.930042], [6.857348, 45.930182], [6.857385, 45.930227], [6.857445, 45.930285], [6.857509, 45.930326], [6.857578, 45.93035], [6.857694, 45.930425], [6.857903, 45.930471], [6.858089, 45.930602], [6.858222, 45.930666], [6.858577, 45.930599], [6.85916, 45.930515], [6.859444, 45.930491], [6.859744, 45.93064], [6.860023, 45.930651], [6.860318, 45.930629], [6.86064, 45.93067], [6.861396, 45.930856], [6.862094, 45.930853], [6.86241, 45.931002], [6.862829, 45.931084], [6.862907, 45.931496], [6.863176, 45.931577], [6.863355, 45.931655], [6.863416, 45.931762], [6.863558, 45.931873], [6.863601, 45.932049], [6.863827, 45.932081], [6.86395, 45.932173], [6.864086, 45.932419], [6.864449, 45.932569], [6.864661, 45.932627], [6.8648, 45.93277], [6.865036, 45.93291], [6.865144, 45.933011], [6.8651, 45.933162], [6.865063, 45.933327], [6.864921, 45.933611], [6.864916, 45.933641], [6.86493, 45.933681], [6.864942, 45.933687], [6.86494, 45.933702], [6.86491, 45.933733], [6.864838, 45.933788], [6.864771, 45.933851], [6.864699, 45.93394], [6.864525, 45.934104], [6.864466, 45.934233], [6.864386, 45.934357], [6.864354, 45.93444], [6.864284, 45.934513], [6.864248, 45.934565], [6.864184, 45.934603], [6.864161, 45.934633], [6.864167, 45.934662], [6.864191, 45.93468], [6.864338, 45.934726], [6.864372, 45.934743], [6.864417, 45.934785], [6.864478, 45.934827], [6.864608, 45.934852], [6.864771, 45.934936], [6.864966, 45.935072], [6.865015, 45.935138], [6.865131, 45.935189], [6.865176, 45.935218], [6.865229, 45.935299], [6.865303, 45.935337], [6.865324, 45.935339], [6.865408, 45.935333], [6.865532, 45.935369], [6.86561, 45.935377], [6.865671, 45.935401], [6.865839, 45.935474], [6.865945, 45.935557], [6.866021, 45.935603], [6.866241, 45.935716], [6.866295, 45.935734], [6.866481, 45.935764], [6.866579, 45.935791], [6.866725, 45.935815], [6.866869, 45.935821], [6.866902, 45.935828], [6.866948, 45.935864], [6.867062, 45.936025], [6.867069, 45.93608], [6.86711, 45.936157], [6.867244, 45.936268], [6.867254, 45.936291], [6.867254, 45.936316], [6.867235, 45.936338], [6.867058, 45.93643], [6.866876, 45.936513], [6.866844, 45.936522], [6.866821, 45.936522], [6.866768, 45.936511], [6.866733, 45.93651], [6.866612, 45.936527], [6.866397, 45.936601], [6.866113, 45.936726], [6.865978, 45.936832], [6.865868, 45.936995], [6.86575, 45.9371], [6.865724, 45.937134], [6.865702, 45.937202], [6.865671, 45.937235], [6.86563, 45.937255], [6.865547, 45.937271], [6.865495, 45.937291], [6.865449, 45.937319], [6.865302, 45.937441], [6.86526, 45.937464], [6.865165, 45.937567], [6.865086, 45.937721], [6.865023, 45.937822], [6.864965, 45.937895], [6.864853, 45.938129], [6.864812, 45.938243], [6.864767, 45.938479], [6.864784, 45.93854], [6.864858, 45.9387], [6.864893, 45.938756], [6.864926, 45.938775], [6.864962, 45.938809], [6.864992, 45.938858], [6.865008, 45.93895], [6.864998, 45.938972], [6.864975, 45.938996], [6.864855, 45.939086], [6.864784, 45.939193], [6.864739, 45.939222], [6.864682, 45.939241], [6.864661, 45.939268], [6.864666, 45.939301], [6.864696, 45.939332], [6.864751, 45.939366], [6.864766, 45.939393], [6.864775, 45.939423], [6.864763, 45.939465], [6.86476, 45.93952], [6.864812, 45.939659], [6.864813, 45.939684], [6.864702, 45.939835], [6.864655, 45.93987], [6.864625, 45.939907], [6.864531, 45.940097], [6.864453, 45.94018], [6.864421, 45.940194], [6.864348, 45.940197], [6.864327, 45.940208], [6.864297, 45.940236], [6.864285, 45.94027], [6.864288, 45.940305], [6.864285, 45.94027], [6.864297, 45.940236], [6.864327, 45.940208], [6.864348, 45.940197], [6.864421, 45.940194], [6.864453, 45.94018], [6.864531, 45.940097], [6.864625, 45.939907], [6.864655, 45.93987], [6.864702, 45.939835], [6.864813, 45.939684], [6.864812, 45.939659], [6.86476, 45.93952], [6.864763, 45.939465], [6.864775, 45.939423], [6.864766, 45.939393], [6.864751, 45.939366], [6.864696, 45.939332], [6.864666, 45.939301], [6.864661, 45.939268], [6.864682, 45.939241], [6.864739, 45.939222], [6.864784, 45.939193], [6.864855, 45.939086], [6.864975, 45.938996], [6.864998, 45.938972], [6.865008, 45.93895], [6.864992, 45.938858], [6.864962, 45.938809], [6.864926, 45.938775], [6.864893, 45.938756], [6.864858, 45.9387], [6.864784, 45.93854], [6.864767, 45.938479], [6.864812, 45.938243], [6.864853, 45.938129], [6.864965, 45.937895], [6.865023, 45.937822], [6.865086, 45.937721], [6.865165, 45.937567], [6.86526, 45.937464], [6.865302, 45.937441], [6.865449, 45.937319], [6.865495, 45.937291], [6.865547, 45.937271], [6.86563, 45.937255], [6.865671, 45.937235], [6.865702, 45.937202], [6.865724, 45.937134], [6.86575, 45.9371], [6.865868, 45.936995], [6.865978, 45.936832], [6.866113, 45.936726], [6.866397, 45.936601], [6.866612, 45.936527], [6.866733, 45.93651], [6.866768, 45.936511], [6.866821, 45.936522], [6.866844, 45.936522], [6.866876, 45.936513], [6.867058, 45.93643], [6.867235, 45.936338], [6.867254, 45.936316], [6.867254, 45.936291], [6.867244, 45.936268], [6.86711, 45.936157], [6.867069, 45.93608], [6.867062, 45.936025], [6.866948, 45.935864], [6.866902, 45.935828], [6.866869, 45.935821], [6.866725, 45.935815], [6.866579, 45.935791], [6.866481, 45.935764], [6.866295, 45.935734], [6.866241, 45.935716], [6.866021, 45.935603], [6.865945, 45.935557], [6.865839, 45.935474], [6.865671, 45.935401], [6.86561, 45.935377], [6.865532, 45.935369], [6.865408, 45.935333], [6.865324, 45.935339], [6.865303, 45.935337], [6.865229, 45.935299], [6.865176, 45.935218], [6.865131, 45.935189], [6.865015, 45.935138], [6.864966, 45.935072], [6.864771, 45.934936], [6.864608, 45.934852], [6.864478, 45.934827], [6.864417, 45.934785], [6.864372, 45.934743], [6.864338, 45.934726], [6.864191, 45.93468], [6.864167, 45.934662], [6.864161, 45.934633], [6.864184, 45.934603], [6.864248, 45.934565], [6.864284, 45.934513], [6.864354, 45.93444], [6.864386, 45.934357], [6.864466, 45.934233], [6.864525, 45.934104], [6.864699, 45.93394], [6.864771, 45.933851], [6.864838, 45.933788], [6.86491, 45.933733], [6.86494, 45.933702], [6.864942, 45.933687], [6.864962, 45.933674], [6.864986, 45.933614], [6.865009, 45.933587], [6.865086, 45.933535], [6.865215, 45.933417], [6.865321, 45.933337], [6.865342, 45.933309], [6.865384, 45.933221], [6.865547, 45.933073], [6.865567, 45.933045], [6.865564, 45.933017], [6.86553, 45.932937], [6.865518, 45.93283], [6.865527, 45.932792], [6.86558, 45.932719], [6.865577, 45.932694], [6.865565, 45.932676], [6.865477, 45.932614], [6.865424, 45.932562], [6.865362, 45.932526], [6.865348, 45.932511], [6.865346, 45.932487], [6.865383, 45.932423], [6.865398, 45.932299], [6.865384, 45.932255], [6.865303, 45.932191], [6.865274, 45.932158], [6.865255, 45.932116], [6.865252, 45.932069], [6.865237, 45.932014], [6.865213, 45.93198], [6.865149, 45.931947], [6.865118, 45.931923], [6.865111, 45.931893], [6.865156, 45.931834], [6.865153, 45.93179], [6.865098, 45.931669], [6.865097, 45.931485], [6.865073, 45.931457], [6.865026, 45.931431], [6.864935, 45.931402], [6.864911, 45.931378], [6.864909, 45.931351], [6.864956, 45.931208], [6.86495, 45.931175], [6.864928, 45.931144], [6.864922, 45.931119], [6.864955, 45.93093], [6.86495, 45.930893], [6.864935, 45.930873], [6.864911, 45.930861], [6.864867, 45.930853], [6.864744, 45.930799], [6.864697, 45.930764], [6.864678, 45.930723], [6.864677, 45.930683], [6.864688, 45.930632], [6.864685, 45.930586], [6.864667, 45.930528], [6.864666, 45.930459], [6.864675, 45.930388], [6.864702, 45.930294], [6.864836, 45.930121], [6.864325, 45.929673], [6.8642, 45.929591], [6.864152, 45.929397], [6.864035, 45.92923], [6.863886, 45.929107], [6.863822, 45.929017], [6.863628, 45.928875], [6.863445, 45.928754], [6.86336, 45.928652], [6.863193, 45.928516], [6.863102, 45.928459], [6.863088, 45.928424], [6.862991, 45.928187], [6.862767, 45.928063], [6.862662, 45.927965], [6.862577, 45.927848], [6.862593, 45.927571], [6.862555, 45.927389], [6.86262, 45.927346], [6.862478, 45.927146], [6.862296, 45.926923], [6.862111, 45.926739], [6.861934, 45.926591], [6.861507, 45.926041], [6.861387, 45.925931], [6.861269, 45.925794], [6.86104, 45.925551], [6.861016, 45.92551], [6.86101, 45.925464], [6.861015, 45.925343], [6.861048, 45.925413], [6.861144, 45.925424], [6.861243, 45.925426], [6.861273, 45.925422], [6.861328, 45.925395], [6.861409, 45.925369], [6.861452, 45.925334], [6.861528, 45.925271], [6.861606, 45.925219], [6.861676, 45.925186], [6.861708, 45.925178], [6.86178, 45.925175], [6.861952, 45.925236], [6.86214, 45.925252], [6.862282, 45.925247], [6.86261, 45.925207], [6.862737, 45.925202], [6.862766, 45.925218], [6.862804, 45.925228], [6.86294, 45.925241], [6.863036, 45.925261], [6.863174, 45.925274], [6.863703, 45.925438], [6.864072, 45.925513], [6.864416, 45.925605], [6.864632, 45.925645], [6.864754, 45.925688], [6.865286, 45.925796], [6.865552, 45.925865], [6.865659, 45.925886], [6.866015, 45.925912], [6.8664, 45.925975], [6.866614, 45.926068], [6.866886, 45.926242], [6.866829, 45.925938], [6.866813, 45.925734], [6.866725, 45.925642], [6.866726, 45.92558], [6.866652, 45.925367], [6.866531, 45.925136], [6.866479, 45.924986], [6.866518, 45.92492], [6.867228, 45.924728], [6.867244, 45.924713], [6.867467, 45.924668], [6.867511, 45.92448], [6.867517, 45.924453], [6.86753, 45.924394], [6.867569, 45.924216], [6.8676, 45.924204], [6.867767, 45.924163], [6.86784, 45.924153], [6.867949, 45.924165], [6.868005, 45.924189], [6.868058, 45.924182], [6.86815, 45.924154], [6.868189, 45.924148], [6.868238, 45.924099], [6.868342, 45.924016], [6.868479, 45.923986], [6.868536, 45.92398], [6.868735, 45.923997], [6.868788, 45.923992], [6.868896, 45.923964], [6.868952, 45.923962], [6.869115, 45.923907], [6.869282, 45.923867], [6.86947, 45.923807]]}, "properties": {"heading": 288, "length_km": 17.644, "retrace": 0.544}}, {"type": "Feature", "geometry": {"type": "LineString", "coordinates": [[6.86947, 45.923807], [6.869282, 45.923867], [6.869115, 45.923907], [6.868952, 45.923962], [6.868896, 45.923964], [6.868788, 45.923992], [6.868735, 45.923997], [6.868536, 45.92398], [6.868479, 45.923986], [6.868342, 45.924016], [6.868238, 45.924099], [6.868189, 45.924148], [6.86815, 45.924154], [6.868058, 45.924182], [6.868005, 45.924189], [6.867949, 45.924165], [6.86784, 45.924153], [6.867767, 45.924163], [6.8676, 45.924204], [6.867569, 45.924216], [6.86753, 45.924394], [6.867517, 45.924453], [6.867511, 45.92448], [6.867467, 45.924668], [6.867244, 45.924713], [6.867228, 45.924728], [6.866518, 45.92492], [6.866479, 45.924986], [6.866531, 45.925136], [6.866652, 45.925367], [6.866726, 45.92558], [6.866725, 45.925642], [6.866813, 45.925734], [6.866829, 45.925938], [6.866886, 45.926242], [6.866614, 45.926068], [6.8664, 45.925975], [6.866015, 45.925912], [6.865659, 45.925886], [6.865552, 45.925865], [6.865286, 45.925796], [6.864754, 45.925688], [6.864632, 45.925645], [6.864416, 45.925605], [6.864072, 45.925513], [6.863703, 45.925438], [6.863174, 45.925274], [6.863036, 45.925261], [6.86294, 45.925241], [6.862804, 45.925228], [6.862766, 45.925218], [6.862737, 45.925202], [6.86261, 45.925207], [6.862282, 45.925247], [6.86214, 45.925252], [6.861952, 45.925236], [6.86178, 45.925175], [6.861708, 45.925178], [6.861676, 45.925186], [6.861606, 45.925219], [6.861528, 45.925271], [6.861452, 45.925334], [6.861409, 45.925369], [6.861328, 45.925395], [6.861273, 45.925422], [6.861243, 45.925426], [6.861144, 45.925424], [6.861048, 45.925413], [6.861015, 45.925343], [6.860957, 45.925334], [6.860905, 45.925305], [6.86085, 45.925263], [6.860811, 45.925221], [6.860697, 45.925036], [6.860502, 45.924612], [6.86021, 45.92431], [6.85989, 45.924053], [6.859607, 45.923871], [6.859339, 45.923799], [6.85894, 45.923796], [6.858543, 45.923726], [6.858335, 45.923731], [6.857977, 45.923785], [6.857397, 45.923735], [6.85703, 45.923744], [6.856836, 45.923733], [6.856419, 45.923774], [6.85629, 45.92383], [6.855886, 45.923535], [6.855527, 45.923382], [6.855292, 45.923315], [6.855023, 45.923356], [6.854749, 45.923295], [6.854619, 45.923248], [6.854367, 45.92324], [6.854046, 45.923241], [6.853925, 45.923212], [6.853613, 45.923083], [6.853458, 45.922932], [6.853399, 45.92282], [6.8534, 45.922725], [6.85317, 45.9226], [6.852923, 45.922574], [6.852804, 45.922515], [6.852701, 45.922443], [6.852075, 45.922166], [6.851943, 45.922144], [6.851864, 45.922121], [6.851597, 45.922008], [6.851509, 45.922007], [6.851279, 45.922026], [6.851248, 45.922018], [6.851142, 45.921955], [6.850981, 45.921884], [6.850906, 45.921873], [6.850739, 45.921863], [6.850687, 45.921852], [6.850641, 45.921853], [6.85062, 45.921843], [6.850602, 45.921812], [6.850626, 45.921787], [6.850785, 45.921668], [6.850817, 45.921632], [6.850852, 45.921561], [6.850867, 45.921451], [6.850888, 45.921409], [6.850884, 45.921386], [6.850777, 45.92129], [6.850734, 45.921235], [6.850693, 45.921161], [6.850647, 45.921104], [6.850558, 45.921044], [6.850303, 45.920911], [6.850202, 45.920792], [6.849946, 45.920552], [6.849829, 45.920401], [6.84979, 45.920379], [6.849748, 45.920381], [6.84955, 45.920454], [6.849501, 45.920463], [6.849427, 45.920464], [6.849327, 45.920447], [6.849288, 45.920447], [6.849237, 45.920435], [6.849167, 45.920391], [6.849084, 45.920305], [6.849045, 45.920294], [6.849037, 45.920301], [6.849038, 45.920314], [6.849126, 45.920454], [6.849165, 45.920534], [6.849232, 45.920622], [6.849252, 45.920636], [6.849304, 45.92065], [6.849405, 45.920663], [6.849426, 45.920673], [6.849409, 45.920687], [6.84918, 45.920721], [6.849178, 45.92073], [6.84924, 45.920757], [6.849297, 45.920773], [6.849431, 45.920786], [6.849462, 45.920794], [6.849528, 45.920846], [6.849563, 45.920897], [6.849617, 45.921022], [6.849658, 45.92119], [6.849735, 45.921286], [6.849757, 45.921331], [6.849775, 45.921407], [6.849759, 45.921416], [6.849716, 45.921373], [6.849625, 45.921317], [6.849573, 45.921302], [6.849484, 45.921253], [6.849343, 45.921149], [6.849278, 45.921117], [6.84921, 45.921095], [6.849139, 45.921084], [6.849005, 45.921104], [6.848944, 45.921117], [6.84884, 45.921162], [6.848787, 45.921162], [6.848761, 45.921146], [6.848684, 45.921038], [6.848601, 45.9209], [6.848561, 45.920864], [6.848512, 45.920828], [6.848154, 45.920612], [6.848023, 45.920519], [6.847996, 45.920492], [6.847931, 45.920399], [6.847845, 45.920203], [6.847819, 45.920179], [6.847788, 45.920162], [6.84772, 45.920136], [6.847487, 45.920081], [6.847289, 45.920025], [6.847125, 45.920028], [6.847064, 45.920001], [6.846811, 45.919913], [6.846661, 45.919879], [6.84652, 45.919877], [6.846439, 45.919887], [6.846337, 45.91986], [6.84611, 45.919822], [6.845891, 45.919698], [6.845825, 45.919518], [6.845822, 45.919288], [6.845426, 45.919149], [6.845351, 45.918945], [6.845226, 45.918833], [6.845111, 45.918765], [6.844535, 45.918565], [6.844379, 45.918442], [6.844535, 45.918565], [6.845111, 45.918765], [6.845226, 45.918833], [6.845351, 45.918945], [6.845426, 45.919149], [6.845822, 45.919288], [6.845825, 45.919518], [6.845891, 45.919698], [6.84611, 45.919822], [6.846337, 45.91986], [6.846439, 45.919887], [6.846488, 45.919923], [6.846679, 45.92003], [6.846861, 45.920183], [6.846958, 45.920332], [6.847063, 45.920411], [6.847174, 45.920456], [6.847187, 45.920525], [6.84705, 45.920887], [6.847076, 45.921036], [6.84728, 45.921206], [6.847284, 45.92132], [6.847222, 45.92146], [6.847149, 45.921766], [6.847276, 45.922102], [6.847291, 45.922305], [6.84732, 45.922396], [6.847308, 45.922409], [6.847286, 45.922411], [6.847272, 45.922404], [6.8472, 45.922313], [6.846997, 45.922087], [6.846825, 45.922013], [6.846588, 45.921768], [6.846348, 45.921594], [6.846208, 45.921553], [6.846124, 45.921516], [6.846037, 45.921442], [6.845961, 45.921275], [6.845822, 45.921221], [6.845603, 45.921203], [6.845354, 45.921245], [6.845061, 45.921254], [6.844874, 45.921218], [6.844728, 45.921138], [6.844509, 45.921101], [6.844215, 45.921025], [6.844114, 45.921025], [6.84395, 45.92104], [6.843815, 45.920993], [6.843709, 45.920998], [6.843509, 45.92093], [6.843332, 45.920812], [6.843017, 45.920714], [6.84269, 45.920596], [6.842448, 45.920598], [6.842229, 45.92062], [6.84175, 45.920687], [6.841071, 45.920802], [6.840831, 45.920863], [6.840793, 45.920856], [6.840643, 45.920663], [6.84065, 45.920485], [6.840536, 45.920372], [6.840413, 45.920225], [6.84025, 45.920165], [6.840107, 45.920147], [6.839727, 45.920226], [6.839636, 45.920262], [6.839665, 45.920309], [6.839751, 45.920383], [6.839801, 45.920473], [6.839939, 45.920854], [6.839898, 45.920942], [6.839921, 45.92107], [6.840037, 45.921232], [6.840101, 45.921284], [6.840093, 45.921318], [6.840179, 45.92147], [6.840364, 45.921521], [6.840504, 45.921478], [6.840797, 45.921587], [6.841043, 45.921588], [6.841216, 45.921579], [6.841567, 45.921626], [6.841723, 45.921623], [6.841814, 45.92164], [6.841876, 45.921683], [6.841943, 45.921749], [6.841982, 45.921832], [6.842147, 45.922126], [6.84226, 45.922231], [6.84233, 45.922329], [6.842457, 45.922481], [6.84253, 45.922528], [6.842619, 45.922546], [6.842681, 45.922574], [6.842846, 45.922755], [6.84294, 45.922781], [6.842995, 45.922815], [6.843148, 45.923046], [6.843206, 45.92317], [6.843378, 45.923307], [6.843395, 45.923369], [6.843352, 45.923532], [6.843318, 45.923584], [6.843266, 45.923614], [6.843252, 45.923728], [6.843239, 45.923772], [6.843305, 45.92392], [6.843389, 45.924029], [6.843559, 45.924145], [6.843684, 45.924255], [6.843774, 45.924297], [6.843892, 45.924431], [6.843916, 45.924549], [6.843895, 45.924624], [6.843944, 45.924762], [6.843971, 45.924811], [6.844025, 45.924859], [6.844239, 45.924911], [6.844455, 45.924983], [6.844533, 45.925], [6.84474, 45.925079], [6.844785, 45.925132], [6.844902, 45.925413], [6.844962, 45.925483], [6.844973, 45.925548], [6.844955, 45.925578], [6.844962, 45.925612], [6.844989, 45.92563], [6.84532, 45.925714], [6.845596, 45.925909], [6.845655, 45.925995], [6.845741, 45.926042], [6.845765, 45.926125], [6.845812, 45.926176], [6.845984, 45.926277], [6.846052, 45.926344], [6.84605, 45.926372], [6.846077, 45.926414], [6.846149, 45.926482], [6.846418, 45.926551], [6.846682, 45.926669], [6.846748, 45.926684], [6.846807, 45.926736], [6.847206, 45.926937], [6.847446, 45.927073], [6.847825, 45.927338], [6.847805, 45.927355], [6.847733, 45.927381], [6.847566, 45.927505], [6.847284, 45.927741], [6.84728, 45.927834], [6.847262, 45.927908], [6.847204, 45.927971], [6.847203, 45.928117], [6.84733, 45.928287], [6.847367, 45.928355], [6.847436, 45.928447], [6.84775, 45.928577], [6.848004, 45.92882], [6.848017, 45.928916], [6.848064, 45.929009], [6.848185, 45.929157], [6.84819, 45.929225], [6.84822, 45.929283], [6.848272, 45.929292], [6.848304, 45.929309], [6.84832, 45.929343], [6.848402, 45.929399], [6.848439, 45.929473], [6.848528, 45.929543], [6.8486, 45.929678], [6.848656, 45.929731], [6.848783, 45.929939], [6.848856, 45.929994], [6.848964, 45.930196], [6.849144, 45.930323], [6.849144, 45.930391], [6.849124, 45.930478], [6.849146, 45.930486], [6.849214, 45.930489], [6.849272, 45.930506], [6.849385, 45.930679], [6.849408, 45.930764], [6.849459, 45.930797], [6.849446, 45.930847], [6.849478, 45.931017], [6.84956, 45.931175], [6.849726, 45.931349], [6.84986, 45.931601], [6.849894, 45.93165], [6.849901, 45.931677], [6.849884, 45.931702], [6.849858, 45.93171], [6.849788, 45.931693], [6.849581, 45.931586], [6.849231, 45.931436], [6.849103, 45.93143], [6.849005, 45.931399], [6.848975, 45.931368], [6.848919, 45.931369], [6.848876, 45.931303], [6.848822, 45.931281], [6.848765, 45.93121], [6.848765, 45.931198], [6.848742, 45.931178], [6.848665, 45.931173], [6.848607, 45.931135], [6.848563, 45.931132], [6.848631, 45.931445], [6.848662, 45.931487], [6.848702, 45.931564], [6.848732, 45.931596], [6.848751, 45.931629], [6.848746, 45.931693], [6.848763, 45.931801], [6.848789, 45.931814], [6.848806, 45.931866], [6.848844, 45.9319], [6.848862, 45.931942], [6.848856, 45.932016], [6.848892, 45.932095], [6.848878, 45.932172], [6.848877, 45.932235], [6.848892, 45.932418], [6.848876, 45.932506], [6.8489, 45.932576], [6.848905, 45.932648], [6.848893, 45.932668], [6.848875, 45.932681], [6.848846, 45.93268], [6.848784, 45.932586], [6.848735, 45.932543], [6.848706, 45.932536], [6.848665, 45.93249], [6.848525, 45.932396], [6.848478, 45.932375], [6.848452, 45.932304], [6.8484, 45.932292], [6.848318, 45.932254], [6.848288, 45.932246], [6.848263, 45.932198], [6.848122, 45.93213], [6.848022, 45.932043], [6.847918, 45.931935], [6.847865, 45.93186], [6.847782, 45.93182], [6.847772, 45.931828], [6.847763, 45.931836], [6.847775, 45.931861], [6.84776, 45.931898], [6.847762, 45.93195], [6.847794, 45.932082], [6.847782, 45.932154], [6.847789, 45.932252], [6.847825, 45.932405], [6.847831, 45.932527], [6.847824, 45.93257], [6.847872, 45.932779], [6.847936, 45.93286], [6.84802, 45.932939], [6.848116, 45.93305], [6.848131, 45.933117], [6.848175, 45.933229], [6.848363, 45.933309], [6.848447, 45.933365], [6.848609, 45.933521], [6.848689, 45.933572], [6.84885, 45.933642], [6.848933, 45.933669], [6.849112, 45.933712], [6.849261, 45.933778], [6.849323, 45.933796], [6.849362, 45.933799], [6.849399, 45.933794], [6.849503, 45.933764], [6.849613, 45.933745], [6.849637, 45.933749], [6.849644, 45.933758], [6.849641, 45.93379], [6.849454, 45.933907], [6.849403, 45.933947], [6.849318, 45.933981], [6.849146, 45.934002], [6.848965, 45.934005], [6.848928, 45.934016], [6.848903, 45.934031], [6.848898, 45.934047], [6.848952, 45.934081], [6.849271, 45.934174], [6.849389, 45.934191], [6.849497, 45.934193], [6.849627, 45.934166], [6.849666, 45.934178], [6.849673, 45.934189], [6.84967, 45.934209], [6.849657, 45.934226], [6.849513, 45.934314], [6.849345, 45.934401], [6.849324, 45.934422], [6.849327, 45.934434], [6.849344, 45.934444], [6.849377, 45.934452], [6.849471, 45.93444], [6.849563, 45.934413], [6.849676, 45.934389], [6.849715, 45.934393], [6.849726, 45.934402], [6.849728, 45.934427], [6.84971, 45.934459], [6.849568, 45.934549], [6.849442, 45.934611], [6.849444, 45.934626], [6.849468, 45.934637], [6.84949, 45.934646], [6.849552, 45.934647], [6.849988, 45.934548], [6.850015, 45.934543], [6.850035, 45.93455], [6.85002, 45.934596], [6.85, 45.934619], [6.84986, 45.93469], [6.849745, 45.934798], [6.849519, 45.934929], [6.849517, 45.93494], [6.849532, 45.934955], [6.849553, 45.934963], [6.84966, 45.934949], [6.850487, 45.93466], [6.850717, 45.934595], [6.851047, 45.93453], [6.851292, 45.934509], [6.851541, 45.934512], [6.851667, 45.934535], [6.851698, 45.934548], [6.851702, 45.934567], [6.851688, 45.934582], [6.851673, 45.934591], [6.851453, 45.93465], [6.85107, 45.934938], [6.851068, 45.934965], [6.851081, 45.934978], [6.851111, 45.934986], [6.851741, 45.93495], [6.851828, 45.934952], [6.851844, 45.93496], [6.85185, 45.934974], [6.851837, 45.934993], [6.85127, 45.935342], [6.850895, 45.935543], [6.850886, 45.935559], [6.850888, 45.935569], [6.85091, 45.935579], [6.850952, 45.935584], [6.851462, 45.935543], [6.851497, 45.935546], [6.851504, 45.935562], [6.851493, 45.935588], [6.851465, 45.935614], [6.851162, 45.935736], [6.850918, 45.935784], [6.850879, 45.935801], [6.850873, 45.93582], [6.85089, 45.935837], [6.850948, 45.935847], [6.851097, 45.935856], [6.851243, 45.935848], [6.851697, 45.935793], [6.852197, 45.935637], [6.852698, 45.935584], [6.852805, 45.935645], [6.852975, 45.935673], [6.853015, 45.935711], [6.85309, 45.935712], [6.85331, 45.935744], [6.853479, 45.935796], [6.853533, 45.935865], [6.853576, 45.935888], [6.853659, 45.935939], [6.853677, 45.935964], [6.853682, 45.935994], [6.853665, 45.936028], [6.853612, 45.936072], [6.853415, 45.936207], [6.85357, 45.936354], [6.85365, 45.936533], [6.853771, 45.93677], [6.853879, 45.93689], [6.854207, 45.9371], [6.854259, 45.937173], [6.854281, 45.937251], [6.854281, 45.937376], [6.854219, 45.937447], [6.853809, 45.937744], [6.853699, 45.937899], [6.853667, 45.938055], [6.853666, 45.938256], [6.853666, 45.938424], [6.853562, 45.938616], [6.853554, 45.93868], [6.853562, 45.938736], [6.853622, 45.938844], [6.853651, 45.938859], [6.853693, 45.938895], [6.853786, 45.939025], [6.8541, 45.93933], [6.854153, 45.939367], [6.85422, 45.939401], [6.854298, 45.939418], [6.854387, 45.939419], [6.854765, 45.939373], [6.854875, 45.939343], [6.854965, 45.939307], [6.855031, 45.939266], [6.855132, 45.939174], [6.855209, 45.939015], [6.855246, 45.938958], [6.8553, 45.938899], [6.855388, 45.938819], [6.855475, 45.938756], [6.855797, 45.938534], [6.855852, 45.938505], [6.855907, 45.938491], [6.855952, 45.938491], [6.855988, 45.9385], [6.856029, 45.938524], [6.856116, 45.938593], [6.856397, 45.938777], [6.856456, 45.938904], [6.856531, 45.939236], [6.856638, 45.939336], [6.856735, 45.939497], [6.856778, 45.939624], [6.856788, 45.939806], [6.856751, 45.94], [6.856638, 45.940198], [6.856394, 45.940491], [6.856352, 45.94056], [6.856332, 45.940621], [6.856332, 45.940683], [6.856353, 45.940744], [6.856389, 45.940801], [6.856434, 45.940847], [6.856534, 45.940913], [6.856641, 45.940999], [6.856717, 45.941081], [6.856813, 45.941224], [6.856891, 45.941301], [6.85701, 45.941394], [6.857116, 45.941494], [6.85719, 45.941564], [6.85724, 45.941627], [6.857298, 45.941705], [6.85737, 45.941872], [6.857379, 45.941962], [6.857371, 45.942031], [6.857352, 45.942093], [6.85726, 45.942229], [6.85718, 45.942313], [6.856976, 45.9425], [6.856686, 45.942977], [6.85644, 45.943212], [6.856263, 45.94341], [6.856193, 45.943623], [6.856204, 45.943768], [6.856257, 45.943899], [6.856338, 45.944023], [6.856504, 45.944085], [6.856708, 45.9441], [6.857051, 45.944093], [6.857518, 45.9441], [6.857706, 45.944093], [6.85791, 45.944055], [6.858167, 45.943969], [6.858693, 45.943843], [6.858845, 45.943776], [6.858987, 45.943465], [6.859128, 45.943303], [6.859381, 45.943023], [6.85954, 45.942914], [6.859666, 45.942863], [6.859846, 45.942811], [6.859988, 45.942784], [6.8601, 45.94278], [6.860368, 45.942804], [6.860628, 45.942847], [6.860855, 45.942892], [6.861049, 45.942951], [6.861203, 45.943019], [6.861308, 45.943083], [6.861396, 45.943156], [6.861826, 45.943675], [6.862386, 45.944189], [6.862523, 45.94429], [6.862654, 45.944353], [6.862766, 45.944377], [6.862903, 45.944385], [6.863022, 45.944373], [6.863106, 45.944344], [6.863376, 45.944126], [6.863446, 45.94408], [6.863526, 45.944049], [6.863919, 45.943993], [6.864112, 45.94396], [6.864232, 45.943925], [6.864406, 45.943813], [6.864485, 45.94379], [6.864571, 45.943797], [6.86465, 45.943819], [6.864929, 45.943926], [6.865048, 45.943953], [6.865165, 45.943958], [6.865508, 45.94391], [6.865681, 45.943873], [6.865937, 45.943769], [6.866183, 45.943629], [6.866265, 45.943602], [6.866414, 45.943617], [6.866656, 45.943686], [6.866785, 45.943715], [6.8669, 45.943724], [6.867033, 45.943708], [6.867124, 45.94368], [6.867181, 45.943649], [6.867193, 45.943621], [6.867186, 45.943586], [6.867144, 45.943566], [6.866919, 45.943526], [6.86684, 45.943505], [6.866778, 45.943477], [6.866686, 45.943416], [6.866375, 45.943104], [6.866287, 45.943038], [6.86621, 45.943007], [6.866108, 45.942988], [6.866014, 45.942996], [6.865897, 45.94303], [6.865781, 45.94305], [6.865679, 45.943049], [6.865597, 45.943027], [6.865518, 45.942982], [6.865429, 45.942901], [6.865327, 45.942779], [6.865148, 45.942502], [6.865078, 45.942408], [6.864965, 45.942326], [6.864833, 45.94229], [6.864747, 45.94229], [6.864665, 45.942299], [6.864403, 45.942355], [6.864313, 45.942363], [6.864236, 45.942364], [6.864163, 45.942353], [6.86411, 45.942332], [6.864041, 45.942283], [6.864, 45.942227], [6.863989, 45.942172], [6.864006, 45.942116], [6.864053, 45.942083], [6.864127, 45.942058], [6.864292, 45.942026], [6.864901, 45.941917], [6.864993, 45.941908], [6.865097, 45.941909], [6.865148, 45.941917], [6.86563, 45.942027], [6.865808, 45.94204], [6.866108, 45.941991], [6.866341, 45.941988], [6.866569, 45.941999], [6.866717, 45.941995], [6.866808, 45.942008], [6.866994, 45.942076], [6.867104, 45.942097], [6.867228, 45.942104], [6.867363, 45.942091], [6.867656, 45.942017], [6.867724, 45.941992], [6.867744, 45.941959], [6.867728, 45.941938], [6.867826, 45.941903], [6.867954, 45.94187], [6.867975, 45.941879], [6.868001, 45.941923], [6.868108, 45.941982], [6.868191, 45.942007], [6.868278, 45.942065], [6.868315, 45.942103], [6.868339, 45.942117], [6.868464, 45.942164], [6.868486, 45.942244], [6.868504, 45.942268], [6.868545, 45.942284], [6.868647, 45.942284], [6.868691, 45.9423], [6.868768, 45.942308], [6.868905, 45.942388], [6.868983, 45.94245], [6.869, 45.942491], [6.868998, 45.942508], [6.868972, 45.942552], [6.868967, 45.942576], [6.868981, 45.942616], [6.869064, 45.942748], [6.869102, 45.942867], [6.869128, 45.942887], [6.86918, 45.942909], [6.869314, 45.943018], [6.869484, 45.943068], [6.869517, 45.943083], [6.869554, 45.943123], [6.869588, 45.94321], [6.869592, 45.94326], [6.869582, 45.943292], [6.86954, 45.943367], [6.869524, 45.943425], [6.869516, 45.943486], [6.869515, 45.943633], [6.869523, 45.943665], [6.869591, 45.943772], [6.869645, 45.943832], [6.869675, 45.943935], [6.869678, 45.94397], [6.869689, 45.943985], [6.869682, 45.943998], [6.86965, 45.944007], [6.869575, 45.944006], [6.869492, 45.944039], [6.869366, 45.944129], [6.869362, 45.944171], [6.869344, 45.944223], [6.869311, 45.944275], [6.869321, 45.944412], [6.869369, 45.944502], [6.869505, 45.944585], [6.869673, 45.944633], [6.869793, 45.944682], [6.869911, 45.944842], [6.869941, 45.944805], [6.869921, 45.944653], [6.869842, 45.944467], [6.869883, 45.94438], [6.869985, 45.944287], [6.870109, 45.944187], [6.870308, 45.943985], [6.870367, 45.943942], [6.870303, 45.943684], [6.870448, 45.94344], [6.870483, 45.943345], [6.870494, 45.943286], [6.870486, 45.943185], [6.870516, 45.94311], [6.870629, 45.943], [6.870696, 45.942947], [6.870705, 45.942922], [6.870697, 45.942864], [6.870664, 45.942759], [6.870668, 45.942699], [6.87062, 45.942629], [6.87053, 45.942538], [6.87026, 45.942369], [6.87019, 45.942261], [6.870157, 45.942184], [6.870162, 45.94209], [6.870188, 45.94205], [6.870163, 45.9419], [6.870129, 45.941808], [6.870082, 45.941767], [6.869898, 45.941658], [6.86984, 45.941605], [6.86981, 45.941561], [6.869776, 45.941508], [6.869725, 45.941419], [6.86973, 45.941349], [6.869708, 45.941268], [6.86965, 45.941162], [6.86958, 45.941106], [6.869553, 45.941057], [6.869543, 45.940995], [6.869511, 45.940895], [6.869509, 45.94075], [6.869491, 45.940723], [6.869367, 45.940614], [6.869318, 45.940538], [6.86933, 45.940475], [6.869356, 45.940447], [6.869312, 45.940347], [6.869312, 45.940236], [6.869406, 45.94005], [6.869416, 45.939992], [6.869389, 45.939924], [6.869409, 45.939854], [6.869404, 45.939804], [6.869371, 45.939785], [6.869324, 45.939772], [6.869201, 45.939773], [6.869157, 45.939787], [6.869087, 45.939783], [6.86894, 45.939755], [6.868755, 45.939709], [6.86878, 45.9397], [6.869121, 45.939691], [6.86957, 45.939605], [6.869623, 45.939582], [6.869666, 45.939578], [6.869647, 45.93956], [6.869623, 45.939553], [6.869472, 45.939564], [6.869245, 45.939547], [6.869086, 45.939501], [6.868873, 45.939503], [6.868776, 45.939491], [6.868588, 45.939434], [6.868479, 45.939416], [6.86825, 45.939448], [6.868118, 45.939437], [6.867998, 45.939436], [6.867838, 45.939449], [6.86769, 45.939424], [6.86761, 45.939379], [6.867565, 45.93932], [6.867437, 45.939274], [6.867452, 45.93918], [6.86751, 45.939104], [6.867503, 45.939024], [6.867347, 45.938914], [6.867364, 45.938787], [6.867374, 45.938623], [6.867374, 45.938462], [6.86735, 45.938367], [6.867295, 45.938237], [6.867293, 45.9382], [6.867311, 45.938137], [6.867423, 45.937976], [6.867481, 45.937857], [6.867502, 45.937836], [6.86756, 45.937817], [6.867595, 45.937819], [6.867632, 45.93783], [6.867661, 45.937854], [6.867743, 45.937961], [6.867792, 45.938006], [6.867922, 45.938096], [6.867983, 45.93813], [6.868072, 45.938163], [6.868112, 45.93817], [6.868142, 45.938168], [6.868172, 45.938155], [6.868196, 45.938136], [6.868209, 45.93811], [6.868207, 45.937953], [6.868247, 45.937749], [6.868272, 45.937654], [6.868349, 45.937459], [6.868475, 45.937295], [6.86865, 45.937146], [6.868832, 45.936973], [6.868916, 45.936922], [6.869085, 45.936793], [6.869208, 45.936713], [6.869282, 45.936675], [6.869459, 45.936599], [6.869493, 45.936572], [6.869514, 45.93654], [6.869524, 45.936509], [6.869524, 45.936473], [6.869452, 45.936318], [6.869391, 45.936067], [6.869322, 45.935952], [6.869402, 45.935914], [6.869406, 45.935882], [6.86939, 45.935855], [6.869325, 45.935801], [6.869267, 45.935741], [6.869151, 45.93554], [6.869041, 45.935288], [6.86899, 45.935116], [6.868958, 45.93506], [6.868889, 45.934966], [6.868815, 45.934805], [6.868731, 45.934672], [6.868597, 45.934515], [6.868376, 45.934305], [6.868077, 45.933964], [6.868024, 45.933918], [6.86798, 45.933859], [6.867918, 45.933731], [6.867889, 45.933705], [6.867881, 45.933672], [6.867899, 45.933592], [6.867885, 45.933486], [6.867802, 45.933325], [6.867757, 45.933216], [6.867724, 45.933169], [6.867637, 45.933076], [6.867619, 45.933037], [6.867574, 45.93274], [6.867582, 45.932408], [6.867574, 45.93226], [6.867531, 45.932124], [6.867536, 45.932097], [6.867552, 45.932024], [6.867625, 45.931987], [6.867582, 45.931856], [6.867576, 45.931688], [6.867603, 45.931491], [6.867598, 45.9313], [6.867737, 45.93133], [6.867812, 45.931173], [6.867871, 45.930957], [6.867716, 45.930405], [6.867603, 45.930162], [6.867549, 45.929909], [6.867544, 45.929722], [6.867474, 45.92955], [6.867372, 45.92939], [6.867297, 45.929196], [6.867222, 45.929147], [6.867431, 45.92908], [6.867689, 45.929047], [6.867737, 45.928976], [6.867735, 45.928851], [6.867713, 45.928754], [6.86779, 45.928588], [6.867629, 45.928565], [6.867461, 45.928529], [6.867195, 45.928397], [6.867121, 45.92835], [6.867251, 45.928288], [6.867446, 45.928249], [6.867482, 45.928226], [6.867798, 45.927452], [6.867846, 45.92737], [6.86786, 45.92727], [6.867843, 45.927227], [6.867628, 45.92697], [6.867276, 45.926579], [6.866886, 45.926242], [6.866829, 45.925938], [6.866813, 45.925734], [6.866725, 45.925642], [6.866726, 45.92558], [6.866652, 45.925367], [6.866531, 45.925136], [6.866479, 45.924986], [6.866518, 45.92492], [6.867228, 45.924728], [6.867244, 45.924713], [6.867467, 45.924668], [6.867511, 45.92448], [6.867517, 45.924453], [6.86753, 45.924394], [6.867569, 45.924216], [6.8676, 45.924204], [6.867767, 45.924163], [6.86784, 45.924153], [6.867949, 45.924165], [6.868005, 45.924189], [6.868058, 45.924182], [6.86815, 45.924154], [6.868189, 45.924148], [6.868238, 45.924099], [6.868342, 45.924016], [6.868479, 45.923986], [6.868536, 45.92398], [6.868735, 45.923997], [6.868788, 45.923992], [6.868896, 45.923964], [6.868952, 45.923962], [6.869115, 45.923907], [6.869282, 45.923867], [6.86947, 45.923807]]}, "properties": {"heading": 306, "length_km": 14.461, "retrace": 0.096}}, {"type": "Feature", "geometry": {"type": "LineString", "coordinates": [[6.86947, 45.923807], [6.869282, 45.923867], [6.869115, 45.923907], [6.868952, 45.923962], [6.868896, 45.923964], [6.868788, 45.923992], [6.868735, 45.923997], [6.868536, 45.92398], [6.868479, 45.923986], [6.868342, 45.924016], [6.868238, 45.924099], [6.868189, 45.924148], [6.86815, 45.924154], [6.868058, 45.924182], [6.868005, 45.924189], [6.867949, 45.924165], [6.86784, 45.924153], [6.867767, 45.924163], [6.8676, 45.924204], [6.867569, 45.924216], [6.86753, 45.924394], [6.867517, 45.924453], [6.867511, 45.92448], [6.867467, 45.924668], [6.867244, 45.924713], [6.867228, 45.924728], [6.866518, 45.92492], [6.866479, 45.924986], [6.866531, 45.925136], [6.866652, 45.925367], [6.866726, 45.92558], [6.866725, 45.925642], [6.866813, 45.925734], [6.866829, 45.925938], [6.866886, 45.926242], [6.866614, 45.926068], [6.8664, 45.925975], [6.866015, 45.925912], [6.865659, 45.925886], [6.865552, 45.925865], [6.865286, 45.925796], [6.864754, 45.925688], [6.864632, 45.925645], [6.864416, 45.925605], [6.864072, 45.925513], [6.863703, 45.925438], [6.863174, 45.925274], [6.863036, 45.925261], [6.86294, 45.925241], [6.862804, 45.925228], [6.862766, 45.925218], [6.862737, 45.925202], [6.86261, 45.925207], [6.862282, 45.925247], [6.86214, 45.925252], [6.861952, 45.925236], [6.86178, 45.925175], [6.861708, 45.925178], [6.861676, 45.925186], [6.861606, 45.925219], [6.861528, 45.925271], [6.861452, 45.925334], [6.861409, 45.925369], [6.861328, 45.925395], [6.861273, 45.925422], [6.861243, 45.925426], [6.861144, 45.925424], [6.861048, 45.925413], [6.861015, 45.925343], [6.860957, 45.925334], [6.860905, 45.925305], [6.86085, 45.925263], [6.860811, 45.925221], [6.860697, 45.925036], [6.860502, 45.924612], [6.86021, 45.92431], [6.85989, 45.924053], [6.859607, 45.923871], [6.859339, 45.923799], [6.85894, 45.923796], [6.858543, 45.923726], [6.858335, 45.923731], [6.857977, 45.923785], [6.857397, 45.923735], [6.85703, 45.923744], [6.856836, 45.923733], [6.856419, 45.923774], [6.85629, 45.92383], [6.855886, 45.923535], [6.855527, 45.923382], [6.855292, 45.923315], [6.855023, 45.923356], [6.854749, 45.923295], [6.854619, 45.923248], [6.854367, 45.92324], [6.854046, 45.923241], [6.853925, 45.923212], [6.853613, 45.923083], [6.853458, 45.922932], [6.853399, 45.92282], [6.8534, 45.922725], [6.85317, 45.9226], [6.852923, 45.922574], [6.852804, 45.922515], [6.852701, 45.922443], [6.852075, 45.922166], [6.851943, 45.922144], [6.851864, 45.922121], [6.851597, 45.922008], [6.851509, 45.922007], [6.851279, 45.922026], [6.851248, 45.922018], [6.851142, 45.921955], [6.850981, 45.921884], [6.850906, 45.921873], [6.850739, 45.921863], [6.850687, 45.921852], [6.850641, 45.921853], [6.85062, 45.921843], [6.850602, 45.921812], [6.850626, 45.921787], [6.850785, 45.921668], [6.850817, 45.921632], [6.850852, 45.921561], [6.850867, 45.921451], [6.850888, 45.921409], [6.850884, 45.921386], [6.850777, 45.92129], [6.850734, 45.921235], [6.850693, 45.921161], [6.850647, 45.921104], [6.850558, 45.921044], [6.850303, 45.920911], [6.850202, 45.920792], [6.849946, 45.920552], [6.849829, 45.920401], [6.84979, 45.920379], [6.849748, 45.920381], [6.84955, 45.920454], [6.849501, 45.920463], [6.849427, 45.920464], [6.849327, 45.920447], [6.849288, 45.920447], [6.849237, 45.920435], [6.849167, 45.920391], [6.849084, 45.920305], [6.849045, 45.920294], [6.849037, 45.920301], [6.849038, 45.920314], [6.849126, 45.920454], [6.849165, 45.920534], [6.849232, 45.920622], [6.849252, 45.920636], [6.849304, 45.92065], [6.849405, 45.920663], [6.849426, 45.920673], [6.849409, 45.920687], [6.84918, 45.920721], [6.849178, 45.92073], [6.84924, 45.920757], [6.849297, 45.920773], [6.849431, 45.920786], [6.849462, 45.920794], [6.849528, 45.920846], [6.849563, 45.920897], [6.849617, 45.921022], [6.849658, 45.92119], [6.849735, 45.921286], [6.849757, 45.921331], [6.849775, 45.921407], [6.849759, 45.921416], [6.849716, 45.921373], [6.849625, 45.921317], [6.849573, 45.921302], [6.849484, 45.921253], [6.849343, 45.921149], [6.849278, 45.921117], [6.84921, 45.921095], [6.849139, 45.921084], [6.849005, 45.921104], [6.848944, 45.921117], [6.84884, 45.921162], [6.848787, 45.921162], [6.848761, 45.921146], [6.848684, 45.921038], [6.848601, 45.9209], [6.848561, 45.920864], [6.848512, 45.920828], [6.848154, 45.920612], [6.848023, 45.920519], [6.847996, 45.920492], [6.847931, 45.920399], [6.847845, 45.920203], [6.847819, 45.920179], [6.847788, 45.920162], [6.84772, 45.920136], [6.847487, 45.920081], [6.847289, 45.920025], [6.847125, 45.920028], [6.847064, 45.920001], [6.846811, 45.919913], [6.846661, 45.919879], [6.84652, 45.919877], [6.846439, 45.919887], [6.846488, 45.919923], [6.846679, 45.92003], [6.846861, 45.920183], [6.846958, 45.920332], [6.847063, 45.920411], [6.847174, 45.920456], [6.847187, 45.920525], [6.84705, 45.920887], [6.847076, 45.921036], [6.84728, 45.921206], [6.847284, 45.92132], [6.847222, 45.92146], [6.847149, 45.921766], [6.847276, 45.922102], [6.847291, 45.922305], [6.84732, 45.922396], [6.847308, 45.922409], [6.847286, 45.922411], [6.847272, 45.922404], [6.8472, 45.922313], [6.846997, 45.922087], [6.846825, 45.922013], [6.846588, 45.921768], [6.846348, 45.921594], [6.846208, 45.921553], [6.846124, 45.921516], [6.846037, 45.921442], [6.845961, 45.921275], [6.845822, 45.921221], [6.845603, 45.921203], [6.845354, 45.921245], [6.845061, 45.921254], [6.844874, 45.921218], [6.844728, 45.921138], [6.844509, 45.921101], [6.844215, 45.921025], [6.844114, 45.921025], [6.84395, 45.92104], [6.843815, 45.920993], [6.843709, 45.920998], [6.843509, 45.92093], [6.843332, 45.920812], [6.843017, 45.920714], [6.84269, 45.920596], [6.842448, 45.920598], [6.842229, 45.92062], [6.84175, 45.920687], [6.841071, 45.920802], [6.840831, 45.920863], [6.840793, 45.920856], [6.840643, 45.920663], [6.84065, 45.920485], [6.840536, 45.920372], [6.840413, 45.920225], [6.84025, 45.920165], [6.840107, 45.920147], [6.839727, 45.920226], [6.839636, 45.920262], [6.839665, 45.920309], [6.839751, 45.920383], [6.839801, 45.920473], [6.839939, 45.920854], [6.839898, 45.920942], [6.839921, 45.92107], [6.840037, 45.921232], [6.840101, 45.921284], [6.840093, 45.921318], [6.840179, 45.92147], [6.840364, 45.921521], [6.840504, 45.921478], [6.840797, 45.921587], [6.841043, 45.921588], [6.841216, 45.921579], [6.841567, 45.921626], [6.841723, 45.921623], [6.841814, 45.92164], [6.841876, 45.921683], [6.841943, 45.921749], [6.841982, 45.921832], [6.842147, 45.922126], [6.84226, 45.922231], [6.84233, 45.922329], [6.842457, 45.922481], [6.84253, 45.922528], [6.842619, 45.922546], [6.842681, 45.922574], [6.842846, 45.922755], [6.84294, 45.922781], [6.842995, 45.922815], [6.843148, 45.923046], [6.843206, 45.92317], [6.843378, 45.923307], [6.843395, 45.923369], [6.843352, 45.923532], [6.843318, 45.923584], [6.843266, 45.923614], [6.843252, 45.923728], [6.843239, 45.923772], [6.843305, 45.92392], [6.843389, 45.924029], [6.843559, 45.924145], [6.843684, 45.924255], [6.843774, 45.924297], [6.843892, 45.924431], [6.843916, 45.924549], [6.843895, 45.924624], [6.843944, 45.924762], [6.843971, 45.924811], [6.844025, 45.924859], [6.844239, 45.924911], [6.844455, 45.924983], [6.844533, 45.925], [6.84474, 45.925079], [6.844785, 45.925132], [6.844902, 45.925413], [6.844962, 45.925483], [6.844973, 45.925548], [6.844955, 45.925578], [6.844962, 45.925612], [6.844989, 45.92563], [6.84532, 45.925714], [6.845596, 45.925909], [6.845655, 45.925995], [6.845741, 45.926042], [6.845765, 45.926125], [6.845812, 45.926176], [6.845984, 45.926277], [6.846052, 45.926344], [6.84605, 45.926372], [6.846077, 45.926414], [6.846149, 45.926482], [6.846418, 45.926551], [6.846682, 45.926669], [6.846748, 45.926684], [6.846807, 45.926736], [6.847206, 45.926937], [6.847446, 45.927073], [6.847825, 45.927338], [6.847805, 45.927355], [6.847733, 45.927381], [6.847566, 45.927505], [6.847284, 45.927741], [6.84728, 45.927834], [6.847262, 45.927908], [6.847204, 45.927971], [6.847203, 45.928117], [6.84733, 45.928287], [6.847367, 45.928355], [6.847436, 45.928447], [6.84775, 45.928577], [6.848004, 45.92882], [6.848017, 45.928916], [6.848064, 45.929009], [6.848185, 45.929157], [6.84819, 45.929225], [6.84822, 45.929283], [6.848272, 45.929292], [6.848304, 45.929309], [6.84832, 45.929343], [6.848402, 45.929399], [6.848439, 45.929473], [6.848528, 45.929543], [6.8486, 45.929678], [6.848656, 45.929731], [6.848783, 45.929939], [6.848856, 45.929994], [6.848964, 45.930196], [6.849144, 45.930323], [6.849144, 45.930391], [6.849124, 45.930478], [6.849146, 45.930486], [6.849214, 45.930489], [6.849272, 45.930506], [6.849385, 45.930679], [6.849408, 45.930764], [6.849459, 45.930797], [6.849446, 45.930847], [6.849478, 45.931017], [6.84956, 45.931175], [6.849726, 45.931349], [6.84986, 45.931601], [6.849894, 45.93165], [6.849901, 45.931677], [6.849884, 45.931702], [6.849858, 45.93171], [6.849788, 45.931693], [6.849581, 45.931586], [6.849231, 45.931436], [6.849103, 45.93143], [6.849005, 45.931399], [6.848975, 45.931368], [6.848919, 45.931369], [6.848876, 45.931303], [6.848822, 45.931281], [6.848765, 45.93121], [6.848765, 45.931198], [6.848742, 45.931178], [6.848665, 45.931173], [6.848607, 45.931135], [6.848563, 45.931132], [6.848631, 45.931445], [6.848662, 45.931487], [6.848702, 45.931564], [6.848732, 45.931596], [6.848751, 45.931629], [6.848746, 45.931693], [6.848763, 45.931801], [6.848789, 45.931814], [6.848806, 45.931866], [6.848844, 45.9319], [6.848862, 45.931942], [6.848856, 45.932016], [6.848892, 45.932095], [6.848878, 45.932172], [6.848877, 45.932235], [6.848892, 45.932418], [6.848876, 45.932506], [6.8489, 45.932576], [6.848905, 45.932648], [6.848893, 45.932668], [6.848875, 45.932681], [6.848846, 45.93268], [6.848784, 45.932586], [6.848735, 45.932543], [6.848706, 45.932536], [6.848665, 45.93249], [6.848525, 45.932396], [6.848478, 45.932375], [6.848452, 45.932304], [6.8484, 45.932292], [6.848318, 45.932254], [6.848288, 45.932246], [6.848263, 45.932198], [6.848122, 45.93213], [6.848022, 45.932043], [6.847918, 45.931935], [6.847865, 45.93186], [6.847782, 45.93182], [6.847772, 45.931828], [6.847763, 45.931836], [6.847775, 45.931861], [6.84776, 45.931898], [6.847762, 45.93195], [6.847794, 45.932082], [6.847782, 45.932154], [6.847789, 45.932252], [6.847825, 45.932405], [6.847831, 45.932527], [6.847824, 45.93257], [6.847872, 45.932779], [6.847936, 45.93286], [6.84802, 45.932939], [6.848116, 45.93305], [6.848131, 45.933117], [6.848175, 45.933229], [6.848363, 45.933309], [6.848447, 45.933365], [6.848609, 45.933521], [6.848689, 45.933572], [6.84885, 45.933642], [6.848933, 45.933669], [6.849112, 45.933712], [6.849261, 45.933778], [6.849323, 45.933796], [6.849362, 45.933799], [6.849399, 45.933794], [6.849503, 45.933764], [6.849613, 45.933745], [6.849637, 45.933749], [6.849644, 45.933758], [6.849641, 45.93379], [6.849454, 45.933907], [6.849403, 45.933947], [6.849318, 45.933981], [6.849146, 45.934002], [6.848965, 45.934005], [6.848928, 45.934016], [6.848903, 45.934031], [6.848898, 45.934047], [6.848903, 45.934031], [6.848928, 45.934016], [6.848965, 45.934005], [6.849146, 45.934002], [6.849318, 45.933981], [6.849403, 45.933947], [6.849454, 45.933907], [6.849641, 45.93379], [6.849644, 45.933758], [6.849637, 45.933749], [6.849613, 45.933745], [6.849503, 45.933764], [6.849399, 45.933794], [6.849362, 45.933799], [6.849323, 45.933796], [6.849261, 45.933778], [6.849112, 45.933712], [6.848933, 45.933669], [6.84885, 45.933642], [6.848689, 45.933572], [6.848609, 45.933521], [6.848447, 45.933365], [6.848363, 45.933309], [6.848175, 45.933229], [6.848131, 45.933117], [6.848116, 45.93305], [6.84802, 45.932939], [6.847936, 45.93286], [6.847872, 45.932779], [6.847824, 45.93257], [6.847831, 45.932527], [6.847825, 45.932405], [6.847789, 45.932252], [6.847782, 45.932154], [6.847794, 45.932082], [6.847762, 45.93195], [6.84776, 45.931898], [6.847775, 45.931861], [6.847763, 45.931836], [6.847772, 45.931828], [6.847782, 45.93182], [6.847865, 45.93186], [6.847918, 45.931935], [6.848022, 45.932043], [6.848122, 45.93213], [6.848263, 45.932198], [6.848288, 45.932246], [6.848318, 45.932254], [6.8484, 45.932292], [6.848452, 45.932304], [6.848478, 45.932375], [6.848525, 45.932396], [6.848665, 45.93249], [6.848706, 45.932536], [6.848735, 45.932543], [6.848784, 45.932586], [6.848846, 45.93268], [6.848875, 45.932681], [6.848893, 45.932668], [6.848905, 45.932648], [6.8489, 45.932576], [6.848876, 45.932506], [6.848892, 45.932418], [6.848877, 45.932235], [6.848878, 45.932172], [6.848892, 45.932095], [6.848856, 45.932016], [6.848862, 45.931942], [6.848844, 45.9319], [6.848806, 45.931866], [6.848789, 45.931814], [6.848763, 45.931801], [6.848746, 45.931693], [6.848751, 45.931629], [6.848732, 45.931596], [6.848702, 45.931564], [6.848662, 45.931487], [6.848631, 45.931445], [6.848563, 45.931132], [6.848607, 45.931135], [6.848665, 45.931173], [6.848742, 45.931178], [6.848765, 45.931198], [6.848765, 45.93121], [6.848822, 45.931281], [6.848876, 45.931303], [6.848919, 45.931369], [6.848975, 45.931368], [6.849005, 45.931399], [6.849103, 45.93143], [6.849231, 45.931436], [6.849581, 45.931586], [6.849788, 45.931693], [6.849858, 45.93171], [6.849884, 45.931702], [6.849901, 45.931677], [6.849894, 45.93165], [6.84986, 45.931601], [6.849726, 45.931349], [6.84956, 45.931175], [6.849478, 45.931017], [6.849446, 45.930847], [6.849459, 45.930797], [6.849502, 45.930808], [6.849519, 45.930841], [6.849623, 45.930877], [6.849713, 45.930931], [6.849807, 45.930918], [6.850169, 45.930996], [6.850253, 45.930996], [6.850399, 45.931085], [6.850499, 45.931087], [6.850543, 45.9311], [6.850609, 45.931128], [6.850656, 45.931169], [6.850756, 45.931182], [6.850852, 45.931225], [6.850995, 45.931209], [6.851268, 45.931119], [6.851438, 45.931113], [6.851754, 45.931156], [6.851848, 45.93115], [6.852042, 45.931097], [6.852251, 45.931079], [6.852399, 45.930998], [6.853096, 45.930798], [6.853275, 45.930769], [6.853472, 45.930653], [6.853601, 45.930616], [6.853607, 45.930552], [6.85366, 45.930502], [6.853885, 45.93058], [6.854089, 45.930576], [6.854281, 45.930487], [6.854561, 45.930331], [6.854658, 45.93033], [6.854832, 45.93029], [6.854958, 45.930249], [6.855269, 45.930078], [6.855309, 45.929972], [6.855408, 45.929868], [6.855441, 45.929814], [6.855461, 45.9298], [6.85548, 45.929791], [6.855505, 45.929792], [6.855528, 45.929804], [6.855584, 45.929866], [6.855646, 45.929911], [6.855707, 45.929944], [6.855799, 45.929979], [6.855895, 45.930005], [6.856235, 45.930064], [6.856341, 45.930076], [6.856399, 45.930076], [6.856515, 45.930065], [6.856556, 45.930054], [6.856723, 45.930039], [6.856788, 45.93004], [6.856851, 45.930049], [6.856949, 45.930047], [6.857147, 45.930015], [6.857237, 45.930011], [6.857279, 45.930042], [6.857348, 45.930182], [6.857385, 45.930227], [6.857445, 45.930285], [6.857509, 45.930326], [6.857578, 45.93035], [6.857694, 45.930425], [6.857903, 45.930471], [6.858089, 45.930602], [6.858222, 45.930666], [6.858577, 45.930599], [6.85916, 45.930515], [6.859444, 45.930491], [6.859744, 45.93064], [6.860023, 45.930651], [6.860318, 45.930629], [6.86064, 45.93067], [6.861396, 45.930856], [6.862094, 45.930853], [6.86241, 45.931002], [6.862829, 45.931084], [6.862907, 45.931496], [6.863176, 45.931577], [6.863355, 45.931655], [6.863416, 45.931762], [6.863558, 45.931873], [6.863601, 45.932049], [6.863827, 45.932081], [6.86395, 45.932173], [6.864086, 45.932419], [6.864449, 45.932569], [6.864661, 45.932627], [6.8648, 45.93277], [6.865036, 45.93291], [6.865144, 45.933011], [6.8651, 45.933162], [6.865063, 45.933327], [6.864921, 45.933611], [6.864916, 45.933641], [6.86493, 45.933681], [6.864942, 45.933687], [6.86494, 45.933702], [6.86491, 45.933733], [6.864838, 45.933788], [6.864771, 45.933851], [6.864699, 45.93394], [6.864525, 45.934104], [6.864466, 45.934233], [6.864386, 45.934357], [6.864354, 45.93444], [6.864284, 45.934513], [6.864248, 45.934565], [6.864184, 45.934603], [6.864161, 45.934633], [6.864167, 45.934662], [6.864191, 45.93468], [6.864338, 45.934726], [6.864372, 45.934743], [6.864417, 45.934785], [6.864478, 45.934827], [6.864608, 45.934852], [6.864771, 45.934936], [6.864966, 45.935072], [6.865015, 45.935138], [6.865131, 45.935189], [6.865176, 45.935218], [6.865229, 45.935299], [6.865303, 45.935337], [6.865324, 45.935339], [6.865408, 45.935333], [6.865532, 45.935369], [6.86561, 45.935377], [6.865671, 45.935401], [6.865839, 45.935474], [6.865945, 45.935557], [6.866021, 45.935603], [6.866241, 45.935716], [6.866295, 45.935734], [6.866481, 45.935764], [6.866579, 45.935791], [6.866725, 45.935815], [6.866869, 45.935821], [6.866902, 45.935828], [6.866948, 45.935864], [6.867062, 45.936025], [6.867069, 45.93608], [6.86711, 45.936157], [6.867244, 45.936268], [6.867254, 45.936291], [6.867254, 45.936316], [6.867235, 45.936338], [6.867058, 45.93643], [6.866876, 45.936513], [6.866844, 45.936522], [6.866821, 45.936522], [6.866768, 45.936511], [6.866733, 45.93651], [6.866612, 45.936527], [6.866397, 45.936601], [6.866113, 45.936726], [6.865978, 45.936832], [6.865868, 45.936995], [6.86575, 45.9371], [6.865724, 45.937134], [6.865702, 45.937202], [6.865671, 45.937235], [6.86563, 45.937255], [6.865547, 45.937271], [6.865495, 45.937291], [6.865449, 45.937319], [6.865302, 45.937441], [6.86526, 45.937464], [6.865165, 45.937567], [6.865086, 45.937721], [6.865023, 45.937822], [6.864965, 45.937895], [6.864853, 45.938129], [6.864812, 45.938243], [6.864767, 45.938479], [6.864784, 45.93854], [6.864858, 45.9387], [6.864893, 45.938756], [6.864926, 45.938775], [6.864962, 45.938809], [6.864992, 45.938858], [6.865008, 45.93895], [6.864998, 45.938972], [6.864975, 45.938996], [6.864855, 45.939086], [6.864784, 45.939193], [6.864739, 45.939222], [6.864682, 45.939241], [6.864661, 45.939268], [6.864666, 45.939301], [6.864696, 45.939332], [6.864751, 45.939366], [6.864766, 45.939393], [6.864775, 45.939423], [6.864763, 45.939465], [6.86476, 45.93952], [6.864812, 45.939659], [6.864813, 45.939684], [6.864702, 45.939835], [6.864655, 45.93987], [6.864625, 45.939907], [6.864531, 45.940097], [6.864453, 45.94018], [6.864421, 45.940194], [6.864348, 45.940197], [6.864327, 45.940208], [6.864297, 45.940236], [6.864285, 45.94027], [6.864288, 45.940305], [6.864315, 45.940337], [6.864383, 45.940373], [6.864471, 45.940384], [6.864613, 45.940379], [6.864668, 45.940383], [6.864739, 45.9404], [6.864798, 45.940425], [6.86485, 45.940434], [6.864879, 45.940447], [6.864958, 45.940552], [6.864969, 45.94059], [6.864958, 45.940613], [6.86491, 45.940669], [6.864909, 45.940706], [6.86492, 45.940739], [6.864936, 45.940758], [6.864968, 45.94077], [6.865044, 45.94077], [6.865115, 45.940801], [6.865155, 45.94081], [6.865199, 45.940809], [6.865264, 45.940826], [6.865341, 45.940831], [6.86542, 45.940849], [6.865476, 45.940875], [6.865564, 45.9409], [6.865613, 45.940901], [6.865745, 45.940884], [6.865925, 45.940941], [6.866009, 45.94096], [6.866062, 45.940985], [6.866094, 45.941009], [6.86621, 45.941054], [6.86627, 45.941064], [6.866406, 45.941102], [6.866517, 45.94114], [6.866635, 45.941165], [6.866711, 45.941174], [6.86687, 45.941177], [6.866952, 45.941186], [6.867182, 45.94124], [6.867242, 45.941249], [6.867297, 45.941238], [6.867324, 45.941216], [6.867321, 45.941196], [6.867298, 45.941179], [6.867172, 45.941134], [6.866953, 45.94103], [6.866752, 45.940956], [6.866652, 45.940911], [6.866553, 45.940854], [6.866498, 45.940809], [6.866435, 45.940744], [6.866312, 45.940605], [6.866255, 45.940567], [6.866182, 45.940553], [6.865931, 45.940524], [6.865718, 45.94048], [6.865406, 45.940341], [6.86535, 45.940236], [6.865331, 45.940115], [6.865384, 45.94001], [6.865429, 45.939989], [6.865495, 45.940005], [6.86559, 45.940093], [6.865658, 45.940133], [6.865785, 45.940143], [6.865969, 45.940128], [6.866158, 45.940102], [6.866204, 45.940074], [6.866197, 45.940033], [6.866139, 45.940006], [6.865982, 45.939953], [6.86595, 45.939901], [6.866017, 45.939807], [6.866094, 45.939784], [6.866234, 45.939803], [6.86679, 45.939969], [6.866844, 45.93997], [6.866895, 45.93996], [6.866901, 45.939915], [6.866646, 45.939667], [6.86665, 45.939625], [6.866672, 45.939592], [6.866732, 45.939585], [6.866818, 45.939608], [6.86707, 45.939693], [6.867248, 45.939702], [6.867483, 45.939684], [6.867545, 45.939666], [6.867573, 45.939629], [6.86754, 45.939584], [6.867377, 45.939485], [6.867259, 45.939346], [6.867226, 45.939278], [6.867239, 45.939207], [6.867323, 45.939079], [6.867347, 45.938914], [6.867503, 45.939024], [6.86751, 45.939104], [6.867452, 45.93918], [6.867437, 45.939274], [6.867565, 45.93932], [6.86761, 45.939379], [6.86769, 45.939424], [6.867838, 45.939449], [6.867998, 45.939436], [6.868118, 45.939437], [6.86825, 45.939448], [6.868479, 45.939416], [6.868588, 45.939434], [6.868776, 45.939491], [6.868873, 45.939503], [6.869086, 45.939501], [6.869245, 45.939547], [6.869472, 45.939564], [6.869623, 45.939553], [6.869647, 45.93956], [6.869666, 45.939578], [6.869623, 45.939582], [6.86957, 45.939605], [6.869121, 45.939691], [6.86878, 45.9397], [6.868755, 45.939709], [6.86894, 45.939755], [6.869087, 45.939783], [6.869157, 45.939787], [6.869201, 45.939773], [6.869324, 45.939772], [6.869371, 45.939785], [6.869404, 45.939804], [6.869429, 45.939799], [6.869448, 45.939806], [6.869458, 45.939822], [6.869451, 45.93984], [6.869455, 45.939864], [6.869475, 45.939917], [6.869535, 45.93999], [6.86956, 45.940069], [6.86956, 45.940163], [6.869571, 45.940222], [6.869605, 45.940273], [6.869749, 45.940438], [6.869862, 45.940504], [6.869986, 45.94062], [6.870048, 45.940665], [6.87011, 45.940699], [6.870198, 45.940729], [6.870293, 45.940748], [6.870484, 45.940811], [6.870722, 45.940932], [6.870795, 45.94098], [6.870955, 45.941106], [6.871026, 45.941142], [6.871086, 45.941164], [6.871252, 45.941183], [6.871305, 45.941201], [6.871342, 45.941223], [6.871394, 45.941301], [6.871424, 45.941328], [6.871474, 45.941351], [6.871576, 45.941377], [6.871654, 45.941428], [6.871887, 45.941465], [6.871964, 45.941467], [6.872053, 45.941481], [6.872128, 45.9415], [6.872317, 45.941529], [6.872337, 45.941523], [6.872351, 45.94151], [6.872235, 45.941448], [6.872138, 45.941365], [6.872025, 45.941311], [6.872005, 45.941293], [6.871978, 45.941234], [6.871889, 45.941119], [6.871875, 45.941085], [6.871856, 45.940961], [6.87175, 45.940845], [6.871671, 45.940634], [6.871663, 45.940591], [6.871592, 45.940469], [6.871376, 45.940157], [6.871321, 45.940096], [6.871189, 45.939973], [6.871105, 45.939862], [6.871083, 45.939774], [6.871067, 45.93951], [6.871057, 45.939471], [6.87103, 45.939423], [6.870975, 45.939284], [6.870976, 45.93923], [6.870944, 45.939096], [6.870944, 45.939065], [6.870967, 45.939008], [6.870955, 45.938959], [6.870982, 45.938903], [6.870979, 45.938838], [6.870912, 45.938695], [6.870835, 45.938556], [6.870799, 45.93845], [6.870773, 45.9384], [6.87078, 45.938389], [6.870802, 45.93839], [6.870943, 45.938511], [6.870998, 45.938552], [6.871059, 45.938583], [6.871104, 45.938616], [6.871164, 45.93868], [6.871251, 45.938754], [6.871337, 45.938852], [6.871445, 45.938934], [6.871541, 45.939021], [6.871772, 45.93918], [6.871805, 45.939197], [6.871894, 45.939203], [6.871976, 45.939221], [6.872095, 45.939231], [6.872138, 45.939242], [6.872177, 45.939262], [6.872335, 45.939317], [6.872495, 45.939346], [6.872635, 45.939391], [6.872772, 45.939439], [6.872853, 45.939474], [6.872945, 45.939529], [6.87313, 45.939615], [6.873202, 45.939671], [6.873257, 45.939703], [6.873308, 45.939721], [6.873427, 45.939737], [6.873548, 45.939767], [6.873629, 45.939795], [6.873826, 45.939884], [6.873953, 45.939934], [6.873794, 45.939779], [6.873885, 45.939799], [6.874069, 45.939904], [6.874335, 45.940025], [6.87463, 45.940255], [6.874757, 45.94034], [6.874821, 45.940409], [6.874988, 45.940482], [6.875263, 45.940646], [6.875823, 45.940923], [6.875902, 45.940971], [6.875963, 45.941], [6.876082, 45.941038], [6.876125, 45.941042], [6.876163, 45.941037], [6.876296, 45.940988], [6.876686, 45.940922], [6.877021, 45.940874], [6.877179, 45.940871], [6.877347, 45.940893], [6.877179, 45.940871], [6.877021, 45.940874], [6.876686, 45.940922], [6.876296, 45.940988], [6.876163, 45.941037], [6.876125, 45.941042], [6.876082, 45.941038], [6.875963, 45.941], [6.875902, 45.940971], [6.875823, 45.940923], [6.875263, 45.940646], [6.874988, 45.940482], [6.874821, 45.940409], [6.874757, 45.94034], [6.87463, 45.940255], [6.874335, 45.940025], [6.874069, 45.939904], [6.873885, 45.939799], [6.873794, 45.939779], [6.873645, 45.939662], [6.873322, 45.939446], [6.873161, 45.939307], [6.872681, 45.938997], [6.872615, 45.938935], [6.872416, 45.938697], [6.872341, 45.938634], [6.872229, 45.938626], [6.872155, 45.938601], [6.872079, 45.938564], [6.87199, 45.938499], [6.871921, 45.938436], [6.871795, 45.938267], [6.871752, 45.938218], [6.871695, 45.93817], [6.871298, 45.937909], [6.871219, 45.937727], [6.871183, 45.937685], [6.871043, 45.937596], [6.870751, 45.937448], [6.870658, 45.937384], [6.87055, 45.937339], [6.870506, 45.937311], [6.870476, 45.937272], [6.870397, 45.937123], [6.870304, 45.937066], [6.870287, 45.937041], [6.870285, 45.93701], [6.870295, 45.936986], [6.870322, 45.936968], [6.870413, 45.93693], [6.870503, 45.936878], [6.870619, 45.936789], [6.870648, 45.936753], [6.870666, 45.936716], [6.870675, 45.936681], [6.870672, 45.936645], [6.870598, 45.9365], [6.87058, 45.936448], [6.870571, 45.936296], [6.870561, 45.936267], [6.870533, 45.936243], [6.870438, 45.936192], [6.870401, 45.936165], [6.870221, 45.936014], [6.87019, 45.935986], [6.870167, 45.935932], [6.87014, 45.935905], [6.870042, 45.935857], [6.87001, 45.935833], [6.869914, 45.935698], [6.869875, 45.935658], [6.869789, 45.9356], [6.869607, 45.935449], [6.869536, 45.935399], [6.869414, 45.935287], [6.869302, 45.935165], [6.869251, 45.935119], [6.869133, 45.935031], [6.868896, 45.934793], [6.868731, 45.934672], [6.868597, 45.934515], [6.868376, 45.934305], [6.868077, 45.933964], [6.868024, 45.933918], [6.86798, 45.933859], [6.867918, 45.933731], [6.867889, 45.933705], [6.867881, 45.933672], [6.867899, 45.933592], [6.867885, 45.933486], [6.867802, 45.933325], [6.867757, 45.933216], [6.867724, 45.933169], [6.867637, 45.933076], [6.867619, 45.933037], [6.867574, 45.93274], [6.867582, 45.932408], [6.867574, 45.93226], [6.867531, 45.932124], [6.867536, 45.932097], [6.867552, 45.932024], [6.867625, 45.931987], [6.867582, 45.931856], [6.867576, 45.931688], [6.867603, 45.931491], [6.867598, 45.9313], [6.867737, 45.93133], [6.867812, 45.931173], [6.867871, 45.930957], [6.867716, 45.930405], [6.867603, 45.930162], [6.867549, 45.929909], [6.867544, 45.929722], [6.867474, 45.92955], [6.867372, 45.92939], [6.867297, 45.929196], [6.867222, 45.929147], [6.867431, 45.92908], [6.867689, 45.929047], [6.867737, 45.928976], [6.867735, 45.928851], [6.867713, 45.928754], [6.86779, 45.928588], [6.867629, 45.928565], [6.867461, 45.928529], [6.867195, 45.928397], [6.867121, 45.92835], [6.867251, 45.928288], [6.867446, 45.928249], [6.867482, 45.928226], [6.867798, 45.927452], [6.867846, 45.92737], [6.86786, 45.92727], [6.867843, 45.927227], [6.867628, 45.92697], [6.867276, 45.926579], [6.866886, 45.926242], [6.866829, 45.925938], [6.866813, 45.925734], [6.866725, 45.925642], [6.866726, 45.92558], [6.866652, 45.925367], [6.866531, 45.925136], [6.866479, 45.924986], [6.866518, 45.92492], [6.867228, 45.924728], [6.867244, 45.924713], [6.867467, 45.924668], [6.867511, 45.92448], [6.867517, 45.924453], [6.86753, 45.924394], [6.867569, 45.924216], [6.8676, 45.924204], [6.867767, 45.924163], [6.86784, 45.924153], [6.867949, 45.924165], [6.868005, 45.924189], [6.868058, 45.924182], [6.86815, 45.924154], [6.868189, 45.924148], [6.868238, 45.924099], [6.868342, 45.924016], [6.868479, 45.923986], [6.868536, 45.92398], [6.868735, 45.923997], [6.868788, 45.923992], [6.868896, 45.923964], [6.868952, 45.923962], [6.869115, 45.923907], [6.869282, 45.923867], [6.86947, 45.923807]]}, "properties": {"heading": 324, "length_km": 15.039, "retrace": 0.226}}, {"type": "Feature", "geometry": {"type": "LineString", "coordinates": [[6.86947, 45.923807], [6.869282, 45.923867], [6.869115, 45.923907], [6.868952, 45.923962], [6.868896, 45.923964], [6.868788, 45.923992], [6.868735, 45.923997], [6.868536, 45.92398], [6.868479, 45.923986], [6.868342, 45.924016], [6.868238, 45.924099], [6.868189, 45.924148], [6.86815, 45.924154], [6.868058, 45.924182], [6.868005, 45.924189], [6.867949, 45.924165], [6.86784, 45.924153], [6.867767, 45.924163], [6.8676, 45.924204], [6.867569, 45.924216], [6.86753, 45.924394], [6.867517, 45.924453], [6.867511, 45.92448], [6.867467, 45.924668], [6.867244, 45.924713], [6.867228, 45.924728], [6.866518, 45.92492], [6.866479, 45.924986], [6.866531, 45.925136], [6.866652, 45.925367], [6.866726, 45.92558], [6.866725, 45.925642], [6.866813, 45.925734], [6.866829, 45.925938], [6.866886, 45.926242], [6.866614, 45.926068], [6.8664, 45.925975], [6.866015, 45.925912], [6.865659, 45.925886], [6.865552, 45.925865], [6.865286, 45.925796], [6.864754, 45.925688], [6.864632, 45.925645], [6.864416, 45.925605], [6.864072, 45.925513], [6.863703, 45.925438], [6.863174, 45.925274], [6.863036, 45.925261], [6.86294, 45.925241], [6.862804, 45.925228], [6.862766, 45.925218], [6.862737, 45.925202], [6.86261, 45.925207], [6.862282, 45.925247], [6.86214, 45.925252], [6.861952, 45.925236], [6.86178, 45.925175], [6.861708, 45.925178], [6.861676, 45.925186], [6.861606, 45.925219], [6.861528, 45.925271], [6.861452, 45.925334], [6.861409, 45.925369], [6.861328, 45.925395], [6.861273, 45.925422], [6.861243, 45.925426], [6.861144, 45.925424], [6.861048, 45.925413], [6.861015, 45.925343], [6.86101, 45.925464], [6.861016, 45.92551], [6.86104, 45.925551], [6.861269, 45.925794], [6.861387, 45.925931], [6.861507, 45.926041], [6.861934, 45.926591], [6.862111, 45.926739], [6.862296, 45.926923], [6.862478, 45.927146], [6.86262, 45.927346], [6.862555, 45.927389], [6.862593, 45.927571], [6.862577, 45.927848], [6.862662, 45.927965], [6.862767, 45.928063], [6.862991, 45.928187], [6.863088, 45.928424], [6.863102, 45.928459], [6.863193, 45.928516], [6.86336, 45.928652], [6.863445, 45.928754], [6.863628, 45.928875], [6.863822, 45.929017], [6.863886, 45.929107], [6.864035, 45.92923], [6.864152, 45.929397], [6.8642, 45.929591], [6.864325, 45.929673], [6.864836, 45.930121], [6.864702, 45.930294], [6.864675, 45.930388], [6.864666, 45.930459], [6.864667, 45.930528], [6.864685, 45.930586], [6.864688, 45.930632], [6.864677, 45.930683], [6.864678, 45.930723], [6.864697, 45.930764], [6.864744, 45.930799], [6.864867, 45.930853], [6.864911, 45.930861], [6.864935, 45.930873], [6.86495, 45.930893], [6.864955, 45.93093], [6.864922, 45.931119], [6.864928, 45.931144], [6.86495, 45.931175], [6.864956, 45.931208], [6.864909, 45.931351], [6.864911, 45.931378], [6.864935, 45.931402], [6.865026, 45.931431], [6.865073, 45.931457], [6.865097, 45.931485], [6.865098, 45.931669], [6.865153, 45.93179], [6.865156, 45.931834], [6.865111, 45.931893], [6.865118, 45.931923], [6.865149, 45.931947], [6.865213, 45.93198], [6.865237, 45.932014], [6.865252, 45.932069], [6.865255, 45.932116], [6.865274, 45.932158], [6.865303, 45.932191], [6.865384, 45.932255], [6.865398, 45.932299], [6.865383, 45.932423], [6.865346, 45.932487], [6.865348, 45.932511], [6.865362, 45.932526], [6.865424, 45.932562], [6.865477, 45.932614], [6.865565, 45.932676], [6.865577, 45.932694], [6.86558, 45.932719], [6.865527, 45.932792], [6.865518, 45.93283], [6.86553, 45.932937], [6.865564, 45.933017], [6.865567, 45.933045], [6.865547, 45.933073], [6.865384, 45.933221], [6.865342, 45.933309], [6.865321, 45.933337], [6.865215, 45.933417], [6.865086, 45.933535], [6.865009, 45.933587], [6.864986, 45.933614], [6.864962, 45.933674], [6.864942, 45.933687], [6.86493, 45.933681], [6.864916, 45.933641], [6.864921, 45.933611], [6.865063, 45.933327], [6.8651, 45.933162], [6.865144, 45.933011], [6.865036, 45.93291], [6.8648, 45.93277], [6.864661, 45.932627], [6.864449, 45.932569], [6.864086, 45.932419], [6.86395, 45.932173], [6.863827, 45.932081], [6.863601, 45.932049], [6.863558, 45.931873], [6.863416, 45.931762], [6.863355, 45.931655], [6.863176, 45.931577], [6.862907, 45.931496], [6.862829, 45.931084], [6.86241, 45.931002], [6.862094, 45.930853], [6.861396, 45.930856], [6.86064, 45.93067], [6.860318, 45.930629], [6.860023, 45.930651], [6.859744, 45.93064], [6.859444, 45.930491], [6.85916, 45.930515], [6.858577, 45.930599], [6.858222, 45.930666], [6.858089, 45.930602], [6.857903, 45.930471], [6.857694, 45.930425], [6.857578, 45.93035], [6.857509, 45.930326], [6.857445, 45.930285], [6.857385, 45.930227], [6.857348, 45.930182], [6.857279, 45.930042], [6.857237, 45.930011], [6.857147, 45.930015], [6.856949, 45.930047], [6.856851, 45.930049], [6.856788, 45.93004], [6.856723, 45.930039], [6.856556, 45.930054], [6.856515, 45.930065], [6.856399, 45.930076], [6.856341, 45.930076], [6.856235, 45.930064], [6.855895, 45.930005], [6.855799, 45.929979], [6.855707, 45.929944], [6.855646, 45.929911], [6.855584, 45.929866], [6.855528, 45.929804], [6.855505, 45.929792], [6.85548, 45.929791], [6.855461, 45.9298], [6.855441, 45.929814], [6.855408, 45.929868], [6.855309, 45.929972], [6.855269, 45.930078], [6.854958, 45.930249], [6.854832, 45.93029], [6.854658, 45.93033], [6.854561, 45.930331], [6.854281, 45.930487], [6.854089, 45.930576], [6.853885, 45.93058], [6.85366, 45.930502], [6.853607, 45.930552], [6.853601, 45.930616], [6.853472, 45.930653], [6.853275, 45.930769], [6.853096, 45.930798], [6.852399, 45.930998], [6.852251, 45.931079], [6.852042, 45.931097], [6.851848, 45.93115], [6.851754, 45.931156], [6.851438, 45.931113], [6.851268, 45.931119], [6.850995, 45.931209], [6.850852, 45.931225], [6.850756, 45.931182], [6.850656, 45.931169], [6.850609, 45.931128], [6.850543, 45.9311], [6.850499, 45.931087], [6.850399, 45.931085], [6.850253, 45.930996], [6.850169, 45.930996], [6.849807, 45.930918], [6.849713, 45.930931], [6.849623, 45.930877], [6.849519, 45.930841], [6.849502, 45.930808], [6.849459, 45.930797], [6.849408, 45.930764], [6.849385, 45.930679], [6.849272, 45.930506], [6.849214, 45.930489], [6.849146, 45.930486], [6.849124, 45.930478], [6.849144, 45.930391], [6.849144, 45.930323], [6.848964, 45.930196], [6.848856, 45.929994], [6.848783, 45.929939], [6.848656, 45.929731], [6.8486, 45.929678], [6.848528, 45.929543], [6.848439, 45.929473], [6.848402, 45.929399], [6.84832, 45.929343], [6.848304, 45.929309], [6.848272, 45.929292], [6.84822, 45.929283], [6.84819, 45.929225], [6.848185, 45.929157], [6.848064, 45.929009], [6.848017, 45.928916], [6.848004, 45.92882], [6.84775, 45.928577], [6.847436, 45.928447], [6.847367, 45.928355], [6.847436, 45.928447], [6.84775, 45.928577], [6.848004, 45.92882], [6.848017, 45.928916], [6.848064, 45.929009], [6.848185, 45.929157], [6.84819, 45.929225], [6.84822, 45.929283], [6.848272, 45.929292], [6.848304, 45.929309], [6.84832, 45.929343], [6.848402, 45.929399], [6.848439, 45.929473], [6.848528, 45.929543], [6.8486, 45.929678], [6.848656, 45.929731], [6.848783, 45.929939], [6.848856, 45.929994], [6.848964, 45.930196], [6.849144, 45.930323], [6.849144, 45.930391], [6.849124, 45.930478], [6.849146, 45.930486], [6.849214, 45.930489], [6.849272, 45.930506], [6.849385, 45.930679], [6.849408, 45.930764], [6.849459, 45.930797], [6.849446, 45.930847], [6.849478, 45.931017], [6.84956, 45.931175], [6.849726, 45.931349], [6.84986, 45.931601], [6.849894, 45.93165], [6.849901, 45.931677], [6.849884, 45.931702], [6.849858, 45.93171], [6.849788, 45.931693], [6.849581, 45.931586], [6.849231, 45.931436], [6.849103, 45.93143], [6.849005, 45.931399], [6.848975, 45.931368], [6.848919, 45.931369], [6.848876, 45.931303], [6.848822, 45.931281], [6.848765, 45.93121], [6.848765, 45.931198], [6.848742, 45.931178], [6.848665, 45.931173], [6.848607, 45.931135], [6.848563, 45.931132], [6.848631, 45.931445], [6.848662, 45.931487], [6.848702, 45.931564], [6.848732, 45.931596], [6.848751, 45.931629], [6.848746, 45.931693], [6.848763, 45.931801], [6.848789, 45.931814], [6.848806, 45.931866], [6.848844, 45.9319], [6.848862, 45.931942], [6.848856, 45.932016], [6.848892, 45.932095], [6.848878, 45.932172], [6.848877, 45.932235], [6.848892, 45.932418], [6.848876, 45.932506], [6.8489, 45.932576], [6.848905, 45.932648], [6.848893, 45.932668], [6.848875, 45.932681], [6.848846, 45.93268], [6.848784, 45.932586], [6.848735, 45.932543], [6.848706, 45.932536], [6.848665, 45.93249], [6.848525, 45.932396], [6.848478, 45.932375], [6.848452, 45.932304], [6.8484, 45.932292], [6.848318, 45.932254], [6.848288, 45.932246], [6.848263, 45.932198], [6.848122, 45.93213], [6.848022, 45.932043], [6.847918, 45.931935], [6.847865, 45.93186], [6.847782, 45.93182], [6.847772, 45.931828], [6.847763, 45.931836], [6.847775, 45.931861], [6.84776, 45.931898], [6.847762, 45.93195], [6.847794, 45.932082], [6.847782, 45.932154], [6.847789, 45.932252], [6.847825, 45.932405], [6.847831, 45.932527], [6.847824, 45.93257], [6.847872, 45.932779], [6.847936, 45.93286], [6.84802, 45.932939], [6.848116, 45.93305], [6.848131, 45.933117], [6.848175, 45.933229], [6.848363, 45.933309], [6.848447, 45.933365], [6.848609, 45.933521], [6.848689, 45.933572], [6.84885, 45.933642], [6.848933, 45.933669], [6.849112, 45.933712], [6.849261, 45.933778], [6.849323, 45.933796], [6.849362, 45.933799], [6.849399, 45.933794], [6.849503, 45.933764], [6.849613, 45.933745], [6.849637, 45.933749], [6.849644, 45.933758], [6.849641, 45.93379], [6.849454, 45.933907], [6.849403, 45.933947], [6.849318, 45.933981], [6.849146, 45.934002], [6.848965, 45.934005], [6.848928, 45.934016], [6.848903, 45.934031], [6.848898, 45.934047], [6.848952, 45.934081], [6.849271, 45.934174], [6.849389, 45.934191], [6.849497, 45.934193], [6.849627, 45.934166], [6.849666, 45.934178], [6.849673, 45.934189], [6.84967, 45.934209], [6.849657, 45.934226], [6.849513, 45.934314], [6.849345, 45.934401], [6.849324, 45.934422], [6.849327, 45.934434], [6.849344, 45.934444], [6.849377, 45.934452], [6.849471, 45.93444], [6.849563, 45.934413], [6.849676, 45.934389], [6.849715, 45.934393], [6.849726, 45.934402], [6.849728, 45.934427], [6.84971, 45.934459], [6.849568, 45.934549], [6.849442, 45.934611], [6.849444, 45.934626], [6.849468, 45.934637], [6.84949, 45.934646], [6.849552, 45.934647], [6.849988, 45.934548], [6.850015, 45.934543], [6.850035, 45.93455], [6.85002, 45.934596], [6.85, 45.934619], [6.84986, 45.93469], [6.849745, 45.934798], [6.849519, 45.934929], [6.849517, 45.93494], [6.849532, 45.934955], [6.849553, 45.934963], [6.84966, 45.934949], [6.850487, 45.93466], [6.850717, 45.934595], [6.851047, 45.93453], [6.851292, 45.934509], [6.851541, 45.934512], [6.851667, 45.934535], [6.851698, 45.934548], [6.851702, 45.934567], [6.851688, 45.934582], [6.851673, 45.934591], [6.851453, 45.93465], [6.85107, 45.934938], [6.851068, 45.934965], [6.851081, 45.934978], [6.851111, 45.934986], [6.851741, 45.93495], [6.851828, 45.934952], [6.851844, 45.93496], [6.85185, 45.934974], [6.851837, 45.934993], [6.85127, 45.935342], [6.850895, 45.935543], [6.850886, 45.935559], [6.850888, 45.935569], [6.85091, 45.935579], [6.850952, 45.935584], [6.851462, 45.935543], [6.851497, 45.935546], [6.851504, 45.935562], [6.851493, 45.935588], [6.851465, 45.935614], [6.851162, 45.935736], [6.850918, 45.935784], [6.850879, 45.935801], [6.850873, 45.93582], [6.85089, 45.935837], [6.850948, 45.935847], [6.851097, 45.935856], [6.851243, 45.935848], [6.851697, 45.935793], [6.852197, 45.935637], [6.852698, 45.935584], [6.852805, 45.935645], [6.852975, 45.935673], [6.853015, 45.935711], [6.85309, 45.935712], [6.85331, 45.935744], [6.853479, 45.935796], [6.853533, 45.935865], [6.853576, 45.935888], [6.853659, 45.935939], [6.853677, 45.935964], [6.853682, 45.935994], [6.853665, 45.936028], [6.853612, 45.936072], [6.853415, 45.936207], [6.85357, 45.936354], [6.85365, 45.936533], [6.853771, 45.93677], [6.853879, 45.93689], [6.854207, 45.9371], [6.854259, 45.937173], [6.854281, 45.937251], [6.854281, 45.937376], [6.854219, 45.937447], [6.853809, 45.937744], [6.853699, 45.937899], [6.853667, 45.938055], [6.853666, 45.938256], [6.853666, 45.938424], [6.853562, 45.938616], [6.853554, 45.93868], [6.853562, 45.938736], [6.853622, 45.938844], [6.853651, 45.938859], [6.853693, 45.938895], [6.853786, 45.939025], [6.8541, 45.93933], [6.854153, 45.939367], [6.85422, 45.939401], [6.854298, 45.939418], [6.854387, 45.939419], [6.854765, 45.939373], [6.854875, 45.939343], [6.854965, 45.939307], [6.855031, 45.939266], [6.855132, 45.939174], [6.855209, 45.939015], [6.855246, 45.938958], [6.8553, 45.938899], [6.855388, 45.938819], [6.855475, 45.938756], [6.855797, 45.938534], [6.855852, 45.938505], [6.855907, 45.938491], [6.855952, 45.938491], [6.855988, 45.9385], [6.856029, 45.938524], [6.856116, 45.938593], [6.856397, 45.938777], [6.856456, 45.938904], [6.856531, 45.939236], [6.856638, 45.939336], [6.856735, 45.939497], [6.856778, 45.939624], [6.856788, 45.939806], [6.856751, 45.94], [6.856638, 45.940198], [6.856394, 45.940491], [6.856352, 45.94056], [6.856332, 45.940621], [6.856332, 45.940683], [6.856353, 45.940744], [6.856389, 45.940801], [6.856434, 45.940847], [6.856534, 45.940913], [6.856641, 45.940999], [6.856717, 45.941081], [6.856813, 45.941224], [6.856891, 45.941301], [6.85701, 45.941394], [6.857116, 45.941494], [6.85719, 45.941564], [6.85724, 45.941627], [6.857298, 45.941705], [6.85737, 45.941872], [6.857379, 45.941962], [6.857371, 45.942031], [6.857352, 45.942093], [6.85726, 45.942229], [6.85718, 45.942313], [6.856976, 45.9425], [6.856686, 45.942977], [6.85644, 45.943212], [6.856263, 45.94341], [6.856193, 45.943623], [6.856204, 45.943768], [6.856257, 45.943899], [6.856338, 45.944023], [6.856504, 45.944085], [6.856708, 45.9441], [6.857051, 45.944093], [6.857518, 45.9441], [6.857706, 45.944093], [6.85791, 45.944055], [6.858167, 45.943969], [6.858693, 45.943843], [6.858845, 45.943776], [6.858987, 45.943465], [6.859128, 45.943303], [6.859381, 45.943023], [6.85954, 45.942914], [6.859666, 45.942863], [6.859846, 45.942811], [6.859988, 45.942784], [6.8601, 45.94278], [6.860368, 45.942804], [6.860628, 45.942847], [6.860855, 45.942892], [6.861049, 45.942951], [6.861203, 45.943019], [6.861308, 45.943083], [6.861396, 45.943156], [6.861826, 45.943675], [6.862386, 45.944189], [6.862523, 45.94429], [6.862654, 45.944353], [6.862766, 45.944377], [6.862903, 45.944385], [6.863022, 45.944373], [6.863106, 45.944344], [6.863376, 45.944126], [6.863446, 45.94408], [6.863526, 45.944049], [6.863919, 45.943993], [6.864112, 45.94396], [6.864232, 45.943925], [6.864406, 45.943813], [6.864485, 45.94379], [6.864571, 45.943797], [6.86465, 45.943819], [6.864929, 45.943926], [6.865048, 45.943953], [6.865165, 45.943958], [6.865508, 45.94391], [6.865681, 45.943873], [6.865937, 45.943769], [6.866183, 45.943629], [6.866265, 45.943602], [6.866414, 45.943617], [6.866656, 45.943686], [6.866785, 45.943715], [6.8669, 45.943724], [6.867033, 45.943708], [6.867124, 45.94368], [6.867181, 45.943649], [6.867193, 45.943621], [6.867186, 45.943586], [6.867144, 45.943566], [6.866919, 45.943526], [6.86684, 45.943505], [6.866778, 45.943477], [6.866686, 45.943416], [6.866375, 45.943104], [6.866287, 45.943038], [6.86621, 45.943007], [6.866108, 45.942988], [6.866014, 45.942996], [6.865897, 45.94303], [6.865781, 45.94305], [6.865679, 45.943049], [6.865597, 45.943027], [6.865518, 45.942982], [6.865429, 45.942901], [6.865327, 45.942779], [6.865148, 45.942502], [6.865078, 45.942408], [6.864965, 45.942326], [6.864833, 45.94229], [6.864747, 45.94229], [6.864665, 45.942299], [6.864403, 45.942355], [6.864313, 45.942363], [6.864236, 45.942364], [6.864163, 45.942353], [6.86411, 45.942332], [6.864041, 45.942283], [6.864, 45.942227], [6.863989, 45.942172], [6.864006, 45.942116], [6.864053, 45.942083], [6.864127, 45.942058], [6.864292, 45.942026], [6.864901, 45.941917], [6.864993, 45.941908], [6.865097, 45.941909], [6.865148, 45.941917], [6.86563, 45.942027], [6.865808, 45.94204], [6.866108, 45.941991], [6.866341, 45.941988], [6.866569, 45.941999], [6.866717, 45.941995], [6.866808, 45.942008], [6.866994, 45.942076], [6.867104, 45.942097], [6.867228, 45.942104], [6.867363, 45.942091], [6.867656, 45.942017], [6.867724, 45.941992], [6.867744, 45.941959], [6.867728, 45.941938], [6.867826, 45.941903], [6.867954, 45.94187], [6.867975, 45.941879], [6.868001, 45.941923], [6.868108, 45.941982], [6.868191, 45.942007], [6.868278, 45.942065], [6.868315, 45.942103], [6.868339, 45.942117], [6.868464, 45.942164], [6.868486, 45.942244], [6.868504, 45.942268], [6.868545, 45.942284], [6.868647, 45.942284], [6.868691, 45.9423], [6.868768, 45.942308], [6.868905, 45.942388], [6.868983, 45.94245], [6.869, 45.942491], [6.868998, 45.942508], [6.868972, 45.942552], [6.868967, 45.942576], [6.868981, 45.942616], [6.869064, 45.942748], [6.869102, 45.942867], [6.869128, 45.942887], [6.86918, 45.942909], [6.869314, 45.943018], [6.869484, 45.943068], [6.869517, 45.943083], [6.869554, 45.943123], [6.869588, 45.94321], [6.869592, 45.94326], [6.869582, 45.943292], [6.86954, 45.943367], [6.869524, 45.943425], [6.869516, 45.943486], [6.869515, 45.943633], [6.869523, 45.943665], [6.869591, 45.943772], [6.869645, 45.943832], [6.869675, 45.943935], [6.869678, 45.94397], [6.869689, 45.943985], [6.869682, 45.943998], [6.86965, 45.944007], [6.869575, 45.944006], [6.869492, 45.944039], [6.869366, 45.944129], [6.869362, 45.944171], [6.869344, 45.944223], [6.869311, 45.944275], [6.869321, 45.944412], [6.869369, 45.944502], [6.869505, 45.944585], [6.869673, 45.944633], [6.869793, 45.944682], [6.869911, 45.944842], [6.869941, 45.944805], [6.869921, 45.944653], [6.869842, 45.944467], [6.869883, 45.94438], [6.869985, 45.944287], [6.870109, 45.944187], [6.870308, 45.943985], [6.870367, 45.943942], [6.870303, 45.943684], [6.870448, 45.94344], [6.870483, 45.943345], [6.870494, 45.943286], [6.870486, 45.943185], [6.870516, 45.94311], [6.870629, 45.943], [6.870696, 45.942947], [6.870705, 45.942922], [6.870697, 45.942864], [6.870664, 45.942759], [6.870668, 45.942699], [6.87062, 45.942629], [6.87053, 45.942538], [6.87026, 45.942369], [6.87019, 45.942261], [6.870157, 45.942184], [6.870162, 45.94209], [6.870188, 45.94205], [6.870163, 45.9419], [6.870129, 45.941808], [6.870082, 45.941767], [6.869898, 45.941658], [6.86984, 45.941605], [6.86981, 45.941561], [6.869776, 45.941508], [6.869725, 45.941419], [6.86973, 45.941349], [6.869708, 45.941268], [6.86965, 45.941162], [6.86958, 45.941106], [6.869553, 45.941057], [6.869543, 45.940995], [6.869511, 45.940895], [6.869509, 45.94075], [6.869491, 45.940723], [6.869367, 45.940614], [6.869318, 45.940538], [6.86933, 45.940475], [6.869356, 45.940447], [6.869312, 45.940347], [6.869312, 45.940236], [6.869406, 45.94005], [6.869416, 45.939992], [6.869389, 45.939924], [6.869409, 45.939854], [6.869404, 45.939804], [6.869429, 45.939799], [6.869448, 45.939806], [6.869458, 45.939822], [6.869451, 45.93984], [6.869455, 45.939864], [6.869475, 45.939917], [6.869535, 45.93999], [6.86956, 45.940069], [6.86956, 45.940163], [6.869571, 45.940222], [6.869605, 45.940273], [6.869749, 45.940438], [6.869862, 45.940504], [6.869986, 45.94062], [6.870048, 45.940665], [6.87011, 45.940699], [6.870198, 45.940729], [6.870293, 45.940748], [6.870484, 45.940811], [6.870722, 45.940932], [6.870795, 45.94098], [6.870955, 45.941106], [6.871026, 45.941142], [6.871086, 45.941164], [6.871252, 45.941183], [6.871305, 45.941201], [6.871342, 45.941223], [6.871394, 45.941301], [6.871424, 45.941328], [6.871474, 45.941351], [6.871576, 45.941377], [6.871654, 45.941428], [6.871887, 45.941465], [6.871964, 45.941467], [6.872053, 45.941481], [6.872128, 45.9415], [6.872317, 45.941529], [6.872337, 45.941523], [6.872351, 45.94151], [6.872235, 45.941448], [6.872138, 45.941365], [6.872025, 45.941311], [6.872005, 45.941293], [6.871978, 45.941234], [6.871889, 45.941119], [6.871875, 45.941085], [6.871856, 45.940961], [6.87175, 45.940845], [6.871671, 45.940634], [6.871663, 45.940591], [6.871592, 45.940469], [6.871376, 45.940157], [6.871321, 45.940096], [6.871189, 45.939973], [6.871105, 45.939862], [6.871083, 45.939774], [6.871067, 45.93951], [6.871057, 45.939471], [6.87103, 45.939423], [6.870975, 45.939284], [6.870976, 45.93923], [6.870944, 45.939096], [6.870944, 45.939065], [6.870967, 45.939008], [6.870955, 45.938959], [6.870982, 45.938903], [6.870979, 45.938838], [6.870912, 45.938695], [6.870835, 45.938556], [6.870799, 45.93845], [6.870773, 45.9384], [6.87078, 45.938389], [6.870802, 45.93839], [6.870943, 45.938511], [6.870998, 45.938552], [6.871059, 45.938583], [6.871104, 45.938616], [6.871164, 45.93868], [6.871251, 45.938754], [6.871337, 45.938852], [6.871445, 45.938934], [6.871541, 45.939021], [6.871772, 45.93918], [6.871805, 45.939197], [6.871894, 45.939203], [6.871976, 45.939221], [6.872095, 45.939231], [6.872138, 45.939242], [6.872177, 45.939262], [6.872335, 45.939317], [6.872495, 45.939346], [6.872635, 45.939391], [6.872772, 45.939439], [6.872853, 45.939474], [6.872945, 45.939529], [6.87313, 45.939615], [6.873202, 45.939671], [6.873257, 45.939703], [6.873308, 45.939721], [6.873427, 45.939737], [6.873548, 45.939767], [6.873629, 45.939795], [6.873826, 45.939884], [6.873953, 45.939934], [6.873794, 45.939779], [6.873885, 45.939799], [6.874069, 45.939904], [6.874335, 45.940025], [6.87463, 45.940255], [6.874757, 45.94034], [6.874821, 45.940409], [6.874988, 45.940482], [6.875263, 45.940646], [6.875823, 45.940923], [6.875902, 45.940971], [6.875963, 45.941], [6.876082, 45.941038], [6.876125, 45.941042], [6.876163, 45.941037], [6.876296, 45.940988], [6.876686, 45.940922], [6.877021, 45.940874], [6.877179, 45.940871], [6.877393, 45.9409], [6.877526, 45.940926], [6.877605, 45.940957], [6.877746, 45.941034], [6.877911, 45.941084], [6.877978, 45.941119], [6.87797, 45.941062], [6.877985, 45.940948], [6.878025, 45.940795], [6.878032, 45.940741], [6.877992, 45.94062], [6.877987, 45.940574], [6.877997, 45.940522], [6.878029, 45.940432], [6.87814, 45.940499], [6.87828, 45.940533], [6.878569, 45.940574], [6.878822, 45.940568], [6.878884, 45.940584], [6.879039, 45.940672], [6.87916, 45.940715], [6.879257, 45.940762], [6.879316, 45.940824], [6.879377, 45.940723], [6.879424, 45.940608], [6.879491, 45.940386], [6.879528, 45.940319], [6.879658, 45.940139], [6.879717, 45.940092], [6.879817, 45.940068], [6.879939, 45.940056], [6.880014, 45.940041], [6.880047, 45.94001], [6.880058, 45.939917], [6.880089, 45.939886], [6.88022, 45.939836], [6.880293, 45.939798], [6.880437, 45.93988], [6.880565, 45.939932], [6.880723, 45.939978], [6.880865, 45.939993], [6.880895, 45.940047], [6.881211, 45.939988], [6.881488, 45.939925], [6.881581, 45.939896], [6.881605, 45.939878], [6.881638, 45.939834], [6.88145, 45.939866], [6.881285, 45.939836], [6.881184, 45.939809], [6.880902, 45.939696], [6.880782, 45.939634], [6.880484, 45.939479], [6.880335, 45.93936], [6.880254, 45.939225], [6.880057, 45.938994], [6.879863, 45.938731], [6.879463, 45.938276], [6.879118, 45.937798], [6.879161, 45.937775], [6.880462, 45.937091], [6.880642, 45.937235], [6.880901, 45.937378], [6.881061, 45.937427], [6.881247, 45.937475], [6.881461, 45.937509], [6.882725, 45.937614], [6.882886, 45.937627], [6.883227, 45.937656], [6.88351, 45.937696], [6.884483, 45.937861], [6.885088, 45.937999], [6.885789, 45.938184], [6.885581, 45.938377], [6.884883, 45.93835], [6.884813, 45.938406], [6.884883, 45.93835], [6.885581, 45.938377], [6.885789, 45.938184], [6.885833, 45.938194], [6.885975, 45.938226], [6.886661, 45.938413], [6.887128, 45.938568], [6.887586, 45.938679], [6.887876, 45.938712], [6.887879, 45.938606], [6.887894, 45.938488], [6.887936, 45.938348], [6.888014, 45.938206], [6.888231, 45.937963], [6.888307, 45.937889], [6.888743, 45.938044], [6.889036, 45.938148], [6.889323, 45.935823], [6.889375, 45.935545], [6.889412, 45.935483], [6.889332, 45.935459], [6.889249, 45.935447], [6.889132, 45.935436], [6.889025, 45.935431], [6.888854, 45.935397], [6.888416, 45.935172], [6.888376, 45.935154], [6.888276, 45.935107], [6.888137, 45.935055], [6.886211, 45.934565], [6.882722, 45.93363], [6.878003, 45.93237], [6.877964, 45.93236], [6.876015, 45.931839], [6.873738, 45.93123], [6.87365, 45.931197], [6.873614, 45.931157], [6.873592, 45.931224], [6.873575, 45.931291], [6.873546, 45.93137], [6.873478, 45.931374], [6.873349, 45.931407], [6.872854, 45.930814], [6.872734, 45.930732], [6.872663, 45.930728], [6.872604, 45.930743], [6.872514, 45.930672], [6.872615, 45.930611], [6.872624, 45.9306], [6.872611, 45.930575], [6.872509, 45.930432], [6.872456, 45.930295], [6.872392, 45.930159], [6.872366, 45.930048], [6.872373, 45.930013], [6.8724, 45.929955], [6.872271, 45.929692], [6.872053, 45.929249], [6.871764, 45.928694], [6.871519, 45.928411], [6.871312, 45.92823], [6.871156, 45.927986], [6.870939, 45.927649], [6.870713, 45.927286], [6.870658, 45.927271], [6.870689, 45.927225], [6.870627, 45.927122], [6.870496, 45.926868], [6.870461, 45.926425], [6.870158, 45.926445], [6.870144, 45.926378], [6.870098, 45.926191], [6.870044, 45.926029], [6.86996, 45.925776], [6.869938, 45.925704], [6.86992, 45.925643], [6.869907, 45.925598], [6.869814, 45.925617], [6.869795, 45.925567], [6.869735, 45.925418], [6.869412, 45.925479], [6.869122, 45.925529], [6.869103, 45.925481], [6.868962, 45.925505], [6.868925, 45.925476], [6.868897, 45.925453], [6.868747, 45.925181], [6.868742, 45.925171], [6.868602, 45.924875], [6.868501, 45.92462], [6.868369, 45.924372], [6.868299, 45.924312], [6.868225, 45.92428], [6.868218, 45.924175], [6.868207, 45.924157], [6.868189, 45.924148], [6.868238, 45.924099], [6.868342, 45.924016], [6.868479, 45.923986], [6.868536, 45.92398], [6.868735, 45.923997], [6.868788, 45.923992], [6.868896, 45.923964], [6.868952, 45.923962], [6.869115, 45.923907], [6.869282, 45.923867], [6.86947, 45.923807]]}, "properties": {"heading": 342, "length_km": 16.386, "retrace": 0.065}}]}