{"type": "FeatureCollection", "features": [{"type": "Feature", "geometry": {"type": "LineString", "coordinates": [[4.742772, 45.710072], [4.742623, 45.709846], [4.742465, 45.709634], [4.742447, 45.709611], [4.742424, 45.709581], [4.742344, 45.709476], [4.742223, 45.709474], [4.741743, 45.709412], [4.74112, 45.70933], [4.741033, 45.709713], [4.741051, 45.709757], [4.740984, 45.710041], [4.740936, 45.710113], [4.740926, 45.710169], [4.74092, 45.7102], [4.740853, 45.710561], [4.74086, 45.710662], [4.740655, 45.710714], [4.740647, 45.711237], [4.740646, 45.711262], [4.740642, 45.711537], [4.740641, 45.711606], [4.740574, 45.711614], [4.740333, 45.711643], [4.739784, 45.711716], [4.739636, 45.71174], [4.739572, 45.711838], [4.738798, 45.712672], [4.738501, 45.713055], [4.738376, 45.713209], [4.738088, 45.713462], [4.737772, 45.713719], [4.737601, 45.713832], [4.737039, 45.714156], [4.736433, 45.714472], [4.736242, 45.714596], [4.736043, 45.714739], [4.735517, 45.715146], [4.735155, 45.715526], [4.734741, 45.716027], [4.734335, 45.716535], [4.733943, 45.717044], [4.733133, 45.717693], [4.73306, 45.717745], [4.733009, 45.717781], [4.732833, 45.717879], [4.73217, 45.718186], [4.731956, 45.71818], [4.731606, 45.718201], [4.730811, 45.718282], [4.729382, 45.718344], [4.728861, 45.718385], [4.728351, 45.71841], [4.727839, 45.718448], [4.727597, 45.718487], [4.72735, 45.718567], [4.727009, 45.718693], [4.726797, 45.718761], [4.726557, 45.71882], [4.725762, 45.718992], [4.725172, 45.7191], [4.725037, 45.719133], [4.724932, 45.719168], [4.724677, 45.719275], [4.724318, 45.719464], [4.723933, 45.719621], [4.723891, 45.719637], [4.723831, 45.71966], [4.723719, 45.719698], [4.723597, 45.719726], [4.72334, 45.719763], [4.722958, 45.719833], [4.722684, 45.719877], [4.719292, 45.72016], [4.718443, 45.720226], [4.718339, 45.720259], [4.718261, 45.720284], [4.71816, 45.720318], [4.717836, 45.720556], [4.717454, 45.720758], [4.717291, 45.720821], [4.717132, 45.720867], [4.717164, 45.720906], [4.71727, 45.720873], [4.717546, 45.720757], [4.717842, 45.720594], [4.718134, 45.72041], [4.718278, 45.72033], [4.718464, 45.720261], [4.718633, 45.720237], [4.719055, 45.720195], [4.72211, 45.719963], [4.719055, 45.720195], [4.718633, 45.720237], [4.718464, 45.720261], [4.718278, 45.72033], [4.718134, 45.72041], [4.717842, 45.720594], [4.717546, 45.720757], [4.71727, 45.720873], [4.717164, 45.720906], [4.717106, 45.720921], [4.717019, 45.720926], [4.716577, 45.721014], [4.716298, 45.72105], [4.715881, 45.721059], [4.715486, 45.72106], [4.715441, 45.721074], [4.715335, 45.721075], [4.715336, 45.721086], [4.715339, 45.721115], [4.715533, 45.721516], [4.715636, 45.721727], [4.715668, 45.721794], [4.715696, 45.721857], [4.715867, 45.722204], [4.715895, 45.722331], [4.71588, 45.722434], [4.715819, 45.72266], [4.715786, 45.722818], [4.715786, 45.722944], [4.715819, 45.723158], [4.716011, 45.723843], [4.716106, 45.724139], [4.716157, 45.724189], [4.716198, 45.724208], [4.716589, 45.724365], [4.716717, 45.724437], [4.716779, 45.724512], [4.71686, 45.724804], [4.716875, 45.724865], [4.71694, 45.725111], [4.716981, 45.725267], [4.71707, 45.725594], [4.717133, 45.725829], [4.717339, 45.726589], [4.717346, 45.726647], [4.717659, 45.726628], [4.717864, 45.726625], [4.718043, 45.726633], [4.718765, 45.726694], [4.718944, 45.726711], [4.719285, 45.726743], [4.719758, 45.726799], [4.720149, 45.726918], [4.720323, 45.72695], [4.720355, 45.726945], [4.720889, 45.727586], [4.721121, 45.727877], [4.721383, 45.728146], [4.721784, 45.728662], [4.721909, 45.728909], [4.722014, 45.729213], [4.722171, 45.729523], [4.7223, 45.729749], [4.7224, 45.729889], [4.72257, 45.730128], [4.722707, 45.730293], [4.722944, 45.730514], [4.723059, 45.730649], [4.723228, 45.730867], [4.72352, 45.731179], [4.723839, 45.731565], [4.723866, 45.731598], [4.723962, 45.731711], [4.724129, 45.731976], [4.724268, 45.732165], [4.724356, 45.7323], [4.724399, 45.732429], [4.724415, 45.732524], [4.724444, 45.732603], [4.724586, 45.732808], [4.724769, 45.733046], [4.724856, 45.733147], [4.725028, 45.733236], [4.725125, 45.733323], [4.725317, 45.73344], [4.725454, 45.733484], [4.725518, 45.733491], [4.725559, 45.733466], [4.725823, 45.733456], [4.725839, 45.733531], [4.725974, 45.733537], [4.726265, 45.733662], [4.726325, 45.733588], [4.726515, 45.733449], [4.726637, 45.733395], [4.726714, 45.733373], [4.726894, 45.733302], [4.727055, 45.733305], [4.727258, 45.73329], [4.727423, 45.733235], [4.727572, 45.733162], [4.727734, 45.733113], [4.727948, 45.733112], [4.728126, 45.733121], [4.728267, 45.733173], [4.72853, 45.733171], [4.728699, 45.733102], [4.728856, 45.732994], [4.729039, 45.732912], [4.729352, 45.732802], [4.729427, 45.732761], [4.72959, 45.732712], [4.729636, 45.732687], [4.729763, 45.732681], [4.729948, 45.732605], [4.730144, 45.732556], [4.730326, 45.732551], [4.730445, 45.732494], [4.730702, 45.732529], [4.731016, 45.732543], [4.731427, 45.732388], [4.731589, 45.732344], [4.731873, 45.732137], [4.731981, 45.731983], [4.732151, 45.731836], [4.732192, 45.73176], [4.732196, 45.731645], [4.732333, 45.731418], [4.732335, 45.73135], [4.732421, 45.731251], [4.732621, 45.731178], [4.733057, 45.730978], [4.733147, 45.730887], [4.733151, 45.730748], [4.73329, 45.730488], [4.733306, 45.730379], [4.733488, 45.7301], [4.733647, 45.729961], [4.733975, 45.729769], [4.734229, 45.729695], [4.734401, 45.729611], [4.734576, 45.729499], [4.734941, 45.729119], [4.734976, 45.729018], [4.735052, 45.728944], [4.735131, 45.728777], [4.735215, 45.728659], [4.735279, 45.728542], [4.735267, 45.728511], [4.735381, 45.72838], [4.735445, 45.728229], [4.735522, 45.728093], [4.735669, 45.727784], [4.735763, 45.72738], [4.735743, 45.72709], [4.735742, 45.727067], [4.735578, 45.726182], [4.735589, 45.725899], [4.735657, 45.725783], [4.735819, 45.725605], [4.735986, 45.725717], [4.736771, 45.726113], [4.737828, 45.726631], [4.739148, 45.727277], [4.74, 45.727539], [4.741484, 45.728001], [4.741523, 45.728013], [4.741689, 45.728065], [4.741863, 45.728137], [4.741928, 45.728163], [4.742107, 45.728238], [4.742443, 45.728472], [4.743271, 45.729097], [4.743929, 45.729631], [4.743965, 45.72966], [4.744071, 45.729746], [4.744121, 45.729684], [4.744125, 45.729658], [4.744137, 45.729583], [4.7443, 45.728548], [4.744399, 45.728254], [4.744659, 45.727862], [4.745112, 45.727264], [4.745447, 45.72677], [4.745651, 45.726391], [4.745696, 45.726176], [4.745682, 45.725889], [4.745652, 45.725742], [4.745506, 45.725006], [4.745597, 45.724993], [4.745702, 45.724986], [4.745837, 45.724988], [4.746328, 45.725016], [4.748915, 45.725091], [4.750301, 45.725171], [4.750389, 45.725152], [4.750389, 45.725277], [4.750738, 45.726414], [4.750907, 45.727071], [4.750909, 45.727113], [4.750907, 45.727071], [4.750738, 45.726414], [4.750389, 45.725277], [4.750389, 45.725152], [4.750281, 45.72303], [4.750191, 45.72144], [4.750218, 45.720913], [4.751501, 45.720808], [4.751681, 45.720928], [4.75226, 45.721823], [4.752845, 45.723079], [4.752976, 45.723173], [4.7531, 45.723203], [4.753365, 45.723091], [4.753427, 45.72304], [4.753422, 45.722832], [4.753604, 45.722763], [4.754122, 45.722705], [4.754916, 45.722671], [4.755791, 45.722573], [4.75665, 45.722459], [4.756744, 45.722453], [4.756776, 45.722505], [4.756907, 45.722539], [4.757069, 45.722527], [4.757417, 45.72256], [4.757617, 45.722512], [4.757805, 45.722459], [4.757978, 45.722425], [4.75805, 45.722177], [4.758175, 45.721877], [4.758239, 45.721818], [4.758339, 45.721797], [4.758377, 45.721798], [4.758468, 45.7218], [4.758657, 45.721816], [4.758952, 45.721825], [4.760292, 45.721869], [4.760119, 45.721531], [4.760088, 45.721436], [4.760058, 45.721339], [4.760048, 45.721314], [4.760053, 45.721257], [4.759946, 45.721096], [4.759842, 45.720996], [4.759825, 45.720954], [4.759884, 45.720879], [4.759943, 45.720874], [4.760182, 45.720895], [4.760721, 45.720949], [4.761151, 45.721067], [4.762973, 45.721662], [4.762981, 45.721604], [4.762895, 45.721503], [4.762879, 45.7214], [4.762914, 45.721237], [4.763, 45.72111], [4.763853, 45.720803], [4.763, 45.72111], [4.762914, 45.721237], [4.762879, 45.7214], [4.762895, 45.721503], [4.762981, 45.721604], [4.762973, 45.721662], [4.761151, 45.721067], [4.760721, 45.720949], [4.760182, 45.720895], [4.76011, 45.720867], [4.759822, 45.7208], [4.759709, 45.720712], [4.75969, 45.720586], [4.759621, 45.720502], [4.759536, 45.720349], [4.759574, 45.720338], [4.759591, 45.720334], [4.759573, 45.720299], [4.759564, 45.720282], [4.759551, 45.720254], [4.759298, 45.719758], [4.759288, 45.719739], [4.759106, 45.719393], [4.7591, 45.719395], [4.759062, 45.719405], [4.759024, 45.719414], [4.759006, 45.719418], [4.758488, 45.718432], [4.758412, 45.718248], [4.758372, 45.718086], [4.758234, 45.717177], [4.758227, 45.717154], [4.758201, 45.717126], [4.758169, 45.71711], [4.758138, 45.717103], [4.758059, 45.717101], [4.758054, 45.717056], [4.757925, 45.717057], [4.757683, 45.717033], [4.757459, 45.716978], [4.757269, 45.716899], [4.757012, 45.716741], [4.75695, 45.71671], [4.756759, 45.716614], [4.75653, 45.716541], [4.756295, 45.716499], [4.755833, 45.71646], [4.75555, 45.716476], [4.755266, 45.716513], [4.755044, 45.716564], [4.754773, 45.716647], [4.754411, 45.716787], [4.754206, 45.716883], [4.754062, 45.716952], [4.753553, 45.717226], [4.753509, 45.71727], [4.753469, 45.717306], [4.753192, 45.717181], [4.753085, 45.717129], [4.752986, 45.717159], [4.75289, 45.717174], [4.752793, 45.717177], [4.752575, 45.717128], [4.75181, 45.717017], [4.751638, 45.716985], [4.751054, 45.716828], [4.750917, 45.716791], [4.750824, 45.716765], [4.750201, 45.716589], [4.749465, 45.716381], [4.748686, 45.716168], [4.748558, 45.716121], [4.74857, 45.716074], [4.748191, 45.715978], [4.747224, 45.715781], [4.74711, 45.715747], [4.746997, 45.7157], [4.746498, 45.715468], [4.746335, 45.715386], [4.746142, 45.715271], [4.745957, 45.715172], [4.745804, 45.715109], [4.745636, 45.71505], [4.745246, 45.714928], [4.745261, 45.714907], [4.74527, 45.714513], [4.745276, 45.714287], [4.745333, 45.714227], [4.745407, 45.714194], [4.745526, 45.714178], [4.745568, 45.714056], [4.74561, 45.713937], [4.745685, 45.71361], [4.745768, 45.713267], [4.745787, 45.713139], [4.745678, 45.712477], [4.745665, 45.712373], [4.745641, 45.712206], [4.745638, 45.712122], [4.745597, 45.712038], [4.745357, 45.711704], [4.745268, 45.711593], [4.744825, 45.711074], [4.744804, 45.711012], [4.744807, 45.710935], [4.744841, 45.710845], [4.745132, 45.710559], [4.745112, 45.710544], [4.744959, 45.710424], [4.744808, 45.710336], [4.744755, 45.710296], [4.744357, 45.710411], [4.744252, 45.71043], [4.744021, 45.710452], [4.743906, 45.710456], [4.7436, 45.710429], [4.743597, 45.710376], [4.743599, 45.710285], [4.743539, 45.710205], [4.743526, 45.710151], [4.743082, 45.710218], [4.742978, 45.710258], [4.74292, 45.710216], [4.742816, 45.710139], [4.742789, 45.710098], [4.742772, 45.710072]]}, "properties": {"heading": 0, "length_km": 13.755, "retrace": 0.146}}, {"type": "Feature", "geometry": {"type": "LineString", "coordinates": [[4.742772, 45.710072], [4.742623, 45.709846], [4.742465, 45.709634], [4.742447, 45.709611], [4.742424, 45.709581], [4.742344, 45.709476], [4.742223, 45.709474], [4.741743, 45.709412], [4.74112, 45.70933], [4.741033, 45.709713], [4.741051, 45.709757], [4.740984, 45.710041], [4.740936, 45.710113], [4.740926, 45.710169], [4.74092, 45.7102], [4.740853, 45.710561], [4.74086, 45.710662], [4.740655, 45.710714], [4.740647, 45.711237], [4.740646, 45.711262], [4.740642, 45.711537], [4.740641, 45.711606], [4.740574, 45.711614], [4.740333, 45.711643], [4.739784, 45.711716], [4.739636, 45.71174], [4.739572, 45.711838], [4.738798, 45.712672], [4.738501, 45.713055], [4.738376, 45.713209], [4.738088, 45.713462], [4.737772, 45.713719], [4.737601, 45.713832], [4.737039, 45.714156], [4.736433, 45.714472], [4.736242, 45.714596], [4.736043, 45.714739], [4.735517, 45.715146], [4.735155, 45.715526], [4.734741, 45.716027], [4.734335, 45.716535], [4.733943, 45.717044], [4.733133, 45.717693], [4.73306, 45.717745], [4.733009, 45.717781], [4.732833, 45.717879], [4.73217, 45.718186], [4.731985, 45.718339], [4.731777, 45.718493], [4.73137, 45.71874], [4.731206, 45.718824], [4.730603, 45.719174], [4.730516, 45.719234], [4.73044, 45.719304], [4.730379, 45.71937], [4.730325, 45.71946], [4.73026, 45.719607], [4.73017, 45.719832], [4.73011, 45.720001], [4.730072, 45.720078], [4.730032, 45.720148], [4.729983, 45.720205], [4.729921, 45.72025], [4.729865, 45.720288], [4.729806, 45.720313], [4.728945, 45.720588], [4.728723, 45.720675], [4.728572, 45.72075], [4.728416, 45.720844], [4.728254, 45.72095], [4.72814, 45.721038], [4.727879, 45.721305], [4.727666, 45.721554], [4.727645, 45.721578], [4.729736, 45.722367], [4.729694, 45.722447], [4.729682, 45.72247], [4.729643, 45.722715], [4.729431, 45.72416], [4.729339, 45.724682], [4.729431, 45.72416], [4.729643, 45.722715], [4.729682, 45.72247], [4.729694, 45.722447], [4.729736, 45.722367], [4.731474, 45.722983], [4.731658, 45.723101], [4.732506, 45.723634], [4.733132, 45.72399], [4.733323, 45.724089], [4.734073, 45.724471], [4.734624, 45.724697], [4.735113, 45.725085], [4.735639, 45.725482], [4.735819, 45.725605], [4.735986, 45.725717], [4.736771, 45.726113], [4.737828, 45.726631], [4.739148, 45.727277], [4.74, 45.727539], [4.741484, 45.728001], [4.741523, 45.728013], [4.741689, 45.728065], [4.741863, 45.728137], [4.741928, 45.728163], [4.742107, 45.728238], [4.742323, 45.72808], [4.742466, 45.728022], [4.742624, 45.727998], [4.742997, 45.728009], [4.742624, 45.727998], [4.742466, 45.728022], [4.742323, 45.72808], [4.742107, 45.728238], [4.742443, 45.728472], [4.743271, 45.729097], [4.743929, 45.729631], [4.743965, 45.72966], [4.744071, 45.729746], [4.744121, 45.729684], [4.744125, 45.729658], [4.744137, 45.729583], [4.7443, 45.728548], [4.744399, 45.728254], [4.744659, 45.727862], [4.745112, 45.727264], [4.745447, 45.72677], [4.745651, 45.726391], [4.745696, 45.726176], [4.745682, 45.725889], [4.745652, 45.725742], [4.745506, 45.725006], [4.745597, 45.724993], [4.745702, 45.724986], [4.745837, 45.724988], [4.746328, 45.725016], [4.748915, 45.725091], [4.750301, 45.725171], [4.750389, 45.725152], [4.750281, 45.72303], [4.750191, 45.72144], [4.750218, 45.720913], [4.751501, 45.720808], [4.751681, 45.720928], [4.75226, 45.721823], [4.752845, 45.723079], [4.752976, 45.723173], [4.7531, 45.723203], [4.753365, 45.723091], [4.753427, 45.72304], [4.753422, 45.722832], [4.753604, 45.722763], [4.754122, 45.722705], [4.754916, 45.722671], [4.755791, 45.722573], [4.75665, 45.722459], [4.75649, 45.722902], [4.756334, 45.723244], [4.756098, 45.723872], [4.756439, 45.723958], [4.75664, 45.724027], [4.757622, 45.724123], [4.757673, 45.724111], [4.757769, 45.724048], [4.757842, 45.724021], [4.758027, 45.72401], [4.75796, 45.724046], [4.757949, 45.724083], [4.757979, 45.72425], [4.757984, 45.72442], [4.757956, 45.724541], [4.757984, 45.72442], [4.757979, 45.72425], [4.757949, 45.724083], [4.75796, 45.724046], [4.758027, 45.72401], [4.758765, 45.724012], [4.758829, 45.723995], [4.758861, 45.723965], [4.758864, 45.723804], [4.758891, 45.723686], [4.758947, 45.723613], [4.759046, 45.72357], [4.759271, 45.723553], [4.759314, 45.723507], [4.759052, 45.72352], [4.759129, 45.723433], [4.758952, 45.721825], [4.760292, 45.721869], [4.760119, 45.721531], [4.760088, 45.721436], [4.760058, 45.721339], [4.760016, 45.721348], [4.760007, 45.72135], [4.75998, 45.721292], [4.759925, 45.721209], [4.759873, 45.721149], [4.759755, 45.721049], [4.75967, 45.720947], [4.759597, 45.72078], [4.759592, 45.720582], [4.759582, 45.720527], [4.75949, 45.720363], [4.759502, 45.720359], [4.759536, 45.720349], [4.759574, 45.720338], [4.759591, 45.720334], [4.759573, 45.720299], [4.759564, 45.720282], [4.75958, 45.720278], [4.759602, 45.720273], [4.760369, 45.720115], [4.760535, 45.720079], [4.761037, 45.71997], [4.761422, 45.719886], [4.761484, 45.719872], [4.762392, 45.71969], [4.762669, 45.719654], [4.763002, 45.719695], [4.763217, 45.719727], [4.76374, 45.719806], [4.764042, 45.719778], [4.7643, 45.719696], [4.76455, 45.719547], [4.765163, 45.719383], [4.765345, 45.719298], [4.765486, 45.719336], [4.766137, 45.719341], [4.766323, 45.719375], [4.766497, 45.719443], [4.766892, 45.719717], [4.767035, 45.719796], [4.767036, 45.719731], [4.767002, 45.719497], [4.766947, 45.719295], [4.766936, 45.719198], [4.766949, 45.719126], [4.766996, 45.719048], [4.767199, 45.718856], [4.767312, 45.718653], [4.767491, 45.718145], [4.767547, 45.71791], [4.767718, 45.717649], [4.768319, 45.717109], [4.769162, 45.716264], [4.769262, 45.716073], [4.769331, 45.715848], [4.769262, 45.716073], [4.769162, 45.716264], [4.768319, 45.717109], [4.767718, 45.717649], [4.767547, 45.71791], [4.767491, 45.718145], [4.767312, 45.718653], [4.767199, 45.718856], [4.766996, 45.719048], [4.766949, 45.719126], [4.766936, 45.719198], [4.766947, 45.719295], [4.767002, 45.719497], [4.767036, 45.719731], [4.767035, 45.719796], [4.766892, 45.719717], [4.766497, 45.719443], [4.766323, 45.719375], [4.766137, 45.719341], [4.765486, 45.719336], [4.765345, 45.719298], [4.765211, 45.719166], [4.765195, 45.719075], [4.765293, 45.718663], [4.765293, 45.718592], [4.765276, 45.718528], [4.765225, 45.718468], [4.764877, 45.718231], [4.764814, 45.718177], [4.764774, 45.718118], [4.76475, 45.718064], [4.764673, 45.718056], [4.764595, 45.718047], [4.764401, 45.71799], [4.763882, 45.717809], [4.763656, 45.717762], [4.763458, 45.717713], [4.763335, 45.717703], [4.763047, 45.717636], [4.762941, 45.717606], [4.762761, 45.717535], [4.762458, 45.71747], [4.762065, 45.717376], [4.76179, 45.717274], [4.761581, 45.717144], [4.761317, 45.71692], [4.761155, 45.716918], [4.760888, 45.716902], [4.760714, 45.716874], [4.760237, 45.716772], [4.760089, 45.716764], [4.759986, 45.716469], [4.759907, 45.716428], [4.75953, 45.716467], [4.759412, 45.716417], [4.759381, 45.716222], [4.759425, 45.716124], [4.759336, 45.715685], [4.759095, 45.715601], [4.758959, 45.715513], [4.758835, 45.715471], [4.758465, 45.71551], [4.757853, 45.715491], [4.75777, 45.715492], [4.757683, 45.715307], [4.757613, 45.715108], [4.757579, 45.714977], [4.757561, 45.714848], [4.755814, 45.714777], [4.75507, 45.714699], [4.754587, 45.714535], [4.754376, 45.714496], [4.754299, 45.714466], [4.754258, 45.714368], [4.754237, 45.714334], [4.754205, 45.714312], [4.754063, 45.714373], [4.753868, 45.714436], [4.752864, 45.714644], [4.752172, 45.714787], [4.752011, 45.714819], [4.75157, 45.714908], [4.751218, 45.714946], [4.751203, 45.714948], [4.751107, 45.714958], [4.751093, 45.714901], [4.751068, 45.714797], [4.751024, 45.714673], [4.750466, 45.714745], [4.750323, 45.714775], [4.750243, 45.714792], [4.750179, 45.714672], [4.750116, 45.714554], [4.750032, 45.714553], [4.749333, 45.714553], [4.749019, 45.714547], [4.748934, 45.714545], [4.748762, 45.714543], [4.748625, 45.714531], [4.748591, 45.714517], [4.74855, 45.714484], [4.748317, 45.713893], [4.748298, 45.713848], [4.748094, 45.713544], [4.747592, 45.713542], [4.747501, 45.713542], [4.747466, 45.713541], [4.747266, 45.713538], [4.747204, 45.713525], [4.747154, 45.71349], [4.747095, 45.713423], [4.747057, 45.713366], [4.746961, 45.713307], [4.746898, 45.713291], [4.74658, 45.713282], [4.746122, 45.71328], [4.745768, 45.713267], [4.745787, 45.713139], [4.745678, 45.712477], [4.745665, 45.712373], [4.745641, 45.712206], [4.745638, 45.712122], [4.745597, 45.712038], [4.745357, 45.711704], [4.745268, 45.711593], [4.744825, 45.711074], [4.744804, 45.711012], [4.744807, 45.710935], [4.744841, 45.710845], [4.745132, 45.710559], [4.745112, 45.710544], [4.744959, 45.710424], [4.744808, 45.710336], [4.744755, 45.710296], [4.744357, 45.710411], [4.744252, 45.71043], [4.744021, 45.710452], [4.743906, 45.710456], [4.7436, 45.710429], [4.743597, 45.710376], [4.743599, 45.710285], [4.743539, 45.710205], [4.743526, 45.710151], [4.743082, 45.710218], [4.742978, 45.710258], [4.74292, 45.710216], [4.742816, 45.710139], [4.742789, 45.710098], [4.742772, 45.710072]]}, "properties": {"heading": 18, "length_km": 11.788, "retrace": 0.177}}, {"type": "Feature", "geometry": {"type": "LineString", "coordinates": [[4.742772, 45.710072], [4.742789, 45.710098], [4.742816, 45.710139], [4.74292, 45.710216], [4.742978, 45.710258], [4.743082, 45.710218], [4.743526, 45.710151], [4.743539, 45.710205], [4.743599, 45.710285], [4.743597, 45.710376], [4.7436, 45.710429], [4.743906, 45.710456], [4.744021, 45.710452], [4.744252, 45.71043], [4.744357, 45.710411], [4.744755, 45.710296], [4.744808, 45.710336], [4.744959, 45.710424], [4.745112, 45.710544], [4.745132, 45.710559], [4.744841, 45.710845], [4.744807, 45.710935], [4.744804, 45.711012], [4.744825, 45.711074], [4.744778, 45.71115], [4.744768, 45.711167], [4.744743, 45.711423], [4.744468, 45.711948], [4.74439, 45.712096], [4.744355, 45.712164], [4.744304, 45.712243], [4.744268, 45.712324], [4.744272, 45.712406], [4.744305, 45.712562], [4.744443, 45.712894], [4.744537, 45.713122], [4.744563, 45.713239], [4.744569, 45.713376], [4.744531, 45.71474], [4.74453, 45.714761], [4.744519, 45.714802], [4.744447, 45.7148], [4.744218, 45.715491], [4.74417, 45.715655], [4.744065, 45.716013], [4.74402, 45.716218], [4.743993, 45.716436], [4.743973, 45.716824], [4.743968, 45.717205], [4.743995, 45.717593], [4.743991, 45.717669], [4.743987, 45.717778], [4.743919, 45.718357], [4.74389, 45.718995], [4.74386, 45.719409], [4.743851, 45.719542], [4.743882, 45.719874], [4.74348, 45.720032], [4.743068, 45.720264], [4.742357, 45.720695], [4.741892, 45.720969], [4.741425, 45.721218], [4.740512, 45.721757], [4.739833, 45.722145], [4.739436, 45.722358], [4.739037, 45.722557], [4.738494, 45.722775], [4.738263, 45.722855], [4.738068, 45.723015], [4.73786, 45.723221], [4.737763, 45.723336], [4.737693, 45.723438], [4.737613, 45.723576], [4.737346, 45.724091], [4.737264, 45.724218], [4.737171, 45.724323], [4.736831, 45.724643], [4.736554, 45.724945], [4.736363, 45.725115], [4.736116, 45.725249], [4.735812, 45.725383], [4.735639, 45.725482], [4.735819, 45.725605], [4.735657, 45.725783], [4.735589, 45.725899], [4.735578, 45.726182], [4.735742, 45.727067], [4.735743, 45.72709], [4.735742, 45.727067], [4.735578, 45.726182], [4.735589, 45.725899], [4.735657, 45.725783], [4.735819, 45.725605], [4.735986, 45.725717], [4.736771, 45.726113], [4.737828, 45.726631], [4.739148, 45.727277], [4.74, 45.727539], [4.741484, 45.728001], [4.741523, 45.728013], [4.741689, 45.728065], [4.741863, 45.728137], [4.741928, 45.728163], [4.742107, 45.728238], [4.742443, 45.728472], [4.743271, 45.729097], [4.743929, 45.729631], [4.743965, 45.72966], [4.744071, 45.729746], [4.744121, 45.729684], [4.744125, 45.729658], [4.744137, 45.729583], [4.7443, 45.728548], [4.744399, 45.728254], [4.744659, 45.727862], [4.745112, 45.727264], [4.745447, 45.72677], [4.745651, 45.726391], [4.745696, 45.726176], [4.745682, 45.725889], [4.745652, 45.725742], [4.745506, 45.725006], [4.745597, 45.724993], [4.745702, 45.724986], [4.745837, 45.724988], [4.746328, 45.725016], [4.748915, 45.725091], [4.750301, 45.725171], [4.750389, 45.725152], [4.750389, 45.725277], [4.750738, 45.726414], [4.750907, 45.727071], [4.750909, 45.727113], [4.750907, 45.727071], [4.750738, 45.726414], [4.750389, 45.725277], [4.750389, 45.725152], [4.750281, 45.72303], [4.750191, 45.72144], [4.750218, 45.720913], [4.751501, 45.720808], [4.751681, 45.720928], [4.75226, 45.721823], [4.752845, 45.723079], [4.752976, 45.723173], [4.7531, 45.723203], [4.753365, 45.723091], [4.753427, 45.72304], [4.753422, 45.722832], [4.753604, 45.722763], [4.754122, 45.722705], [4.754916, 45.722671], [4.755791, 45.722573], [4.75665, 45.722459], [4.756744, 45.722453], [4.756776, 45.722505], [4.756907, 45.722539], [4.757069, 45.722527], [4.757417, 45.72256], [4.757617, 45.722512], [4.757805, 45.722459], [4.757978, 45.722425], [4.75805, 45.722177], [4.758175, 45.721877], [4.758239, 45.721818], [4.758339, 45.721797], [4.758377, 45.721798], [4.758468, 45.7218], [4.758657, 45.721816], [4.758952, 45.721825], [4.760292, 45.721869], [4.760119, 45.721531], [4.760088, 45.721436], [4.760058, 45.721339], [4.760048, 45.721314], [4.760053, 45.721257], [4.759946, 45.721096], [4.759842, 45.720996], [4.759825, 45.720954], [4.759884, 45.720879], [4.759943, 45.720874], [4.760182, 45.720895], [4.760721, 45.720949], [4.761151, 45.721067], [4.762973, 45.721662], [4.762981, 45.721604], [4.762895, 45.721503], [4.762879, 45.7214], [4.762914, 45.721237], [4.763, 45.72111], [4.763853, 45.720803], [4.763, 45.72111], [4.762914, 45.721237], [4.762879, 45.7214], [4.762895, 45.721503], [4.762981, 45.721604], [4.762973, 45.721662], [4.761151, 45.721067], [4.760721, 45.720949], [4.760182, 45.720895], [4.76011, 45.720867], [4.759822, 45.7208], [4.759709, 45.720712], [4.75969, 45.720586], [4.759621, 45.720502], [4.759536, 45.720349], [4.759574, 45.720338], [4.759591, 45.720334], [4.759573, 45.720299], [4.759564, 45.720282], [4.759551, 45.720254], [4.759298, 45.719758], [4.759288, 45.719739], [4.759106, 45.719393], [4.7591, 45.719395], [4.759062, 45.719405], [4.759024, 45.719414], [4.759006, 45.719418], [4.758488, 45.718432], [4.758412, 45.718248], [4.758372, 45.718086], [4.758234, 45.717177], [4.758304, 45.71717], [4.758303, 45.717138], [4.758297, 45.717096], [4.758333, 45.717083], [4.758358, 45.717062], [4.758369, 45.717034], [4.758365, 45.717011], [4.758349, 45.71699], [4.758325, 45.716974], [4.758294, 45.716965], [4.75826, 45.716964], [4.758235, 45.716917], [4.758217, 45.716885], [4.758157, 45.716552], [4.75807, 45.71623], [4.757952, 45.71592], [4.75777, 45.715492], [4.757683, 45.715307], [4.757613, 45.715108], [4.757579, 45.714977], [4.757561, 45.714848], [4.757532, 45.714605], [4.757519, 45.714263], [4.757506, 45.71393], [4.757502, 45.713446], [4.757563, 45.712812], [4.757575, 45.712714], [4.757625, 45.712707], [4.757666, 45.712685], [4.757689, 45.712653], [4.75769, 45.712617], [4.757676, 45.712592], [4.75765, 45.712571], [4.757615, 45.712558], [4.757669, 45.712483], [4.757825, 45.712265], [4.75795, 45.712126], [4.758093, 45.712024], [4.758502, 45.711799], [4.758932, 45.711686], [4.759031, 45.71164], [4.759369, 45.711205], [4.760216, 45.710602], [4.760473, 45.710442], [4.760828, 45.710222], [4.760959, 45.710122], [4.760986, 45.709963], [4.760961, 45.709734], [4.760895, 45.709406], [4.760889, 45.709254], [4.760902, 45.709189], [4.761, 45.709114], [4.761172, 45.709086], [4.763338, 45.708915], [4.763459, 45.708856], [4.763467, 45.708732], [4.763465, 45.708321], [4.762979, 45.707929], [4.762851, 45.707772], [4.762712, 45.707485], [4.762623, 45.707401], [4.76267, 45.707298], [4.762671, 45.70718], [4.762617, 45.707018], [4.762661, 45.706974], [4.76267, 45.706915], [4.762666, 45.706795], [4.762673, 45.706718], [4.762721, 45.706576], [4.762754, 45.706503], [4.763033, 45.706143], [4.763118, 45.706025], [4.763261, 45.7058], [4.76331, 45.705709], [4.763339, 45.705613], [4.763411, 45.705428], [4.763474, 45.705294], [4.763569, 45.705188], [4.763872, 45.70477], [4.763939, 45.70469], [4.764103, 45.704578], [4.76507, 45.704875], [4.765346, 45.704945], [4.765481, 45.704975], [4.765472, 45.705026], [4.765465, 45.705062], [4.765454, 45.70516], [4.765476, 45.705251], [4.765486, 45.705282], [4.7655, 45.705324], [4.765516, 45.705366], [4.765531, 45.705411], [4.765693, 45.705904], [4.76575, 45.706075], [4.765755, 45.706093], [4.765912, 45.706565], [4.766211, 45.707487], [4.766445, 45.708099], [4.766652, 45.708628], [4.766701, 45.708749], [4.766768, 45.708924], [4.766825, 45.709071], [4.767157, 45.709332], [4.768174, 45.709386], [4.768311, 45.70945], [4.768696, 45.710001], [4.768311, 45.70945], [4.768174, 45.709386], [4.767157, 45.709332], [4.766825, 45.709071], [4.766768, 45.708924], [4.766701, 45.708749], [4.766652, 45.708628], [4.766445, 45.708099], [4.766211, 45.707487], [4.765912, 45.706565], [4.765755, 45.706093], [4.76575, 45.706075], [4.765693, 45.705904], [4.765531, 45.705411], [4.765516, 45.705366], [4.7655, 45.705324], [4.765486, 45.705282], [4.765476, 45.705251], [4.765454, 45.70516], [4.765465, 45.705062], [4.765472, 45.705026], [4.765481, 45.704975], [4.765346, 45.704945], [4.76507, 45.704875], [4.764103, 45.704578], [4.763939, 45.70469], [4.763872, 45.70477], [4.763569, 45.705188], [4.763474, 45.705294], [4.763411, 45.705428], [4.763339, 45.705613], [4.76331, 45.705709], [4.763261, 45.7058], [4.763118, 45.706025], [4.763033, 45.706143], [4.762754, 45.706503], [4.762721, 45.706576], [4.762673, 45.706718], [4.762666, 45.706795], [4.76267, 45.706915], [4.762661, 45.706974], [4.762617, 45.707018], [4.762671, 45.70718], [4.76267, 45.707298], [4.762623, 45.707401], [4.762541, 45.707442], [4.762418, 45.707457], [4.762271, 45.70743], [4.762166, 45.707342], [4.76209, 45.707203], [4.761964, 45.706885], [4.761872, 45.70646], [4.761771, 45.706275], [4.761581, 45.706195], [4.761377, 45.706159], [4.761153, 45.706184], [4.76106, 45.706266], [4.760953, 45.706253], [4.76013, 45.706307], [4.759815, 45.706378], [4.759652, 45.706388], [4.758857, 45.706272], [4.758501, 45.706233], [4.757909, 45.706212], [4.757814, 45.706196], [4.757738, 45.706131], [4.757639, 45.706071], [4.75743, 45.705994], [4.757135, 45.705901], [4.757003, 45.705861], [4.756881, 45.705833], [4.756762, 45.705814], [4.756363, 45.705783], [4.756218, 45.705786], [4.755993, 45.705774], [4.755768, 45.705745], [4.75561, 45.705707], [4.755515, 45.705675], [4.75539, 45.705616], [4.755286, 45.70555], [4.755213, 45.705475], [4.755161, 45.70539], [4.755109, 45.705197], [4.755134, 45.704677], [4.755131, 45.704619], [4.755099, 45.704578], [4.755022, 45.70453], [4.754752, 45.704436], [4.7543, 45.704312], [4.754169, 45.704272], [4.754053, 45.704263], [4.753934, 45.704284], [4.753821, 45.704334], [4.753699, 45.704436], [4.753601, 45.704559], [4.753467, 45.704704], [4.753412, 45.70468], [4.753357, 45.704653], [4.753287, 45.704633], [4.753208, 45.704623], [4.753091, 45.704622], [4.752591, 45.704619], [4.752561, 45.70461], [4.752488, 45.704588], [4.752449, 45.704625], [4.752433, 45.704639], [4.752278, 45.704645], [4.751537, 45.704611], [4.751484, 45.704609], [4.75144, 45.70486], [4.751377, 45.704986], [4.751293, 45.705113], [4.751059, 45.705331], [4.749779, 45.706486], [4.749451, 45.706726], [4.749123, 45.706908], [4.748799, 45.707175], [4.74829, 45.707317], [4.747487, 45.70755], [4.747669, 45.707893], [4.747622, 45.707903], [4.74754, 45.707921], [4.747522, 45.707925], [4.747434, 45.707945], [4.747147, 45.708013], [4.746864, 45.708102], [4.746575, 45.70825], [4.746494, 45.708307], [4.746473, 45.708322], [4.746383, 45.708387], [4.74609, 45.708657], [4.746014, 45.708743], [4.745871, 45.70885], [4.745806, 45.708901], [4.745753, 45.708912], [4.745712, 45.708938], [4.745642, 45.708962], [4.745591, 45.70898], [4.745475, 45.709015], [4.745443, 45.709014], [4.745424, 45.709097], [4.745429, 45.70911], [4.745418, 45.709175], [4.745369, 45.709252], [4.745338, 45.709381], [4.745122, 45.709426], [4.745116, 45.709409], [4.744701, 45.709485], [4.744341, 45.709571], [4.744284, 45.709478], [4.744206, 45.709365], [4.744115, 45.709377], [4.743589, 45.709446], [4.743027, 45.70954], [4.742554, 45.709619], [4.742465, 45.709634], [4.742623, 45.709846], [4.742772, 45.710072]]}, "properties": {"heading": 36, "length_km": 13.515, "retrace": 0.28}}, {"type": "Feature", "geometry": {"type": "LineString", "coordinates": [[4.742772, 45.710072], [4.742789, 45.710098], [4.742816, 45.710139], [4.74292, 45.710216], [4.742978, 45.710258], [4.743082, 45.710218], [4.743526, 45.710151], [4.743539, 45.710205], [4.743599, 45.710285], [4.743597, 45.710376], [4.7436, 45.710429], [4.743906, 45.710456], [4.744021, 45.710452], [4.744252, 45.71043], [4.744357, 45.710411], [4.744755, 45.710296], [4.744808, 45.710336], [4.744959, 45.710424], [4.745112, 45.710544], [4.745132, 45.710559], [4.744841, 45.710845], [4.744807, 45.710935], [4.744804, 45.711012], [4.744825, 45.711074], [4.744778, 45.71115], [4.744768, 45.711167], [4.744743, 45.711423], [4.744468, 45.711948], [4.74439, 45.712096], [4.744355, 45.712164], [4.744304, 45.712243], [4.744268, 45.712324], [4.744272, 45.712406], [4.744305, 45.712562], [4.744443, 45.712894], [4.744537, 45.713122], [4.744563, 45.713239], [4.744569, 45.713376], [4.744531, 45.71474], [4.74453, 45.714761], [4.744519, 45.714802], [4.744447, 45.7148], [4.744218, 45.715491], [4.74417, 45.715655], [4.744065, 45.716013], [4.74402, 45.716218], [4.743993, 45.716436], [4.743973, 45.716824], [4.743968, 45.717205], [4.743995, 45.717593], [4.743991, 45.717669], [4.743987, 45.717778], [4.743919, 45.718357], [4.74389, 45.718995], [4.74386, 45.719409], [4.743851, 45.719542], [4.743882, 45.719874], [4.74348, 45.720032], [4.743068, 45.720264], [4.742357, 45.720695], [4.741892, 45.720969], [4.741425, 45.721218], [4.740512, 45.721757], [4.739833, 45.722145], [4.739436, 45.722358], [4.739037, 45.722557], [4.738494, 45.722775], [4.738263, 45.722855], [4.738068, 45.723015], [4.73786, 45.723221], [4.737763, 45.723336], [4.737693, 45.723438], [4.737613, 45.723576], [4.737346, 45.724091], [4.737264, 45.724218], [4.737171, 45.724323], [4.736831, 45.724643], [4.736554, 45.724945], [4.736363, 45.725115], [4.736116, 45.725249], [4.735812, 45.725383], [4.735639, 45.725482], [4.735819, 45.725605], [4.735986, 45.725717], [4.736771, 45.726113], [4.737828, 45.726631], [4.739148, 45.727277], [4.74, 45.727539], [4.741484, 45.728001], [4.741523, 45.728013], [4.741689, 45.728065], [4.741863, 45.728137], [4.741928, 45.728163], [4.742107, 45.728238], [4.742323, 45.72808], [4.742466, 45.728022], [4.742624, 45.727998], [4.742997, 45.728009], [4.742624, 45.727998], [4.742466, 45.728022], [4.742323, 45.72808], [4.742107, 45.728238], [4.742443, 45.728472], [4.743271, 45.729097], [4.743929, 45.729631], [4.743965, 45.72966], [4.744071, 45.729746], [4.744121, 45.729684], [4.744125, 45.729658], [4.744137, 45.729583], [4.7443, 45.728548], [4.744399, 45.728254], [4.744659, 45.727862], [4.745112, 45.727264], [4.745447, 45.72677], [4.745651, 45.726391], [4.745696, 45.726176], [4.745682, 45.725889], [4.745652, 45.725742], [4.745506, 45.725006], [4.745597, 45.724993], [4.745702, 45.724986], [4.745837, 45.724988], [4.746328, 45.725016], [4.748915, 45.725091], [4.750301, 45.725171], [4.750389, 45.725152], [4.750281, 45.72303], [4.750191, 45.72144], [4.750218, 45.720913], [4.751501, 45.720808], [4.751681, 45.720928], [4.75226, 45.721823], [4.752845, 45.723079], [4.752976, 45.723173], [4.7531, 45.723203], [4.753365, 45.723091], [4.753427, 45.72304], [4.753422, 45.722832], [4.753604, 45.722763], [4.754122, 45.722705], [4.754916, 45.722671], [4.755791, 45.722573], [4.75665, 45.722459], [4.75649, 45.722902], [4.756334, 45.723244], [4.756098, 45.723872], [4.756439, 45.723958], [4.75664, 45.724027], [4.757622, 45.724123], [4.757673, 45.724111], [4.757769, 45.724048], [4.757842, 45.724021], [4.758027, 45.72401], [4.75796, 45.724046], [4.757949, 45.724083], [4.757979, 45.72425], [4.757984, 45.72442], [4.757956, 45.724541], [4.757984, 45.72442], [4.757979, 45.72425], [4.757949, 45.724083], [4.75796, 45.724046], [4.758027, 45.72401], [4.758765, 45.724012], [4.758829, 45.723995], [4.758861, 45.723965], [4.758864, 45.723804], [4.758891, 45.723686], [4.758947, 45.723613], [4.759046, 45.72357], [4.759271, 45.723553], [4.759314, 45.723507], [4.759052, 45.72352], [4.759129, 45.723433], [4.758952, 45.721825], [4.760292, 45.721869], [4.760119, 45.721531], [4.760088, 45.721436], [4.760058, 45.721339], [4.760016, 45.721348], [4.760007, 45.72135], [4.75998, 45.721292], [4.759925, 45.721209], [4.759873, 45.721149], [4.759755, 45.721049], [4.75967, 45.720947], [4.759597, 45.72078], [4.759592, 45.720582], [4.759582, 45.720527], [4.75949, 45.720363], [4.759502, 45.720359], [4.759536, 45.720349], [4.759574, 45.720338], [4.759591, 45.720334], [4.759573, 45.720299], [4.759564, 45.720282], [4.75958, 45.720278], [4.759602, 45.720273], [4.760369, 45.720115], [4.760535, 45.720079], [4.761037, 45.71997], [4.761422, 45.719886], [4.761484, 45.719872], [4.762392, 45.71969], [4.762669, 45.719654], [4.763002, 45.719695], [4.763217, 45.719727], [4.76374, 45.719806], [4.764042, 45.719778], [4.7643, 45.719696], [4.76455, 45.719547], [4.765163, 45.719383], [4.765345, 45.719298], [4.765486, 45.719336], [4.766137, 45.719341], [4.766323, 45.719375], [4.766497, 45.719443], [4.766892, 45.719717], [4.767035, 45.719796], [4.767036, 45.719731], [4.767002, 45.719497], [4.766947, 45.719295], [4.766936, 45.719198], [4.766949, 45.719126], [4.766996, 45.719048], [4.767199, 45.718856], [4.767312, 45.718653], [4.767491, 45.718145], [4.767547, 45.71791], [4.767718, 45.717649], [4.768319, 45.717109], [4.769162, 45.716264], [4.769262, 45.716073], [4.769331, 45.715848], [4.769353, 45.71578], [4.769501, 45.715384], [4.769542, 45.715213], [4.769637, 45.714899], [4.769664, 45.714546], [4.7697, 45.7145], [4.76972, 45.714447], [4.769794, 45.714088], [4.769887, 45.713469], [4.769922, 45.713182], [4.769977, 45.712937], [4.77001, 45.712713], [4.77002, 45.712441], [4.770004, 45.712075], [4.770016, 45.71198], [4.770055, 45.711821], [4.770052, 45.711764], [4.769962, 45.711576], [4.769936, 45.711495], [4.769928, 45.711418], [4.76987, 45.711418], [4.769766, 45.711405], [4.769277, 45.711243], [4.768328, 45.710955], [4.768001, 45.71089], [4.767791, 45.710838], [4.767456, 45.710788], [4.767272, 45.710748], [4.767036, 45.710677], [4.766579, 45.710523], [4.766355, 45.710463], [4.766255, 45.710404], [4.765335, 45.709944], [4.765218, 45.709938], [4.764904, 45.710135], [4.764759, 45.71018], [4.764605, 45.710162], [4.764435, 45.710101], [4.764267, 45.7101], [4.764047, 45.710153], [4.763805, 45.710237], [4.763396, 45.71029], [4.763348, 45.710264], [4.763545, 45.710017], [4.763617, 45.709882], [4.763657, 45.709711], [4.763663, 45.709366], [4.763648, 45.709094], [4.7636, 45.70897], [4.763459, 45.708856], [4.763467, 45.708732], [4.763465, 45.708321], [4.762979, 45.707929], [4.762851, 45.707772], [4.762712, 45.707485], [4.762623, 45.707401], [4.76267, 45.707298], [4.762671, 45.70718], [4.762617, 45.707018], [4.762661, 45.706974], [4.76267, 45.706915], [4.762666, 45.706795], [4.762673, 45.706718], [4.762721, 45.706576], [4.762754, 45.706503], [4.763033, 45.706143], [4.763118, 45.706025], [4.763261, 45.7058], [4.76331, 45.705709], [4.763339, 45.705613], [4.763411, 45.705428], [4.763474, 45.705294], [4.763569, 45.705188], [4.763872, 45.70477], [4.763939, 45.70469], [4.764103, 45.704578], [4.76507, 45.704875], [4.765346, 45.704945], [4.765481, 45.704975], [4.765662, 45.704993], [4.76591, 45.70498], [4.766382, 45.704914], [4.766847, 45.704825], [4.767263, 45.704734], [4.76746, 45.704695], [4.76742, 45.704439], [4.76746, 45.704695], [4.767263, 45.704734], [4.766847, 45.704825], [4.766382, 45.704914], [4.76591, 45.70498], [4.765662, 45.704993], [4.765481, 45.704975], [4.765346, 45.704945], [4.76507, 45.704875], [4.764103, 45.704578], [4.763939, 45.70469], [4.763872, 45.70477], [4.763569, 45.705188], [4.763474, 45.705294], [4.763411, 45.705428], [4.763339, 45.705613], [4.76331, 45.705709], [4.763261, 45.7058], [4.763118, 45.706025], [4.763033, 45.706143], [4.762754, 45.706503], [4.762721, 45.706576], [4.762673, 45.706718], [4.762666, 45.706795], [4.76267, 45.706915], [4.762661, 45.706974], [4.762617, 45.707018], [4.762671, 45.70718], [4.76267, 45.707298], [4.762623, 45.707401], [4.762541, 45.707442], [4.762418, 45.707457], [4.762271, 45.70743], [4.762166, 45.707342], [4.76209, 45.707203], [4.761964, 45.706885], [4.761872, 45.70646], [4.761771, 45.706275], [4.761581, 45.706195], [4.761377, 45.706159], [4.761153, 45.706184], [4.76106, 45.706266], [4.760953, 45.706253], [4.76013, 45.706307], [4.759815, 45.706378], [4.759652, 45.706388], [4.758857, 45.706272], [4.758501, 45.706233], [4.757909, 45.706212], [4.757814, 45.706196], [4.757738, 45.706131], [4.757639, 45.706071], [4.75743, 45.705994], [4.757135, 45.705901], [4.757003, 45.705861], [4.756881, 45.705833], [4.756762, 45.705814], [4.756363, 45.705783], [4.756218, 45.705786], [4.755993, 45.705774], [4.755768, 45.705745], [4.75561, 45.705707], [4.755515, 45.705675], [4.75539, 45.705616], [4.755286, 45.70555], [4.755213, 45.705475], [4.755161, 45.70539], [4.755109, 45.705197], [4.755134, 45.704677], [4.755131, 45.704619], [4.755099, 45.704578], [4.755022, 45.70453], [4.754752, 45.704436], [4.7543, 45.704312], [4.754169, 45.704272], [4.754053, 45.704263], [4.753934, 45.704284], [4.753821, 45.704334], [4.753699, 45.704436], [4.753601, 45.704559], [4.753467, 45.704704], [4.753412, 45.70468], [4.753357, 45.704653], [4.753287, 45.704633], [4.753208, 45.704623], [4.753091, 45.704622], [4.752591, 45.704619], [4.752561, 45.70461], [4.752488, 45.704588], [4.752449, 45.704625], [4.752433, 45.704639], [4.752278, 45.704645], [4.751537, 45.704611], [4.751484, 45.704609], [4.75144, 45.70486], [4.751377, 45.704986], [4.751293, 45.705113], [4.751059, 45.705331], [4.749779, 45.706486], [4.749451, 45.706726], [4.749123, 45.706908], [4.748799, 45.707175], [4.74829, 45.707317], [4.747487, 45.70755], [4.747669, 45.707893], [4.747622, 45.707903], [4.74754, 45.707921], [4.747522, 45.707925], [4.747434, 45.707945], [4.747147, 45.708013], [4.746864, 45.708102], [4.746575, 45.70825], [4.746494, 45.708307], [4.746473, 45.708322], [4.746383, 45.708387], [4.74609, 45.708657], [4.746014, 45.708743], [4.745871, 45.70885], [4.745806, 45.708901], [4.745753, 45.708912], [4.745712, 45.708938], [4.745642, 45.708962], [4.745591, 45.70898], [4.745475, 45.709015], [4.745443, 45.709014], [4.745424, 45.709097], [4.745429, 45.70911], [4.745418, 45.709175], [4.745369, 45.709252], [4.745338, 45.709381], [4.745122, 45.709426], [4.745116, 45.709409], [4.744701, 45.709485], [4.744341, 45.709571], [4.744284, 45.709478], [4.744206, 45.709365], [4.744115, 45.709377], [4.743589, 45.709446], [4.743027, 45.70954], [4.742554, 45.709619], [4.742465, 45.709634], [4.742623, 45.709846], [4.742772, 45.710072]]}, "properties": {"heading": 54, "length_km": 12.433, "retrace": 0.127}}, {"type": "Feature", "geometry": {"type": "LineString", "coordinates": [[4.742772, 45.710072], [4.742789, 45.710098], [4.742816, 45.710139], [4.74292, 45.710216], [4.742978, 45.710258], [4.743082, 45.710218], [4.743526, 45.710151], [4.743539, 45.710205], [4.743599, 45.710285], [4.743597, 45.710376], [4.7436, 45.710429], [4.743906, 45.710456], [4.744021, 45.710452], [4.744252, 45.71043], [4.744357, 45.710411], [4.744755, 45.710296], [4.744808, 45.710336], [4.744959, 45.710424], [4.745112, 45.710544], [4.745132, 45.710559], [4.744841, 45.710845], [4.744807, 45.710935], [4.744804, 45.711012], [4.744825, 45.711074], [4.745268, 45.711593], [4.745357, 45.711704], [4.745597, 45.712038], [4.745638, 45.712122], [4.745641, 45.712206], [4.745665, 45.712373], [4.745678, 45.712477], [4.745787, 45.713139], [4.745768, 45.713267], [4.745685, 45.71361], [4.74561, 45.713937], [4.745568, 45.714056], [4.745526, 45.714178], [4.745407, 45.714194], [4.745333, 45.714227], [4.745276, 45.714287], [4.74527, 45.714513], [4.745261, 45.714907], [4.745246, 45.714928], [4.745636, 45.71505], [4.745804, 45.715109], [4.745957, 45.715172], [4.746142, 45.715271], [4.746335, 45.715386], [4.746498, 45.715468], [4.746997, 45.7157], [4.74711, 45.715747], [4.747224, 45.715781], [4.748191, 45.715978], [4.74857, 45.716074], [4.748558, 45.716121], [4.748686, 45.716168], [4.749465, 45.716381], [4.750201, 45.716589], [4.750824, 45.716765], [4.750917, 45.716791], [4.750963, 45.717345], [4.751015, 45.717803], [4.751156, 45.718317], [4.751115, 45.718412], [4.750889, 45.718542], [4.7507, 45.718642], [4.750614, 45.718763], [4.750543, 45.718971], [4.750475, 45.719786], [4.750444, 45.719943], [4.750312, 45.720307], [4.750211, 45.720829], [4.750218, 45.720913], [4.750191, 45.72144], [4.750281, 45.72303], [4.750389, 45.725152], [4.750389, 45.725277], [4.750738, 45.726414], [4.750907, 45.727071], [4.750909, 45.727113], [4.750907, 45.727071], [4.750738, 45.726414], [4.750389, 45.725277], [4.750389, 45.725152], [4.750281, 45.72303], [4.750191, 45.72144], [4.750218, 45.720913], [4.751501, 45.720808], [4.751681, 45.720928], [4.75226, 45.721823], [4.752845, 45.723079], [4.752976, 45.723173], [4.7531, 45.723203], [4.753365, 45.723091], [4.753427, 45.72304], [4.753422, 45.722832], [4.753604, 45.722763], [4.754122, 45.722705], [4.754916, 45.722671], [4.755791, 45.722573], [4.75665, 45.722459], [4.756744, 45.722453], [4.756776, 45.722505], [4.756907, 45.722539], [4.757069, 45.722527], [4.757417, 45.72256], [4.757617, 45.722512], [4.757805, 45.722459], [4.757978, 45.722425], [4.75805, 45.722177], [4.758175, 45.721877], [4.758239, 45.721818], [4.758339, 45.721797], [4.758377, 45.721798], [4.758468, 45.7218], [4.758657, 45.721816], [4.758952, 45.721825], [4.760292, 45.721869], [4.760119, 45.721531], [4.760088, 45.721436], [4.760058, 45.721339], [4.760048, 45.721314], [4.760053, 45.721257], [4.759946, 45.721096], [4.759842, 45.720996], [4.759825, 45.720954], [4.759884, 45.720879], [4.759943, 45.720874], [4.760182, 45.720895], [4.760721, 45.720949], [4.761151, 45.721067], [4.762973, 45.721662], [4.762981, 45.721604], [4.762895, 45.721503], [4.762879, 45.7214], [4.762914, 45.721237], [4.763, 45.72111], [4.763853, 45.720803], [4.763, 45.72111], [4.762914, 45.721237], [4.762879, 45.7214], [4.762895, 45.721503], [4.762981, 45.721604], [4.762973, 45.721662], [4.761151, 45.721067], [4.760721, 45.720949], [4.760182, 45.720895], [4.76011, 45.720867], [4.759822, 45.7208], [4.759709, 45.720712], [4.75969, 45.720586], [4.759621, 45.720502], [4.759536, 45.720349], [4.759574, 45.720338], [4.759591, 45.720334], [4.759573, 45.720299], [4.759564, 45.720282], [4.759551, 45.720254], [4.759298, 45.719758], [4.759288, 45.719739], [4.759106, 45.719393], [4.7591, 45.719395], [4.759062, 45.719405], [4.759024, 45.719414], [4.759006, 45.719418], [4.758488, 45.718432], [4.758412, 45.718248], [4.758372, 45.718086], [4.758234, 45.717177], [4.758304, 45.71717], [4.758303, 45.717138], [4.758297, 45.717096], [4.758333, 45.717083], [4.758358, 45.717062], [4.758369, 45.717034], [4.758365, 45.717011], [4.758349, 45.71699], [4.758325, 45.716974], [4.758294, 45.716965], [4.75826, 45.716964], [4.758235, 45.716917], [4.758217, 45.716885], [4.758157, 45.716552], [4.75807, 45.71623], [4.757952, 45.71592], [4.75777, 45.715492], [4.757683, 45.715307], [4.757613, 45.715108], [4.757579, 45.714977], [4.757561, 45.714848], [4.757532, 45.714605], [4.757519, 45.714263], [4.757506, 45.71393], [4.757502, 45.713446], [4.757563, 45.712812], [4.757575, 45.712714], [4.757625, 45.712707], [4.757666, 45.712685], [4.757689, 45.712653], [4.75769, 45.712617], [4.757676, 45.712592], [4.75765, 45.712571], [4.757615, 45.712558], [4.757669, 45.712483], [4.757825, 45.712265], [4.75795, 45.712126], [4.758093, 45.712024], [4.758502, 45.711799], [4.758932, 45.711686], [4.759031, 45.71164], [4.759369, 45.711205], [4.760216, 45.710602], [4.760473, 45.710442], [4.760828, 45.710222], [4.760959, 45.710122], [4.760986, 45.709963], [4.760961, 45.709734], [4.760895, 45.709406], [4.760889, 45.709254], [4.760902, 45.709189], [4.761, 45.709114], [4.761172, 45.709086], [4.763338, 45.708915], [4.763459, 45.708856], [4.763467, 45.708732], [4.763465, 45.708321], [4.762979, 45.707929], [4.762851, 45.707772], [4.762712, 45.707485], [4.762623, 45.707401], [4.76267, 45.707298], [4.762671, 45.70718], [4.762617, 45.707018], [4.762661, 45.706974], [4.76267, 45.706915], [4.762666, 45.706795], [4.762673, 45.706718], [4.762721, 45.706576], [4.762754, 45.706503], [4.763033, 45.706143], [4.763118, 45.706025], [4.763261, 45.7058], [4.76331, 45.705709], [4.763339, 45.705613], [4.763411, 45.705428], [4.763474, 45.705294], [4.763569, 45.705188], [4.763872, 45.70477], [4.763939, 45.70469], [4.764103, 45.704578], [4.76507, 45.704875], [4.765346, 45.704945], [4.765481, 45.704975], [4.765472, 45.705026], [4.765465, 45.705062], [4.765454, 45.70516], [4.765476, 45.705251], [4.765486, 45.705282], [4.7655, 45.705324], [4.765516, 45.705366], [4.765531, 45.705411], [4.765693, 45.705904], [4.76575, 45.706075], [4.765755, 45.706093], [4.765912, 45.706565], [4.766211, 45.707487], [4.766445, 45.708099], [4.766652, 45.708628], [4.766701, 45.708749], [4.766768, 45.708924], [4.766825, 45.709071], [4.767157, 45.709332], [4.768174, 45.709386], [4.768311, 45.70945], [4.768696, 45.710001], [4.768311, 45.70945], [4.768174, 45.709386], [4.767157, 45.709332], [4.766825, 45.709071], [4.766768, 45.708924], [4.766701, 45.708749], [4.766652, 45.708628], [4.766445, 45.708099], [4.766211, 45.707487], [4.765912, 45.706565], [4.765755, 45.706093], [4.76575, 45.706075], [4.765693, 45.705904], [4.765531, 45.705411], [4.765516, 45.705366], [4.7655, 45.705324], [4.765486, 45.705282], [4.765476, 45.705251], [4.765454, 45.70516], [4.765465, 45.705062], [4.765472, 45.705026], [4.765481, 45.704975], [4.765346, 45.704945], [4.765337, 45.704817], [4.765196, 45.70369], [4.765132, 45.703521], [4.764968, 45.703141], [4.764872, 45.702914], [4.764763, 45.702556], [4.764669, 45.702142], [4.764656, 45.702084], [4.764499, 45.701814], [4.764415, 45.70167], [4.764194, 45.701272], [4.764095, 45.701082], [4.76407, 45.700901], [4.764079, 45.70084], [4.764173, 45.700196], [4.764223, 45.699564], [4.76407, 45.699656], [4.763912, 45.69969], [4.76407, 45.699656], [4.764223, 45.699564], [4.7642, 45.699386], [4.764086, 45.69899], [4.764001, 45.698887], [4.763962, 45.698864], [4.76392, 45.69884], [4.763868, 45.698821], [4.763805, 45.698802], [4.763505, 45.698837], [4.763419, 45.698838], [4.762594, 45.698982], [4.762551, 45.698991], [4.762513, 45.699], [4.762509, 45.699031], [4.762492, 45.69906], [4.762464, 45.699084], [4.762428, 45.699101], [4.762385, 45.699111], [4.762334, 45.69911], [4.762286, 45.699098], [4.762202, 45.699121], [4.761252, 45.699283], [4.760968, 45.699342], [4.760861, 45.699372], [4.760742, 45.699416], [4.76049, 45.699523], [4.760364, 45.699599], [4.760256, 45.699677], [4.760163, 45.699775], [4.759869, 45.700184], [4.759795, 45.700272], [4.759711, 45.700341], [4.759621, 45.700401], [4.759523, 45.70045], [4.75933, 45.700517], [4.759234, 45.700536], [4.759035, 45.70055], [4.758917, 45.700542], [4.758809, 45.700522], [4.758397, 45.700377], [4.75824, 45.700339], [4.757949, 45.700299], [4.75769, 45.700284], [4.757452, 45.700292], [4.756259, 45.700437], [4.755133, 45.700444], [4.75493, 45.700475], [4.75479, 45.700504], [4.754664, 45.700548], [4.754579, 45.700591], [4.754477, 45.700657], [4.754367, 45.700743], [4.754281, 45.700834], [4.754179, 45.70098], [4.754145, 45.701061], [4.754114, 45.701263], [4.754001, 45.701867], [4.753945, 45.702084], [4.753856, 45.702351], [4.753748, 45.702607], [4.753392, 45.703285], [4.753074, 45.703868], [4.752824, 45.704262], [4.752561, 45.70461], [4.752488, 45.704588], [4.752449, 45.704625], [4.752433, 45.704639], [4.752278, 45.704645], [4.751537, 45.704611], [4.751484, 45.704609], [4.75144, 45.70486], [4.751377, 45.704986], [4.751293, 45.705113], [4.751059, 45.705331], [4.749779, 45.706486], [4.749451, 45.706726], [4.749123, 45.706908], [4.748799, 45.707175], [4.74829, 45.707317], [4.747487, 45.70755], [4.747669, 45.707893], [4.747622, 45.707903], [4.74754, 45.707921], [4.747522, 45.707925], [4.747434, 45.707945], [4.747147, 45.708013], [4.746864, 45.708102], [4.746575, 45.70825], [4.746494, 45.708307], [4.746473, 45.708322], [4.746383, 45.708387], [4.74609, 45.708657], [4.746014, 45.708743], [4.745871, 45.70885], [4.745806, 45.708901], [4.745753, 45.708912], [4.745712, 45.708938], [4.745642, 45.708962], [4.745591, 45.70898], [4.745475, 45.709015], [4.745443, 45.709014], [4.745424, 45.709097], [4.745429, 45.70911], [4.745418, 45.709175], [4.745369, 45.709252], [4.745338, 45.709381], [4.745122, 45.709426], [4.745116, 45.709409], [4.744701, 45.709485], [4.744341, 45.709571], [4.744284, 45.709478], [4.744206, 45.709365], [4.744115, 45.709377], [4.743589, 45.709446], [4.743027, 45.70954], [4.742554, 45.709619], [4.742465, 45.709634], [4.742623, 45.709846], [4.742772, 45.710072]]}, "properties": {"heading": 72, "length_km": 11.975, "retrace": 0.297}}, {"type": "Feature", "geometry": {"type": "LineString", "coordinates": [[4.742772, 45.710072], [4.742789, 45.710098], [4.742816, 45.710139], [4.74292, 45.710216], [4.742978, 45.710258], [4.743082, 45.710218], [4.743526, 45.710151], [4.743539, 45.710205], [4.743599, 45.710285], [4.743597, 45.710376], [4.7436, 45.710429], [4.743906, 45.710456], [4.744021, 45.710452], [4.744252, 45.71043], [4.744357, 45.710411], [4.744755, 45.710296], [4.744808, 45.710336], [4.744959, 45.710424], [4.745112, 45.710544], [4.745132, 45.710559], [4.744841, 45.710845], [4.744807, 45.710935], [4.744804, 45.711012], [4.744825, 45.711074], [4.745268, 45.711593], [4.745357, 45.711704], [4.745597, 45.712038], [4.745638, 45.712122], [4.745641, 45.712206], [4.745665, 45.712373], [4.745678, 45.712477], [4.745787, 45.713139], [4.745768, 45.713267], [4.745685, 45.71361], [4.74561, 45.713937], [4.745568, 45.714056], [4.745526, 45.714178], [4.745407, 45.714194], [4.745333, 45.714227], [4.745276, 45.714287], [4.74527, 45.714513], [4.745261, 45.714907], [4.745246, 45.714928], [4.745636, 45.71505], [4.745804, 45.715109], [4.745957, 45.715172], [4.746142, 45.715271], [4.746335, 45.715386], [4.746498, 45.715468], [4.746997, 45.7157], [4.74711, 45.715747], [4.747224, 45.715781], [4.748191, 45.715978], [4.74857, 45.716074], [4.748558, 45.716121], [4.748686, 45.716168], [4.749465, 45.716381], [4.750201, 45.716589], [4.750824, 45.716765], [4.750917, 45.716791], [4.750963, 45.717345], [4.751015, 45.717803], [4.751156, 45.718317], [4.751115, 45.718412], [4.750889, 45.718542], [4.7507, 45.718642], [4.750614, 45.718763], [4.750543, 45.718971], [4.750475, 45.719786], [4.750444, 45.719943], [4.750312, 45.720307], [4.750211, 45.720829], [4.750218, 45.720913], [4.751501, 45.720808], [4.751681, 45.720928], [4.75226, 45.721823], [4.752845, 45.723079], [4.752976, 45.723173], [4.7531, 45.723203], [4.753365, 45.723091], [4.753427, 45.72304], [4.753422, 45.722832], [4.753604, 45.722763], [4.754122, 45.722705], [4.754916, 45.722671], [4.755791, 45.722573], [4.75665, 45.722459], [4.75649, 45.722902], [4.756334, 45.723244], [4.756098, 45.723872], [4.756439, 45.723958], [4.75664, 45.724027], [4.757622, 45.724123], [4.757673, 45.724111], [4.757769, 45.724048], [4.757842, 45.724021], [4.758027, 45.72401], [4.75796, 45.724046], [4.757949, 45.724083], [4.757979, 45.72425], [4.757984, 45.72442], [4.757956, 45.724541], [4.757984, 45.72442], [4.757979, 45.72425], [4.757949, 45.724083], [4.75796, 45.724046], [4.758027, 45.72401], [4.758765, 45.724012], [4.758829, 45.723995], [4.758861, 45.723965], [4.758864, 45.723804], [4.758891, 45.723686], [4.758947, 45.723613], [4.759046, 45.72357], [4.759271, 45.723553], [4.759314, 45.723507], [4.759052, 45.72352], [4.759129, 45.723433], [4.758952, 45.721825], [4.760292, 45.721869], [4.760119, 45.721531], [4.760088, 45.721436], [4.760058, 45.721339], [4.760016, 45.721348], [4.760007, 45.72135], [4.75998, 45.721292], [4.759925, 45.721209], [4.759873, 45.721149], [4.759755, 45.721049], [4.75967, 45.720947], [4.759597, 45.72078], [4.759592, 45.720582], [4.759582, 45.720527], [4.75949, 45.720363], [4.759502, 45.720359], [4.759536, 45.720349], [4.759574, 45.720338], [4.759591, 45.720334], [4.759573, 45.720299], [4.759564, 45.720282], [4.75958, 45.720278], [4.759602, 45.720273], [4.760369, 45.720115], [4.760535, 45.720079], [4.761037, 45.71997], [4.761422, 45.719886], [4.761484, 45.719872], [4.762392, 45.71969], [4.762669, 45.719654], [4.763002, 45.719695], [4.763217, 45.719727], [4.76374, 45.719806], [4.764042, 45.719778], [4.7643, 45.719696], [4.76455, 45.719547], [4.765163, 45.719383], [4.765345, 45.719298], [4.765486, 45.719336], [4.766137, 45.719341], [4.766323, 45.719375], [4.766497, 45.719443], [4.766892, 45.719717], [4.767035, 45.719796], [4.767036, 45.719731], [4.767002, 45.719497], [4.766947, 45.719295], [4.766936, 45.719198], [4.766949, 45.719126], [4.766996, 45.719048], [4.767199, 45.718856], [4.767312, 45.718653], [4.767491, 45.718145], [4.767547, 45.71791], [4.767718, 45.717649], [4.768319, 45.717109], [4.769162, 45.716264], [4.769262, 45.716073], [4.769331, 45.715848], [4.769353, 45.71578], [4.769501, 45.715384], [4.769542, 45.715213], [4.769637, 45.714899], [4.769664, 45.714546], [4.7697, 45.7145], [4.76972, 45.714447], [4.769794, 45.714088], [4.769887, 45.713469], [4.769922, 45.713182], [4.769977, 45.712937], [4.77001, 45.712713], [4.77002, 45.712441], [4.770004, 45.712075], [4.770016, 45.71198], [4.770055, 45.711821], [4.770052, 45.711764], [4.769962, 45.711576], [4.769936, 45.711495], [4.769928, 45.711418], [4.76987, 45.711418], [4.769766, 45.711405], [4.769277, 45.711243], [4.768328, 45.710955], [4.768001, 45.71089], [4.767791, 45.710838], [4.767456, 45.710788], [4.767272, 45.710748], [4.767036, 45.710677], [4.766579, 45.710523], [4.766355, 45.710463], [4.766255, 45.710404], [4.765335, 45.709944], [4.765218, 45.709938], [4.764904, 45.710135], [4.764759, 45.71018], [4.764605, 45.710162], [4.764435, 45.710101], [4.764267, 45.7101], [4.764047, 45.710153], [4.763805, 45.710237], [4.763396, 45.71029], [4.763348, 45.710264], [4.763545, 45.710017], [4.763617, 45.709882], [4.763657, 45.709711], [4.763663, 45.709366], [4.763648, 45.709094], [4.7636, 45.70897], [4.763459, 45.708856], [4.763467, 45.708732], [4.763465, 45.708321], [4.762979, 45.707929], [4.762851, 45.707772], [4.762712, 45.707485], [4.762623, 45.707401], [4.76267, 45.707298], [4.762671, 45.70718], [4.762617, 45.707018], [4.762661, 45.706974], [4.76267, 45.706915], [4.762666, 45.706795], [4.762673, 45.706718], [4.762721, 45.706576], [4.762754, 45.706503], [4.763033, 45.706143], [4.763118, 45.706025], [4.763261, 45.7058], [4.76331, 45.705709], [4.763339, 45.705613], [4.763411, 45.705428], [4.763474, 45.705294], [4.763569, 45.705188], [4.763872, 45.70477], [4.763939, 45.70469], [4.764103, 45.704578], [4.76507, 45.704875], [4.765346, 45.704945], [4.765481, 45.704975], [4.765662, 45.704993], [4.76591, 45.70498], [4.766382, 45.704914], [4.766847, 45.704825], [4.767263, 45.704734], [4.76746, 45.704695], [4.76742, 45.704439], [4.76746, 45.704695], [4.767263, 45.704734], [4.766847, 45.704825], [4.766382, 45.704914], [4.76591, 45.70498], [4.765662, 45.704993], [4.765481, 45.704975], [4.765346, 45.704945], [4.76507, 45.704875], [4.764103, 45.704578], [4.763974, 45.704507], [4.763896, 45.704427], [4.763843, 45.704358], [4.763743, 45.704151], [4.763619, 45.703873], [4.763562, 45.703711], [4.763494, 45.703578], [4.763213, 45.702972], [4.763163, 45.702914], [4.763189, 45.702843], [4.763203, 45.702729], [4.763194, 45.70266], [4.763144, 45.702475], [4.763093, 45.702289], [4.763032, 45.70204], [4.762867, 45.701535], [4.762832, 45.701481], [4.762812, 45.701424], [4.762797, 45.701337], [4.762668, 45.7009], [4.762486, 45.700359], [4.762438, 45.700015], [4.762419, 45.699843], [4.762403, 45.699248], [4.7624, 45.699176], [4.762393, 45.699141], [4.762385, 45.699111], [4.762334, 45.69911], [4.762286, 45.699098], [4.762202, 45.699121], [4.761252, 45.699283], [4.760968, 45.699342], [4.760861, 45.699372], [4.760742, 45.699416], [4.76049, 45.699523], [4.760364, 45.699599], [4.760256, 45.699677], [4.760163, 45.699775], [4.759869, 45.700184], [4.759795, 45.700272], [4.759711, 45.700341], [4.759621, 45.700401], [4.759523, 45.70045], [4.75933, 45.700517], [4.759234, 45.700536], [4.759035, 45.70055], [4.758917, 45.700542], [4.758809, 45.700522], [4.758397, 45.700377], [4.75824, 45.700339], [4.757949, 45.700299], [4.75769, 45.700284], [4.757452, 45.700292], [4.756259, 45.700437], [4.755133, 45.700444], [4.75493, 45.700475], [4.75479, 45.700504], [4.754664, 45.700548], [4.754636, 45.700514], [4.754704, 45.700487], [4.754809, 45.700459], [4.75497, 45.700433], [4.755153, 45.700418], [4.755335, 45.700386], [4.756244, 45.700376], [4.755714, 45.698418], [4.755656, 45.698252], [4.755916, 45.698119], [4.755958, 45.698006], [4.755934, 45.69791], [4.755849, 45.697793], [4.755748, 45.697768], [4.755475, 45.6978], [4.755425, 45.69769], [4.755345, 45.697579], [4.755452, 45.697478], [4.755897, 45.69734], [4.756479, 45.697192], [4.756579, 45.697139], [4.756731, 45.697023], [4.757053, 45.696588], [4.757579, 45.695762], [4.757993, 45.695381], [4.757579, 45.695762], [4.757053, 45.696588], [4.756731, 45.697023], [4.756579, 45.697139], [4.756479, 45.697192], [4.755897, 45.69734], [4.755452, 45.697478], [4.755345, 45.697579], [4.755425, 45.69769], [4.755475, 45.6978], [4.755748, 45.697768], [4.755849, 45.697793], [4.755934, 45.69791], [4.755958, 45.698006], [4.755916, 45.698119], [4.755656, 45.698252], [4.755714, 45.698418], [4.756244, 45.700376], [4.755335, 45.700386], [4.755153, 45.700418], [4.75497, 45.700433], [4.754809, 45.700459], [4.754704, 45.700487], [4.754636, 45.700514], [4.754664, 45.700548], [4.754579, 45.700591], [4.754477, 45.700657], [4.754367, 45.700743], [4.754281, 45.700834], [4.754179, 45.70098], [4.754145, 45.701061], [4.754114, 45.701263], [4.754001, 45.701867], [4.753945, 45.702084], [4.753856, 45.702351], [4.753748, 45.702607], [4.753392, 45.703285], [4.753074, 45.703868], [4.752824, 45.704262], [4.752561, 45.70461], [4.752488, 45.704588], [4.752449, 45.704625], [4.752433, 45.704639], [4.752278, 45.704645], [4.751537, 45.704611], [4.751484, 45.704609], [4.75144, 45.70486], [4.751377, 45.704986], [4.751293, 45.705113], [4.751059, 45.705331], [4.749779, 45.706486], [4.749451, 45.706726], [4.749123, 45.706908], [4.748799, 45.707175], [4.74829, 45.707317], [4.747487, 45.70755], [4.747669, 45.707893], [4.747622, 45.707903], [4.74754, 45.707921], [4.747522, 45.707925], [4.747434, 45.707945], [4.747147, 45.708013], [4.746864, 45.708102], [4.746575, 45.70825], [4.746494, 45.708307], [4.746473, 45.708322], [4.746383, 45.708387], [4.74609, 45.708657], [4.746014, 45.708743], [4.745871, 45.70885], [4.745806, 45.708901], [4.745753, 45.708912], [4.745712, 45.708938], [4.745642, 45.708962], [4.745591, 45.70898], [4.745475, 45.709015], [4.745443, 45.709014], [4.745424, 45.709097], [4.745429, 45.70911], [4.745418, 45.709175], [4.745369, 45.709252], [4.745338, 45.709381], [4.745122, 45.709426], [4.745116, 45.709409], [4.744701, 45.709485], [4.744341, 45.709571], [4.744284, 45.709478], [4.744206, 45.709365], [4.744115, 45.709377], [4.743589, 45.709446], [4.743027, 45.70954], [4.742554, 45.709619], [4.742465, 45.709634], [4.742623, 45.709846], [4.742772, 45.710072]]}, "properties": {"heading": 90, "length_km": 11.646, "retrace": 0.205}}, {"type": "Feature", "geometry": {"type": "LineString", "coordinates": [[4.742772, 45.710072], [4.742789, 45.710098], [4.742816, 45.710139], [4.74292, 45.710216], [4.742978, 45.710258], [4.743082, 45.710218], [4.743526, 45.710151], [4.743539, 45.710205], [4.743599, 45.710285], [4.743597, 45.710376], [4.7436, 45.710429], [4.743906, 45.710456], [4.744021, 45.710452], [4.744252, 45.71043], [4.744357, 45.710411], [4.744755, 45.710296], [4.744808, 45.710336], [4.744959, 45.710424], [4.745112, 45.710544], [4.745132, 45.710559], [4.744841, 45.710845], [4.744807, 45.710935], [4.744804, 45.711012], [4.744825, 45.711074], [4.745268, 45.711593], [4.745357, 45.711704], [4.745597, 45.712038], [4.745638, 45.712122], [4.745641, 45.712206], [4.745665, 45.712373], [4.745678, 45.712477], [4.745787, 45.713139], [4.745768, 45.713267], [4.745685, 45.71361], [4.74561, 45.713937], [4.745568, 45.714056], [4.745526, 45.714178], [4.745407, 45.714194], [4.745333, 45.714227], [4.745276, 45.714287], [4.74527, 45.714513], [4.745261, 45.714907], [4.745246, 45.714928], [4.745636, 45.71505], [4.745804, 45.715109], [4.745957, 45.715172], [4.746142, 45.715271], [4.746335, 45.715386], [4.746498, 45.715468], [4.746997, 45.7157], [4.74711, 45.715747], [4.747224, 45.715781], [4.748191, 45.715978], [4.74857, 45.716074], [4.748558, 45.716121], [4.748686, 45.716168], [4.749465, 45.716381], [4.750201, 45.716589], [4.750824, 45.716765], [4.750917, 45.716791], [4.751054, 45.716828], [4.751638, 45.716985], [4.75181, 45.717017], [4.752575, 45.717128], [4.752793, 45.717177], [4.75289, 45.717174], [4.752986, 45.717159], [4.753085, 45.717129], [4.753192, 45.717181], [4.753469, 45.717306], [4.753509, 45.71727], [4.753553, 45.717226], [4.754062, 45.716952], [4.754206, 45.716883], [4.754411, 45.716787], [4.754773, 45.716647], [4.755044, 45.716564], [4.755266, 45.716513], [4.75555, 45.716476], [4.755833, 45.71646], [4.756295, 45.716499], [4.75653, 45.716541], [4.756759, 45.716614], [4.75695, 45.71671], [4.757012, 45.716741], [4.757269, 45.716899], [4.757459, 45.716978], [4.757683, 45.717033], [4.757925, 45.717057], [4.758054, 45.717056], [4.758059, 45.717101], [4.758138, 45.717103], [4.758169, 45.71711], [4.758201, 45.717126], [4.758227, 45.717154], [4.758234, 45.717177], [4.758372, 45.718086], [4.758412, 45.718248], [4.758488, 45.718432], [4.759006, 45.719418], [4.759024, 45.719414], [4.759062, 45.719405], [4.7591, 45.719395], [4.759106, 45.719393], [4.759288, 45.719739], [4.759298, 45.719758], [4.759551, 45.720254], [4.759564, 45.720282], [4.759573, 45.720299], [4.759591, 45.720334], [4.759574, 45.720338], [4.759536, 45.720349], [4.759621, 45.720502], [4.75969, 45.720586], [4.759709, 45.720712], [4.759822, 45.7208], [4.76011, 45.720867], [4.760182, 45.720895], [4.760721, 45.720949], [4.761151, 45.721067], [4.762973, 45.721662], [4.762981, 45.721604], [4.762895, 45.721503], [4.762879, 45.7214], [4.762914, 45.721237], [4.763, 45.72111], [4.763853, 45.720803], [4.763, 45.72111], [4.762914, 45.721237], [4.762879, 45.7214], [4.762895, 45.721503], [4.762981, 45.721604], [4.762973, 45.721662], [4.761151, 45.721067], [4.760721, 45.720949], [4.760182, 45.720895], [4.76011, 45.720867], [4.759822, 45.7208], [4.759709, 45.720712], [4.75969, 45.720586], [4.759621, 45.720502], [4.759536, 45.720349], [4.759574, 45.720338], [4.759591, 45.720334], [4.759573, 45.720299], [4.759564, 45.720282], [4.759551, 45.720254], [4.759298, 45.719758], [4.759288, 45.719739], [4.759106, 45.719393], [4.7591, 45.719395], [4.759062, 45.719405], [4.759024, 45.719414], [4.759006, 45.719418], [4.758488, 45.718432], [4.758412, 45.718248], [4.758372, 45.718086], [4.758234, 45.717177], [4.758304, 45.71717], [4.758303, 45.717138], [4.758297, 45.717096], [4.758333, 45.717083], [4.758358, 45.717062], [4.758369, 45.717034], [4.758365, 45.717011], [4.758349, 45.71699], [4.758325, 45.716974], [4.758294, 45.716965], [4.75826, 45.716964], [4.758235, 45.716917], [4.758217, 45.716885], [4.758157, 45.716552], [4.75807, 45.71623], [4.757952, 45.71592], [4.75777, 45.715492], [4.757683, 45.715307], [4.757613, 45.715108], [4.757579, 45.714977], [4.757561, 45.714848], [4.757532, 45.714605], [4.757519, 45.714263], [4.757506, 45.71393], [4.757502, 45.713446], [4.757563, 45.712812], [4.757575, 45.712714], [4.757625, 45.712707], [4.757666, 45.712685], [4.757689, 45.712653], [4.75769, 45.712617], [4.757676, 45.712592], [4.75765, 45.712571], [4.757615, 45.712558], [4.757669, 45.712483], [4.757825, 45.712265], [4.75795, 45.712126], [4.758093, 45.712024], [4.758502, 45.711799], [4.758932, 45.711686], [4.759031, 45.71164], [4.759369, 45.711205], [4.760216, 45.710602], [4.760473, 45.710442], [4.760828, 45.710222], [4.760959, 45.710122], [4.760986, 45.709963], [4.760961, 45.709734], [4.760895, 45.709406], [4.760889, 45.709254], [4.760902, 45.709189], [4.761, 45.709114], [4.761172, 45.709086], [4.763338, 45.708915], [4.763459, 45.708856], [4.763467, 45.708732], [4.763465, 45.708321], [4.762979, 45.707929], [4.762851, 45.707772], [4.762712, 45.707485], [4.762623, 45.707401], [4.76267, 45.707298], [4.762671, 45.70718], [4.762617, 45.707018], [4.762661, 45.706974], [4.76267, 45.706915], [4.762666, 45.706795], [4.762673, 45.706718], [4.762721, 45.706576], [4.762754, 45.706503], [4.763033, 45.706143], [4.763118, 45.706025], [4.763261, 45.7058], [4.76331, 45.705709], [4.763339, 45.705613], [4.763411, 45.705428], [4.763474, 45.705294], [4.763569, 45.705188], [4.763872, 45.70477], [4.763939, 45.70469], [4.764103, 45.704578], [4.76507, 45.704875], [4.765346, 45.704945], [4.765481, 45.704975], [4.765472, 45.705026], [4.765465, 45.705062], [4.765454, 45.70516], [4.765476, 45.705251], [4.765486, 45.705282], [4.7655, 45.705324], [4.765516, 45.705366], [4.765531, 45.705411], [4.765693, 45.705904], [4.76575, 45.706075], [4.765755, 45.706093], [4.765912, 45.706565], [4.766211, 45.707487], [4.766445, 45.708099], [4.766652, 45.708628], [4.766701, 45.708749], [4.766768, 45.708924], [4.766825, 45.709071], [4.767157, 45.709332], [4.768174, 45.709386], [4.768311, 45.70945], [4.768696, 45.710001], [4.768311, 45.70945], [4.768174, 45.709386], [4.767157, 45.709332], [4.766825, 45.709071], [4.766768, 45.708924], [4.766701, 45.708749], [4.766652, 45.708628], [4.766445, 45.708099], [4.766211, 45.707487], [4.765912, 45.706565], [4.765755, 45.706093], [4.76575, 45.706075], [4.765693, 45.705904], [4.765531, 45.705411], [4.765516, 45.705366], [4.7655, 45.705324], [4.765486, 45.705282], [4.765476, 45.705251], [4.765454, 45.70516], [4.765465, 45.705062], [4.765472, 45.705026], [4.765481, 45.704975], [4.765346, 45.704945], [4.765337, 45.704817], [4.765196, 45.70369], [4.765132, 45.703521], [4.764968, 45.703141], [4.764872, 45.702914], [4.764763, 45.702556], [4.764669, 45.702142], [4.764656, 45.702084], [4.764499, 45.701814], [4.764415, 45.70167], [4.764194, 45.701272], [4.764095, 45.701082], [4.76407, 45.700901], [4.764079, 45.70084], [4.764173, 45.700196], [4.764223, 45.699564], [4.76407, 45.699656], [4.763912, 45.69969], [4.76407, 45.699656], [4.764223, 45.699564], [4.7642, 45.699386], [4.764086, 45.69899], [4.764001, 45.698887], [4.763962, 45.698864], [4.76392, 45.69884], [4.763868, 45.698821], [4.763805, 45.698802], [4.763505, 45.698837], [4.763419, 45.698838], [4.762594, 45.698982], [4.762551, 45.698991], [4.762513, 45.699], [4.762509, 45.699031], [4.762492, 45.69906], [4.762464, 45.699084], [4.762428, 45.699101], [4.762385, 45.699111], [4.762334, 45.69911], [4.762286, 45.699098], [4.762202, 45.699121], [4.761252, 45.699283], [4.760968, 45.699342], [4.760861, 45.699372], [4.760742, 45.699416], [4.76049, 45.699523], [4.760364, 45.699599], [4.760256, 45.699677], [4.760163, 45.699775], [4.759869, 45.700184], [4.759795, 45.700272], [4.759711, 45.700341], [4.759621, 45.700401], [4.759523, 45.70045], [4.75933, 45.700517], [4.759234, 45.700536], [4.759035, 45.70055], [4.758917, 45.700542], [4.758809, 45.700522], [4.758397, 45.700377], [4.75824, 45.700339], [4.757949, 45.700299], [4.75769, 45.700284], [4.757452, 45.700292], [4.756259, 45.700437], [4.755133, 45.700444], [4.75493, 45.700475], [4.75479, 45.700504], [4.754664, 45.700548], [4.754636, 45.700514], [4.754622, 45.700479], [4.754619, 45.700431], [4.754614, 45.700385], [4.754263, 45.700397], [4.754277, 45.699987], [4.754323, 45.69846], [4.753902, 45.698478], [4.753284, 45.698483], [4.752878, 45.698507], [4.752396, 45.698586], [4.750167, 45.698919], [4.749609, 45.698996], [4.749499, 45.699002], [4.747616, 45.698992], [4.747277, 45.699068], [4.747176, 45.699015], [4.746551, 45.698606], [4.745965, 45.698154], [4.745827, 45.697985], [4.745765, 45.697808], [4.745759, 45.69714], [4.745775, 45.697009], [4.746068, 45.696357], [4.746243, 45.695983], [4.746536, 45.695171], [4.746672, 45.694518], [4.746815, 45.693984], [4.746824, 45.693896], [4.746817, 45.693825], [4.746758, 45.693419], [4.746719, 45.693255], [4.746698, 45.692862], [4.74666, 45.692661], [4.746688, 45.692622], [4.74673, 45.692599], [4.746787, 45.692588], [4.747485, 45.692502], [4.748035, 45.692462], [4.748225, 45.692467], [4.748961, 45.692538], [4.749609, 45.692616], [4.749777, 45.692597], [4.749899, 45.692568], [4.749777, 45.692597], [4.749609, 45.692616], [4.748961, 45.692538], [4.748225, 45.692467], [4.748035, 45.692462], [4.747485, 45.692502], [4.746787, 45.692588], [4.74673, 45.692599], [4.746688, 45.692622], [4.74666, 45.692661], [4.746698, 45.692862], [4.746719, 45.693255], [4.746758, 45.693419], [4.746817, 45.693825], [4.746824, 45.693896], [4.746815, 45.693984], [4.746672, 45.694518], [4.746536, 45.695171], [4.746243, 45.695983], [4.746068, 45.696357], [4.745775, 45.697009], [4.745759, 45.69714], [4.745765, 45.697808], [4.745827, 45.697985], [4.745965, 45.698154], [4.746551, 45.698606], [4.747176, 45.699015], [4.74569, 45.699594], [4.744794, 45.699923], [4.744542, 45.700336], [4.744499, 45.700441], [4.743972, 45.701065], [4.743766, 45.701316], [4.743592, 45.701729], [4.743346, 45.702327], [4.743326, 45.702377], [4.743115, 45.70294], [4.743072, 45.703055], [4.742958, 45.703276], [4.742851, 45.70348], [4.742717, 45.703738], [4.742703, 45.703805], [4.742693, 45.70385], [4.74267, 45.703908], [4.74264, 45.703984], [4.742425, 45.704487], [4.742366, 45.704623], [4.742272, 45.704808], [4.742255, 45.704851], [4.741864, 45.705799], [4.74184, 45.705856], [4.741685, 45.706215], [4.741892, 45.706309], [4.742131, 45.706405], [4.741525, 45.707043], [4.741314, 45.707272], [4.740913, 45.707676], [4.741122, 45.707839], [4.741275, 45.708005], [4.741457, 45.708226], [4.741626, 45.708487], [4.741671, 45.708547], [4.741778, 45.708687], [4.741912, 45.708875], [4.742344, 45.709476], [4.742424, 45.709581], [4.742447, 45.709611], [4.742465, 45.709634], [4.742623, 45.709846], [4.742772, 45.710072]]}, "properties": {"heading": 108, "length_km": 12.706, "retrace": 0.405}}, {"type": "Feature", "geometry": {"type": "LineString", "coordinates": [[4.742772, 45.710072], [4.742789, 45.710098], [4.742816, 45.710139], [4.74292, 45.710216], [4.742978, 45.710258], [4.743082, 45.710218], [4.743526, 45.710151], [4.743539, 45.710205], [4.743599, 45.710285], [4.743597, 45.710376], [4.7436, 45.710429], [4.743906, 45.710456], [4.744021, 45.710452], [4.744252, 45.71043], [4.744357, 45.710411], [4.744755, 45.710296], [4.744808, 45.710336], [4.744959, 45.710424], [4.745112, 45.710544], [4.745132, 45.710559], [4.744841, 45.710845], [4.744807, 45.710935], [4.744804, 45.711012], [4.744825, 45.711074], [4.745268, 45.711593], [4.745357, 45.711704], [4.745597, 45.712038], [4.745638, 45.712122], [4.745641, 45.712206], [4.745665, 45.712373], [4.746275, 45.712389], [4.746835, 45.712374], [4.746847, 45.712492], [4.746856, 45.712557], [4.747056, 45.71262], [4.74724, 45.712661], [4.747434, 45.712695], [4.747655, 45.71272], [4.7481, 45.712725], [4.748083, 45.712658], [4.748096, 45.712577], [4.748141, 45.712474], [4.748208, 45.712351], [4.748207, 45.712286], [4.74823, 45.71225], [4.748357, 45.712294], [4.748454, 45.712315], [4.748514, 45.712321], [4.748575, 45.712323], [4.748637, 45.712317], [4.748884, 45.712281], [4.748996, 45.71227], [4.749124, 45.712285], [4.749171, 45.712225], [4.749195, 45.712183], [4.749264, 45.712135], [4.749369, 45.712018], [4.749467, 45.711878], [4.749534, 45.71175], [4.749687, 45.711427], [4.749716, 45.711392], [4.749761, 45.711368], [4.749812, 45.711354], [4.750086, 45.711326], [4.750219, 45.711306], [4.750487, 45.711237], [4.750741, 45.711117], [4.750868, 45.711078], [4.751008, 45.711048], [4.751178, 45.711024], [4.751254, 45.711023], [4.751346, 45.711026], [4.751468, 45.711049], [4.751721, 45.711112], [4.75187, 45.711131], [4.752034, 45.711137], [4.752224, 45.711133], [4.752437, 45.711116], [4.75256, 45.711082], [4.753034, 45.710875], [4.753561, 45.710727], [4.754107, 45.710573], [4.7542, 45.710547], [4.75474, 45.710535], [4.755308, 45.710533], [4.755734, 45.710531], [4.755774, 45.710529], [4.756073, 45.71051], [4.756738, 45.710475], [4.757162, 45.71044], [4.757222, 45.710435], [4.757327, 45.710425], [4.757449, 45.710415], [4.757656, 45.710373], [4.757836, 45.710307], [4.758093, 45.710182], [4.758169, 45.710133], [4.758248, 45.710045], [4.758422, 45.709944], [4.758512, 45.70993], [4.758601, 45.709932], [4.759939, 45.710148], [4.760035, 45.710175], [4.760108, 45.710209], [4.760432, 45.710406], [4.760473, 45.710442], [4.760828, 45.710222], [4.761101, 45.710547], [4.76127, 45.710776], [4.761327, 45.71083], [4.761427, 45.71086], [4.761559, 45.710861], [4.762038, 45.710837], [4.76265, 45.710815], [4.762929, 45.710714], [4.763405, 45.710564], [4.763748, 45.710525], [4.764172, 45.710412], [4.764233, 45.710472], [4.764261, 45.710528], [4.764287, 45.710663], [4.764308, 45.710693], [4.764334, 45.710709], [4.764381, 45.710716], [4.764465, 45.710696], [4.764748, 45.710586], [4.765092, 45.710496], [4.76521, 45.710479], [4.765357, 45.710464], [4.765591, 45.710468], [4.766199, 45.710493], [4.766355, 45.710463], [4.766579, 45.710523], [4.767036, 45.710677], [4.767272, 45.710748], [4.767456, 45.710788], [4.767791, 45.710838], [4.768001, 45.71089], [4.768328, 45.710955], [4.769277, 45.711243], [4.769766, 45.711405], [4.76987, 45.711418], [4.769928, 45.711418], [4.769936, 45.711495], [4.769962, 45.711576], [4.770052, 45.711764], [4.770055, 45.711821], [4.770016, 45.71198], [4.770004, 45.712075], [4.77002, 45.712441], [4.77001, 45.712713], [4.769977, 45.712937], [4.769922, 45.713182], [4.769887, 45.713469], [4.769794, 45.714088], [4.76972, 45.714447], [4.7697, 45.7145], [4.769664, 45.714546], [4.769637, 45.714899], [4.769542, 45.715213], [4.769501, 45.715384], [4.769353, 45.71578], [4.769331, 45.715848], [4.769353, 45.71578], [4.769501, 45.715384], [4.769542, 45.715213], [4.769637, 45.714899], [4.769664, 45.714546], [4.7697, 45.7145], [4.76972, 45.714447], [4.769794, 45.714088], [4.769887, 45.713469], [4.769922, 45.713182], [4.769977, 45.712937], [4.77001, 45.712713], [4.77002, 45.712441], [4.770004, 45.712075], [4.770016, 45.71198], [4.770055, 45.711821], [4.770052, 45.711764], [4.769962, 45.711576], [4.769936, 45.711495], [4.769928, 45.711418], [4.76987, 45.711418], [4.769766, 45.711405], [4.769277, 45.711243], [4.768328, 45.710955], [4.768001, 45.71089], [4.767791, 45.710838], [4.767456, 45.710788], [4.767272, 45.710748], [4.767036, 45.710677], [4.766579, 45.710523], [4.766355, 45.710463], [4.766255, 45.710404], [4.765335, 45.709944], [4.765218, 45.709938], [4.764904, 45.710135], [4.764759, 45.71018], [4.764605, 45.710162], [4.764435, 45.710101], [4.764267, 45.7101], [4.764047, 45.710153], [4.763805, 45.710237], [4.763396, 45.71029], [4.763348, 45.710264], [4.763545, 45.710017], [4.763617, 45.709882], [4.763657, 45.709711], [4.763663, 45.709366], [4.763648, 45.709094], [4.7636, 45.70897], [4.763459, 45.708856], [4.763467, 45.708732], [4.763465, 45.708321], [4.762979, 45.707929], [4.762851, 45.707772], [4.762712, 45.707485], [4.762623, 45.707401], [4.76267, 45.707298], [4.762671, 45.70718], [4.762617, 45.707018], [4.762661, 45.706974], [4.76267, 45.706915], [4.762666, 45.706795], [4.762673, 45.706718], [4.762721, 45.706576], [4.762754, 45.706503], [4.763033, 45.706143], [4.763118, 45.706025], [4.763261, 45.7058], [4.76331, 45.705709], [4.763339, 45.705613], [4.763411, 45.705428], [4.763474, 45.705294], [4.763569, 45.705188], [4.763872, 45.70477], [4.763939, 45.70469], [4.764103, 45.704578], [4.76507, 45.704875], [4.765346, 45.704945], [4.765481, 45.704975], [4.765662, 45.704993], [4.76591, 45.70498], [4.766382, 45.704914], [4.766847, 45.704825], [4.767263, 45.704734], [4.76746, 45.704695], [4.76742, 45.704439], [4.76746, 45.704695], [4.767263, 45.704734], [4.766847, 45.704825], [4.766382, 45.704914], [4.76591, 45.70498], [4.765662, 45.704993], [4.765481, 45.704975], [4.765346, 45.704945], [4.76507, 45.704875], [4.764103, 45.704578], [4.763974, 45.704507], [4.763896, 45.704427], [4.763843, 45.704358], [4.763743, 45.704151], [4.763619, 45.703873], [4.763562, 45.703711], [4.763494, 45.703578], [4.763213, 45.702972], [4.763163, 45.702914], [4.763189, 45.702843], [4.763203, 45.702729], [4.763194, 45.70266], [4.763144, 45.702475], [4.763093, 45.702289], [4.763032, 45.70204], [4.762867, 45.701535], [4.762832, 45.701481], [4.762812, 45.701424], [4.762797, 45.701337], [4.762668, 45.7009], [4.762486, 45.700359], [4.762438, 45.700015], [4.762419, 45.699843], [4.762403, 45.699248], [4.7624, 45.699176], [4.762393, 45.699141], [4.762385, 45.699111], [4.762334, 45.69911], [4.762286, 45.699098], [4.762202, 45.699121], [4.761252, 45.699283], [4.760968, 45.699342], [4.760861, 45.699372], [4.760742, 45.699416], [4.76049, 45.699523], [4.760364, 45.699599], [4.760256, 45.699677], [4.760163, 45.699775], [4.759869, 45.700184], [4.759795, 45.700272], [4.759711, 45.700341], [4.759621, 45.700401], [4.759523, 45.70045], [4.75933, 45.700517], [4.759234, 45.700536], [4.759035, 45.70055], [4.758917, 45.700542], [4.758809, 45.700522], [4.758397, 45.700377], [4.75824, 45.700339], [4.757949, 45.700299], [4.75769, 45.700284], [4.757452, 45.700292], [4.756259, 45.700437], [4.755133, 45.700444], [4.75493, 45.700475], [4.75479, 45.700504], [4.754664, 45.700548], [4.754636, 45.700514], [4.754704, 45.700487], [4.754809, 45.700459], [4.75497, 45.700433], [4.755153, 45.700418], [4.755335, 45.700386], [4.756244, 45.700376], [4.755714, 45.698418], [4.755656, 45.698252], [4.755916, 45.698119], [4.755958, 45.698006], [4.755934, 45.69791], [4.755849, 45.697793], [4.755748, 45.697768], [4.755475, 45.6978], [4.755425, 45.69769], [4.755345, 45.697579], [4.755452, 45.697478], [4.755897, 45.69734], [4.756479, 45.697192], [4.756579, 45.697139], [4.756731, 45.697023], [4.757053, 45.696588], [4.757579, 45.695762], [4.757993, 45.695381], [4.757579, 45.695762], [4.757053, 45.696588], [4.756731, 45.697023], [4.756579, 45.697139], [4.756479, 45.697192], [4.755897, 45.69734], [4.755452, 45.697478], [4.755345, 45.697579], [4.755425, 45.69769], [4.755475, 45.6978], [4.755748, 45.697768], [4.755849, 45.697793], [4.755934, 45.69791], [4.755958, 45.698006], [4.755916, 45.698119], [4.755656, 45.698252], [4.755714, 45.698418], [4.756244, 45.700376], [4.755335, 45.700386], [4.755138, 45.700376], [4.754619, 45.700431], [4.754614, 45.700385], [4.754263, 45.700397], [4.754277, 45.699987], [4.754323, 45.69846], [4.753902, 45.698478], [4.753284, 45.698483], [4.752878, 45.698507], [4.752396, 45.698586], [4.750167, 45.698919], [4.749609, 45.698996], [4.749499, 45.699002], [4.747616, 45.698992], [4.747277, 45.699068], [4.747176, 45.699015], [4.746551, 45.698606], [4.745965, 45.698154], [4.745827, 45.697985], [4.745765, 45.697808], [4.745759, 45.69714], [4.745775, 45.697009], [4.745208, 45.695708], [4.745083, 45.69522], [4.744961, 45.694735], [4.744761, 45.694105], [4.74458, 45.693722], [4.744452, 45.693495], [4.74458, 45.693722], [4.744761, 45.694105], [4.744961, 45.694735], [4.745083, 45.69522], [4.745208, 45.695708], [4.745775, 45.697009], [4.745759, 45.69714], [4.745765, 45.697808], [4.745827, 45.697985], [4.745965, 45.698154], [4.746551, 45.698606], [4.747176, 45.699015], [4.74569, 45.699594], [4.744794, 45.699923], [4.744542, 45.700336], [4.744499, 45.700441], [4.743972, 45.701065], [4.743766, 45.701316], [4.743592, 45.701729], [4.743346, 45.702327], [4.743326, 45.702377], [4.743115, 45.70294], [4.743072, 45.703055], [4.742958, 45.703276], [4.742851, 45.70348], [4.742717, 45.703738], [4.742703, 45.703805], [4.742693, 45.70385], [4.74267, 45.703908], [4.74264, 45.703984], [4.742425, 45.704487], [4.742366, 45.704623], [4.742272, 45.704808], [4.742255, 45.704851], [4.741864, 45.705799], [4.74184, 45.705856], [4.741685, 45.706215], [4.741892, 45.706309], [4.742131, 45.706405], [4.741525, 45.707043], [4.741314, 45.707272], [4.740913, 45.707676], [4.741122, 45.707839], [4.741275, 45.708005], [4.741457, 45.708226], [4.741626, 45.708487], [4.741671, 45.708547], [4.741778, 45.708687], [4.741912, 45.708875], [4.742344, 45.709476], [4.742424, 45.709581], [4.742447, 45.709611], [4.742465, 45.709634], [4.742623, 45.709846], [4.742772, 45.710072]]}, "properties": {"heading": 126, "length_km": 12.109, "retrace": 0.42}}, {"type": "Feature", "geometry": {"type": "LineString", "coordinates": [[4.742772, 45.710072], [4.742789, 45.710098], [4.742816, 45.710139], [4.74292, 45.710216], [4.742978, 45.710258], [4.743082, 45.710218], [4.743526, 45.710151], [4.743825, 45.710126], [4.744307, 45.71012], [4.744474, 45.710107], [4.744507, 45.710104], [4.744628, 45.710079], [4.744715, 45.710059], [4.744688, 45.710007], [4.745477, 45.709826], [4.745843, 45.709744], [4.745877, 45.709783], [4.745938, 45.709756], [4.745981, 45.70972], [4.746067, 45.709765], [4.746113, 45.70988], [4.746126, 45.709915], [4.746194, 45.70993], [4.746668, 45.709918], [4.746927, 45.709941], [4.747252, 45.709936], [4.747516, 45.709939], [4.747568, 45.709931], [4.747627, 45.709895], [4.74776, 45.709893], [4.747911, 45.709876], [4.748219, 45.709829], [4.74828, 45.709851], [4.748369, 45.709253], [4.74841, 45.709155], [4.748481, 45.70904], [4.748556, 45.708953], [4.74862, 45.708833], [4.748667, 45.708664], [4.748766, 45.708403], [4.748872, 45.708306], [4.749042, 45.708183], [4.749136, 45.708087], [4.749217, 45.707975], [4.749345, 45.707868], [4.749444, 45.707731], [4.749503, 45.707685], [4.749585, 45.707653], [4.749817, 45.707503], [4.750141, 45.707313], [4.750377, 45.707067], [4.750485, 45.70692], [4.750586, 45.706731], [4.750724, 45.706601], [4.751338, 45.706699], [4.751379, 45.706709], [4.751409, 45.70673], [4.751424, 45.706646], [4.751378, 45.706474], [4.751387, 45.706406], [4.75141, 45.706321], [4.751502, 45.70612], [4.751583, 45.705998], [4.751663, 45.705912], [4.751767, 45.705816], [4.752539, 45.705273], [4.752892, 45.705064], [4.753038, 45.705], [4.75316, 45.704941], [4.753289, 45.704864], [4.753377, 45.704799], [4.753467, 45.704704], [4.753601, 45.704559], [4.753699, 45.704436], [4.753821, 45.704334], [4.753934, 45.704284], [4.754053, 45.704263], [4.754169, 45.704272], [4.7543, 45.704312], [4.754752, 45.704436], [4.755022, 45.70453], [4.755099, 45.704578], [4.755131, 45.704619], [4.755134, 45.704677], [4.755109, 45.705197], [4.755161, 45.70539], [4.755213, 45.705475], [4.755286, 45.70555], [4.75539, 45.705616], [4.755515, 45.705675], [4.75561, 45.705707], [4.755768, 45.705745], [4.755993, 45.705774], [4.756218, 45.705786], [4.756363, 45.705783], [4.756762, 45.705814], [4.756881, 45.705833], [4.757003, 45.705861], [4.757135, 45.705901], [4.75743, 45.705994], [4.757639, 45.706071], [4.757738, 45.706131], [4.757814, 45.706196], [4.757909, 45.706212], [4.758501, 45.706233], [4.758857, 45.706272], [4.759652, 45.706388], [4.759815, 45.706378], [4.76013, 45.706307], [4.760953, 45.706253], [4.76106, 45.706266], [4.761153, 45.706184], [4.761377, 45.706159], [4.761581, 45.706195], [4.761771, 45.706275], [4.761872, 45.70646], [4.761964, 45.706885], [4.76209, 45.707203], [4.762166, 45.707342], [4.762271, 45.70743], [4.762418, 45.707457], [4.762541, 45.707442], [4.762623, 45.707401], [4.76267, 45.707298], [4.762671, 45.70718], [4.762617, 45.707018], [4.762661, 45.706974], [4.76267, 45.706915], [4.762666, 45.706795], [4.762673, 45.706718], [4.762721, 45.706576], [4.762754, 45.706503], [4.763033, 45.706143], [4.763118, 45.706025], [4.763261, 45.7058], [4.76331, 45.705709], [4.763339, 45.705613], [4.763411, 45.705428], [4.763474, 45.705294], [4.763569, 45.705188], [4.763872, 45.70477], [4.763939, 45.70469], [4.764103, 45.704578], [4.76507, 45.704875], [4.765346, 45.704945], [4.765481, 45.704975], [4.765472, 45.705026], [4.765465, 45.705062], [4.765454, 45.70516], [4.765476, 45.705251], [4.765486, 45.705282], [4.7655, 45.705324], [4.765516, 45.705366], [4.765531, 45.705411], [4.765693, 45.705904], [4.76575, 45.706075], [4.765755, 45.706093], [4.765912, 45.706565], [4.766211, 45.707487], [4.766445, 45.708099], [4.766652, 45.708628], [4.766701, 45.708749], [4.766768, 45.708924], [4.766825, 45.709071], [4.767157, 45.709332], [4.768174, 45.709386], [4.768311, 45.70945], [4.768696, 45.710001], [4.768311, 45.70945], [4.768174, 45.709386], [4.767157, 45.709332], [4.766825, 45.709071], [4.766768, 45.708924], [4.766701, 45.708749], [4.766652, 45.708628], [4.766445, 45.708099], [4.766211, 45.707487], [4.765912, 45.706565], [4.765755, 45.706093], [4.76575, 45.706075], [4.765693, 45.705904], [4.765531, 45.705411], [4.765516, 45.705366], [4.7655, 45.705324], [4.765486, 45.705282], [4.765476, 45.705251], [4.765454, 45.70516], [4.765465, 45.705062], [4.765472, 45.705026], [4.765481, 45.704975], [4.765346, 45.704945], [4.765337, 45.704817], [4.765196, 45.70369], [4.765132, 45.703521], [4.764968, 45.703141], [4.764872, 45.702914], [4.764763, 45.702556], [4.764669, 45.702142], [4.764656, 45.702084], [4.764499, 45.701814], [4.764415, 45.70167], [4.764194, 45.701272], [4.764095, 45.701082], [4.76407, 45.700901], [4.764079, 45.70084], [4.764173, 45.700196], [4.764223, 45.699564], [4.76407, 45.699656], [4.763912, 45.69969], [4.76407, 45.699656], [4.764223, 45.699564], [4.7642, 45.699386], [4.764086, 45.69899], [4.764001, 45.698887], [4.763962, 45.698864], [4.76392, 45.69884], [4.763868, 45.698821], [4.763805, 45.698802], [4.763505, 45.698837], [4.763419, 45.698838], [4.762594, 45.698982], [4.762551, 45.698991], [4.762513, 45.699], [4.762509, 45.699031], [4.762492, 45.69906], [4.762464, 45.699084], [4.762428, 45.699101], [4.762385, 45.699111], [4.762334, 45.69911], [4.762286, 45.699098], [4.762202, 45.699121], [4.761252, 45.699283], [4.760968, 45.699342], [4.760861, 45.699372], [4.760742, 45.699416], [4.76049, 45.699523], [4.760364, 45.699599], [4.760256, 45.699677], [4.760163, 45.699775], [4.759869, 45.700184], [4.759795, 45.700272], [4.759711, 45.700341], [4.759621, 45.700401], [4.759523, 45.70045], [4.75933, 45.700517], [4.759234, 45.700536], [4.759035, 45.70055], [4.758917, 45.700542], [4.758809, 45.700522], [4.758397, 45.700377], [4.75824, 45.700339], [4.757949, 45.700299], [4.75769, 45.700284], [4.757452, 45.700292], [4.756259, 45.700437], [4.755133, 45.700444], [4.75493, 45.700475], [4.75479, 45.700504], [4.754664, 45.700548], [4.754636, 45.700514], [4.754622, 45.700479], [4.754619, 45.700431], [4.754614, 45.700385], [4.754263, 45.700397], [4.754277, 45.699987], [4.754323, 45.69846], [4.753902, 45.698478], [4.753284, 45.698483], [4.752878, 45.698507], [4.752396, 45.698586], [4.750167, 45.698919], [4.749609, 45.698996], [4.749499, 45.699002], [4.747616, 45.698992], [4.747277, 45.699068], [4.747176, 45.699015], [4.746551, 45.698606], [4.745965, 45.698154], [4.745827, 45.697985], [4.745765, 45.697808], [4.745759, 45.69714], [4.745775, 45.697009], [4.746068, 45.696357], [4.746243, 45.695983], [4.746536, 45.695171], [4.746672, 45.694518], [4.746815, 45.693984], [4.746824, 45.693896], [4.746817, 45.693825], [4.746758, 45.693419], [4.746719, 45.693255], [4.746698, 45.692862], [4.74666, 45.692661], [4.746688, 45.692622], [4.74673, 45.692599], [4.746787, 45.692588], [4.747485, 45.692502], [4.748035, 45.692462], [4.748225, 45.692467], [4.748961, 45.692538], [4.749609, 45.692616], [4.749777, 45.692597], [4.749899, 45.692568], [4.749777, 45.692597], [4.749609, 45.692616], [4.748961, 45.692538], [4.748225, 45.692467], [4.748035, 45.692462], [4.747485, 45.692502], [4.746787, 45.692588], [4.74673, 45.692599], [4.746688, 45.692622], [4.74666, 45.692661], [4.7465, 45.692044], [4.746496, 45.691944], [4.7465, 45.691727], [4.746554, 45.691256], [4.7466, 45.691007], [4.746604, 45.690872], [4.746613, 45.690825], [4.747132, 45.69058], [4.747152, 45.690456], [4.747029, 45.689951], [4.746923, 45.689747], [4.746642, 45.689093], [4.746611, 45.689029], [4.746539, 45.688922], [4.74649, 45.688782], [4.746481, 45.688607], [4.74656, 45.688261], [4.746569, 45.688093], [4.746555, 45.687965], [4.746497, 45.687764], [4.746457, 45.687688], [4.746389, 45.687771], [4.746186, 45.6879], [4.746006, 45.687996], [4.745826, 45.688063], [4.745663, 45.688114], [4.745368, 45.688163], [4.745077, 45.68814], [4.74465, 45.688133], [4.744385, 45.688144], [4.744256, 45.688165], [4.744185, 45.688182], [4.74386, 45.688327], [4.74367, 45.688441], [4.743467, 45.688583], [4.743261, 45.688656], [4.743044, 45.688721], [4.742426, 45.688896], [4.741927, 45.689023], [4.741626, 45.689149], [4.741423, 45.68925], [4.74111, 45.689455], [4.740816, 45.689625], [4.740446, 45.689824], [4.739843, 45.690089], [4.739566, 45.690253], [4.739344, 45.690348], [4.738383, 45.690568], [4.738278, 45.69058], [4.738077, 45.690571], [4.737307, 45.690555], [4.737182, 45.690574], [4.736651, 45.690823], [4.736368, 45.690975], [4.736132, 45.691017], [4.735851, 45.691033], [4.735662, 45.691075], [4.735542, 45.691128], [4.735234, 45.6913], [4.735013, 45.691407], [4.734566, 45.691723], [4.734381, 45.691778], [4.733731, 45.691974], [4.733431, 45.692037], [4.733242, 45.692099], [4.732921, 45.69224], [4.732803, 45.692271], [4.732668, 45.692271], [4.732405, 45.69226], [4.731563, 45.691944], [4.731352, 45.6918], [4.730874, 45.691437], [4.730616, 45.691409], [4.730012, 45.691599], [4.729386, 45.69174], [4.729282, 45.691808], [4.72905, 45.692149], [4.728494, 45.692511], [4.72822, 45.692616], [4.728176, 45.692639], [4.728142, 45.692679], [4.728146, 45.692738], [4.728198, 45.692781], [4.728242, 45.692786], [4.72831, 45.692776], [4.728369, 45.692726], [4.728415, 45.692669], [4.728485, 45.69262], [4.729234, 45.692317], [4.729448, 45.692148], [4.72952, 45.692134], [4.72958, 45.692138], [4.729613, 45.692191], [4.729589, 45.69225], [4.729027, 45.692693], [4.728713, 45.692836], [4.728616, 45.692905], [4.728617, 45.692954], [4.728645, 45.692987], [4.728706, 45.693007], [4.728767, 45.693002], [4.728807, 45.692987], [4.728835, 45.69294], [4.728885, 45.692879], [4.729002, 45.692812], [4.729062, 45.692804], [4.729119, 45.69282], [4.729139, 45.692838], [4.729147, 45.692866], [4.729099, 45.693007], [4.729092, 45.69312], [4.729113, 45.693225], [4.729187, 45.693409], [4.729364, 45.694078], [4.729449, 45.69449], [4.729506, 45.694609], [4.729752, 45.694944], [4.730232, 45.69569], [4.7306, 45.696223], [4.730839, 45.6967], [4.730971, 45.697018], [4.73108, 45.697362], [4.731124, 45.697584], [4.731146, 45.697907], [4.731187, 45.698017], [4.731242, 45.698117], [4.731343, 45.698272], [4.731535, 45.698532], [4.731557, 45.698572], [4.731638, 45.698746], [4.731743, 45.699036], [4.731906, 45.699394], [4.731954, 45.699511], [4.732094, 45.699708], [4.732128, 45.699754], [4.73263, 45.70023], [4.732988, 45.700582], [4.733182, 45.700721], [4.733417, 45.700873], [4.733779, 45.701174], [4.734076, 45.701368], [4.734181, 45.701429], [4.734396, 45.701621], [4.735495, 45.702673], [4.735716, 45.702993], [4.735953, 45.703227], [4.736905, 45.703812], [4.737666, 45.704697], [4.737644, 45.704992], [4.737712, 45.705016], [4.738314, 45.705266], [4.738457, 45.70532], [4.738682, 45.705483], [4.738905, 45.70571], [4.73942, 45.706328], [4.739732, 45.706731], [4.739857, 45.706875], [4.740256, 45.707249], [4.740437, 45.707381], [4.74086, 45.707642], [4.740913, 45.707676], [4.741122, 45.707839], [4.741275, 45.708005], [4.741457, 45.708226], [4.741626, 45.708487], [4.741671, 45.708547], [4.741778, 45.708687], [4.741912, 45.708875], [4.742344, 45.709476], [4.742424, 45.709581], [4.742447, 45.709611], [4.742465, 45.709634], [4.742623, 45.709846], [4.742772, 45.710072]]}, "properties": {"heading": 144, "length_km": 12.526, "retrace": 0.154}}, {"type": "Feature", "geometry": {"type": "LineString", "coordinates": [[4.742772, 45.710072], [4.742789, 45.710098], [4.742816, 45.710139], [4.74292, 45.710216], [4.742978, 45.710258], [4.743082, 45.710218], [4.743526, 45.710151], [4.743825, 45.710126], [4.744307, 45.71012], [4.744474, 45.710107], [4.744507, 45.710104], [4.744628, 45.710079], [4.744715, 45.710059], [4.744688, 45.710007], [4.745477, 45.709826], [4.745843, 45.709744], [4.745877, 45.709783], [4.745938, 45.709756], [4.745981, 45.70972], [4.746067, 45.709765], [4.746113, 45.70988], [4.746126, 45.709915], [4.746194, 45.70993], [4.746668, 45.709918], [4.746927, 45.709941], [4.747252, 45.709936], [4.747516, 45.709939], [4.747568, 45.709931], [4.747627, 45.709895], [4.74776, 45.709893], [4.747911, 45.709876], [4.748219, 45.709829], [4.74828, 45.709851], [4.748369, 45.709253], [4.74841, 45.709155], [4.748481, 45.70904], [4.748556, 45.708953], [4.74862, 45.708833], [4.748667, 45.708664], [4.748766, 45.708403], [4.748872, 45.708306], [4.749042, 45.708183], [4.749136, 45.708087], [4.749217, 45.707975], [4.749345, 45.707868], [4.749444, 45.707731], [4.749503, 45.707685], [4.749585, 45.707653], [4.749817, 45.707503], [4.750141, 45.707313], [4.750377, 45.707067], [4.750485, 45.70692], [4.750586, 45.706731], [4.750724, 45.706601], [4.751338, 45.706699], [4.751379, 45.706709], [4.751409, 45.70673], [4.751424, 45.706646], [4.751378, 45.706474], [4.751387, 45.706406], [4.75141, 45.706321], [4.751502, 45.70612], [4.751583, 45.705998], [4.751663, 45.705912], [4.751767, 45.705816], [4.752539, 45.705273], [4.752892, 45.705064], [4.753038, 45.705], [4.75316, 45.704941], [4.753289, 45.704864], [4.753377, 45.704799], [4.753467, 45.704704], [4.753601, 45.704559], [4.753699, 45.704436], [4.753821, 45.704334], [4.753934, 45.704284], [4.754053, 45.704263], [4.754169, 45.704272], [4.7543, 45.704312], [4.754752, 45.704436], [4.755022, 45.70453], [4.755099, 45.704578], [4.755131, 45.704619], [4.755134, 45.704677], [4.755109, 45.705197], [4.755161, 45.70539], [4.755213, 45.705475], [4.755286, 45.70555], [4.75539, 45.705616], [4.755515, 45.705675], [4.75561, 45.705707], [4.755768, 45.705745], [4.755993, 45.705774], [4.756218, 45.705786], [4.756363, 45.705783], [4.756762, 45.705814], [4.756881, 45.705833], [4.757003, 45.705861], [4.757135, 45.705901], [4.75743, 45.705994], [4.757639, 45.706071], [4.757738, 45.706131], [4.757814, 45.706196], [4.757909, 45.706212], [4.758501, 45.706233], [4.758857, 45.706272], [4.759652, 45.706388], [4.759815, 45.706378], [4.76013, 45.706307], [4.760953, 45.706253], [4.76106, 45.706266], [4.761153, 45.706184], [4.761377, 45.706159], [4.761581, 45.706195], [4.761771, 45.706275], [4.761872, 45.70646], [4.761964, 45.706885], [4.76209, 45.707203], [4.762166, 45.707342], [4.762271, 45.70743], [4.762418, 45.707457], [4.762541, 45.707442], [4.762623, 45.707401], [4.76267, 45.707298], [4.762671, 45.70718], [4.762617, 45.707018], [4.762661, 45.706974], [4.76267, 45.706915], [4.762666, 45.706795], [4.762673, 45.706718], [4.762721, 45.706576], [4.762754, 45.706503], [4.763033, 45.706143], [4.763118, 45.706025], [4.763261, 45.7058], [4.76331, 45.705709], [4.763339, 45.705613], [4.763411, 45.705428], [4.763474, 45.705294], [4.763569, 45.705188], [4.763872, 45.70477], [4.763939, 45.70469], [4.764103, 45.704578], [4.76507, 45.704875], [4.765346, 45.704945], [4.765481, 45.704975], [4.765662, 45.704993], [4.76591, 45.70498], [4.766382, 45.704914], [4.766847, 45.704825], [4.767263, 45.704734], [4.76746, 45.704695], [4.76742, 45.704439], [4.76746, 45.704695], [4.767263, 45.704734], [4.766847, 45.704825], [4.766382, 45.704914], [4.76591, 45.70498], [4.765662, 45.704993], [4.765481, 45.704975], [4.765346, 45.704945], [4.76507, 45.704875], [4.764103, 45.704578], [4.763974, 45.704507], [4.763896, 45.704427], [4.763843, 45.704358], [4.763743, 45.704151], [4.763619, 45.703873], [4.763562, 45.703711], [4.763494, 45.703578], [4.763213, 45.702972], [4.763163, 45.702914], [4.763189, 45.702843], [4.763203, 45.702729], [4.763194, 45.70266], [4.763144, 45.702475], [4.763093, 45.702289], [4.763032, 45.70204], [4.762867, 45.701535], [4.762832, 45.701481], [4.762812, 45.701424], [4.762797, 45.701337], [4.762668, 45.7009], [4.762486, 45.700359], [4.762438, 45.700015], [4.762419, 45.699843], [4.762403, 45.699248], [4.7624, 45.699176], [4.762393, 45.699141], [4.762385, 45.699111], [4.762334, 45.69911], [4.762286, 45.699098], [4.762202, 45.699121], [4.761252, 45.699283], [4.760968, 45.699342], [4.760861, 45.699372], [4.760742, 45.699416], [4.76049, 45.699523], [4.760364, 45.699599], [4.760256, 45.699677], [4.760163, 45.699775], [4.759869, 45.700184], [4.759795, 45.700272], [4.759711, 45.700341], [4.759621, 45.700401], [4.759523, 45.70045], [4.75933, 45.700517], [4.759234, 45.700536], [4.759035, 45.70055], [4.758917, 45.700542], [4.758809, 45.700522], [4.758397, 45.700377], [4.75824, 45.700339], [4.757949, 45.700299], [4.75769, 45.700284], [4.757452, 45.700292], [4.756259, 45.700437], [4.755133, 45.700444], [4.75493, 45.700475], [4.75479, 45.700504], [4.754664, 45.700548], [4.754636, 45.700514], [4.754704, 45.700487], [4.754809, 45.700459], [4.75497, 45.700433], [4.755153, 45.700418], [4.755335, 45.700386], [4.756244, 45.700376], [4.755714, 45.698418], [4.755656, 45.698252], [4.755916, 45.698119], [4.755958, 45.698006], [4.755934, 45.69791], [4.755849, 45.697793], [4.755748, 45.697768], [4.755475, 45.6978], [4.755425, 45.69769], [4.755345, 45.697579], [4.755452, 45.697478], [4.755897, 45.69734], [4.756479, 45.697192], [4.756579, 45.697139], [4.756731, 45.697023], [4.757053, 45.696588], [4.757579, 45.695762], [4.757993, 45.695381], [4.757579, 45.695762], [4.757053, 45.696588], [4.756731, 45.697023], [4.756579, 45.697139], [4.756479, 45.697192], [4.755897, 45.69734], [4.755452, 45.697478], [4.755345, 45.697579], [4.755425, 45.69769], [4.755475, 45.6978], [4.755748, 45.697768], [4.755849, 45.697793], [4.755934, 45.69791], [4.755958, 45.698006], [4.755916, 45.698119], [4.755656, 45.698252], [4.755714, 45.698418], [4.756244, 45.700376], [4.755335, 45.700386], [4.755138, 45.700376], [4.754619, 45.700431], [4.754614, 45.700385], [4.754263, 45.700397], [4.754277, 45.699987], [4.754323, 45.69846], [4.753902, 45.698478], [4.753284, 45.698483], [4.752878, 45.698507], [4.752396, 45.698586], [4.750167, 45.698919], [4.749609, 45.698996], [4.749499, 45.699002], [4.747616, 45.698992], [4.747277, 45.699068], [4.747176, 45.699015], [4.746551, 45.698606], [4.745965, 45.698154], [4.745827, 45.697985], [4.745765, 45.697808], [4.745759, 45.69714], [4.745775, 45.697009], [4.745208, 45.695708], [4.745083, 45.69522], [4.744961, 45.694735], [4.744761, 45.694105], [4.74458, 45.693722], [4.744452, 45.693495], [4.74458, 45.693722], [4.744761, 45.694105], [4.744961, 45.694735], [4.745083, 45.69522], [4.745208, 45.695708], [4.745775, 45.697009], [4.745759, 45.69714], [4.745765, 45.697808], [4.745827, 45.697985], [4.745965, 45.698154], [4.746551, 45.698606], [4.747176, 45.699015], [4.74569, 45.699594], [4.744794, 45.699923], [4.744509, 45.700045], [4.744107, 45.70018], [4.743298, 45.700396], [4.742079, 45.700671], [4.741693, 45.700772], [4.740881, 45.700984], [4.74082, 45.700985], [4.739949, 45.701275], [4.739222, 45.70154], [4.738758, 45.701769], [4.738586, 45.701868], [4.738497, 45.70197], [4.738275, 45.702353], [4.738065, 45.702345], [4.737346, 45.702436], [4.736505, 45.702463], [4.735964, 45.702535], [4.735522, 45.702665], [4.735495, 45.702673], [4.734396, 45.701621], [4.734181, 45.701429], [4.734076, 45.701368], [4.733779, 45.701174], [4.733417, 45.700873], [4.733182, 45.700721], [4.732988, 45.700582], [4.73263, 45.70023], [4.732128, 45.699754], [4.732094, 45.699708], [4.731954, 45.699511], [4.731906, 45.699394], [4.731743, 45.699036], [4.731638, 45.698746], [4.731557, 45.698572], [4.731535, 45.698532], [4.731343, 45.698272], [4.731242, 45.698117], [4.731187, 45.698017], [4.731146, 45.697907], [4.731124, 45.697584], [4.73108, 45.697362], [4.730971, 45.697018], [4.730839, 45.6967], [4.7306, 45.696223], [4.730232, 45.69569], [4.729752, 45.694944], [4.729506, 45.694609], [4.729449, 45.69449], [4.729378, 45.694594], [4.728865, 45.695428], [4.728606, 45.695736], [4.728865, 45.695428], [4.729378, 45.694594], [4.729449, 45.69449], [4.729506, 45.694609], [4.729752, 45.694944], [4.730232, 45.69569], [4.7306, 45.696223], [4.730839, 45.6967], [4.730971, 45.697018], [4.73108, 45.697362], [4.731124, 45.697584], [4.731146, 45.697907], [4.731187, 45.698017], [4.731242, 45.698117], [4.731343, 45.698272], [4.731535, 45.698532], [4.731557, 45.698572], [4.731638, 45.698746], [4.731743, 45.699036], [4.731906, 45.699394], [4.731954, 45.699511], [4.732094, 45.699708], [4.732128, 45.699754], [4.73263, 45.70023], [4.732988, 45.700582], [4.733182, 45.700721], [4.733417, 45.700873], [4.733779, 45.701174], [4.734076, 45.701368], [4.734181, 45.701429], [4.734396, 45.701621], [4.735495, 45.702673], [4.735716, 45.702993], [4.735953, 45.703227], [4.736905, 45.703812], [4.737666, 45.704697], [4.737644, 45.704992], [4.737712, 45.705016], [4.738314, 45.705266], [4.738457, 45.70532], [4.738682, 45.705483], [4.738905, 45.70571], [4.73942, 45.706328], [4.739732, 45.706731], [4.739857, 45.706875], [4.740256, 45.707249], [4.740437, 45.707381], [4.74086, 45.707642], [4.740913, 45.707676], [4.741122, 45.707839], [4.741275, 45.708005], [4.741457, 45.708226], [4.741626, 45.708487], [4.741671, 45.708547], [4.741778, 45.708687], [4.741912, 45.708875], [4.742344, 45.709476], [4.742424, 45.709581], [4.742447, 45.709611], [4.742465, 45.709634], [4.742623, 45.709846], [4.742772, 45.710072]]}, "properties": {"heading": 162, "length_km": 12.737, "retrace": 0.462}}, {"type": "Feature", "geometry": {"type": "LineString", "coordinates": [[4.742772, 45.710072], [4.742789, 45.710098], [4.742816, 45.710139], [4.74292, 45.710216], [4.742978, 45.710258], [4.743082, 45.710218], [4.743526, 45.710151], [4.743825, 45.710126], [4.744307, 45.71012], [4.744474, 45.710107], [4.744507, 45.710104], [4.744628, 45.710079], [4.744715, 45.710059], [4.744688, 45.710007], [4.745477, 45.709826], [4.745843, 45.709744], [4.745877, 45.709783], [4.745938, 45.709756], [4.745981, 45.70972], [4.746067, 45.709765], [4.746113, 45.70988], [4.746126, 45.709915], [4.746194, 45.70993], [4.746668, 45.709918], [4.746927, 45.709941], [4.747252, 45.709936], [4.747516, 45.709939], [4.747568, 45.709931], [4.747627, 45.709895], [4.74776, 45.709893], [4.747911, 45.709876], [4.748219, 45.709829], [4.74828, 45.709851], [4.748369, 45.709253], [4.74841, 45.709155], [4.748481, 45.70904], [4.748556, 45.708953], [4.74862, 45.708833], [4.748667, 45.708664], [4.748766, 45.708403], [4.748872, 45.708306], [4.749042, 45.708183], [4.749136, 45.708087], [4.749217, 45.707975], [4.749345, 45.707868], [4.749444, 45.707731], [4.749503, 45.707685], [4.749585, 45.707653], [4.749817, 45.707503], [4.750141, 45.707313], [4.750377, 45.707067], [4.750485, 45.70692], [4.750586, 45.706731], [4.750724, 45.706601], [4.750596, 45.706559], [4.75165, 45.70554], [4.752251, 45.704969], [4.752374, 45.704836], [4.752561, 45.70461], [4.752824, 45.704262], [4.753074, 45.703868], [4.753392, 45.703285], [4.753748, 45.702607], [4.753856, 45.702351], [4.753945, 45.702084], [4.754001, 45.701867], [4.754114, 45.701263], [4.754145, 45.701061], [4.754179, 45.70098], [4.754281, 45.700834], [4.754367, 45.700743], [4.754477, 45.700657], [4.754579, 45.700591], [4.754664, 45.700548], [4.75479, 45.700504], [4.75493, 45.700475], [4.755133, 45.700444], [4.756259, 45.700437], [4.757452, 45.700292], [4.75769, 45.700284], [4.757949, 45.700299], [4.75824, 45.700339], [4.758397, 45.700377], [4.758809, 45.700522], [4.758917, 45.700542], [4.759035, 45.70055], [4.759234, 45.700536], [4.75933, 45.700517], [4.759523, 45.70045], [4.759621, 45.700401], [4.759711, 45.700341], [4.759795, 45.700272], [4.759869, 45.700184], [4.760163, 45.699775], [4.760256, 45.699677], [4.760364, 45.699599], [4.76049, 45.699523], [4.760742, 45.699416], [4.760861, 45.699372], [4.760968, 45.699342], [4.761252, 45.699283], [4.762202, 45.699121], [4.762286, 45.699098], [4.762334, 45.69911], [4.762385, 45.699111], [4.762428, 45.699101], [4.762464, 45.699084], [4.762492, 45.69906], [4.762509, 45.699031], [4.762513, 45.699], [4.762551, 45.698991], [4.762594, 45.698982], [4.763419, 45.698838], [4.763505, 45.698837], [4.763805, 45.698802], [4.763868, 45.698821], [4.76392, 45.69884], [4.763962, 45.698864], [4.764001, 45.698887], [4.764086, 45.69899], [4.7642, 45.699386], [4.764223, 45.699564], [4.76407, 45.699656], [4.763912, 45.69969], [4.76407, 45.699656], [4.764223, 45.699564], [4.7642, 45.699386], [4.764086, 45.69899], [4.764001, 45.698887], [4.763962, 45.698864], [4.76392, 45.69884], [4.763868, 45.698821], [4.763805, 45.698802], [4.763505, 45.698837], [4.763419, 45.698838], [4.762594, 45.698982], [4.762551, 45.698991], [4.762513, 45.699], [4.762509, 45.699031], [4.762492, 45.69906], [4.762464, 45.699084], [4.762428, 45.699101], [4.762385, 45.699111], [4.762334, 45.69911], [4.762286, 45.699098], [4.762202, 45.699121], [4.761252, 45.699283], [4.760968, 45.699342], [4.760861, 45.699372], [4.760742, 45.699416], [4.76049, 45.699523], [4.760364, 45.699599], [4.760256, 45.699677], [4.760163, 45.699775], [4.759869, 45.700184], [4.759795, 45.700272], [4.759711, 45.700341], [4.759621, 45.700401], [4.759523, 45.70045], [4.75933, 45.700517], [4.759234, 45.700536], [4.759035, 45.70055], [4.758917, 45.700542], [4.758809, 45.700522], [4.758397, 45.700377], [4.75824, 45.700339], [4.757949, 45.700299], [4.75769, 45.700284], [4.757452, 45.700292], [4.756259, 45.700437], [4.755133, 45.700444], [4.75493, 45.700475], [4.75479, 45.700504], [4.754664, 45.700548], [4.754636, 45.700514], [4.754622, 45.700479], [4.754619, 45.700431], [4.754614, 45.700385], [4.754263, 45.700397], [4.754277, 45.699987], [4.754323, 45.69846], [4.753902, 45.698478], [4.753284, 45.698483], [4.752878, 45.698507], [4.752396, 45.698586], [4.750167, 45.698919], [4.749609, 45.698996], [4.749499, 45.699002], [4.747616, 45.698992], [4.747277, 45.699068], [4.747176, 45.699015], [4.746551, 45.698606], [4.745965, 45.698154], [4.745827, 45.697985], [4.745765, 45.697808], [4.745759, 45.69714], [4.745775, 45.697009], [4.746068, 45.696357], [4.746243, 45.695983], [4.746536, 45.695171], [4.746672, 45.694518], [4.746815, 45.693984], [4.746824, 45.693896], [4.746817, 45.693825], [4.746758, 45.693419], [4.746719, 45.693255], [4.746698, 45.692862], [4.74666, 45.692661], [4.746688, 45.692622], [4.74673, 45.692599], [4.746787, 45.692588], [4.747485, 45.692502], [4.748035, 45.692462], [4.748225, 45.692467], [4.748961, 45.692538], [4.749609, 45.692616], [4.749777, 45.692597], [4.749899, 45.692568], [4.749777, 45.692597], [4.749609, 45.692616], [4.748961, 45.692538], [4.748225, 45.692467], [4.748035, 45.692462], [4.747485, 45.692502], [4.746787, 45.692588], [4.74673, 45.692599], [4.746688, 45.692622], [4.74666, 45.692661], [4.7465, 45.692044], [4.746496, 45.691944], [4.7465, 45.691727], [4.746554, 45.691256], [4.7466, 45.691007], [4.746604, 45.690872], [4.746613, 45.690825], [4.747132, 45.69058], [4.747152, 45.690456], [4.747029, 45.689951], [4.746923, 45.689747], [4.746642, 45.689093], [4.746611, 45.689029], [4.746539, 45.688922], [4.74649, 45.688782], [4.746481, 45.688607], [4.74656, 45.688261], [4.746569, 45.688093], [4.746555, 45.687965], [4.746497, 45.687764], [4.746457, 45.687688], [4.746389, 45.687771], [4.746186, 45.6879], [4.746006, 45.687996], [4.745826, 45.688063], [4.745663, 45.688114], [4.745368, 45.688163], [4.745077, 45.68814], [4.74465, 45.688133], [4.744385, 45.688144], [4.744256, 45.688165], [4.744185, 45.688182], [4.74386, 45.688327], [4.74367, 45.688441], [4.743467, 45.688583], [4.743261, 45.688656], [4.743044, 45.688721], [4.742426, 45.688896], [4.741927, 45.689023], [4.741626, 45.689149], [4.741423, 45.68925], [4.74111, 45.689455], [4.740816, 45.689625], [4.740446, 45.689824], [4.739843, 45.690089], [4.739566, 45.690253], [4.739344, 45.690348], [4.738383, 45.690568], [4.738278, 45.69058], [4.738077, 45.690571], [4.737307, 45.690555], [4.737182, 45.690574], [4.736651, 45.690823], [4.736368, 45.690975], [4.736132, 45.691017], [4.735851, 45.691033], [4.735662, 45.691075], [4.735542, 45.691128], [4.735234, 45.6913], [4.735013, 45.691407], [4.734566, 45.691723], [4.734381, 45.691778], [4.733731, 45.691974], [4.733431, 45.692037], [4.733242, 45.692099], [4.732921, 45.69224], [4.732803, 45.692271], [4.732668, 45.692271], [4.732405, 45.69226], [4.731563, 45.691944], [4.731352, 45.6918], [4.730874, 45.691437], [4.730616, 45.691409], [4.730012, 45.691599], [4.729386, 45.69174], [4.729282, 45.691808], [4.72905, 45.692149], [4.728494, 45.692511], [4.72822, 45.692616], [4.728176, 45.692639], [4.728142, 45.692679], [4.728146, 45.692738], [4.728198, 45.692781], [4.728242, 45.692786], [4.72831, 45.692776], [4.728369, 45.692726], [4.728415, 45.692669], [4.728485, 45.69262], [4.729234, 45.692317], [4.729448, 45.692148], [4.72952, 45.692134], [4.72958, 45.692138], [4.729613, 45.692191], [4.729589, 45.69225], [4.729027, 45.692693], [4.728713, 45.692836], [4.728616, 45.692905], [4.728617, 45.692954], [4.728645, 45.692987], [4.728706, 45.693007], [4.728767, 45.693002], [4.728807, 45.692987], [4.728835, 45.69294], [4.728885, 45.692879], [4.729002, 45.692812], [4.729062, 45.692804], [4.729119, 45.69282], [4.729139, 45.692838], [4.729147, 45.692866], [4.729099, 45.693007], [4.729092, 45.69312], [4.729113, 45.693225], [4.729187, 45.693409], [4.729364, 45.694078], [4.729449, 45.69449], [4.729378, 45.694594], [4.728865, 45.695428], [4.728573, 45.695776], [4.727955, 45.696549], [4.727637, 45.697088], [4.727551, 45.697514], [4.727535, 45.698557], [4.727493, 45.698811], [4.727401, 45.698993], [4.72722, 45.699251], [4.726842, 45.699738], [4.726603, 45.700084], [4.72659, 45.700206], [4.726554, 45.700531], [4.726544, 45.701029], [4.726467, 45.701008], [4.726071, 45.700896], [4.725759, 45.700835], [4.725035, 45.70074], [4.724205, 45.700699], [4.72377, 45.700702], [4.723491, 45.700735], [4.723149, 45.70081], [4.722865, 45.700843], [4.722607, 45.700829], [4.721876, 45.700739], [4.722607, 45.700829], [4.722865, 45.700843], [4.723149, 45.70081], [4.723491, 45.700735], [4.72377, 45.700702], [4.724205, 45.700699], [4.725035, 45.70074], [4.725759, 45.700835], [4.726071, 45.700896], [4.726467, 45.701008], [4.726544, 45.701029], [4.728076, 45.701637], [4.728747, 45.701927], [4.729033, 45.702075], [4.729353, 45.702259], [4.729578, 45.702405], [4.729973, 45.702682], [4.730404, 45.702965], [4.730827, 45.703226], [4.730888, 45.703266], [4.730897, 45.703272], [4.731197, 45.70349], [4.731435, 45.703687], [4.731677, 45.703941], [4.732687, 45.704451], [4.732905, 45.704485], [4.734719, 45.7045], [4.735501, 45.704607], [4.737174, 45.704875], [4.737644, 45.704992], [4.737712, 45.705016], [4.738314, 45.705266], [4.738457, 45.70532], [4.738682, 45.705483], [4.738905, 45.70571], [4.73942, 45.706328], [4.739732, 45.706731], [4.739857, 45.706875], [4.740256, 45.707249], [4.740437, 45.707381], [4.74086, 45.707642], [4.740913, 45.707676], [4.741122, 45.707839], [4.741275, 45.708005], [4.741457, 45.708226], [4.741626, 45.708487], [4.741671, 45.708547], [4.741778, 45.708687], [4.741912, 45.708875], [4.742344, 45.709476], [4.742424, 45.709581], [4.742447, 45.709611], [4.742465, 45.709634], [4.742623, 45.709846], [4.742772, 45.710072]]}, "properties": {"heading": 180, "length_km": 11.61, "retrace": 0.267}}, {"type": "Feature", "geometry": {"type": "LineString", "coordinates": [[4.742772, 45.710072], [4.742789, 45.710098], [4.742816, 45.710139], [4.74292, 45.710216], [4.742978, 45.710258], [4.743082, 45.710218], [4.743526, 45.710151], [4.743825, 45.710126], [4.744307, 45.71012], [4.744474, 45.710107], [4.744507, 45.710104], [4.744628, 45.710079], [4.744715, 45.710059], [4.744688, 45.710007], [4.745477, 45.709826], [4.745843, 45.709744], [4.745877, 45.709783], [4.745938, 45.709756], [4.745981, 45.70972], [4.746067, 45.709765], [4.746113, 45.70988], [4.746126, 45.709915], [4.746194, 45.70993], [4.746668, 45.709918], [4.746927, 45.709941], [4.747252, 45.709936], [4.747516, 45.709939], [4.747568, 45.709931], [4.747627, 45.709895], [4.74776, 45.709893], [4.747911, 45.709876], [4.748219, 45.709829], [4.74828, 45.709851], [4.748369, 45.709253], [4.74841, 45.709155], [4.748481, 45.70904], [4.748556, 45.708953], [4.74862, 45.708833], [4.748667, 45.708664], [4.748766, 45.708403], [4.748872, 45.708306], [4.749042, 45.708183], [4.749136, 45.708087], [4.749217, 45.707975], [4.749345, 45.707868], [4.749444, 45.707731], [4.749503, 45.707685], [4.749585, 45.707653], [4.749817, 45.707503], [4.750141, 45.707313], [4.750377, 45.707067], [4.750485, 45.70692], [4.750586, 45.706731], [4.750724, 45.706601], [4.750596, 45.706559], [4.75165, 45.70554], [4.752251, 45.704969], [4.752374, 45.704836], [4.752561, 45.70461], [4.752824, 45.704262], [4.753074, 45.703868], [4.753392, 45.703285], [4.753748, 45.702607], [4.753856, 45.702351], [4.753945, 45.702084], [4.754001, 45.701867], [4.754114, 45.701263], [4.754145, 45.701061], [4.754179, 45.70098], [4.754281, 45.700834], [4.754367, 45.700743], [4.754477, 45.700657], [4.754579, 45.700591], [4.754664, 45.700548], [4.754636, 45.700514], [4.754704, 45.700487], [4.754809, 45.700459], [4.75497, 45.700433], [4.755153, 45.700418], [4.755335, 45.700386], [4.756244, 45.700376], [4.755714, 45.698418], [4.755656, 45.698252], [4.755916, 45.698119], [4.755958, 45.698006], [4.755934, 45.69791], [4.755849, 45.697793], [4.755748, 45.697768], [4.755475, 45.6978], [4.755425, 45.69769], [4.755345, 45.697579], [4.755452, 45.697478], [4.755897, 45.69734], [4.756479, 45.697192], [4.756579, 45.697139], [4.756731, 45.697023], [4.757053, 45.696588], [4.757579, 45.695762], [4.757993, 45.695381], [4.757579, 45.695762], [4.757053, 45.696588], [4.756731, 45.697023], [4.756579, 45.697139], [4.756479, 45.697192], [4.755897, 45.69734], [4.755452, 45.697478], [4.755345, 45.697579], [4.755425, 45.69769], [4.755475, 45.6978], [4.755748, 45.697768], [4.755849, 45.697793], [4.755934, 45.69791], [4.755958, 45.698006], [4.755916, 45.698119], [4.755656, 45.698252], [4.755714, 45.698418], [4.756244, 45.700376], [4.755335, 45.700386], [4.755138, 45.700376], [4.754619, 45.700431], [4.754614, 45.700385], [4.754263, 45.700397], [4.754277, 45.699987], [4.754323, 45.69846], [4.753902, 45.698478], [4.753284, 45.698483], [4.752878, 45.698507], [4.752396, 45.698586], [4.750167, 45.698919], [4.749609, 45.698996], [4.749499, 45.699002], [4.747616, 45.698992], [4.747277, 45.699068], [4.747176, 45.699015], [4.746551, 45.698606], [4.745965, 45.698154], [4.745827, 45.697985], [4.745765, 45.697808], [4.745759, 45.69714], [4.745775, 45.697009], [4.745208, 45.695708], [4.745083, 45.69522], [4.744961, 45.694735], [4.744761, 45.694105], [4.74458, 45.693722], [4.744452, 45.693495], [4.74458, 45.693722], [4.744761, 45.694105], [4.744961, 45.694735], [4.745083, 45.69522], [4.745208, 45.695708], [4.745775, 45.697009], [4.745759, 45.69714], [4.745765, 45.697808], [4.745827, 45.697985], [4.745965, 45.698154], [4.746551, 45.698606], [4.747176, 45.699015], [4.74569, 45.699594], [4.744794, 45.699923], [4.744509, 45.700045], [4.744107, 45.70018], [4.743298, 45.700396], [4.742079, 45.700671], [4.741693, 45.700772], [4.740881, 45.700984], [4.74082, 45.700985], [4.739949, 45.701275], [4.739222, 45.70154], [4.738758, 45.701769], [4.738586, 45.701868], [4.738497, 45.70197], [4.738275, 45.702353], [4.738065, 45.702345], [4.737346, 45.702436], [4.736505, 45.702463], [4.735964, 45.702535], [4.735522, 45.702665], [4.735495, 45.702673], [4.734396, 45.701621], [4.734181, 45.701429], [4.734076, 45.701368], [4.733779, 45.701174], [4.733417, 45.700873], [4.733182, 45.700721], [4.732988, 45.700582], [4.73263, 45.70023], [4.732128, 45.699754], [4.732094, 45.699708], [4.731954, 45.699511], [4.731906, 45.699394], [4.731743, 45.699036], [4.731638, 45.698746], [4.731557, 45.698572], [4.731535, 45.698532], [4.731343, 45.698272], [4.731242, 45.698117], [4.731187, 45.698017], [4.731146, 45.697907], [4.731124, 45.697584], [4.73108, 45.697362], [4.730971, 45.697018], [4.730839, 45.6967], [4.7306, 45.696223], [4.730232, 45.69569], [4.729752, 45.694944], [4.729506, 45.694609], [4.729449, 45.69449], [4.729378, 45.694594], [4.728865, 45.695428], [4.728606, 45.695736], [4.728573, 45.695776], [4.727955, 45.696549], [4.727637, 45.697088], [4.727551, 45.697514], [4.727535, 45.698557], [4.727493, 45.698811], [4.727401, 45.698993], [4.72722, 45.699251], [4.726842, 45.699738], [4.726603, 45.700084], [4.72659, 45.700206], [4.726554, 45.700531], [4.726544, 45.701029], [4.728076, 45.701637], [4.728747, 45.701927], [4.729033, 45.702075], [4.729353, 45.702259], [4.729578, 45.702405], [4.729973, 45.702682], [4.730404, 45.702965], [4.730827, 45.703226], [4.730743, 45.703258], [4.730318, 45.703393], [4.729364, 45.703786], [4.728582, 45.704191], [4.728278, 45.704314], [4.727969, 45.7044], [4.727727, 45.70438], [4.726994, 45.704267], [4.726408, 45.704187], [4.725315, 45.704008], [4.724234, 45.703843], [4.723511, 45.703749], [4.723223, 45.703717], [4.721726, 45.70371], [4.720804, 45.70373], [4.720503, 45.703754], [4.720025, 45.70384], [4.719522, 45.703936], [4.719051, 45.703964], [4.718433, 45.70402], [4.718063, 45.704057], [4.718054, 45.704122], [4.7181, 45.70413], [4.718154, 45.704248], [4.71821, 45.704364], [4.718572, 45.704387], [4.718601, 45.704408], [4.718572, 45.704387], [4.71821, 45.704364], [4.718154, 45.704248], [4.7181, 45.70413], [4.718054, 45.704122], [4.718063, 45.704057], [4.718433, 45.70402], [4.719051, 45.703964], [4.719522, 45.703936], [4.720025, 45.70384], [4.720503, 45.703754], [4.720804, 45.70373], [4.721726, 45.70371], [4.723223, 45.703717], [4.723511, 45.703749], [4.724234, 45.703843], [4.725315, 45.704008], [4.726408, 45.704187], [4.726994, 45.704267], [4.727727, 45.70438], [4.727969, 45.7044], [4.728278, 45.704314], [4.728582, 45.704191], [4.729364, 45.703786], [4.730318, 45.703393], [4.730743, 45.703258], [4.730827, 45.703226], [4.730888, 45.703266], [4.730897, 45.703272], [4.731197, 45.70349], [4.731435, 45.703687], [4.731677, 45.703941], [4.732687, 45.704451], [4.732905, 45.704485], [4.734719, 45.7045], [4.735501, 45.704607], [4.737174, 45.704875], [4.737644, 45.704992], [4.737712, 45.705016], [4.738314, 45.705266], [4.738457, 45.70532], [4.738682, 45.705483], [4.738905, 45.70571], [4.73942, 45.706328], [4.739732, 45.706731], [4.739857, 45.706875], [4.740256, 45.707249], [4.740437, 45.707381], [4.74086, 45.707642], [4.740913, 45.707676], [4.741122, 45.707839], [4.741275, 45.708005], [4.741457, 45.708226], [4.741626, 45.708487], [4.741671, 45.708547], [4.741778, 45.708687], [4.741912, 45.708875], [4.742344, 45.709476], [4.742424, 45.709581], [4.742447, 45.709611], [4.742465, 45.709634], [4.742623, 45.709846], [4.742772, 45.710072]]}, "properties": {"heading": 198, "length_km": 12.26, "retrace": 0.416}}, {"type": "Feature", "geometry": {"type": "LineString", "coordinates": [[4.742772, 45.710072], [4.742623, 45.709846], [4.742465, 45.709634], [4.742447, 45.709611], [4.742424, 45.709581], [4.742344, 45.709476], [4.741912, 45.708875], [4.741778, 45.708687], [4.741671, 45.708547], [4.741626, 45.708487], [4.741457, 45.708226], [4.741275, 45.708005], [4.741122, 45.707839], [4.740913, 45.707676], [4.741314, 45.707272], [4.741525, 45.707043], [4.742131, 45.706405], [4.741892, 45.706309], [4.741685, 45.706215], [4.74184, 45.705856], [4.741864, 45.705799], [4.742255, 45.704851], [4.742272, 45.704808], [4.742366, 45.704623], [4.742425, 45.704487], [4.74264, 45.703984], [4.74267, 45.703908], [4.742693, 45.70385], [4.742703, 45.703805], [4.742717, 45.703738], [4.742851, 45.70348], [4.742958, 45.703276], [4.743072, 45.703055], [4.743115, 45.70294], [4.743326, 45.702377], [4.743346, 45.702327], [4.743592, 45.701729], [4.743766, 45.701316], [4.743972, 45.701065], [4.744499, 45.700441], [4.744542, 45.700336], [4.744794, 45.699923], [4.74569, 45.699594], [4.747176, 45.699015], [4.746551, 45.698606], [4.745965, 45.698154], [4.745827, 45.697985], [4.745765, 45.697808], [4.745759, 45.69714], [4.745775, 45.697009], [4.746068, 45.696357], [4.746243, 45.695983], [4.746536, 45.695171], [4.746672, 45.694518], [4.746815, 45.693984], [4.746824, 45.693896], [4.746817, 45.693825], [4.746758, 45.693419], [4.746719, 45.693255], [4.746698, 45.692862], [4.74666, 45.692661], [4.746688, 45.692622], [4.74673, 45.692599], [4.746787, 45.692588], [4.747485, 45.692502], [4.748035, 45.692462], [4.748225, 45.692467], [4.748961, 45.692538], [4.749609, 45.692616], [4.749777, 45.692597], [4.749899, 45.692568], [4.749777, 45.692597], [4.749609, 45.692616], [4.748961, 45.692538], [4.748225, 45.692467], [4.748035, 45.692462], [4.747485, 45.692502], [4.746787, 45.692588], [4.74673, 45.692599], [4.746688, 45.692622], [4.74666, 45.692661], [4.7465, 45.692044], [4.746496, 45.691944], [4.7465, 45.691727], [4.746554, 45.691256], [4.7466, 45.691007], [4.746604, 45.690872], [4.746613, 45.690825], [4.747132, 45.69058], [4.747152, 45.690456], [4.747029, 45.689951], [4.746923, 45.689747], [4.746642, 45.689093], [4.746611, 45.689029], [4.746539, 45.688922], [4.74649, 45.688782], [4.746481, 45.688607], [4.74656, 45.688261], [4.746569, 45.688093], [4.746555, 45.687965], [4.746497, 45.687764], [4.746457, 45.687688], [4.746389, 45.687771], [4.746186, 45.6879], [4.746006, 45.687996], [4.745826, 45.688063], [4.745663, 45.688114], [4.745368, 45.688163], [4.745077, 45.68814], [4.74465, 45.688133], [4.744385, 45.688144], [4.744256, 45.688165], [4.744185, 45.688182], [4.74386, 45.688327], [4.74367, 45.688441], [4.743467, 45.688583], [4.743261, 45.688656], [4.743044, 45.688721], [4.742426, 45.688896], [4.741927, 45.689023], [4.741626, 45.689149], [4.741423, 45.68925], [4.74111, 45.689455], [4.740816, 45.689625], [4.740446, 45.689824], [4.739843, 45.690089], [4.739566, 45.690253], [4.739344, 45.690348], [4.738383, 45.690568], [4.738278, 45.69058], [4.738077, 45.690571], [4.737307, 45.690555], [4.737182, 45.690574], [4.736651, 45.690823], [4.736368, 45.690975], [4.736132, 45.691017], [4.735851, 45.691033], [4.735662, 45.691075], [4.735542, 45.691128], [4.735234, 45.6913], [4.735013, 45.691407], [4.734566, 45.691723], [4.734381, 45.691778], [4.733731, 45.691974], [4.733431, 45.692037], [4.733242, 45.692099], [4.732921, 45.69224], [4.732803, 45.692271], [4.732668, 45.692271], [4.732405, 45.69226], [4.731563, 45.691944], [4.731352, 45.6918], [4.730874, 45.691437], [4.730616, 45.691409], [4.730012, 45.691599], [4.729386, 45.69174], [4.729282, 45.691808], [4.72905, 45.692149], [4.728494, 45.692511], [4.72822, 45.692616], [4.728176, 45.692639], [4.728142, 45.692679], [4.728146, 45.692738], [4.728198, 45.692781], [4.728242, 45.692786], [4.72831, 45.692776], [4.728369, 45.692726], [4.728415, 45.692669], [4.728485, 45.69262], [4.729234, 45.692317], [4.729448, 45.692148], [4.72952, 45.692134], [4.72958, 45.692138], [4.729613, 45.692191], [4.729589, 45.69225], [4.729027, 45.692693], [4.728713, 45.692836], [4.728616, 45.692905], [4.728617, 45.692954], [4.728645, 45.692987], [4.728706, 45.693007], [4.728767, 45.693002], [4.728807, 45.692987], [4.728835, 45.69294], [4.728885, 45.692879], [4.729002, 45.692812], [4.729062, 45.692804], [4.729119, 45.69282], [4.729139, 45.692838], [4.729147, 45.692866], [4.729099, 45.693007], [4.729092, 45.69312], [4.729113, 45.693225], [4.729187, 45.693409], [4.729364, 45.694078], [4.729449, 45.69449], [4.729378, 45.694594], [4.728865, 45.695428], [4.728573, 45.695776], [4.727955, 45.696549], [4.727637, 45.697088], [4.727551, 45.697514], [4.727535, 45.698557], [4.727493, 45.698811], [4.727401, 45.698993], [4.72722, 45.699251], [4.726842, 45.699738], [4.726603, 45.700084], [4.72659, 45.700206], [4.726554, 45.700531], [4.726544, 45.701029], [4.726467, 45.701008], [4.726071, 45.700896], [4.725759, 45.700835], [4.725035, 45.70074], [4.724205, 45.700699], [4.72377, 45.700702], [4.723491, 45.700735], [4.723149, 45.70081], [4.722865, 45.700843], [4.722607, 45.700829], [4.721876, 45.700739], [4.722607, 45.700829], [4.722865, 45.700843], [4.723149, 45.70081], [4.723491, 45.700735], [4.72377, 45.700702], [4.724205, 45.700699], [4.725035, 45.70074], [4.725759, 45.700835], [4.726071, 45.700896], [4.726467, 45.701008], [4.726544, 45.701029], [4.728076, 45.701637], [4.728747, 45.701927], [4.729033, 45.702075], [4.729353, 45.702259], [4.729578, 45.702405], [4.729973, 45.702682], [4.730404, 45.702965], [4.730827, 45.703226], [4.730743, 45.703258], [4.730318, 45.703393], [4.729364, 45.703786], [4.728582, 45.704191], [4.728278, 45.704314], [4.727969, 45.7044], [4.72792, 45.70445], [4.727756, 45.704735], [4.727547, 45.705164], [4.72747, 45.705271], [4.727072, 45.705528], [4.726512, 45.70583], [4.726198, 45.705987], [4.724502, 45.706799], [4.72384, 45.707181], [4.723363, 45.707477], [4.722936, 45.707631], [4.721561, 45.707949], [4.720842, 45.708236], [4.720397, 45.708401], [4.719959, 45.708645], [4.719916, 45.708625], [4.71984, 45.708573], [4.719352, 45.708293], [4.719207, 45.708346], [4.719057, 45.708356], [4.717479, 45.708274], [4.719057, 45.708356], [4.719207, 45.708346], [4.719352, 45.708293], [4.71984, 45.708573], [4.719916, 45.708625], [4.719959, 45.708645], [4.720397, 45.708401], [4.720842, 45.708236], [4.721561, 45.707949], [4.722936, 45.707631], [4.723363, 45.707477], [4.72384, 45.707181], [4.724502, 45.706799], [4.726198, 45.705987], [4.726512, 45.70583], [4.727072, 45.705528], [4.72747, 45.705271], [4.727547, 45.705164], [4.727756, 45.704735], [4.72792, 45.70445], [4.727969, 45.7044], [4.728278, 45.704314], [4.728582, 45.704191], [4.729364, 45.703786], [4.730318, 45.703393], [4.730743, 45.703258], [4.730827, 45.703226], [4.730888, 45.703266], [4.730897, 45.703272], [4.731197, 45.70349], [4.731435, 45.703687], [4.731677, 45.703941], [4.732687, 45.704451], [4.732905, 45.704485], [4.734719, 45.7045], [4.735501, 45.704607], [4.737174, 45.704875], [4.737644, 45.704992], [4.737712, 45.705016], [4.738314, 45.705266], [4.738457, 45.70532], [4.738682, 45.705483], [4.738905, 45.70571], [4.73942, 45.706328], [4.739732, 45.706731], [4.739857, 45.706875], [4.740256, 45.707249], [4.740437, 45.707381], [4.74086, 45.707642], [4.740913, 45.707676], [4.741122, 45.707839], [4.741275, 45.708005], [4.741457, 45.708226], [4.741626, 45.708487], [4.741671, 45.708547], [4.741778, 45.708687], [4.741912, 45.708875], [4.742344, 45.709476], [4.742424, 45.709581], [4.742447, 45.709611], [4.742465, 45.709634], [4.742623, 45.709846], [4.742772, 45.710072]]}, "properties": {"heading": 216, "length_km": 11.296, "retrace": 0.391}}, {"type": "Feature", "geometry": {"type": "LineString", "coordinates": [[4.742772, 45.710072], [4.742623, 45.709846], [4.742465, 45.709634], [4.742447, 45.709611], [4.742424, 45.709581], [4.742344, 45.709476], [4.741912, 45.708875], [4.741778, 45.708687], [4.741671, 45.708547], [4.741626, 45.708487], [4.741457, 45.708226], [4.741275, 45.708005], [4.741122, 45.707839], [4.740913, 45.707676], [4.741314, 45.707272], [4.741525, 45.707043], [4.742131, 45.706405], [4.741892, 45.706309], [4.741685, 45.706215], [4.74184, 45.705856], [4.741864, 45.705799], [4.742255, 45.704851], [4.742272, 45.704808], [4.742366, 45.704623], [4.742425, 45.704487], [4.74264, 45.703984], [4.74267, 45.703908], [4.742693, 45.70385], [4.742703, 45.703805], [4.742717, 45.703738], [4.742851, 45.70348], [4.742958, 45.703276], [4.743072, 45.703055], [4.743115, 45.70294], [4.743326, 45.702377], [4.743346, 45.702327], [4.743592, 45.701729], [4.743766, 45.701316], [4.743972, 45.701065], [4.744499, 45.700441], [4.744542, 45.700336], [4.744794, 45.699923], [4.74569, 45.699594], [4.747176, 45.699015], [4.746551, 45.698606], [4.745965, 45.698154], [4.745827, 45.697985], [4.745765, 45.697808], [4.745759, 45.69714], [4.745775, 45.697009], [4.745208, 45.695708], [4.745083, 45.69522], [4.744961, 45.694735], [4.744761, 45.694105], [4.74458, 45.693722], [4.744452, 45.693495], [4.74458, 45.693722], [4.744761, 45.694105], [4.744961, 45.694735], [4.745083, 45.69522], [4.745208, 45.695708], [4.745775, 45.697009], [4.745759, 45.69714], [4.745765, 45.697808], [4.745827, 45.697985], [4.745965, 45.698154], [4.746551, 45.698606], [4.747176, 45.699015], [4.74569, 45.699594], [4.744794, 45.699923], [4.744509, 45.700045], [4.744107, 45.70018], [4.743298, 45.700396], [4.742079, 45.700671], [4.741693, 45.700772], [4.740881, 45.700984], [4.74082, 45.700985], [4.739949, 45.701275], [4.739222, 45.70154], [4.738758, 45.701769], [4.738586, 45.701868], [4.738497, 45.70197], [4.738275, 45.702353], [4.738065, 45.702345], [4.737346, 45.702436], [4.736505, 45.702463], [4.735964, 45.702535], [4.735522, 45.702665], [4.735495, 45.702673], [4.734396, 45.701621], [4.734181, 45.701429], [4.734076, 45.701368], [4.733779, 45.701174], [4.733417, 45.700873], [4.733182, 45.700721], [4.732988, 45.700582], [4.73263, 45.70023], [4.732128, 45.699754], [4.732094, 45.699708], [4.731954, 45.699511], [4.731906, 45.699394], [4.731743, 45.699036], [4.731638, 45.698746], [4.731557, 45.698572], [4.731535, 45.698532], [4.731343, 45.698272], [4.731242, 45.698117], [4.731187, 45.698017], [4.731146, 45.697907], [4.731124, 45.697584], [4.73108, 45.697362], [4.730971, 45.697018], [4.730839, 45.6967], [4.7306, 45.696223], [4.730232, 45.69569], [4.729752, 45.694944], [4.729506, 45.694609], [4.729449, 45.69449], [4.729378, 45.694594], [4.728865, 45.695428], [4.728606, 45.695736], [4.728573, 45.695776], [4.727955, 45.696549], [4.727637, 45.697088], [4.727551, 45.697514], [4.727535, 45.698557], [4.727493, 45.698811], [4.727401, 45.698993], [4.72722, 45.699251], [4.726842, 45.699738], [4.726603, 45.700084], [4.72659, 45.700206], [4.726554, 45.700531], [4.726544, 45.701029], [4.728076, 45.701637], [4.728747, 45.701927], [4.729033, 45.702075], [4.729353, 45.702259], [4.729578, 45.702405], [4.729973, 45.702682], [4.730404, 45.702965], [4.730827, 45.703226], [4.730743, 45.703258], [4.730318, 45.703393], [4.729364, 45.703786], [4.728582, 45.704191], [4.728278, 45.704314], [4.727969, 45.7044], [4.727727, 45.70438], [4.726994, 45.704267], [4.726408, 45.704187], [4.725315, 45.704008], [4.724234, 45.703843], [4.723511, 45.703749], [4.723223, 45.703717], [4.721726, 45.70371], [4.720804, 45.70373], [4.720503, 45.703754], [4.720025, 45.70384], [4.719522, 45.703936], [4.719051, 45.703964], [4.718433, 45.70402], [4.718063, 45.704057], [4.718054, 45.704122], [4.7181, 45.70413], [4.718154, 45.704248], [4.71821, 45.704364], [4.718572, 45.704387], [4.718601, 45.704408], [4.718572, 45.704387], [4.71821, 45.704364], [4.718154, 45.704248], [4.7181, 45.70413], [4.718054, 45.704122], [4.718063, 45.704057], [4.716163, 45.704213], [4.715853, 45.704251], [4.71585, 45.704347], [4.715748, 45.704357], [4.715534, 45.704517], [4.714225, 45.704797], [4.714153, 45.704681], [4.713861, 45.704773], [4.713347, 45.704995], [4.71269, 45.705187], [4.712261, 45.70531], [4.711368, 45.705483], [4.711107, 45.705478], [4.710834, 45.70544], [4.710466, 45.705379], [4.710097, 45.705384], [4.709146, 45.705502], [4.70872, 45.705726], [4.706951, 45.707001], [4.706601, 45.707203], [4.705816, 45.707654], [4.705501, 45.7078], [4.70547, 45.707809], [4.70552, 45.707933], [4.705633, 45.708031], [4.706219, 45.708317], [4.706534, 45.708506], [4.706953, 45.708831], [4.707341, 45.709217], [4.707781, 45.709695], [4.707903, 45.709927], [4.708047, 45.710229], [4.708167, 45.710566], [4.707803, 45.710513], [4.707668, 45.710583], [4.707534, 45.7106], [4.707155, 45.710514], [4.70698, 45.710499], [4.70686, 45.710514], [4.707309, 45.71084], [4.708101, 45.711209], [4.710236, 45.712291], [4.710791, 45.712596], [4.711179, 45.712809], [4.711781, 45.71316], [4.712088, 45.713297], [4.712314, 45.713328], [4.713175, 45.713353], [4.713335, 45.713416], [4.713375, 45.713458], [4.713386, 45.713491], [4.713401, 45.713533], [4.713455, 45.713525], [4.71351, 45.713529], [4.713562, 45.713543], [4.713605, 45.713568], [4.713636, 45.7136], [4.713653, 45.71364], [4.713651, 45.713683], [4.71363, 45.713722], [4.713593, 45.713755], [4.713542, 45.713778], [4.713592, 45.713803], [4.713663, 45.713839], [4.713733, 45.713874], [4.713977, 45.713965], [4.71468, 45.714396], [4.715408, 45.714739], [4.716056, 45.715037], [4.71701, 45.715413], [4.717801, 45.715788], [4.718022, 45.715965], [4.718112, 45.715858], [4.718218, 45.71551], [4.718112, 45.715858], [4.718022, 45.715965], [4.718493, 45.716482], [4.718768, 45.71673], [4.719089, 45.716943], [4.719216, 45.717013], [4.719284, 45.717047], [4.719111, 45.71751], [4.718816, 45.718367], [4.718688, 45.718742], [4.718658, 45.718832], [4.718258, 45.720004], [4.718214, 45.720181], [4.718239, 45.720234], [4.718261, 45.720284], [4.718339, 45.720259], [4.718443, 45.720226], [4.719292, 45.72016], [4.722684, 45.719877], [4.722958, 45.719833], [4.72334, 45.719763], [4.723597, 45.719726], [4.723719, 45.719698], [4.723831, 45.71966], [4.723891, 45.719637], [4.723933, 45.719621], [4.724318, 45.719464], [4.724677, 45.719275], [4.724932, 45.719168], [4.725037, 45.719133], [4.725172, 45.7191], [4.725762, 45.718992], [4.726557, 45.71882], [4.726797, 45.718761], [4.727009, 45.718693], [4.72735, 45.718567], [4.727597, 45.718487], [4.727839, 45.718448], [4.728351, 45.71841], [4.728861, 45.718385], [4.729382, 45.718344], [4.730811, 45.718282], [4.731606, 45.718201], [4.731956, 45.71818], [4.73217, 45.718186], [4.732833, 45.717879], [4.733009, 45.717781], [4.73306, 45.717745], [4.733133, 45.717693], [4.733943, 45.717044], [4.734335, 45.716535], [4.734741, 45.716027], [4.735155, 45.715526], [4.735517, 45.715146], [4.736043, 45.714739], [4.736242, 45.714596], [4.736433, 45.714472], [4.737039, 45.714156], [4.737601, 45.713832], [4.737772, 45.713719], [4.738088, 45.713462], [4.738376, 45.713209], [4.738501, 45.713055], [4.738798, 45.712672], [4.739572, 45.711838], [4.739636, 45.71174], [4.739784, 45.711716], [4.740333, 45.711643], [4.740574, 45.711614], [4.740641, 45.711606], [4.740642, 45.711537], [4.740646, 45.711262], [4.740647, 45.711237], [4.740655, 45.710714], [4.74086, 45.710662], [4.740853, 45.710561], [4.74092, 45.7102], [4.740926, 45.710169], [4.740936, 45.710113], [4.740984, 45.710041], [4.741051, 45.709757], [4.741033, 45.709713], [4.74112, 45.70933], [4.741743, 45.709412], [4.742223, 45.709474], [4.742344, 45.709476], [4.742424, 45.709581], [4.742447, 45.709611], [4.742465, 45.709634], [4.742623, 45.709846], [4.742772, 45.710072]]}, "properties": {"heading": 234, "length_km": 13.183, "retrace": 0.164}}, {"type": "Feature", "geometry": {"type": "LineString", "coordinates": [[4.742772, 45.710072], [4.742623, 45.709846], [4.742465, 45.709634], [4.742447, 45.709611], [4.742424, 45.709581], [4.742344, 45.709476], [4.741912, 45.708875], [4.741778, 45.708687], [4.741671, 45.708547], [4.741626, 45.708487], [4.741457, 45.708226], [4.741275, 45.708005], [4.741122, 45.707839], [4.740913, 45.707676], [4.74086, 45.707642], [4.740437, 45.707381], [4.740256, 45.707249], [4.739857, 45.706875], [4.739732, 45.706731], [4.73942, 45.706328], [4.738905, 45.70571], [4.738682, 45.705483], [4.738457, 45.70532], [4.738314, 45.705266], [4.737712, 45.705016], [4.737644, 45.704992], [4.737666, 45.704697], [4.736905, 45.703812], [4.735953, 45.703227], [4.735716, 45.702993], [4.735495, 45.702673], [4.734396, 45.701621], [4.734181, 45.701429], [4.734076, 45.701368], [4.733779, 45.701174], [4.733417, 45.700873], [4.733182, 45.700721], [4.732988, 45.700582], [4.73263, 45.70023], [4.732128, 45.699754], [4.732094, 45.699708], [4.731954, 45.699511], [4.731906, 45.699394], [4.731743, 45.699036], [4.731638, 45.698746], [4.731557, 45.698572], [4.731535, 45.698532], [4.731343, 45.698272], [4.731242, 45.698117], [4.731187, 45.698017], [4.731146, 45.697907], [4.731124, 45.697584], [4.73108, 45.697362], [4.730971, 45.697018], [4.730839, 45.6967], [4.7306, 45.696223], [4.730232, 45.69569], [4.729752, 45.694944], [4.729506, 45.694609], [4.729449, 45.69449], [4.729364, 45.694078], [4.729187, 45.693409], [4.729113, 45.693225], [4.729092, 45.69312], [4.729099, 45.693007], [4.729147, 45.692866], [4.729139, 45.692838], [4.729119, 45.69282], [4.729062, 45.692804], [4.729002, 45.692812], [4.728885, 45.692879], [4.728835, 45.69294], [4.728807, 45.692987], [4.728767, 45.693002], [4.728706, 45.693007], [4.728645, 45.692987], [4.728617, 45.692954], [4.728616, 45.692905], [4.728713, 45.692836], [4.729027, 45.692693], [4.729589, 45.69225], [4.729613, 45.692191], [4.72958, 45.692138], [4.72952, 45.692134], [4.729448, 45.692148], [4.729234, 45.692317], [4.728485, 45.69262], [4.728415, 45.692669], [4.728369, 45.692726], [4.72831, 45.692776], [4.728242, 45.692786], [4.728198, 45.692781], [4.728146, 45.692738], [4.728142, 45.692679], [4.728176, 45.692639], [4.72822, 45.692616], [4.728494, 45.692511], [4.72905, 45.692149], [4.729282, 45.691808], [4.729386, 45.69174], [4.730012, 45.691599], [4.730616, 45.691409], [4.730874, 45.691437], [4.731352, 45.6918], [4.731563, 45.691944], [4.732405, 45.69226], [4.732668, 45.692271], [4.732803, 45.692271], [4.732921, 45.69224], [4.733242, 45.692099], [4.733431, 45.692037], [4.733731, 45.691974], [4.734381, 45.691778], [4.733731, 45.691974], [4.733431, 45.692037], [4.733242, 45.692099], [4.732921, 45.69224], [4.732803, 45.692271], [4.732668, 45.692271], [4.732405, 45.69226], [4.731563, 45.691944], [4.731352, 45.6918], [4.730874, 45.691437], [4.730616, 45.691409], [4.730012, 45.691599], [4.729386, 45.69174], [4.729282, 45.691808], [4.72905, 45.692149], [4.728494, 45.692511], [4.72822, 45.692616], [4.728176, 45.692639], [4.728142, 45.692679], [4.728146, 45.692738], [4.728198, 45.692781], [4.728242, 45.692786], [4.72831, 45.692776], [4.728369, 45.692726], [4.728415, 45.692669], [4.728485, 45.69262], [4.729234, 45.692317], [4.729448, 45.692148], [4.72952, 45.692134], [4.72958, 45.692138], [4.729613, 45.692191], [4.729589, 45.69225], [4.729027, 45.692693], [4.728713, 45.692836], [4.728616, 45.692905], [4.728617, 45.692954], [4.728645, 45.692987], [4.728706, 45.693007], [4.728767, 45.693002], [4.728807, 45.692987], [4.728835, 45.69294], [4.728885, 45.692879], [4.729002, 45.692812], [4.729062, 45.692804], [4.729119, 45.69282], [4.729139, 45.692838], [4.729147, 45.692866], [4.729099, 45.693007], [4.729092, 45.69312], [4.729113, 45.693225], [4.729187, 45.693409], [4.729364, 45.694078], [4.729449, 45.69449], [4.729378, 45.694594], [4.728865, 45.695428], [4.728573, 45.695776], [4.727955, 45.696549], [4.727637, 45.697088], [4.727551, 45.697514], [4.727535, 45.698557], [4.727493, 45.698811], [4.727401, 45.698993], [4.72722, 45.699251], [4.726842, 45.699738], [4.726603, 45.700084], [4.72659, 45.700206], [4.726554, 45.700531], [4.726544, 45.701029], [4.726467, 45.701008], [4.726071, 45.700896], [4.725759, 45.700835], [4.725035, 45.70074], [4.724205, 45.700699], [4.72377, 45.700702], [4.723491, 45.700735], [4.723149, 45.70081], [4.722865, 45.700843], [4.722607, 45.700829], [4.721876, 45.700739], [4.722607, 45.700829], [4.722865, 45.700843], [4.723149, 45.70081], [4.723491, 45.700735], [4.72377, 45.700702], [4.724205, 45.700699], [4.725035, 45.70074], [4.725759, 45.700835], [4.726071, 45.700896], [4.726467, 45.701008], [4.726544, 45.701029], [4.728076, 45.701637], [4.728747, 45.701927], [4.729033, 45.702075], [4.729353, 45.702259], [4.729578, 45.702405], [4.729973, 45.702682], [4.730404, 45.702965], [4.730827, 45.703226], [4.730743, 45.703258], [4.730318, 45.703393], [4.729364, 45.703786], [4.728582, 45.704191], [4.728278, 45.704314], [4.727969, 45.7044], [4.72792, 45.70445], [4.727756, 45.704735], [4.727547, 45.705164], [4.72747, 45.705271], [4.727072, 45.705528], [4.726512, 45.70583], [4.726198, 45.705987], [4.724502, 45.706799], [4.72384, 45.707181], [4.723363, 45.707477], [4.722936, 45.707631], [4.721561, 45.707949], [4.720842, 45.708236], [4.720397, 45.708401], [4.719959, 45.708645], [4.719916, 45.708625], [4.71984, 45.708573], [4.719352, 45.708293], [4.719207, 45.708346], [4.719057, 45.708356], [4.717479, 45.708274], [4.719057, 45.708356], [4.719207, 45.708346], [4.719352, 45.708293], [4.71984, 45.708573], [4.719916, 45.708625], [4.719959, 45.708645], [4.72031, 45.708831], [4.720727, 45.709022], [4.721301, 45.709232], [4.722409, 45.709536], [4.72302, 45.709753], [4.723528, 45.709924], [4.724744, 45.710295], [4.724991, 45.710352], [4.725477, 45.710444], [4.726032, 45.710541], [4.726795, 45.71085], [4.727826, 45.711479], [4.727914, 45.711532], [4.727561, 45.711535], [4.727042, 45.711561], [4.726655, 45.71155], [4.726477, 45.71153], [4.725408, 45.711409], [4.72517, 45.711412], [4.724847, 45.711432], [4.723159, 45.711674], [4.721314, 45.71219], [4.720827, 45.712298], [4.720199, 45.712356], [4.717802, 45.712476], [4.717937, 45.712975], [4.718079, 45.71339], [4.718312, 45.71389], [4.718513, 45.714359], [4.718506, 45.714432], [4.718389, 45.71494], [4.718252, 45.715402], [4.718112, 45.715858], [4.718022, 45.715965], [4.718493, 45.716482], [4.718768, 45.71673], [4.719089, 45.716943], [4.719216, 45.717013], [4.719284, 45.717047], [4.719111, 45.71751], [4.718816, 45.718367], [4.718688, 45.718742], [4.718658, 45.718832], [4.718258, 45.720004], [4.718214, 45.720181], [4.718239, 45.720234], [4.718261, 45.720284], [4.71816, 45.720318], [4.717836, 45.720556], [4.717454, 45.720758], [4.717291, 45.720821], [4.717132, 45.720867], [4.717164, 45.720906], [4.71727, 45.720873], [4.717546, 45.720757], [4.717842, 45.720594], [4.718134, 45.72041], [4.718278, 45.72033], [4.718464, 45.720261], [4.718633, 45.720237], [4.719055, 45.720195], [4.72211, 45.719963], [4.719055, 45.720195], [4.718633, 45.720237], [4.718464, 45.720261], [4.718278, 45.72033], [4.718134, 45.72041], [4.717842, 45.720594], [4.717546, 45.720757], [4.71727, 45.720873], [4.717164, 45.720906], [4.717132, 45.720867], [4.717291, 45.720821], [4.717454, 45.720758], [4.717836, 45.720556], [4.71816, 45.720318], [4.718261, 45.720284], [4.718339, 45.720259], [4.718443, 45.720226], [4.719292, 45.72016], [4.722684, 45.719877], [4.722958, 45.719833], [4.72334, 45.719763], [4.723597, 45.719726], [4.723719, 45.719698], [4.723831, 45.71966], [4.723891, 45.719637], [4.723933, 45.719621], [4.724318, 45.719464], [4.724677, 45.719275], [4.724932, 45.719168], [4.725037, 45.719133], [4.725172, 45.7191], [4.725762, 45.718992], [4.726557, 45.71882], [4.726797, 45.718761], [4.727009, 45.718693], [4.72735, 45.718567], [4.727597, 45.718487], [4.727839, 45.718448], [4.728351, 45.71841], [4.728861, 45.718385], [4.729382, 45.718344], [4.730811, 45.718282], [4.731606, 45.718201], [4.731956, 45.71818], [4.73217, 45.718186], [4.732833, 45.717879], [4.733009, 45.717781], [4.73306, 45.717745], [4.733133, 45.717693], [4.733943, 45.717044], [4.734335, 45.716535], [4.734741, 45.716027], [4.735155, 45.715526], [4.735517, 45.715146], [4.736043, 45.714739], [4.736242, 45.714596], [4.736433, 45.714472], [4.737039, 45.714156], [4.737601, 45.713832], [4.737772, 45.713719], [4.738088, 45.713462], [4.738376, 45.713209], [4.738501, 45.713055], [4.738798, 45.712672], [4.739572, 45.711838], [4.739636, 45.71174], [4.739784, 45.711716], [4.740333, 45.711643], [4.740574, 45.711614], [4.740641, 45.711606], [4.740642, 45.711537], [4.740646, 45.711262], [4.740647, 45.711237], [4.740655, 45.710714], [4.74086, 45.710662], [4.740853, 45.710561], [4.74092, 45.7102], [4.740926, 45.710169], [4.740936, 45.710113], [4.740984, 45.710041], [4.741051, 45.709757], [4.741033, 45.709713], [4.74112, 45.70933], [4.741743, 45.709412], [4.742223, 45.709474], [4.742344, 45.709476], [4.742424, 45.709581], [4.742447, 45.709611], [4.742465, 45.709634], [4.742623, 45.709846], [4.742772, 45.710072]]}, "properties": {"heading": 252, "length_km": 13.742, "retrace": 0.332}}, {"type": "Feature", "geometry": {"type": "LineString", "coordinates": [[4.742772, 45.710072], [4.742623, 45.709846], [4.742465, 45.709634], [4.742447, 45.709611], [4.742424, 45.709581], [4.742344, 45.709476], [4.741912, 45.708875], [4.741778, 45.708687], [4.741671, 45.708547], [4.741626, 45.708487], [4.741457, 45.708226], [4.741275, 45.708005], [4.741122, 45.707839], [4.740913, 45.707676], [4.74086, 45.707642], [4.740437, 45.707381], [4.740256, 45.707249], [4.739857, 45.706875], [4.739732, 45.706731], [4.73942, 45.706328], [4.738905, 45.70571], [4.738682, 45.705483], [4.738457, 45.70532], [4.738314, 45.705266], [4.737712, 45.705016], [4.737644, 45.704992], [4.737666, 45.704697], [4.736905, 45.703812], [4.735953, 45.703227], [4.735716, 45.702993], [4.735495, 45.702673], [4.734396, 45.701621], [4.734181, 45.701429], [4.734076, 45.701368], [4.733779, 45.701174], [4.733417, 45.700873], [4.733182, 45.700721], [4.732988, 45.700582], [4.73263, 45.70023], [4.732128, 45.699754], [4.732094, 45.699708], [4.731954, 45.699511], [4.731906, 45.699394], [4.731743, 45.699036], [4.731638, 45.698746], [4.731557, 45.698572], [4.731535, 45.698532], [4.731343, 45.698272], [4.731242, 45.698117], [4.731187, 45.698017], [4.731146, 45.697907], [4.731124, 45.697584], [4.73108, 45.697362], [4.730971, 45.697018], [4.730839, 45.6967], [4.7306, 45.696223], [4.730232, 45.69569], [4.729752, 45.694944], [4.729506, 45.694609], [4.729449, 45.69449], [4.729378, 45.694594], [4.728865, 45.695428], [4.728606, 45.695736], [4.728573, 45.695776], [4.727955, 45.696549], [4.727637, 45.697088], [4.727551, 45.697514], [4.727535, 45.698557], [4.727493, 45.698811], [4.727401, 45.698993], [4.72722, 45.699251], [4.726842, 45.699738], [4.726603, 45.700084], [4.72659, 45.700206], [4.726554, 45.700531], [4.726544, 45.701029], [4.728076, 45.701637], [4.728747, 45.701927], [4.729033, 45.702075], [4.729353, 45.702259], [4.729578, 45.702405], [4.729973, 45.702682], [4.730404, 45.702965], [4.730827, 45.703226], [4.730743, 45.703258], [4.730318, 45.703393], [4.729364, 45.703786], [4.728582, 45.704191], [4.728278, 45.704314], [4.727969, 45.7044], [4.727727, 45.70438], [4.726994, 45.704267], [4.726408, 45.704187], [4.725315, 45.704008], [4.724234, 45.703843], [4.723511, 45.703749], [4.723223, 45.703717], [4.721726, 45.70371], [4.720804, 45.70373], [4.720503, 45.703754], [4.720025, 45.70384], [4.719522, 45.703936], [4.719051, 45.703964], [4.718433, 45.70402], [4.718063, 45.704057], [4.718054, 45.704122], [4.7181, 45.70413], [4.718154, 45.704248], [4.71821, 45.704364], [4.718572, 45.704387], [4.718601, 45.704408], [4.718572, 45.704387], [4.71821, 45.704364], [4.718154, 45.704248], [4.7181, 45.70413], [4.718054, 45.704122], [4.718063, 45.704057], [4.716163, 45.704213], [4.715853, 45.704251], [4.71585, 45.704347], [4.715748, 45.704357], [4.715534, 45.704517], [4.714225, 45.704797], [4.714153, 45.704681], [4.713861, 45.704773], [4.713347, 45.704995], [4.71269, 45.705187], [4.712261, 45.70531], [4.711368, 45.705483], [4.711107, 45.705478], [4.710834, 45.70544], [4.710466, 45.705379], [4.710097, 45.705384], [4.709146, 45.705502], [4.70872, 45.705726], [4.706951, 45.707001], [4.706601, 45.707203], [4.705816, 45.707654], [4.705501, 45.7078], [4.70547, 45.707809], [4.70552, 45.707933], [4.705633, 45.708031], [4.706219, 45.708317], [4.706534, 45.708506], [4.706953, 45.708831], [4.707341, 45.709217], [4.707781, 45.709695], [4.707903, 45.709927], [4.708047, 45.710229], [4.708167, 45.710566], [4.707803, 45.710513], [4.707668, 45.710583], [4.707534, 45.7106], [4.707155, 45.710514], [4.70698, 45.710499], [4.70686, 45.710514], [4.707309, 45.71084], [4.708101, 45.711209], [4.710236, 45.712291], [4.710791, 45.712596], [4.711179, 45.712809], [4.711781, 45.71316], [4.712088, 45.713297], [4.712314, 45.713328], [4.713175, 45.713353], [4.713335, 45.713416], [4.713375, 45.713458], [4.713386, 45.713491], [4.713401, 45.713533], [4.713455, 45.713525], [4.71351, 45.713529], [4.713562, 45.713543], [4.713605, 45.713568], [4.713636, 45.7136], [4.713653, 45.71364], [4.713651, 45.713683], [4.71363, 45.713722], [4.713593, 45.713755], [4.713542, 45.713778], [4.713592, 45.713803], [4.713663, 45.713839], [4.713733, 45.713874], [4.713977, 45.713965], [4.71468, 45.714396], [4.715408, 45.714739], [4.716056, 45.715037], [4.71701, 45.715413], [4.717801, 45.715788], [4.718022, 45.715965], [4.718112, 45.715858], [4.718218, 45.71551], [4.718112, 45.715858], [4.718022, 45.715965], [4.718493, 45.716482], [4.718768, 45.71673], [4.719089, 45.716943], [4.719216, 45.717013], [4.719284, 45.717047], [4.719111, 45.71751], [4.718816, 45.718367], [4.718688, 45.718742], [4.718658, 45.718832], [4.718258, 45.720004], [4.718214, 45.720181], [4.718239, 45.720234], [4.718261, 45.720284], [4.718339, 45.720259], [4.718443, 45.720226], [4.719292, 45.72016], [4.722684, 45.719877], [4.722958, 45.719833], [4.72334, 45.719763], [4.723597, 45.719726], [4.723719, 45.719698], [4.723831, 45.71966], [4.723896, 45.719724], [4.723932, 45.719762], [4.72406, 45.719891], [4.724714, 45.720461], [4.724866, 45.720577], [4.72499, 45.720662], [4.725146, 45.720756], [4.725326, 45.720841], [4.725539, 45.720928], [4.725765, 45.721002], [4.726666, 45.72125], [4.727168, 45.721409], [4.727645, 45.721578], [4.729736, 45.722367], [4.729694, 45.722447], [4.729682, 45.72247], [4.729643, 45.722715], [4.729431, 45.72416], [4.729339, 45.724682], [4.729431, 45.72416], [4.729643, 45.722715], [4.729682, 45.72247], [4.729694, 45.722447], [4.729736, 45.722367], [4.727645, 45.721578], [4.727666, 45.721554], [4.727879, 45.721305], [4.72814, 45.721038], [4.728254, 45.72095], [4.728416, 45.720844], [4.728572, 45.72075], [4.728723, 45.720675], [4.728945, 45.720588], [4.729806, 45.720313], [4.729865, 45.720288], [4.729921, 45.72025], [4.729983, 45.720205], [4.730032, 45.720148], [4.730072, 45.720078], [4.73011, 45.720001], [4.73017, 45.719832], [4.73026, 45.719607], [4.730325, 45.71946], [4.730379, 45.71937], [4.73044, 45.719304], [4.730516, 45.719234], [4.730603, 45.719174], [4.731206, 45.718824], [4.73137, 45.71874], [4.731777, 45.718493], [4.731985, 45.718339], [4.73217, 45.718186], [4.732833, 45.717879], [4.733009, 45.717781], [4.73306, 45.717745], [4.733133, 45.717693], [4.733943, 45.717044], [4.734335, 45.716535], [4.734741, 45.716027], [4.735155, 45.715526], [4.735517, 45.715146], [4.736043, 45.714739], [4.736242, 45.714596], [4.736433, 45.714472], [4.737039, 45.714156], [4.737601, 45.713832], [4.737772, 45.713719], [4.738088, 45.713462], [4.738376, 45.713209], [4.738501, 45.713055], [4.738798, 45.712672], [4.739572, 45.711838], [4.739636, 45.71174], [4.739784, 45.711716], [4.740333, 45.711643], [4.740574, 45.711614], [4.740641, 45.711606], [4.740642, 45.711537], [4.740646, 45.711262], [4.740647, 45.711237], [4.740655, 45.710714], [4.74086, 45.710662], [4.740853, 45.710561], [4.74092, 45.7102], [4.740926, 45.710169], [4.740936, 45.710113], [4.740984, 45.710041], [4.741051, 45.709757], [4.741033, 45.709713], [4.74112, 45.70933], [4.741743, 45.709412], [4.742223, 45.709474], [4.742344, 45.709476], [4.742424, 45.709581], [4.742447, 45.709611], [4.742465, 45.709634], [4.742623, 45.709846], [4.742772, 45.710072]]}, "properties": {"heading": 270, "length_km": 11.482, "retrace": 0.112}}, {"type": "Feature", "geometry": {"type": "LineString", "coordinates": [[4.742772, 45.710072], [4.742623, 45.709846], [4.742465, 45.709634], [4.742447, 45.709611], [4.742424, 45.709581], [4.742344, 45.709476], [4.741912, 45.708875], [4.741778, 45.708687], [4.741671, 45.708547], [4.741626, 45.708487], [4.741457, 45.708226], [4.741275, 45.708005], [4.741122, 45.707839], [4.740913, 45.707676], [4.74086, 45.707642], [4.740437, 45.707381], [4.740256, 45.707249], [4.739857, 45.706875], [4.739732, 45.706731], [4.73942, 45.706328], [4.738905, 45.70571], [4.738682, 45.705483], [4.738457, 45.70532], [4.738314, 45.705266], [4.737712, 45.705016], [4.737644, 45.704992], [4.737174, 45.704875], [4.735501, 45.704607], [4.734719, 45.7045], [4.732905, 45.704485], [4.732687, 45.704451], [4.731677, 45.703941], [4.731435, 45.703687], [4.731197, 45.70349], [4.730897, 45.703272], [4.730888, 45.703266], [4.730827, 45.703226], [4.730404, 45.702965], [4.729973, 45.702682], [4.729578, 45.702405], [4.729353, 45.702259], [4.729033, 45.702075], [4.728747, 45.701927], [4.728076, 45.701637], [4.726544, 45.701029], [4.726467, 45.701008], [4.726071, 45.700896], [4.725759, 45.700835], [4.725035, 45.70074], [4.724205, 45.700699], [4.72377, 45.700702], [4.723491, 45.700735], [4.723149, 45.70081], [4.722865, 45.700843], [4.722607, 45.700829], [4.721876, 45.700739], [4.722607, 45.700829], [4.722865, 45.700843], [4.723149, 45.70081], [4.723491, 45.700735], [4.72377, 45.700702], [4.724205, 45.700699], [4.725035, 45.70074], [4.725759, 45.700835], [4.726071, 45.700896], [4.726467, 45.701008], [4.726544, 45.701029], [4.728076, 45.701637], [4.728747, 45.701927], [4.729033, 45.702075], [4.729353, 45.702259], [4.729578, 45.702405], [4.729973, 45.702682], [4.730404, 45.702965], [4.730827, 45.703226], [4.730743, 45.703258], [4.730318, 45.703393], [4.729364, 45.703786], [4.728582, 45.704191], [4.728278, 45.704314], [4.727969, 45.7044], [4.72792, 45.70445], [4.727756, 45.704735], [4.727547, 45.705164], [4.72747, 45.705271], [4.727072, 45.705528], [4.726512, 45.70583], [4.726198, 45.705987], [4.724502, 45.706799], [4.72384, 45.707181], [4.723363, 45.707477], [4.722936, 45.707631], [4.721561, 45.707949], [4.720842, 45.708236], [4.720397, 45.708401], [4.719959, 45.708645], [4.719916, 45.708625], [4.71984, 45.708573], [4.719352, 45.708293], [4.719207, 45.708346], [4.719057, 45.708356], [4.717479, 45.708274], [4.719057, 45.708356], [4.719207, 45.708346], [4.719352, 45.708293], [4.71984, 45.708573], [4.719916, 45.708625], [4.719959, 45.708645], [4.72031, 45.708831], [4.720727, 45.709022], [4.721301, 45.709232], [4.722409, 45.709536], [4.72302, 45.709753], [4.723528, 45.709924], [4.724744, 45.710295], [4.724991, 45.710352], [4.725477, 45.710444], [4.726032, 45.710541], [4.726795, 45.71085], [4.727826, 45.711479], [4.727914, 45.711532], [4.727561, 45.711535], [4.727042, 45.711561], [4.726655, 45.71155], [4.726477, 45.71153], [4.725408, 45.711409], [4.72517, 45.711412], [4.724847, 45.711432], [4.723159, 45.711674], [4.721314, 45.71219], [4.720827, 45.712298], [4.720199, 45.712356], [4.717802, 45.712476], [4.717937, 45.712975], [4.718079, 45.71339], [4.718312, 45.71389], [4.718513, 45.714359], [4.718506, 45.714432], [4.718389, 45.71494], [4.718252, 45.715402], [4.718112, 45.715858], [4.718022, 45.715965], [4.718493, 45.716482], [4.718768, 45.71673], [4.719089, 45.716943], [4.719216, 45.717013], [4.719284, 45.717047], [4.719111, 45.71751], [4.718816, 45.718367], [4.718688, 45.718742], [4.718658, 45.718832], [4.718258, 45.720004], [4.718214, 45.720181], [4.718239, 45.720234], [4.718261, 45.720284], [4.71816, 45.720318], [4.717836, 45.720556], [4.717454, 45.720758], [4.717291, 45.720821], [4.717132, 45.720867], [4.717164, 45.720906], [4.71727, 45.720873], [4.717546, 45.720757], [4.717842, 45.720594], [4.718134, 45.72041], [4.718278, 45.72033], [4.718464, 45.720261], [4.718633, 45.720237], [4.719055, 45.720195], [4.72211, 45.719963], [4.719055, 45.720195], [4.718633, 45.720237], [4.718464, 45.720261], [4.718278, 45.72033], [4.718134, 45.72041], [4.717842, 45.720594], [4.717546, 45.720757], [4.71727, 45.720873], [4.717164, 45.720906], [4.717106, 45.720921], [4.717019, 45.720926], [4.716577, 45.721014], [4.716298, 45.72105], [4.715881, 45.721059], [4.715486, 45.72106], [4.715441, 45.721074], [4.715335, 45.721075], [4.715336, 45.721086], [4.715339, 45.721115], [4.715533, 45.721516], [4.715636, 45.721727], [4.715668, 45.721794], [4.715696, 45.721857], [4.715867, 45.722204], [4.715895, 45.722331], [4.71588, 45.722434], [4.715819, 45.72266], [4.715786, 45.722818], [4.715786, 45.722944], [4.715819, 45.723158], [4.716011, 45.723843], [4.716106, 45.724139], [4.716157, 45.724189], [4.716198, 45.724208], [4.716589, 45.724365], [4.716717, 45.724437], [4.716779, 45.724512], [4.71686, 45.724804], [4.716875, 45.724865], [4.71694, 45.725111], [4.716981, 45.725267], [4.71707, 45.725594], [4.717133, 45.725829], [4.717339, 45.726589], [4.717346, 45.726647], [4.717659, 45.726628], [4.717864, 45.726625], [4.718043, 45.726633], [4.718765, 45.726694], [4.718944, 45.726711], [4.719285, 45.726743], [4.719758, 45.726799], [4.720149, 45.726918], [4.720323, 45.72695], [4.720355, 45.726945], [4.720889, 45.727586], [4.721121, 45.727877], [4.721383, 45.728146], [4.721784, 45.728662], [4.721909, 45.728909], [4.722014, 45.729213], [4.722171, 45.729523], [4.7223, 45.729749], [4.7224, 45.729889], [4.72257, 45.730128], [4.722707, 45.730293], [4.722944, 45.730514], [4.723059, 45.730649], [4.723228, 45.730867], [4.72352, 45.731179], [4.723839, 45.731565], [4.723866, 45.731598], [4.723962, 45.731711], [4.724129, 45.731976], [4.724268, 45.732165], [4.724356, 45.7323], [4.724399, 45.732429], [4.724415, 45.732524], [4.724444, 45.732603], [4.724586, 45.732808], [4.724769, 45.733046], [4.724856, 45.733147], [4.725028, 45.733236], [4.725125, 45.733323], [4.725317, 45.73344], [4.725454, 45.733484], [4.725518, 45.733491], [4.725559, 45.733466], [4.725823, 45.733456], [4.725839, 45.733531], [4.725974, 45.733537], [4.726265, 45.733662], [4.726325, 45.733588], [4.726515, 45.733449], [4.726637, 45.733395], [4.726714, 45.733373], [4.726894, 45.733302], [4.727055, 45.733305], [4.727258, 45.73329], [4.727423, 45.733235], [4.727572, 45.733162], [4.727734, 45.733113], [4.727948, 45.733112], [4.728126, 45.733121], [4.728267, 45.733173], [4.72853, 45.733171], [4.728699, 45.733102], [4.728856, 45.732994], [4.729039, 45.732912], [4.729352, 45.732802], [4.729427, 45.732761], [4.72959, 45.732712], [4.729636, 45.732687], [4.729763, 45.732681], [4.729948, 45.732605], [4.730144, 45.732556], [4.730326, 45.732551], [4.730445, 45.732494], [4.730702, 45.732529], [4.731016, 45.732543], [4.731427, 45.732388], [4.731589, 45.732344], [4.731873, 45.732137], [4.731981, 45.731983], [4.732151, 45.731836], [4.732192, 45.73176], [4.732196, 45.731645], [4.732333, 45.731418], [4.732335, 45.73135], [4.732421, 45.731251], [4.732621, 45.731178], [4.733057, 45.730978], [4.733147, 45.730887], [4.733151, 45.730748], [4.73329, 45.730488], [4.733306, 45.730379], [4.733488, 45.7301], [4.733647, 45.729961], [4.733975, 45.729769], [4.734229, 45.729695], [4.734401, 45.729611], [4.734576, 45.729499], [4.734941, 45.729119], [4.734976, 45.729018], [4.735052, 45.728944], [4.735131, 45.728777], [4.735215, 45.728659], [4.735279, 45.728542], [4.735267, 45.728511], [4.735381, 45.72838], [4.735445, 45.728229], [4.735522, 45.728093], [4.735669, 45.727784], [4.735763, 45.72738], [4.735743, 45.72709], [4.735742, 45.727067], [4.735578, 45.726182], [4.735589, 45.725899], [4.735657, 45.725783], [4.735819, 45.725605], [4.735639, 45.725482], [4.735812, 45.725383], [4.736116, 45.725249], [4.736363, 45.725115], [4.736554, 45.724945], [4.736831, 45.724643], [4.737171, 45.724323], [4.737264, 45.724218], [4.737346, 45.724091], [4.737613, 45.723576], [4.737693, 45.723438], [4.737763, 45.723336], [4.73786, 45.723221], [4.738068, 45.723015], [4.738263, 45.722855], [4.738494, 45.722775], [4.739037, 45.722557], [4.739436, 45.722358], [4.739833, 45.722145], [4.740512, 45.721757], [4.741425, 45.721218], [4.741892, 45.720969], [4.742357, 45.720695], [4.743068, 45.720264], [4.74348, 45.720032], [4.743882, 45.719874], [4.743851, 45.719542], [4.74386, 45.719409], [4.74389, 45.718995], [4.743919, 45.718357], [4.743987, 45.717778], [4.743991, 45.717669], [4.743995, 45.717593], [4.743968, 45.717205], [4.743973, 45.716824], [4.743993, 45.716436], [4.74402, 45.716218], [4.744065, 45.716013], [4.74417, 45.715655], [4.744218, 45.715491], [4.744447, 45.7148], [4.744519, 45.714802], [4.74453, 45.714761], [4.744531, 45.71474], [4.744569, 45.713376], [4.744563, 45.713239], [4.744537, 45.713122], [4.744443, 45.712894], [4.744305, 45.712562], [4.744272, 45.712406], [4.744268, 45.712324], [4.744304, 45.712243], [4.744355, 45.712164], [4.74439, 45.712096], [4.744468, 45.711948], [4.744743, 45.711423], [4.744768, 45.711167], [4.744778, 45.71115], [4.744825, 45.711074], [4.744804, 45.711012], [4.744807, 45.710935], [4.744841, 45.710845], [4.745132, 45.710559], [4.745112, 45.710544], [4.744959, 45.710424], [4.744808, 45.710336], [4.744755, 45.710296], [4.744357, 45.710411], [4.744252, 45.71043], [4.744021, 45.710452], [4.743906, 45.710456], [4.7436, 45.710429], [4.743597, 45.710376], [4.743599, 45.710285], [4.743539, 45.710205], [4.743526, 45.710151], [4.743082, 45.710218], [4.742978, 45.710258], [4.74292, 45.710216], [4.742816, 45.710139], [4.742789, 45.710098], [4.742772, 45.710072]]}, "properties": {"heading": 288, "length_km": 13.248, "retrace": 0.212}}, {"type": "Feature", "geometry": {"type": "LineString", "coordinates": [[4.742772, 45.710072], [4.742623, 45.709846], [4.742465, 45.709634], [4.742447, 45.709611], [4.742424, 45.709581], [4.742344, 45.709476], [4.741912, 45.708875], [4.741778, 45.708687], [4.741671, 45.708547], [4.741626, 45.708487], [4.741457, 45.708226], [4.741275, 45.708005], [4.741122, 45.707839], [4.740913, 45.707676], [4.74086, 45.707642], [4.740437, 45.707381], [4.740256, 45.707249], [4.739857, 45.706875], [4.739732, 45.706731], [4.73942, 45.706328], [4.738905, 45.70571], [4.738682, 45.705483], [4.738457, 45.70532], [4.738314, 45.705266], [4.737712, 45.705016], [4.737644, 45.704992], [4.737174, 45.704875], [4.735501, 45.704607], [4.734719, 45.7045], [4.732905, 45.704485], [4.732687, 45.704451], [4.731677, 45.703941], [4.731435, 45.703687], [4.731197, 45.70349], [4.730897, 45.703272], [4.730888, 45.703266], [4.730827, 45.703226], [4.730743, 45.703258], [4.730318, 45.703393], [4.729364, 45.703786], [4.728582, 45.704191], [4.728278, 45.704314], [4.727969, 45.7044], [4.727727, 45.70438], [4.726994, 45.704267], [4.726408, 45.704187], [4.725315, 45.704008], [4.724234, 45.703843], [4.723511, 45.703749], [4.723223, 45.703717], [4.721726, 45.70371], [4.720804, 45.70373], [4.720503, 45.703754], [4.720025, 45.70384], [4.719522, 45.703936], [4.719051, 45.703964], [4.718433, 45.70402], [4.718063, 45.704057], [4.718054, 45.704122], [4.7181, 45.70413], [4.718154, 45.704248], [4.71821, 45.704364], [4.718572, 45.704387], [4.718601, 45.704408], [4.718572, 45.704387], [4.71821, 45.704364], [4.718154, 45.704248], [4.7181, 45.70413], [4.718054, 45.704122], [4.718063, 45.704057], [4.716163, 45.704213], [4.715853, 45.704251], [4.71585, 45.704347], [4.715748, 45.704357], [4.715534, 45.704517], [4.714225, 45.704797], [4.714153, 45.704681], [4.713861, 45.704773], [4.713347, 45.704995], [4.71269, 45.705187], [4.712261, 45.70531], [4.711368, 45.705483], [4.711107, 45.705478], [4.710834, 45.70544], [4.710466, 45.705379], [4.710097, 45.705384], [4.709146, 45.705502], [4.70872, 45.705726], [4.706951, 45.707001], [4.706601, 45.707203], [4.705816, 45.707654], [4.705501, 45.7078], [4.70547, 45.707809], [4.70552, 45.707933], [4.705633, 45.708031], [4.706219, 45.708317], [4.706534, 45.708506], [4.706953, 45.708831], [4.707341, 45.709217], [4.707781, 45.709695], [4.707903, 45.709927], [4.708047, 45.710229], [4.708167, 45.710566], [4.707803, 45.710513], [4.707668, 45.710583], [4.707534, 45.7106], [4.707155, 45.710514], [4.70698, 45.710499], [4.70686, 45.710514], [4.707309, 45.71084], [4.708101, 45.711209], [4.710236, 45.712291], [4.710791, 45.712596], [4.711179, 45.712809], [4.711781, 45.71316], [4.712088, 45.713297], [4.712314, 45.713328], [4.713175, 45.713353], [4.713335, 45.713416], [4.713375, 45.713458], [4.713386, 45.713491], [4.713401, 45.713533], [4.713455, 45.713525], [4.71351, 45.713529], [4.713562, 45.713543], [4.713605, 45.713568], [4.713636, 45.7136], [4.713653, 45.71364], [4.713651, 45.713683], [4.71363, 45.713722], [4.713593, 45.713755], [4.713542, 45.713778], [4.713592, 45.713803], [4.713663, 45.713839], [4.713733, 45.713874], [4.713977, 45.713965], [4.71468, 45.714396], [4.715408, 45.714739], [4.716056, 45.715037], [4.71701, 45.715413], [4.717801, 45.715788], [4.718022, 45.715965], [4.718112, 45.715858], [4.718218, 45.71551], [4.718112, 45.715858], [4.718022, 45.715965], [4.718493, 45.716482], [4.718768, 45.71673], [4.719089, 45.716943], [4.719216, 45.717013], [4.719284, 45.717047], [4.719111, 45.71751], [4.718816, 45.718367], [4.718688, 45.718742], [4.718658, 45.718832], [4.718258, 45.720004], [4.718214, 45.720181], [4.718239, 45.720234], [4.718261, 45.720284], [4.718339, 45.720259], [4.718443, 45.720226], [4.719292, 45.72016], [4.722684, 45.719877], [4.722958, 45.719833], [4.72334, 45.719763], [4.723597, 45.719726], [4.723719, 45.719698], [4.723831, 45.71966], [4.723896, 45.719724], [4.723932, 45.719762], [4.72406, 45.719891], [4.724714, 45.720461], [4.724866, 45.720577], [4.72499, 45.720662], [4.725146, 45.720756], [4.725326, 45.720841], [4.725539, 45.720928], [4.725765, 45.721002], [4.726666, 45.72125], [4.727168, 45.721409], [4.727645, 45.721578], [4.729736, 45.722367], [4.729694, 45.722447], [4.729682, 45.72247], [4.729643, 45.722715], [4.729431, 45.72416], [4.729339, 45.724682], [4.729431, 45.72416], [4.729643, 45.722715], [4.729682, 45.72247], [4.729694, 45.722447], [4.729736, 45.722367], [4.731474, 45.722983], [4.731658, 45.723101], [4.732506, 45.723634], [4.733132, 45.72399], [4.733323, 45.724089], [4.734073, 45.724471], [4.734624, 45.724697], [4.735113, 45.725085], [4.735639, 45.725482], [4.735819, 45.725605], [4.735986, 45.725717], [4.736771, 45.726113], [4.737828, 45.726631], [4.739148, 45.727277], [4.74, 45.727539], [4.741484, 45.728001], [4.741523, 45.728013], [4.741689, 45.728065], [4.741863, 45.728137], [4.741928, 45.728163], [4.742107, 45.728238], [4.742323, 45.72808], [4.742466, 45.728022], [4.742624, 45.727998], [4.742997, 45.728009], [4.742624, 45.727998], [4.742466, 45.728022], [4.742323, 45.72808], [4.742107, 45.728238], [4.741928, 45.728163], [4.741863, 45.728137], [4.741689, 45.728065], [4.741523, 45.728013], [4.741484, 45.728001], [4.74, 45.727539], [4.739148, 45.727277], [4.737828, 45.726631], [4.736771, 45.726113], [4.735986, 45.725717], [4.735819, 45.725605], [4.735639, 45.725482], [4.735812, 45.725383], [4.736116, 45.725249], [4.736363, 45.725115], [4.736554, 45.724945], [4.736831, 45.724643], [4.737171, 45.724323], [4.737264, 45.724218], [4.737346, 45.724091], [4.737613, 45.723576], [4.737693, 45.723438], [4.737763, 45.723336], [4.73786, 45.723221], [4.738068, 45.723015], [4.738263, 45.722855], [4.738494, 45.722775], [4.739037, 45.722557], [4.739436, 45.722358], [4.739833, 45.722145], [4.740512, 45.721757], [4.741425, 45.721218], [4.741892, 45.720969], [4.742357, 45.720695], [4.743068, 45.720264], [4.74348, 45.720032], [4.743882, 45.719874], [4.743851, 45.719542], [4.74386, 45.719409], [4.74389, 45.718995], [4.743919, 45.718357], [4.743987, 45.717778], [4.743991, 45.717669], [4.743995, 45.717593], [4.743968, 45.717205], [4.743973, 45.716824], [4.743993, 45.716436], [4.74402, 45.716218], [4.744065, 45.716013], [4.74417, 45.715655], [4.744218, 45.715491], [4.744447, 45.7148], [4.744519, 45.714802], [4.74453, 45.714761], [4.744531, 45.71474], [4.744569, 45.713376], [4.744563, 45.713239], [4.744537, 45.713122], [4.744443, 45.712894], [4.744305, 45.712562], [4.744272, 45.712406], [4.744268, 45.712324], [4.744304, 45.712243], [4.744355, 45.712164], [4.74439, 45.712096], [4.744468, 45.711948], [4.744743, 45.711423], [4.744768, 45.711167], [4.744778, 45.71115], [4.744825, 45.711074], [4.744804, 45.711012], [4.744807, 45.710935], [4.744841, 45.710845], [4.745132, 45.710559], [4.745112, 45.710544], [4.744959, 45.710424], [4.744808, 45.710336], [4.744755, 45.710296], [4.744357, 45.710411], [4.744252, 45.71043], [4.744021, 45.710452], [4.743906, 45.710456], [4.7436, 45.710429], [4.743597, 45.710376], [4.743599, 45.710285], [4.743539, 45.710205], [4.743526, 45.710151], [4.743082, 45.710218], [4.742978, 45.710258], [4.74292, 45.710216], [4.742816, 45.710139], [4.742789, 45.710098], [4.742772, 45.710072]]}, "properties": {"heading": 306, "length_km": 11.482, "retrace": 0.184}}, {"type": "Feature", "geometry": {"type": "LineString", "coordinates": [[4.742772, 45.710072], [4.742623, 45.709846], [4.742465, 45.709634], [4.742447, 45.709611], [4.742424, 45.709581], [4.742344, 45.709476], [4.741912, 45.708875], [4.741778, 45.708687], [4.741671, 45.708547], [4.741626, 45.708487], [4.741457, 45.708226], [4.741275, 45.708005], [4.741122, 45.707839], [4.740913, 45.707676], [4.74086, 45.707642], [4.740437, 45.707381], [4.740256, 45.707249], [4.739857, 45.706875], [4.739732, 45.706731], [4.73942, 45.706328], [4.738905, 45.70571], [4.738682, 45.705483], [4.738457, 45.70532], [4.738314, 45.705266], [4.737712, 45.705016], [4.737644, 45.704992], [4.737174, 45.704875], [4.735501, 45.704607], [4.734719, 45.7045], [4.732905, 45.704485], [4.732687, 45.704451], [4.731677, 45.703941], [4.731435, 45.703687], [4.731197, 45.70349], [4.730897, 45.703272], [4.730888, 45.703266], [4.730827, 45.703226], [4.730743, 45.703258], [4.730318, 45.703393], [4.729364, 45.703786], [4.728582, 45.704191], [4.728278, 45.704314], [4.727969, 45.7044], [4.72792, 45.70445], [4.727756, 45.704735], [4.727547, 45.705164], [4.72747, 45.705271], [4.727072, 45.705528], [4.726512, 45.70583], [4.726198, 45.705987], [4.724502, 45.706799], [4.72384, 45.707181], [4.723363, 45.707477], [4.722936, 45.707631], [4.721561, 45.707949], [4.720842, 45.708236], [4.720397, 45.708401], [4.719959, 45.708645], [4.719916, 45.708625], [4.71984, 45.708573], [4.719352, 45.708293], [4.719207, 45.708346], [4.719057, 45.708356], [4.717479, 45.708274], [4.719057, 45.708356], [4.719207, 45.708346], [4.719352, 45.708293], [4.71984, 45.708573], [4.719916, 45.708625], [4.719959, 45.708645], [4.72031, 45.708831], [4.720727, 45.709022], [4.721301, 45.709232], [4.722409, 45.709536], [4.72302, 45.709753], [4.723528, 45.709924], [4.724744, 45.710295], [4.724991, 45.710352], [4.725477, 45.710444], [4.726032, 45.710541], [4.726795, 45.71085], [4.727826, 45.711479], [4.727914, 45.711532], [4.727561, 45.711535], [4.727042, 45.711561], [4.726655, 45.71155], [4.726477, 45.71153], [4.725408, 45.711409], [4.72517, 45.711412], [4.724847, 45.711432], [4.723159, 45.711674], [4.721314, 45.71219], [4.720827, 45.712298], [4.720199, 45.712356], [4.717802, 45.712476], [4.717937, 45.712975], [4.718079, 45.71339], [4.718312, 45.71389], [4.718513, 45.714359], [4.718506, 45.714432], [4.718389, 45.71494], [4.718252, 45.715402], [4.718112, 45.715858], [4.718022, 45.715965], [4.718493, 45.716482], [4.718768, 45.71673], [4.719089, 45.716943], [4.719216, 45.717013], [4.719284, 45.717047], [4.719111, 45.71751], [4.718816, 45.718367], [4.718688, 45.718742], [4.718658, 45.718832], [4.718258, 45.720004], [4.718214, 45.720181], [4.718239, 45.720234], [4.718261, 45.720284], [4.71816, 45.720318], [4.717836, 45.720556], [4.717454, 45.720758], [4.717291, 45.720821], [4.717132, 45.720867], [4.717164, 45.720906], [4.71727, 45.720873], [4.717546, 45.720757], [4.717842, 45.720594], [4.718134, 45.72041], [4.718278, 45.72033], [4.718464, 45.720261], [4.718633, 45.720237], [4.719055, 45.720195], [4.72211, 45.719963], [4.719055, 45.720195], [4.718633, 45.720237], [4.718464, 45.720261], [4.718278, 45.72033], [4.718134, 45.72041], [4.717842, 45.720594], [4.717546, 45.720757], [4.71727, 45.720873], [4.717164, 45.720906], [4.717106, 45.720921], [4.717019, 45.720926], [4.716577, 45.721014], [4.716298, 45.72105], [4.715881, 45.721059], [4.715486, 45.72106], [4.715441, 45.721074], [4.715335, 45.721075], [4.715336, 45.721086], [4.715339, 45.721115], [4.715533, 45.721516], [4.715636, 45.721727], [4.715668, 45.721794], [4.715696, 45.721857], [4.715867, 45.722204], [4.715895, 45.722331], [4.71588, 45.722434], [4.715819, 45.72266], [4.715786, 45.722818], [4.715786, 45.722944], [4.715819, 45.723158], [4.716011, 45.723843], [4.716106, 45.724139], [4.716157, 45.724189], [4.716198, 45.724208], [4.716589, 45.724365], [4.716717, 45.724437], [4.716779, 45.724512], [4.71686, 45.724804], [4.716875, 45.724865], [4.71694, 45.725111], [4.716981, 45.725267], [4.71707, 45.725594], [4.717133, 45.725829], [4.717339, 45.726589], [4.717346, 45.726647], [4.717659, 45.726628], [4.717864, 45.726625], [4.718043, 45.726633], [4.718765, 45.726694], [4.718944, 45.726711], [4.719285, 45.726743], [4.719758, 45.726799], [4.720149, 45.726918], [4.720323, 45.72695], [4.720355, 45.726945], [4.720889, 45.727586], [4.721121, 45.727877], [4.721383, 45.728146], [4.721784, 45.728662], [4.721909, 45.728909], [4.722014, 45.729213], [4.722171, 45.729523], [4.7223, 45.729749], [4.7224, 45.729889], [4.72257, 45.730128], [4.722707, 45.730293], [4.722944, 45.730514], [4.723059, 45.730649], [4.723228, 45.730867], [4.72352, 45.731179], [4.723839, 45.731565], [4.723866, 45.731598], [4.723962, 45.731711], [4.724129, 45.731976], [4.724268, 45.732165], [4.724356, 45.7323], [4.724399, 45.732429], [4.724415, 45.732524], [4.724444, 45.732603], [4.724586, 45.732808], [4.724769, 45.733046], [4.724856, 45.733147], [4.725028, 45.733236], [4.725125, 45.733323], [4.725317, 45.73344], [4.725454, 45.733484], [4.725518, 45.733491], [4.725559, 45.733466], [4.725823, 45.733456], [4.725839, 45.733531], [4.725974, 45.733537], [4.726265, 45.733662], [4.726325, 45.733588], [4.726515, 45.733449], [4.726637, 45.733395], [4.726714, 45.733373], [4.726894, 45.733302], [4.727055, 45.733305], [4.727258, 45.73329], [4.727423, 45.733235], [4.727572, 45.733162], [4.727734, 45.733113], [4.727948, 45.733112], [4.728126, 45.733121], [4.728267, 45.733173], [4.72853, 45.733171], [4.728699, 45.733102], [4.728856, 45.732994], [4.729039, 45.732912], [4.729352, 45.732802], [4.729427, 45.732761], [4.72959, 45.732712], [4.729636, 45.732687], [4.729763, 45.732681], [4.729948, 45.732605], [4.730144, 45.732556], [4.730326, 45.732551], [4.730445, 45.732494], [4.730702, 45.732529], [4.731016, 45.732543], [4.731427, 45.732388], [4.731589, 45.732344], [4.731873, 45.732137], [4.731981, 45.731983], [4.732151, 45.731836], [4.732192, 45.73176], [4.732196, 45.731645], [4.732333, 45.731418], [4.732335, 45.73135], [4.732421, 45.731251], [4.732621, 45.731178], [4.733057, 45.730978], [4.733147, 45.730887], [4.733151, 45.730748], [4.73329, 45.730488], [4.733306, 45.730379], [4.733488, 45.7301], [4.733647, 45.729961], [4.733975, 45.729769], [4.734229, 45.729695], [4.734401, 45.729611], [4.734576, 45.729499], [4.734941, 45.729119], [4.734976, 45.729018], [4.735052, 45.728944], [4.735131, 45.728777], [4.735215, 45.728659], [4.735279, 45.728542], [4.735267, 45.728511], [4.735381, 45.72838], [4.735445, 45.728229], [4.735522, 45.728093], [4.735669, 45.727784], [4.735763, 45.72738], [4.735743, 45.72709], [4.735742, 45.727067], [4.735578, 45.726182], [4.735589, 45.725899], [4.735657, 45.725783], [4.735819, 45.725605], [4.735986, 45.725717], [4.736771, 45.726113], [4.737828, 45.726631], [4.739148, 45.727277], [4.74, 45.727539], [4.741484, 45.728001], [4.741523, 45.728013], [4.741689, 45.728065], [4.741863, 45.728137], [4.741928, 45.728163], [4.742107, 45.728238], [4.742443, 45.728472], [4.743271, 45.729097], [4.743929, 45.729631], [4.743965, 45.72966], [4.744071, 45.729746], [4.744121, 45.729684], [4.744125, 45.729658], [4.744137, 45.729583], [4.7443, 45.728548], [4.744399, 45.728254], [4.744659, 45.727862], [4.745112, 45.727264], [4.745447, 45.72677], [4.745651, 45.726391], [4.745696, 45.726176], [4.745682, 45.725889], [4.745652, 45.725742], [4.745506, 45.725006], [4.745597, 45.724993], [4.745702, 45.724986], [4.745837, 45.724988], [4.746328, 45.725016], [4.748915, 45.725091], [4.750301, 45.725171], [4.750389, 45.725152], [4.750389, 45.725277], [4.750738, 45.726414], [4.750907, 45.727071], [4.750909, 45.727113], [4.750907, 45.727071], [4.750738, 45.726414], [4.750389, 45.725277], [4.750389, 45.725152], [4.750281, 45.72303], [4.750191, 45.72144], [4.750218, 45.720913], [4.750211, 45.720829], [4.750312, 45.720307], [4.750444, 45.719943], [4.750475, 45.719786], [4.750543, 45.718971], [4.750614, 45.718763], [4.7507, 45.718642], [4.750889, 45.718542], [4.751115, 45.718412], [4.751156, 45.718317], [4.751015, 45.717803], [4.750963, 45.717345], [4.750917, 45.716791], [4.750824, 45.716765], [4.750201, 45.716589], [4.749465, 45.716381], [4.748686, 45.716168], [4.748558, 45.716121], [4.74857, 45.716074], [4.748191, 45.715978], [4.747224, 45.715781], [4.74711, 45.715747], [4.746997, 45.7157], [4.746498, 45.715468], [4.746335, 45.715386], [4.746142, 45.715271], [4.745957, 45.715172], [4.745804, 45.715109], [4.745636, 45.71505], [4.745246, 45.714928], [4.745261, 45.714907], [4.74527, 45.714513], [4.745276, 45.714287], [4.745333, 45.714227], [4.745407, 45.714194], [4.745526, 45.714178], [4.745568, 45.714056], [4.74561, 45.713937], [4.745685, 45.71361], [4.745768, 45.713267], [4.745787, 45.713139], [4.745678, 45.712477], [4.745665, 45.712373], [4.745641, 45.712206], [4.745638, 45.712122], [4.745597, 45.712038], [4.745357, 45.711704], [4.745268, 45.711593], [4.744825, 45.711074], [4.744804, 45.711012], [4.744807, 45.710935], [4.744841, 45.710845], [4.745132, 45.710559], [4.745112, 45.710544], [4.744959, 45.710424], [4.744808, 45.710336], [4.744755, 45.710296], [4.744357, 45.710411], [4.744252, 45.71043], [4.744021, 45.710452], [4.743906, 45.710456], [4.7436, 45.710429], [4.743597, 45.710376], [4.743599, 45.710285], [4.743539, 45.710205], [4.743526, 45.710151], [4.743082, 45.710218], [4.742978, 45.710258], [4.74292, 45.710216], [4.742816, 45.710139], [4.742789, 45.710098], [4.742772, 45.710072]]}, "properties": {"heading": 324, "length_km": 13.829, "retrace": 0.122}}, {"type": "Feature", "geometry": {"type": "LineString", "coordinates": [[4.742772, 45.710072], [4.742623, 45.709846], [4.742465, 45.709634], [4.742447, 45.709611], [4.742424, 45.709581], [4.742344, 45.709476], [4.742223, 45.709474], [4.741743, 45.709412], [4.74112, 45.70933], [4.741033, 45.709713], [4.741051, 45.709757], [4.740984, 45.710041], [4.740936, 45.710113], [4.740926, 45.710169], [4.74092, 45.7102], [4.740853, 45.710561], [4.74086, 45.710662], [4.740655, 45.710714], [4.740647, 45.711237], [4.740646, 45.711262], [4.740642, 45.711537], [4.740641, 45.711606], [4.740574, 45.711614], [4.740333, 45.711643], [4.739784, 45.711716], [4.739636, 45.71174], [4.739572, 45.711838], [4.738798, 45.712672], [4.738501, 45.713055], [4.738376, 45.713209], [4.738088, 45.713462], [4.737772, 45.713719], [4.737601, 45.713832], [4.737039, 45.714156], [4.736433, 45.714472], [4.736242, 45.714596], [4.736043, 45.714739], [4.735517, 45.715146], [4.735155, 45.715526], [4.734741, 45.716027], [4.734335, 45.716535], [4.733943, 45.717044], [4.733133, 45.717693], [4.73306, 45.717745], [4.733009, 45.717781], [4.732833, 45.717879], [4.73217, 45.718186], [4.731956, 45.71818], [4.731606, 45.718201], [4.730811, 45.718282], [4.729382, 45.718344], [4.728861, 45.718385], [4.728351, 45.71841], [4.727839, 45.718448], [4.727597, 45.718487], [4.72735, 45.718567], [4.727009, 45.718693], [4.726797, 45.718761], [4.726557, 45.71882], [4.725762, 45.718992], [4.725172, 45.7191], [4.725037, 45.719133], [4.724932, 45.719168], [4.724677, 45.719275], [4.724318, 45.719464], [4.723933, 45.719621], [4.723891, 45.719637], [4.723831, 45.71966], [4.723719, 45.719698], [4.723597, 45.719726], [4.72334, 45.719763], [4.722958, 45.719833], [4.722684, 45.719877], [4.719292, 45.72016], [4.718443, 45.720226], [4.718339, 45.720259], [4.718261, 45.720284], [4.718239, 45.720234], [4.718214, 45.720181], [4.718258, 45.720004], [4.718658, 45.718832], [4.718688, 45.718742], [4.718816, 45.718367], [4.719111, 45.71751], [4.719284, 45.717047], [4.719216, 45.717013], [4.719089, 45.716943], [4.718768, 45.71673], [4.718493, 45.716482], [4.718022, 45.715965], [4.718112, 45.715858], [4.718218, 45.71551], [4.718112, 45.715858], [4.718022, 45.715965], [4.718493, 45.716482], [4.718768, 45.71673], [4.719089, 45.716943], [4.719216, 45.717013], [4.719284, 45.717047], [4.719111, 45.71751], [4.718816, 45.718367], [4.718688, 45.718742], [4.718658, 45.718832], [4.718258, 45.720004], [4.718214, 45.720181], [4.718239, 45.720234], [4.718261, 45.720284], [4.718339, 45.720259], [4.718443, 45.720226], [4.719292, 45.72016], [4.722684, 45.719877], [4.722958, 45.719833], [4.72334, 45.719763], [4.723597, 45.719726], [4.723719, 45.719698], [4.723831, 45.71966], [4.723896, 45.719724], [4.723932, 45.719762], [4.72406, 45.719891], [4.724714, 45.720461], [4.724866, 45.720577], [4.72499, 45.720662], [4.725146, 45.720756], [4.725326, 45.720841], [4.725539, 45.720928], [4.725765, 45.721002], [4.726666, 45.72125], [4.727168, 45.721409], [4.727645, 45.721578], [4.729736, 45.722367], [4.729694, 45.722447], [4.729682, 45.72247], [4.729643, 45.722715], [4.729431, 45.72416], [4.729339, 45.724682], [4.729431, 45.72416], [4.729643, 45.722715], [4.729682, 45.72247], [4.729694, 45.722447], [4.729736, 45.722367], [4.731474, 45.722983], [4.731658, 45.723101], [4.732506, 45.723634], [4.733132, 45.72399], [4.733323, 45.724089], [4.734073, 45.724471], [4.734624, 45.724697], [4.735113, 45.725085], [4.735639, 45.725482], [4.735819, 45.725605], [4.735986, 45.725717], [4.736771, 45.726113], [4.737828, 45.726631], [4.739148, 45.727277], [4.74, 45.727539], [4.741484, 45.728001], [4.741523, 45.728013], [4.741689, 45.728065], [4.741863, 45.728137], [4.741928, 45.728163], [4.742107, 45.728238], [4.742323, 45.72808], [4.742466, 45.728022], [4.742624, 45.727998], [4.742997, 45.728009], [4.742624, 45.727998], [4.742466, 45.728022], [4.742323, 45.72808], [4.742107, 45.728238], [4.742443, 45.728472], [4.743271, 45.729097], [4.743929, 45.729631], [4.743965, 45.72966], [4.744071, 45.729746], [4.744121, 45.729684], [4.744125, 45.729658], [4.744137, 45.729583], [4.7443, 45.728548], [4.744399, 45.728254], [4.744659, 45.727862], [4.745112, 45.727264], [4.745447, 45.72677], [4.745651, 45.726391], [4.745696, 45.726176], [4.745682, 45.725889], [4.745652, 45.725742], [4.745506, 45.725006], [4.745597, 45.724993], [4.745702, 45.724986], [4.745837, 45.724988], [4.746328, 45.725016], [4.748915, 45.725091], [4.750301, 45.725171], [4.750389, 45.725152], [4.750281, 45.72303], [4.750191, 45.72144], [4.750218, 45.720913], [4.751501, 45.720808], [4.751681, 45.720928], [4.75226, 45.721823], [4.752845, 45.723079], [4.752976, 45.723173], [4.7531, 45.723203], [4.753365, 45.723091], [4.753427, 45.72304], [4.753422, 45.722832], [4.753604, 45.722763], [4.754122, 45.722705], [4.754916, 45.722671], [4.755791, 45.722573], [4.75665, 45.722459], [4.75649, 45.722902], [4.756334, 45.723244], [4.756098, 45.723872], [4.756439, 45.723958], [4.75664, 45.724027], [4.757622, 45.724123], [4.757673, 45.724111], [4.757769, 45.724048], [4.757842, 45.724021], [4.758027, 45.72401], [4.75796, 45.724046], [4.757949, 45.724083], [4.757979, 45.72425], [4.757984, 45.72442], [4.757956, 45.724541], [4.757984, 45.72442], [4.757979, 45.72425], [4.757949, 45.724083], [4.75796, 45.724046], [4.758027, 45.72401], [4.757842, 45.724021], [4.757769, 45.724048], [4.757673, 45.724111], [4.757622, 45.724123], [4.75664, 45.724027], [4.756439, 45.723958], [4.756098, 45.723872], [4.756334, 45.723244], [4.75649, 45.722902], [4.75665, 45.722459], [4.755791, 45.722573], [4.754916, 45.722671], [4.754122, 45.722705], [4.753604, 45.722763], [4.753422, 45.722832], [4.753427, 45.72304], [4.753365, 45.723091], [4.7531, 45.723203], [4.752976, 45.723173], [4.752845, 45.723079], [4.75226, 45.721823], [4.751681, 45.720928], [4.751501, 45.720808], [4.750218, 45.720913], [4.750211, 45.720829], [4.750312, 45.720307], [4.750444, 45.719943], [4.750475, 45.719786], [4.750543, 45.718971], [4.750614, 45.718763], [4.7507, 45.718642], [4.750889, 45.718542], [4.751115, 45.718412], [4.751156, 45.718317], [4.751015, 45.717803], [4.750963, 45.717345], [4.750917, 45.716791], [4.750824, 45.716765], [4.750201, 45.716589], [4.749465, 45.716381], [4.748686, 45.716168], [4.748558, 45.716121], [4.74857, 45.716074], [4.748191, 45.715978], [4.747224, 45.715781], [4.74711, 45.715747], [4.746997, 45.7157], [4.746498, 45.715468], [4.746335, 45.715386], [4.746142, 45.715271], [4.745957, 45.715172], [4.745804, 45.715109], [4.745636, 45.71505], [4.745246, 45.714928], [4.745261, 45.714907], [4.74527, 45.714513], [4.745276, 45.714287], [4.745333, 45.714227], [4.745407, 45.714194], [4.745526, 45.714178], [4.745568, 45.714056], [4.74561, 45.713937], [4.745685, 45.71361], [4.745768, 45.713267], [4.745787, 45.713139], [4.745678, 45.712477], [4.745665, 45.712373], [4.745641, 45.712206], [4.745638, 45.712122], [4.745597, 45.712038], [4.745357, 45.711704], [4.745268, 45.711593], [4.744825, 45.711074], [4.744804, 45.711012], [4.744807, 45.710935], [4.744841, 45.710845], [4.745132, 45.710559], [4.745112, 45.710544], [4.744959, 45.710424], [4.744808, 45.710336], [4.744755, 45.710296], [4.744357, 45.710411], [4.744252, 45.71043], [4.744021, 45.710452], [4.743906, 45.710456], [4.7436, 45.710429], [4.743597, 45.710376], [4.743599, 45.710285], [4.743539, 45.710205], [4.743526, 45.710151], [4.743082, 45.710218], [4.742978, 45.710258], [4.74292, 45.710216], [4.742816, 45.710139], [4.742789, 45.710098], [4.742772, 45.710072]]}, "properties": {"heading": 342, "length_km": 12.138, "retrace": 0.404}}]}