{"type": "FeatureCollection", "features": [{"type": "Feature", "geometry": {"type": "LineString", "coordinates": [[4.742772, 45.710072], [4.742789, 45.710098], [4.742816, 45.710139], [4.742575, 45.710223], [4.7425, 45.710229], [4.742497, 45.710121], [4.742284, 45.710123], [4.74204, 45.710131], [4.74199, 45.710155], [4.741968, 45.710338], [4.741947, 45.710474], [4.741952, 45.710532], [4.74094, 45.710644], [4.74086, 45.710662], [4.740655, 45.710714], [4.740647, 45.711237], [4.740646, 45.711262], [4.740642, 45.711537], [4.740641, 45.711606], [4.740574, 45.711614], [4.740333, 45.711643], [4.739784, 45.711716], [4.739636, 45.71174], [4.739572, 45.711838], [4.738798, 45.712672], [4.738501, 45.713055], [4.738376, 45.713209], [4.738088, 45.713462], [4.737772, 45.713719], [4.737601, 45.713832], [4.737039, 45.714156], [4.736433, 45.714472], [4.736242, 45.714596], [4.736043, 45.714739], [4.735517, 45.715146], [4.735155, 45.715526], [4.734741, 45.716027], [4.734335, 45.716535], [4.733943, 45.717044], [4.733133, 45.717693], [4.73306, 45.717745], [4.733009, 45.717781], [4.732833, 45.717879], [4.73217, 45.718186], [4.731956, 45.71818], [4.731606, 45.718201], [4.730811, 45.718282], [4.729382, 45.718344], [4.728861, 45.718385], [4.728351, 45.71841], [4.727839, 45.718448], [4.727597, 45.718487], [4.72735, 45.718567], [4.727009, 45.718693], [4.726797, 45.718761], [4.726557, 45.71882], [4.725762, 45.718992], [4.725172, 45.7191], [4.725037, 45.719133], [4.724932, 45.719168], [4.724677, 45.719275], [4.724318, 45.719464], [4.723933, 45.719621], [4.723891, 45.719637], [4.723831, 45.71966], [4.723719, 45.719698], [4.723597, 45.719726], [4.72334, 45.719763], [4.722958, 45.719833], [4.722684, 45.719877], [4.719292, 45.72016], [4.718443, 45.720226], [4.718339, 45.720259], [4.718261, 45.720284], [4.71816, 45.720318], [4.717836, 45.720556], [4.717454, 45.720758], [4.717291, 45.720821], [4.717132, 45.720867], [4.717164, 45.720906], [4.71727, 45.720873], [4.717546, 45.720757], [4.717842, 45.720594], [4.718134, 45.72041], [4.718278, 45.72033], [4.718464, 45.720261], [4.718633, 45.720237], [4.719055, 45.720195], [4.72211, 45.719963], [4.719055, 45.720195], [4.718633, 45.720237], [4.718464, 45.720261], [4.718278, 45.72033], [4.718134, 45.72041], [4.717842, 45.720594], [4.717546, 45.720757], [4.71727, 45.720873], [4.717164, 45.720906], [4.717106, 45.720921], [4.717019, 45.720926], [4.716577, 45.721014], [4.716298, 45.72105], [4.715881, 45.721059], [4.715486, 45.72106], [4.715441, 45.721074], [4.715335, 45.721075], [4.715336, 45.721086], [4.715339, 45.721115], [4.715533, 45.721516], [4.715636, 45.721727], [4.715668, 45.721794], [4.715696, 45.721857], [4.715867, 45.722204], [4.715895, 45.722331], [4.71588, 45.722434], [4.715819, 45.72266], [4.715786, 45.722818], [4.715786, 45.722944], [4.715819, 45.723158], [4.716011, 45.723843], [4.716106, 45.724139], [4.716157, 45.724189], [4.716198, 45.724208], [4.716265, 45.724166], [4.716429, 45.724139], [4.71647, 45.724224], [4.716566, 45.724264], [4.716589, 45.724365], [4.716717, 45.724437], [4.716779, 45.724512], [4.71686, 45.724804], [4.716875, 45.724865], [4.71694, 45.725111], [4.716981, 45.725267], [4.71707, 45.725594], [4.717133, 45.725829], [4.717339, 45.726589], [4.717346, 45.726647], [4.717659, 45.726628], [4.717864, 45.726625], [4.718043, 45.726633], [4.718765, 45.726694], [4.718944, 45.726711], [4.719285, 45.726743], [4.719758, 45.726799], [4.720149, 45.726918], [4.720323, 45.72695], [4.720355, 45.726945], [4.720889, 45.727586], [4.721121, 45.727877], [4.721383, 45.728146], [4.721784, 45.728662], [4.721909, 45.728909], [4.722014, 45.729213], [4.722171, 45.729523], [4.7223, 45.729749], [4.7224, 45.729889], [4.72257, 45.730128], [4.722707, 45.730293], [4.722944, 45.730514], [4.723059, 45.730649], [4.723228, 45.730867], [4.72352, 45.731179], [4.723839, 45.731565], [4.723866, 45.731598], [4.723962, 45.731711], [4.724129, 45.731976], [4.724268, 45.732165], [4.724356, 45.7323], [4.724399, 45.732429], [4.724415, 45.732524], [4.724444, 45.732603], [4.724586, 45.732808], [4.724769, 45.733046], [4.724856, 45.733147], [4.725028, 45.733236], [4.725125, 45.733323], [4.725317, 45.73344], [4.725454, 45.733484], [4.725518, 45.733491], [4.725559, 45.733466], [4.725823, 45.733456], [4.725839, 45.733531], [4.725974, 45.733537], [4.726265, 45.733662], [4.726325, 45.733588], [4.726515, 45.733449], [4.726637, 45.733395], [4.726714, 45.733373], [4.726894, 45.733302], [4.727055, 45.733305], [4.727258, 45.73329], [4.727423, 45.733235], [4.727572, 45.733162], [4.727734, 45.733113], [4.727948, 45.733112], [4.728126, 45.733121], [4.728267, 45.733173], [4.72853, 45.733171], [4.728699, 45.733102], [4.728856, 45.732994], [4.729039, 45.732912], [4.729352, 45.732802], [4.729427, 45.732761], [4.72959, 45.732712], [4.729636, 45.732687], [4.729763, 45.732681], [4.729948, 45.732605], [4.730144, 45.732556], [4.730326, 45.732551], [4.730445, 45.732494], [4.730702, 45.732529], [4.731016, 45.732543], [4.731427, 45.732388], [4.731589, 45.732344], [4.731873, 45.732137], [4.731981, 45.731983], [4.732151, 45.731836], [4.732192, 45.73176], [4.732196, 45.731645], [4.732333, 45.731418], [4.732335, 45.73135], [4.732421, 45.731251], [4.732621, 45.731178], [4.733057, 45.730978], [4.733147, 45.730887], [4.733151, 45.730748], [4.73329, 45.730488], [4.733306, 45.730379], [4.733488, 45.7301], [4.733647, 45.729961], [4.733975, 45.729769], [4.734229, 45.729695], [4.734401, 45.729611], [4.734576, 45.729499], [4.734941, 45.729119], [4.734976, 45.729018], [4.735052, 45.728944], [4.735131, 45.728777], [4.735215, 45.728659], [4.735279, 45.728542], [4.735267, 45.728511], [4.735381, 45.72838], [4.735445, 45.728229], [4.735522, 45.728093], [4.735669, 45.727784], [4.735763, 45.72738], [4.735743, 45.72709], [4.735742, 45.727067], [4.735578, 45.726182], [4.735589, 45.725899], [4.735657, 45.725783], [4.735819, 45.725605], [4.735639, 45.725482], [4.735812, 45.725383], [4.736116, 45.725249], [4.736363, 45.725115], [4.736554, 45.724945], [4.736831, 45.724643], [4.737171, 45.724323], [4.737264, 45.724218], [4.737346, 45.724091], [4.737613, 45.723576], [4.737693, 45.723438], [4.737763, 45.723336], [4.73786, 45.723221], [4.738068, 45.723015], [4.738263, 45.722855], [4.738494, 45.722775], [4.739037, 45.722557], [4.739436, 45.722358], [4.739833, 45.722145], [4.740512, 45.721757], [4.741425, 45.721218], [4.741892, 45.720969], [4.742357, 45.720695], [4.743068, 45.720264], [4.74348, 45.720032], [4.743882, 45.719874], [4.743855, 45.719929], [4.743762, 45.719988], [4.74367, 45.720032], [4.744254, 45.720957], [4.744451, 45.721293], [4.744651, 45.721594], [4.744731, 45.72178], [4.744806, 45.722001], [4.744832, 45.72203], [4.744888, 45.722046], [4.744922, 45.722041], [4.745003, 45.722065], [4.745007, 45.722079], [4.744934, 45.722192], [4.744566, 45.72267], [4.744053, 45.723261], [4.744012, 45.723323], [4.744054, 45.723386], [4.744125, 45.723416], [4.744083, 45.723591], [4.74431, 45.723634], [4.744596, 45.723669], [4.745218, 45.723749], [4.745296, 45.723738], [4.745337, 45.723713], [4.745345, 45.723778], [4.745324, 45.723909], [4.745262, 45.724145], [4.74526, 45.724247], [4.745288, 45.724453], [4.745329, 45.724626], [4.745355, 45.724794], [4.745504, 45.725517], [4.745508, 45.725616], [4.745469, 45.725706], [4.74556, 45.72573], [4.745652, 45.725742], [4.745506, 45.725006], [4.745597, 45.724993], [4.745702, 45.724986], [4.745837, 45.724988], [4.746328, 45.725016], [4.748915, 45.725091], [4.750301, 45.725171], [4.750389, 45.725152], [4.750389, 45.725277], [4.750738, 45.726414], [4.750907, 45.727071], [4.750909, 45.727113], [4.750915, 45.727216], [4.750902, 45.727385], [4.750752, 45.727812], [4.750709, 45.727919], [4.750396, 45.728522], [4.750451, 45.728647], [4.750663, 45.728737], [4.751113, 45.728868], [4.751243, 45.728935], [4.751362, 45.729026], [4.751463, 45.729131], [4.751559, 45.729282], [4.751614, 45.729404], [4.751639, 45.72951], [4.751688, 45.729626], [4.751873, 45.72951], [4.752283, 45.729251], [4.752428, 45.729205], [4.752575, 45.729218], [4.753389, 45.72956], [4.753599, 45.729596], [4.753765, 45.729586], [4.754108, 45.729528], [4.754583, 45.729569], [4.75483, 45.729517], [4.755152, 45.729412], [4.75542, 45.729268], [4.755575, 45.72912], [4.755567, 45.729051], [4.755506, 45.729008], [4.755406, 45.729013], [4.755125, 45.729077], [4.754441, 45.728976], [4.754452, 45.72892], [4.755688, 45.728485], [4.755905, 45.728506], [4.756157, 45.728259], [4.755873, 45.726278], [4.755388, 45.726171], [4.755433, 45.72575], [4.755565, 45.725034], [4.755688, 45.724637], [4.756098, 45.723872], [4.756334, 45.723244], [4.75649, 45.722902], [4.75665, 45.722459], [4.756817, 45.721945], [4.756858, 45.721574], [4.756882, 45.721443], [4.756927, 45.721462], [4.757091, 45.721505], [4.757439, 45.721549], [4.757705, 45.721568], [4.757852, 45.721592], [4.75802, 45.721643], [4.758377, 45.721798], [4.758468, 45.7218], [4.758657, 45.721816], [4.758952, 45.721825], [4.760292, 45.721869], [4.760119, 45.721531], [4.760088, 45.721436], [4.760058, 45.721339], [4.760048, 45.721314], [4.760053, 45.721257], [4.759946, 45.721096], [4.759842, 45.720996], [4.759825, 45.720954], [4.759884, 45.720879], [4.759943, 45.720874], [4.760182, 45.720895], [4.760721, 45.720949], [4.761151, 45.721067], [4.762973, 45.721662], [4.762981, 45.721604], [4.762895, 45.721503], [4.762879, 45.7214], [4.762914, 45.721237], [4.763, 45.72111], [4.763853, 45.720803], [4.763, 45.72111], [4.762914, 45.721237], [4.762879, 45.7214], [4.762895, 45.721503], [4.762981, 45.721604], [4.762973, 45.721662], [4.761151, 45.721067], [4.760721, 45.720949], [4.760182, 45.720895], [4.76011, 45.720867], [4.759822, 45.7208], [4.759709, 45.720712], [4.75969, 45.720586], [4.759621, 45.720502], [4.759536, 45.720349], [4.759574, 45.720338], [4.759591, 45.720334], [4.759573, 45.720299], [4.759564, 45.720282], [4.759551, 45.720254], [4.759298, 45.719758], [4.759288, 45.719739], [4.759106, 45.719393], [4.7591, 45.719395], [4.759062, 45.719405], [4.759024, 45.719414], [4.759006, 45.719418], [4.758488, 45.718432], [4.758412, 45.718248], [4.758372, 45.718086], [4.758234, 45.717177], [4.758227, 45.717154], [4.758201, 45.717126], [4.758169, 45.71711], [4.758138, 45.717103], [4.758059, 45.717101], [4.758054, 45.717056], [4.757925, 45.717057], [4.757683, 45.717033], [4.757459, 45.716978], [4.757269, 45.716899], [4.757012, 45.716741], [4.75695, 45.71671], [4.756759, 45.716614], [4.75653, 45.716541], [4.756295, 45.716499], [4.755833, 45.71646], [4.75555, 45.716476], [4.755266, 45.716513], [4.755044, 45.716564], [4.754773, 45.716647], [4.754411, 45.716787], [4.754206, 45.716883], [4.754062, 45.716952], [4.753553, 45.717226], [4.753509, 45.71727], [4.753469, 45.717306], [4.753192, 45.717181], [4.753085, 45.717129], [4.752986, 45.717159], [4.75289, 45.717174], [4.752793, 45.717177], [4.752575, 45.717128], [4.75181, 45.717017], [4.751638, 45.716985], [4.751054, 45.716828], [4.750917, 45.716791], [4.750824, 45.716765], [4.750201, 45.716589], [4.749465, 45.716381], [4.748686, 45.716168], [4.748558, 45.716121], [4.74857, 45.716074], [4.748191, 45.715978], [4.747224, 45.715781], [4.74711, 45.715747], [4.746997, 45.7157], [4.746498, 45.715468], [4.746335, 45.715386], [4.746142, 45.715271], [4.745957, 45.715172], [4.745804, 45.715109], [4.745636, 45.71505], [4.745246, 45.714928], [4.744954, 45.71484], [4.744762, 45.714797], [4.744613, 45.714773], [4.744519, 45.714802], [4.74453, 45.714761], [4.744531, 45.71474], [4.744569, 45.713376], [4.744563, 45.713239], [4.744537, 45.713122], [4.744443, 45.712894], [4.744305, 45.712562], [4.744272, 45.712406], [4.744268, 45.712324], [4.744304, 45.712243], [4.744355, 45.712164], [4.74439, 45.712096], [4.744468, 45.711948], [4.744743, 45.711423], [4.744768, 45.711167], [4.744778, 45.71115], [4.744825, 45.711074], [4.744804, 45.711012], [4.7449, 45.710987], [4.7449, 45.71094], [4.744912, 45.710923], [4.744991, 45.710898], [4.745057, 45.710807], [4.745023, 45.710789], [4.745035, 45.710771], [4.744992, 45.710756], [4.745043, 45.710705], [4.745101, 45.710663], [4.745178, 45.710623], [4.745195, 45.710634], [4.745226, 45.710619], [4.745132, 45.710559], [4.745112, 45.710544], [4.744959, 45.710424], [4.744808, 45.710336], [4.744755, 45.710296], [4.744357, 45.710411], [4.744252, 45.71043], [4.744021, 45.710452], [4.743906, 45.710456], [4.74387, 45.710479], [4.743579, 45.710456], [4.743066, 45.710397], [4.742927, 45.710433], [4.742965, 45.71053], [4.742847, 45.710552], [4.742814, 45.710497], [4.742842, 45.710482], [4.742862, 45.710461], [4.742872, 45.710437], [4.742869, 45.710412], [4.742832, 45.710371], [4.742774, 45.710354], [4.742816, 45.710139], [4.742789, 45.710098], [4.742772, 45.710072]]}, "properties": {"heading": 0, "length_km": 14.498, "retrace": 0.109}}, {"type": "Feature", "geometry": {"type": "LineString", "coordinates": [[4.742772, 45.710072], [4.742789, 45.710098], [4.742816, 45.710139], [4.742774, 45.710354], [4.742832, 45.710371], [4.742869, 45.710412], [4.742872, 45.710437], [4.742862, 45.710461], [4.742842, 45.710482], [4.742814, 45.710497], [4.742847, 45.710552], [4.742965, 45.71053], [4.742927, 45.710433], [4.743066, 45.710397], [4.743579, 45.710456], [4.74387, 45.710479], [4.743906, 45.710456], [4.744021, 45.710452], [4.744252, 45.71043], [4.744357, 45.710411], [4.744755, 45.710296], [4.744808, 45.710336], [4.744959, 45.710424], [4.745112, 45.710544], [4.745132, 45.710559], [4.745226, 45.710619], [4.745195, 45.710634], [4.745178, 45.710623], [4.745101, 45.710663], [4.745043, 45.710705], [4.744992, 45.710756], [4.745035, 45.710771], [4.745023, 45.710789], [4.745057, 45.710807], [4.744991, 45.710898], [4.744912, 45.710923], [4.7449, 45.71094], [4.7449, 45.710987], [4.744804, 45.711012], [4.744825, 45.711074], [4.744778, 45.71115], [4.744768, 45.711167], [4.744743, 45.711423], [4.744468, 45.711948], [4.74439, 45.712096], [4.744355, 45.712164], [4.744304, 45.712243], [4.744268, 45.712324], [4.744272, 45.712406], [4.744305, 45.712562], [4.744443, 45.712894], [4.744537, 45.713122], [4.744563, 45.713239], [4.744569, 45.713376], [4.744531, 45.71474], [4.74453, 45.714761], [4.744519, 45.714802], [4.744447, 45.7148], [4.744218, 45.715491], [4.74417, 45.715655], [4.744065, 45.716013], [4.74402, 45.716218], [4.743993, 45.716436], [4.743973, 45.716824], [4.743968, 45.717205], [4.743995, 45.717593], [4.743991, 45.717669], [4.743987, 45.717778], [4.743919, 45.718357], [4.74389, 45.718995], [4.74386, 45.719409], [4.743851, 45.719542], [4.743882, 45.719874], [4.74348, 45.720032], [4.743068, 45.720264], [4.742357, 45.720695], [4.741892, 45.720969], [4.741425, 45.721218], [4.740512, 45.721757], [4.739833, 45.722145], [4.739436, 45.722358], [4.739037, 45.722557], [4.738494, 45.722775], [4.738263, 45.722855], [4.738068, 45.723015], [4.73786, 45.723221], [4.737763, 45.723336], [4.737693, 45.723438], [4.737613, 45.723576], [4.737346, 45.724091], [4.737264, 45.724218], [4.737171, 45.724323], [4.736831, 45.724643], [4.736554, 45.724945], [4.736363, 45.725115], [4.736116, 45.725249], [4.735812, 45.725383], [4.735639, 45.725482], [4.735113, 45.725085], [4.734624, 45.724697], [4.734073, 45.724471], [4.733323, 45.724089], [4.733132, 45.72399], [4.732506, 45.723634], [4.731658, 45.723101], [4.731474, 45.722983], [4.729736, 45.722367], [4.729694, 45.722447], [4.729682, 45.72247], [4.729643, 45.722715], [4.729431, 45.72416], [4.729339, 45.724682], [4.729431, 45.72416], [4.729643, 45.722715], [4.729682, 45.72247], [4.729694, 45.722447], [4.729736, 45.722367], [4.731474, 45.722983], [4.731658, 45.723101], [4.732506, 45.723634], [4.733132, 45.72399], [4.733323, 45.724089], [4.734073, 45.724471], [4.734624, 45.724697], [4.735113, 45.725085], [4.735639, 45.725482], [4.735819, 45.725605], [4.735986, 45.725717], [4.736771, 45.726113], [4.737828, 45.726631], [4.739148, 45.727277], [4.74, 45.727539], [4.741484, 45.728001], [4.741523, 45.728013], [4.741689, 45.728065], [4.741863, 45.728137], [4.741928, 45.728163], [4.742107, 45.728238], [4.742323, 45.72808], [4.742466, 45.728022], [4.742624, 45.727998], [4.742997, 45.728009], [4.742624, 45.727998], [4.742466, 45.728022], [4.742323, 45.72808], [4.742107, 45.728238], [4.742443, 45.728472], [4.743271, 45.729097], [4.743929, 45.729631], [4.743965, 45.72966], [4.744071, 45.729746], [4.744164, 45.729815], [4.744214, 45.729851], [4.744672, 45.730175], [4.745473, 45.730661], [4.745669, 45.730772], [4.745833, 45.730865], [4.746018, 45.730974], [4.746478, 45.731246], [4.74686, 45.731436], [4.747284, 45.73165], [4.747494, 45.731756], [4.747642, 45.731831], [4.748015, 45.732009], [4.748486, 45.732233], [4.748884, 45.732422], [4.749045, 45.73249], [4.749259, 45.732569], [4.749331, 45.73259], [4.749376, 45.732603], [4.749856, 45.732737], [4.750274, 45.732843], [4.750541, 45.732936], [4.750804, 45.733048], [4.750825, 45.73302], [4.750871, 45.732962], [4.750975, 45.732759], [4.751234, 45.732252], [4.751152, 45.732231], [4.751274, 45.731994], [4.751329, 45.732006], [4.751356, 45.732013], [4.751406, 45.731915], [4.751493, 45.731933], [4.751568, 45.731866], [4.751863, 45.73179], [4.752099, 45.731689], [4.752335, 45.731503], [4.75241, 45.731391], [4.75241, 45.731204], [4.752311, 45.731026], [4.752169, 45.730872], [4.752177, 45.730758], [4.752322, 45.73052], [4.752298, 45.730406], [4.752153, 45.730292], [4.752326, 45.730212], [4.752573, 45.730352], [4.753081, 45.729963], [4.753765, 45.729586], [4.754108, 45.729528], [4.754583, 45.729569], [4.75483, 45.729517], [4.755152, 45.729412], [4.75542, 45.729268], [4.755575, 45.72912], [4.755567, 45.729051], [4.755506, 45.729008], [4.755406, 45.729013], [4.755125, 45.729077], [4.754441, 45.728976], [4.754452, 45.72892], [4.755688, 45.728485], [4.755905, 45.728506], [4.756157, 45.728259], [4.755873, 45.726278], [4.755388, 45.726171], [4.755433, 45.72575], [4.755565, 45.725034], [4.755688, 45.724637], [4.756098, 45.723872], [4.756439, 45.723958], [4.75664, 45.724027], [4.757622, 45.724123], [4.757673, 45.724111], [4.757769, 45.724048], [4.757842, 45.724021], [4.758027, 45.72401], [4.75796, 45.724046], [4.757949, 45.724083], [4.757979, 45.72425], [4.757984, 45.72442], [4.757956, 45.724541], [4.757984, 45.72442], [4.757979, 45.72425], [4.757949, 45.724083], [4.75796, 45.724046], [4.758027, 45.72401], [4.758765, 45.724012], [4.758829, 45.723995], [4.758861, 45.723965], [4.758864, 45.723804], [4.758891, 45.723686], [4.758947, 45.723613], [4.759046, 45.72357], [4.759271, 45.723553], [4.759314, 45.723507], [4.759052, 45.72352], [4.759129, 45.723433], [4.758952, 45.721825], [4.760292, 45.721869], [4.760119, 45.721531], [4.760088, 45.721436], [4.760058, 45.721339], [4.760016, 45.721348], [4.760007, 45.72135], [4.75998, 45.721292], [4.759925, 45.721209], [4.759873, 45.721149], [4.759755, 45.721049], [4.75967, 45.720947], [4.759597, 45.72078], [4.759592, 45.720582], [4.759582, 45.720527], [4.75949, 45.720363], [4.759502, 45.720359], [4.759536, 45.720349], [4.759574, 45.720338], [4.759591, 45.720334], [4.759573, 45.720299], [4.759564, 45.720282], [4.75958, 45.720278], [4.759602, 45.720273], [4.760369, 45.720115], [4.760535, 45.720079], [4.761037, 45.71997], [4.761422, 45.719886], [4.761484, 45.719872], [4.762392, 45.71969], [4.762669, 45.719654], [4.763002, 45.719695], [4.763217, 45.719727], [4.76374, 45.719806], [4.764042, 45.719778], [4.7643, 45.719696], [4.76455, 45.719547], [4.765163, 45.719383], [4.765345, 45.719298], [4.765486, 45.719336], [4.766137, 45.719341], [4.766323, 45.719375], [4.766497, 45.719443], [4.766892, 45.719717], [4.767035, 45.719796], [4.767036, 45.719731], [4.767002, 45.719497], [4.766947, 45.719295], [4.766936, 45.719198], [4.766949, 45.719126], [4.766996, 45.719048], [4.767199, 45.718856], [4.767312, 45.718653], [4.767491, 45.718145], [4.767547, 45.71791], [4.767718, 45.717649], [4.768319, 45.717109], [4.769162, 45.716264], [4.769262, 45.716073], [4.769331, 45.715848], [4.769353, 45.71578], [4.769501, 45.715384], [4.769542, 45.715213], [4.769637, 45.714899], [4.769664, 45.714546], [4.7697, 45.7145], [4.76972, 45.714447], [4.769794, 45.714088], [4.769887, 45.713469], [4.769922, 45.713182], [4.769977, 45.712937], [4.77001, 45.712713], [4.77002, 45.712441], [4.770004, 45.712075], [4.770016, 45.71198], [4.770055, 45.711821], [4.770052, 45.711764], [4.769962, 45.711576], [4.769936, 45.711495], [4.769928, 45.711418], [4.76987, 45.711418], [4.769766, 45.711405], [4.769277, 45.711243], [4.768328, 45.710955], [4.768001, 45.71089], [4.767791, 45.710838], [4.767456, 45.710788], [4.767272, 45.710748], [4.767036, 45.710677], [4.766579, 45.710523], [4.766355, 45.710463], [4.766255, 45.710404], [4.765335, 45.709944], [4.765218, 45.709938], [4.764904, 45.710135], [4.764759, 45.71018], [4.764605, 45.710162], [4.764435, 45.710101], [4.764267, 45.7101], [4.764047, 45.710153], [4.763805, 45.710237], [4.763396, 45.71029], [4.763348, 45.710264], [4.763545, 45.710017], [4.763617, 45.709882], [4.763657, 45.709711], [4.763663, 45.709366], [4.763648, 45.709094], [4.7636, 45.70897], [4.763459, 45.708856], [4.763467, 45.708732], [4.763465, 45.708321], [4.762979, 45.707929], [4.762851, 45.707772], [4.762712, 45.707485], [4.762623, 45.707401], [4.762541, 45.707442], [4.762418, 45.707457], [4.762271, 45.70743], [4.762166, 45.707342], [4.76209, 45.707203], [4.761964, 45.706885], [4.761872, 45.70646], [4.761771, 45.706275], [4.761581, 45.706195], [4.761377, 45.706159], [4.761153, 45.706184], [4.76106, 45.706266], [4.760953, 45.706253], [4.76013, 45.706307], [4.759815, 45.706378], [4.759652, 45.706388], [4.758857, 45.706272], [4.758501, 45.706233], [4.757909, 45.706212], [4.757814, 45.706196], [4.757738, 45.706131], [4.757639, 45.706071], [4.75743, 45.705994], [4.757135, 45.705901], [4.757003, 45.705861], [4.756881, 45.705833], [4.756762, 45.705814], [4.756363, 45.705783], [4.756218, 45.705786], [4.755993, 45.705774], [4.755768, 45.705745], [4.75561, 45.705707], [4.755515, 45.705675], [4.75539, 45.705616], [4.755286, 45.70555], [4.755213, 45.705475], [4.755161, 45.70539], [4.755109, 45.705197], [4.755134, 45.704677], [4.755131, 45.704619], [4.755099, 45.704578], [4.755022, 45.70453], [4.754752, 45.704436], [4.7543, 45.704312], [4.754169, 45.704272], [4.754053, 45.704263], [4.753934, 45.704284], [4.753821, 45.704334], [4.753699, 45.704436], [4.753601, 45.704559], [4.753467, 45.704704], [4.753377, 45.704799], [4.753289, 45.704864], [4.75316, 45.704941], [4.753038, 45.705], [4.752892, 45.705064], [4.752539, 45.705273], [4.751767, 45.705816], [4.751663, 45.705912], [4.751583, 45.705998], [4.751502, 45.70612], [4.75141, 45.706321], [4.751387, 45.706406], [4.751378, 45.706474], [4.751424, 45.706646], [4.751409, 45.70673], [4.751229, 45.707484], [4.751164, 45.707519], [4.75109, 45.707533], [4.750332, 45.707482], [4.750158, 45.707493], [4.750032, 45.707546], [4.749849, 45.707691], [4.749734, 45.707743], [4.749623, 45.707782], [4.749491, 45.70787], [4.749419, 45.70795], [4.749329, 45.708086], [4.748997, 45.708728], [4.748832, 45.709355], [4.748698, 45.709626], [4.748649, 45.709724], [4.748592, 45.709931], [4.748584, 45.709983], [4.748467, 45.710153], [4.748619, 45.710782], [4.748359, 45.71097], [4.748269, 45.710979], [4.747793, 45.711017], [4.747588, 45.710998], [4.747038, 45.710788], [4.746804, 45.710741], [4.746561, 45.710671], [4.746317, 45.710624], [4.74625, 45.710506], [4.746141, 45.710338], [4.74621, 45.710173], [4.746166, 45.710059], [4.74614, 45.710021], [4.746033, 45.709931], [4.745984, 45.709872], [4.745899, 45.709824], [4.745877, 45.709783], [4.745843, 45.709744], [4.745857, 45.709729], [4.745822, 45.709637], [4.745729, 45.709653], [4.745578, 45.709669], [4.745543, 45.709668], [4.745473, 45.709768], [4.745452, 45.709778], [4.745477, 45.709826], [4.744688, 45.710007], [4.744715, 45.710059], [4.744628, 45.710079], [4.744507, 45.710104], [4.744474, 45.710107], [4.744307, 45.71012], [4.743825, 45.710126], [4.743526, 45.710151], [4.743082, 45.710218], [4.742978, 45.710258], [4.74292, 45.710216], [4.742816, 45.710139], [4.742789, 45.710098], [4.742772, 45.710072]]}, "properties": {"heading": 18, "length_km": 12.969, "retrace": 0.152}}, {"type": "Feature", "geometry": {"type": "LineString", "coordinates": [[4.742772, 45.710072], [4.742789, 45.710098], [4.742816, 45.710139], [4.742774, 45.710354], [4.742832, 45.710371], [4.742869, 45.710412], [4.742872, 45.710437], [4.742862, 45.710461], [4.742842, 45.710482], [4.742814, 45.710497], [4.742847, 45.710552], [4.742965, 45.71053], [4.742927, 45.710433], [4.743066, 45.710397], [4.743579, 45.710456], [4.74387, 45.710479], [4.743906, 45.710456], [4.744021, 45.710452], [4.744252, 45.71043], [4.744357, 45.710411], [4.744755, 45.710296], [4.744808, 45.710336], [4.744959, 45.710424], [4.745112, 45.710544], [4.745132, 45.710559], [4.745226, 45.710619], [4.745195, 45.710634], [4.745178, 45.710623], [4.745101, 45.710663], [4.745043, 45.710705], [4.744992, 45.710756], [4.745035, 45.710771], [4.745023, 45.710789], [4.745057, 45.710807], [4.744991, 45.710898], [4.744912, 45.710923], [4.7449, 45.71094], [4.7449, 45.710987], [4.744804, 45.711012], [4.744825, 45.711074], [4.744778, 45.71115], [4.744768, 45.711167], [4.744743, 45.711423], [4.744468, 45.711948], [4.74439, 45.712096], [4.744355, 45.712164], [4.744304, 45.712243], [4.744268, 45.712324], [4.744272, 45.712406], [4.744305, 45.712562], [4.744443, 45.712894], [4.744537, 45.713122], [4.744563, 45.713239], [4.744569, 45.713376], [4.744531, 45.71474], [4.74453, 45.714761], [4.744519, 45.714802], [4.744447, 45.7148], [4.744218, 45.715491], [4.74417, 45.715655], [4.744065, 45.716013], [4.74402, 45.716218], [4.743993, 45.716436], [4.743973, 45.716824], [4.743968, 45.717205], [4.743995, 45.717593], [4.743991, 45.717669], [4.743987, 45.717778], [4.743919, 45.718357], [4.74389, 45.718995], [4.74386, 45.719409], [4.743851, 45.719542], [4.743882, 45.719874], [4.74348, 45.720032], [4.743068, 45.720264], [4.742357, 45.720695], [4.741892, 45.720969], [4.741425, 45.721218], [4.740512, 45.721757], [4.739833, 45.722145], [4.739436, 45.722358], [4.739037, 45.722557], [4.738494, 45.722775], [4.738263, 45.722855], [4.738068, 45.723015], [4.73786, 45.723221], [4.737763, 45.723336], [4.737693, 45.723438], [4.737613, 45.723576], [4.737346, 45.724091], [4.737264, 45.724218], [4.737171, 45.724323], [4.736831, 45.724643], [4.736554, 45.724945], [4.736363, 45.725115], [4.736116, 45.725249], [4.735812, 45.725383], [4.735639, 45.725482], [4.735819, 45.725605], [4.735657, 45.725783], [4.735589, 45.725899], [4.735578, 45.726182], [4.735742, 45.727067], [4.735743, 45.72709], [4.735742, 45.727067], [4.735578, 45.726182], [4.735589, 45.725899], [4.735657, 45.725783], [4.735819, 45.725605], [4.735639, 45.725482], [4.735812, 45.725383], [4.736116, 45.725249], [4.736363, 45.725115], [4.736554, 45.724945], [4.736831, 45.724643], [4.737171, 45.724323], [4.737264, 45.724218], [4.737346, 45.724091], [4.737613, 45.723576], [4.737693, 45.723438], [4.737763, 45.723336], [4.73786, 45.723221], [4.738068, 45.723015], [4.738263, 45.722855], [4.738494, 45.722775], [4.739037, 45.722557], [4.739436, 45.722358], [4.739833, 45.722145], [4.740512, 45.721757], [4.741425, 45.721218], [4.741892, 45.720969], [4.742357, 45.720695], [4.743068, 45.720264], [4.74348, 45.720032], [4.743882, 45.719874], [4.743855, 45.719929], [4.743762, 45.719988], [4.74367, 45.720032], [4.744254, 45.720957], [4.744451, 45.721293], [4.744651, 45.721594], [4.744731, 45.72178], [4.744806, 45.722001], [4.744832, 45.72203], [4.744888, 45.722046], [4.744922, 45.722041], [4.745003, 45.722065], [4.745007, 45.722079], [4.744934, 45.722192], [4.744566, 45.72267], [4.744053, 45.723261], [4.744012, 45.723323], [4.744054, 45.723386], [4.744125, 45.723416], [4.744083, 45.723591], [4.74431, 45.723634], [4.744596, 45.723669], [4.745218, 45.723749], [4.745296, 45.723738], [4.745337, 45.723713], [4.745345, 45.723778], [4.745324, 45.723909], [4.745262, 45.724145], [4.74526, 45.724247], [4.745288, 45.724453], [4.745329, 45.724626], [4.745355, 45.724794], [4.745504, 45.725517], [4.745508, 45.725616], [4.745469, 45.725706], [4.74556, 45.72573], [4.745652, 45.725742], [4.745506, 45.725006], [4.745597, 45.724993], [4.745702, 45.724986], [4.745837, 45.724988], [4.746328, 45.725016], [4.748915, 45.725091], [4.750301, 45.725171], [4.750389, 45.725152], [4.750389, 45.725277], [4.750738, 45.726414], [4.750907, 45.727071], [4.750909, 45.727113], [4.750915, 45.727216], [4.750902, 45.727385], [4.750752, 45.727812], [4.750709, 45.727919], [4.750396, 45.728522], [4.750451, 45.728647], [4.750663, 45.728737], [4.751113, 45.728868], [4.751243, 45.728935], [4.751362, 45.729026], [4.751463, 45.729131], [4.751559, 45.729282], [4.751614, 45.729404], [4.751639, 45.72951], [4.751688, 45.729626], [4.751873, 45.72951], [4.752283, 45.729251], [4.752428, 45.729205], [4.752575, 45.729218], [4.753389, 45.72956], [4.753599, 45.729596], [4.753765, 45.729586], [4.754108, 45.729528], [4.754583, 45.729569], [4.75483, 45.729517], [4.755152, 45.729412], [4.75542, 45.729268], [4.755575, 45.72912], [4.755567, 45.729051], [4.755506, 45.729008], [4.755406, 45.729013], [4.755125, 45.729077], [4.754441, 45.728976], [4.754452, 45.72892], [4.755688, 45.728485], [4.755905, 45.728506], [4.756157, 45.728259], [4.755873, 45.726278], [4.755388, 45.726171], [4.755433, 45.72575], [4.755565, 45.725034], [4.755688, 45.724637], [4.756098, 45.723872], [4.756334, 45.723244], [4.75649, 45.722902], [4.75665, 45.722459], [4.756817, 45.721945], [4.756858, 45.721574], [4.756882, 45.721443], [4.756927, 45.721462], [4.757091, 45.721505], [4.757439, 45.721549], [4.757705, 45.721568], [4.757852, 45.721592], [4.75802, 45.721643], [4.758377, 45.721798], [4.758468, 45.7218], [4.758657, 45.721816], [4.758952, 45.721825], [4.760292, 45.721869], [4.760119, 45.721531], [4.760088, 45.721436], [4.760058, 45.721339], [4.760048, 45.721314], [4.760053, 45.721257], [4.759946, 45.721096], [4.759842, 45.720996], [4.759825, 45.720954], [4.759884, 45.720879], [4.759943, 45.720874], [4.760182, 45.720895], [4.760721, 45.720949], [4.761151, 45.721067], [4.762973, 45.721662], [4.762981, 45.721604], [4.762895, 45.721503], [4.762879, 45.7214], [4.762914, 45.721237], [4.763, 45.72111], [4.763853, 45.720803], [4.763, 45.72111], [4.762914, 45.721237], [4.762879, 45.7214], [4.762895, 45.721503], [4.762981, 45.721604], [4.762973, 45.721662], [4.761151, 45.721067], [4.760721, 45.720949], [4.760182, 45.720895], [4.76011, 45.720867], [4.759822, 45.7208], [4.759709, 45.720712], [4.75969, 45.720586], [4.759621, 45.720502], [4.759536, 45.720349], [4.759574, 45.720338], [4.759591, 45.720334], [4.759573, 45.720299], [4.759564, 45.720282], [4.759551, 45.720254], [4.759298, 45.719758], [4.759288, 45.719739], [4.759106, 45.719393], [4.7591, 45.719395], [4.759062, 45.719405], [4.759024, 45.719414], [4.759006, 45.719418], [4.758488, 45.718432], [4.758412, 45.718248], [4.758372, 45.718086], [4.758234, 45.717177], [4.758227, 45.717154], [4.758201, 45.717126], [4.758169, 45.71711], [4.758138, 45.717103], [4.758059, 45.717101], [4.758054, 45.717056], [4.758118, 45.717056], [4.758182, 45.717056], [4.758175, 45.717032], [4.758181, 45.717007], [4.758199, 45.716986], [4.758227, 45.716971], [4.75826, 45.716964], [4.758235, 45.716917], [4.758217, 45.716885], [4.758157, 45.716552], [4.75807, 45.71623], [4.757952, 45.71592], [4.75777, 45.715492], [4.757683, 45.715307], [4.757613, 45.715108], [4.757579, 45.714977], [4.757561, 45.714848], [4.757532, 45.714605], [4.757519, 45.714263], [4.757506, 45.71393], [4.757502, 45.713446], [4.757563, 45.712812], [4.757575, 45.712714], [4.757625, 45.712707], [4.757666, 45.712685], [4.757689, 45.712653], [4.75769, 45.712617], [4.757676, 45.712592], [4.75765, 45.712571], [4.757615, 45.712558], [4.757669, 45.712483], [4.757825, 45.712265], [4.75795, 45.712126], [4.758093, 45.712024], [4.758502, 45.711799], [4.758932, 45.711686], [4.759031, 45.71164], [4.759369, 45.711205], [4.760216, 45.710602], [4.760473, 45.710442], [4.760828, 45.710222], [4.760959, 45.710122], [4.760986, 45.709963], [4.760961, 45.709734], [4.760895, 45.709406], [4.760889, 45.709254], [4.760902, 45.709189], [4.761, 45.709114], [4.761172, 45.709086], [4.763338, 45.708915], [4.763459, 45.708856], [4.763467, 45.708732], [4.763465, 45.708321], [4.762979, 45.707929], [4.762851, 45.707772], [4.762712, 45.707485], [4.762623, 45.707401], [4.76267, 45.707298], [4.762671, 45.70718], [4.762617, 45.707018], [4.762661, 45.706974], [4.76267, 45.706915], [4.762666, 45.706795], [4.762673, 45.706718], [4.762721, 45.706576], [4.762754, 45.706503], [4.763033, 45.706143], [4.763118, 45.706025], [4.763261, 45.7058], [4.76331, 45.705709], [4.763339, 45.705613], [4.763411, 45.705428], [4.763474, 45.705294], [4.763569, 45.705188], [4.763872, 45.70477], [4.763939, 45.70469], [4.764103, 45.704578], [4.76507, 45.704875], [4.765346, 45.704945], [4.765481, 45.704975], [4.765472, 45.705026], [4.765465, 45.705062], [4.765454, 45.70516], [4.765476, 45.705251], [4.765486, 45.705282], [4.7655, 45.705324], [4.765516, 45.705366], [4.765531, 45.705411], [4.765693, 45.705904], [4.76575, 45.706075], [4.765755, 45.706093], [4.765912, 45.706565], [4.766211, 45.707487], [4.766445, 45.708099], [4.766652, 45.708628], [4.766701, 45.708749], [4.766768, 45.708924], [4.766825, 45.709071], [4.767157, 45.709332], [4.768174, 45.709386], [4.768311, 45.70945], [4.768696, 45.710001], [4.768311, 45.70945], [4.768174, 45.709386], [4.767157, 45.709332], [4.766825, 45.709071], [4.766768, 45.708924], [4.766701, 45.708749], [4.766652, 45.708628], [4.766445, 45.708099], [4.766211, 45.707487], [4.765912, 45.706565], [4.765755, 45.706093], [4.76575, 45.706075], [4.765693, 45.705904], [4.765531, 45.705411], [4.765516, 45.705366], [4.7655, 45.705324], [4.765486, 45.705282], [4.765476, 45.705251], [4.765454, 45.70516], [4.765465, 45.705062], [4.765472, 45.705026], [4.765481, 45.704975], [4.765346, 45.704945], [4.76507, 45.704875], [4.764103, 45.704578], [4.763939, 45.70469], [4.763872, 45.70477], [4.763569, 45.705188], [4.763474, 45.705294], [4.763411, 45.705428], [4.763339, 45.705613], [4.76331, 45.705709], [4.763261, 45.7058], [4.763118, 45.706025], [4.763033, 45.706143], [4.762754, 45.706503], [4.762721, 45.706576], [4.762673, 45.706718], [4.762666, 45.706795], [4.76267, 45.706915], [4.762661, 45.706974], [4.762617, 45.707018], [4.762671, 45.70718], [4.76267, 45.707298], [4.762623, 45.707401], [4.762541, 45.707442], [4.762418, 45.707457], [4.762271, 45.70743], [4.762166, 45.707342], [4.76209, 45.707203], [4.761964, 45.706885], [4.761872, 45.70646], [4.761771, 45.706275], [4.761581, 45.706195], [4.761377, 45.706159], [4.761153, 45.706184], [4.76106, 45.706266], [4.760953, 45.706253], [4.76013, 45.706307], [4.759815, 45.706378], [4.759652, 45.706388], [4.758857, 45.706272], [4.758501, 45.706233], [4.757909, 45.706212], [4.757814, 45.706196], [4.757738, 45.706131], [4.757639, 45.706071], [4.75743, 45.705994], [4.757135, 45.705901], [4.757003, 45.705861], [4.756881, 45.705833], [4.756762, 45.705814], [4.756363, 45.705783], [4.756218, 45.705786], [4.755993, 45.705774], [4.755768, 45.705745], [4.75561, 45.705707], [4.755515, 45.705675], [4.75539, 45.705616], [4.755286, 45.70555], [4.755213, 45.705475], [4.755161, 45.70539], [4.755109, 45.705197], [4.755134, 45.704677], [4.755131, 45.704619], [4.755099, 45.704578], [4.755022, 45.70453], [4.754752, 45.704436], [4.7543, 45.704312], [4.754169, 45.704272], [4.754053, 45.704263], [4.753934, 45.704284], [4.753821, 45.704334], [4.753699, 45.704436], [4.753601, 45.704559], [4.753467, 45.704704], [4.753377, 45.704799], [4.753289, 45.704864], [4.75316, 45.704941], [4.753038, 45.705], [4.752892, 45.705064], [4.752539, 45.705273], [4.751767, 45.705816], [4.751663, 45.705912], [4.751583, 45.705998], [4.751502, 45.70612], [4.75141, 45.706321], [4.751387, 45.706406], [4.751378, 45.706474], [4.751424, 45.706646], [4.751409, 45.70673], [4.751229, 45.707484], [4.751164, 45.707519], [4.75109, 45.707533], [4.750332, 45.707482], [4.750158, 45.707493], [4.750032, 45.707546], [4.749849, 45.707691], [4.749734, 45.707743], [4.749623, 45.707782], [4.749491, 45.70787], [4.749419, 45.70795], [4.749329, 45.708086], [4.748997, 45.708728], [4.748832, 45.709355], [4.748698, 45.709626], [4.748649, 45.709724], [4.748592, 45.709931], [4.748584, 45.709983], [4.748467, 45.710153], [4.748619, 45.710782], [4.748359, 45.71097], [4.748269, 45.710979], [4.747793, 45.711017], [4.747588, 45.710998], [4.747038, 45.710788], [4.746804, 45.710741], [4.746561, 45.710671], [4.746317, 45.710624], [4.74625, 45.710506], [4.746141, 45.710338], [4.74621, 45.710173], [4.746166, 45.710059], [4.74614, 45.710021], [4.746033, 45.709931], [4.745984, 45.709872], [4.745899, 45.709824], [4.745877, 45.709783], [4.745843, 45.709744], [4.745857, 45.709729], [4.745822, 45.709637], [4.745729, 45.709653], [4.745578, 45.709669], [4.745543, 45.709668], [4.745473, 45.709768], [4.745452, 45.709778], [4.745477, 45.709826], [4.744688, 45.710007], [4.744715, 45.710059], [4.744628, 45.710079], [4.744507, 45.710104], [4.744474, 45.710107], [4.744307, 45.71012], [4.743825, 45.710126], [4.743526, 45.710151], [4.743082, 45.710218], [4.742978, 45.710258], [4.74292, 45.710216], [4.742816, 45.710139], [4.742789, 45.710098], [4.742772, 45.710072]]}, "properties": {"heading": 36, "length_km": 14.564, "retrace": 0.359}}, {"type": "Feature", "geometry": {"type": "LineString", "coordinates": [[4.742772, 45.710072], [4.742789, 45.710098], [4.742816, 45.710139], [4.742774, 45.710354], [4.742832, 45.710371], [4.742869, 45.710412], [4.742872, 45.710437], [4.742862, 45.710461], [4.742842, 45.710482], [4.742814, 45.710497], [4.742847, 45.710552], [4.742965, 45.71053], [4.742927, 45.710433], [4.743066, 45.710397], [4.743579, 45.710456], [4.74387, 45.710479], [4.743906, 45.710456], [4.744021, 45.710452], [4.744252, 45.71043], [4.744357, 45.710411], [4.744755, 45.710296], [4.744808, 45.710336], [4.744959, 45.710424], [4.745112, 45.710544], [4.745132, 45.710559], [4.745226, 45.710619], [4.745195, 45.710634], [4.745178, 45.710623], [4.745101, 45.710663], [4.745043, 45.710705], [4.744992, 45.710756], [4.745035, 45.710771], [4.745023, 45.710789], [4.745057, 45.710807], [4.744991, 45.710898], [4.744912, 45.710923], [4.7449, 45.71094], [4.7449, 45.710987], [4.744804, 45.711012], [4.744825, 45.711074], [4.744778, 45.71115], [4.744768, 45.711167], [4.744743, 45.711423], [4.744468, 45.711948], [4.74439, 45.712096], [4.744355, 45.712164], [4.744304, 45.712243], [4.744268, 45.712324], [4.744272, 45.712406], [4.744305, 45.712562], [4.744443, 45.712894], [4.744537, 45.713122], [4.744563, 45.713239], [4.744569, 45.713376], [4.744531, 45.71474], [4.74453, 45.714761], [4.744519, 45.714802], [4.744447, 45.7148], [4.744218, 45.715491], [4.74417, 45.715655], [4.744065, 45.716013], [4.74402, 45.716218], [4.743993, 45.716436], [4.743973, 45.716824], [4.743968, 45.717205], [4.743995, 45.717593], [4.743991, 45.717669], [4.743987, 45.717778], [4.743919, 45.718357], [4.74389, 45.718995], [4.74386, 45.719409], [4.743851, 45.719542], [4.743882, 45.719874], [4.743855, 45.719929], [4.743762, 45.719988], [4.74367, 45.720032], [4.744254, 45.720957], [4.744451, 45.721293], [4.744651, 45.721594], [4.744731, 45.72178], [4.744806, 45.722001], [4.744832, 45.72203], [4.744888, 45.722046], [4.744922, 45.722041], [4.745003, 45.722065], [4.745007, 45.722079], [4.744934, 45.722192], [4.744566, 45.72267], [4.744053, 45.723261], [4.744012, 45.723323], [4.744054, 45.723386], [4.744125, 45.723416], [4.744083, 45.723591], [4.74431, 45.723634], [4.744596, 45.723669], [4.745218, 45.723749], [4.745296, 45.723738], [4.745337, 45.723713], [4.745345, 45.723778], [4.745324, 45.723909], [4.745262, 45.724145], [4.74526, 45.724247], [4.745288, 45.724453], [4.745329, 45.724626], [4.745355, 45.724794], [4.745504, 45.725517], [4.745508, 45.725616], [4.745469, 45.725706], [4.74556, 45.72573], [4.745652, 45.725742], [4.745682, 45.725889], [4.745696, 45.726176], [4.745651, 45.726391], [4.745447, 45.72677], [4.745112, 45.727264], [4.744659, 45.727862], [4.744399, 45.728254], [4.7443, 45.728548], [4.744137, 45.729583], [4.744125, 45.729658], [4.744121, 45.729684], [4.744071, 45.729746], [4.743965, 45.72966], [4.743929, 45.729631], [4.743271, 45.729097], [4.742443, 45.728472], [4.742107, 45.728238], [4.742323, 45.72808], [4.742466, 45.728022], [4.742624, 45.727998], [4.742997, 45.728009], [4.742624, 45.727998], [4.742466, 45.728022], [4.742323, 45.72808], [4.742107, 45.728238], [4.742443, 45.728472], [4.743271, 45.729097], [4.743929, 45.729631], [4.743965, 45.72966], [4.744071, 45.729746], [4.744164, 45.729815], [4.744214, 45.729851], [4.744672, 45.730175], [4.745473, 45.730661], [4.745669, 45.730772], [4.745833, 45.730865], [4.746018, 45.730974], [4.746478, 45.731246], [4.74686, 45.731436], [4.747284, 45.73165], [4.747494, 45.731756], [4.747642, 45.731831], [4.748015, 45.732009], [4.748486, 45.732233], [4.748884, 45.732422], [4.749045, 45.73249], [4.749259, 45.732569], [4.749331, 45.73259], [4.749376, 45.732603], [4.749856, 45.732737], [4.750274, 45.732843], [4.750541, 45.732936], [4.750804, 45.733048], [4.750825, 45.73302], [4.750871, 45.732962], [4.750975, 45.732759], [4.751234, 45.732252], [4.751152, 45.732231], [4.751274, 45.731994], [4.751329, 45.732006], [4.751356, 45.732013], [4.751406, 45.731915], [4.751493, 45.731933], [4.751568, 45.731866], [4.751863, 45.73179], [4.752099, 45.731689], [4.752335, 45.731503], [4.75241, 45.731391], [4.75241, 45.731204], [4.752311, 45.731026], [4.752169, 45.730872], [4.752177, 45.730758], [4.752322, 45.73052], [4.752298, 45.730406], [4.752153, 45.730292], [4.752326, 45.730212], [4.752573, 45.730352], [4.753081, 45.729963], [4.753765, 45.729586], [4.754108, 45.729528], [4.754583, 45.729569], [4.75483, 45.729517], [4.755152, 45.729412], [4.75542, 45.729268], [4.755575, 45.72912], [4.755567, 45.729051], [4.755506, 45.729008], [4.755406, 45.729013], [4.755125, 45.729077], [4.754441, 45.728976], [4.754452, 45.72892], [4.755688, 45.728485], [4.755905, 45.728506], [4.756157, 45.728259], [4.755873, 45.726278], [4.755388, 45.726171], [4.755433, 45.72575], [4.755565, 45.725034], [4.755688, 45.724637], [4.756098, 45.723872], [4.756439, 45.723958], [4.75664, 45.724027], [4.757622, 45.724123], [4.757673, 45.724111], [4.757769, 45.724048], [4.757842, 45.724021], [4.758027, 45.72401], [4.75796, 45.724046], [4.757949, 45.724083], [4.757979, 45.72425], [4.757984, 45.72442], [4.757956, 45.724541], [4.757984, 45.72442], [4.757979, 45.72425], [4.757949, 45.724083], [4.75796, 45.724046], [4.758027, 45.72401], [4.758765, 45.724012], [4.758829, 45.723995], [4.758861, 45.723965], [4.758864, 45.723804], [4.758891, 45.723686], [4.758947, 45.723613], [4.759046, 45.72357], [4.759271, 45.723553], [4.759314, 45.723507], [4.759052, 45.72352], [4.759129, 45.723433], [4.758952, 45.721825], [4.760292, 45.721869], [4.760119, 45.721531], [4.760088, 45.721436], [4.760058, 45.721339], [4.760016, 45.721348], [4.760007, 45.72135], [4.75998, 45.721292], [4.759925, 45.721209], [4.759873, 45.721149], [4.759755, 45.721049], [4.75967, 45.720947], [4.759597, 45.72078], [4.759592, 45.720582], [4.759582, 45.720527], [4.75949, 45.720363], [4.759502, 45.720359], [4.759536, 45.720349], [4.759574, 45.720338], [4.759591, 45.720334], [4.759573, 45.720299], [4.759564, 45.720282], [4.75958, 45.720278], [4.759602, 45.720273], [4.760369, 45.720115], [4.760535, 45.720079], [4.761037, 45.71997], [4.761422, 45.719886], [4.761484, 45.719872], [4.762392, 45.71969], [4.762669, 45.719654], [4.763002, 45.719695], [4.763217, 45.719727], [4.76374, 45.719806], [4.764042, 45.719778], [4.7643, 45.719696], [4.76455, 45.719547], [4.765163, 45.719383], [4.765345, 45.719298], [4.765486, 45.719336], [4.766137, 45.719341], [4.766323, 45.719375], [4.766497, 45.719443], [4.766892, 45.719717], [4.767035, 45.719796], [4.767036, 45.719731], [4.767002, 45.719497], [4.766947, 45.719295], [4.766936, 45.719198], [4.766949, 45.719126], [4.766996, 45.719048], [4.767199, 45.718856], [4.767312, 45.718653], [4.767491, 45.718145], [4.767547, 45.71791], [4.767718, 45.717649], [4.768319, 45.717109], [4.769162, 45.716264], [4.769262, 45.716073], [4.769331, 45.715848], [4.769353, 45.71578], [4.769501, 45.715384], [4.769542, 45.715213], [4.769637, 45.714899], [4.769664, 45.714546], [4.7697, 45.7145], [4.76972, 45.714447], [4.769794, 45.714088], [4.769887, 45.713469], [4.769922, 45.713182], [4.769977, 45.712937], [4.77001, 45.712713], [4.77002, 45.712441], [4.770004, 45.712075], [4.770016, 45.71198], [4.770055, 45.711821], [4.770052, 45.711764], [4.769962, 45.711576], [4.769936, 45.711495], [4.769928, 45.711418], [4.76987, 45.711418], [4.769766, 45.711405], [4.769277, 45.711243], [4.768328, 45.710955], [4.768001, 45.71089], [4.767791, 45.710838], [4.767456, 45.710788], [4.767272, 45.710748], [4.767036, 45.710677], [4.766579, 45.710523], [4.766355, 45.710463], [4.766255, 45.710404], [4.765335, 45.709944], [4.765218, 45.709938], [4.764904, 45.710135], [4.764759, 45.71018], [4.764605, 45.710162], [4.764435, 45.710101], [4.764267, 45.7101], [4.764047, 45.710153], [4.763805, 45.710237], [4.763396, 45.71029], [4.763348, 45.710264], [4.763545, 45.710017], [4.763617, 45.709882], [4.763657, 45.709711], [4.763663, 45.709366], [4.763648, 45.709094], [4.7636, 45.70897], [4.763459, 45.708856], [4.763467, 45.708732], [4.763465, 45.708321], [4.762979, 45.707929], [4.762851, 45.707772], [4.762712, 45.707485], [4.762623, 45.707401], [4.76267, 45.707298], [4.762671, 45.70718], [4.762617, 45.707018], [4.762661, 45.706974], [4.76267, 45.706915], [4.762666, 45.706795], [4.762673, 45.706718], [4.762721, 45.706576], [4.762754, 45.706503], [4.763033, 45.706143], [4.763118, 45.706025], [4.763261, 45.7058], [4.76331, 45.705709], [4.763339, 45.705613], [4.763411, 45.705428], [4.763474, 45.705294], [4.763569, 45.705188], [4.763872, 45.70477], [4.763939, 45.70469], [4.764103, 45.704578], [4.76507, 45.704875], [4.765346, 45.704945], [4.765481, 45.704975], [4.765662, 45.704993], [4.76591, 45.70498], [4.766382, 45.704914], [4.766847, 45.704825], [4.767263, 45.704734], [4.76746, 45.704695], [4.76742, 45.704439], [4.76746, 45.704695], [4.767263, 45.704734], [4.766847, 45.704825], [4.766382, 45.704914], [4.76591, 45.70498], [4.765662, 45.704993], [4.765481, 45.704975], [4.765346, 45.704945], [4.76507, 45.704875], [4.764103, 45.704578], [4.763939, 45.70469], [4.763872, 45.70477], [4.763569, 45.705188], [4.763474, 45.705294], [4.763411, 45.705428], [4.763339, 45.705613], [4.76331, 45.705709], [4.763261, 45.7058], [4.763118, 45.706025], [4.763033, 45.706143], [4.762754, 45.706503], [4.762721, 45.706576], [4.762673, 45.706718], [4.762666, 45.706795], [4.76267, 45.706915], [4.762661, 45.706974], [4.762617, 45.707018], [4.762671, 45.70718], [4.76267, 45.707298], [4.762623, 45.707401], [4.762541, 45.707442], [4.762418, 45.707457], [4.762271, 45.70743], [4.762166, 45.707342], [4.76209, 45.707203], [4.761964, 45.706885], [4.761872, 45.70646], [4.761771, 45.706275], [4.761581, 45.706195], [4.761377, 45.706159], [4.761153, 45.706184], [4.76106, 45.706266], [4.760953, 45.706253], [4.76013, 45.706307], [4.759815, 45.706378], [4.759652, 45.706388], [4.758857, 45.706272], [4.758501, 45.706233], [4.757909, 45.706212], [4.757814, 45.706196], [4.757738, 45.706131], [4.757639, 45.706071], [4.75743, 45.705994], [4.757135, 45.705901], [4.757003, 45.705861], [4.756881, 45.705833], [4.756762, 45.705814], [4.756363, 45.705783], [4.756218, 45.705786], [4.755993, 45.705774], [4.755768, 45.705745], [4.75561, 45.705707], [4.755515, 45.705675], [4.75539, 45.705616], [4.755286, 45.70555], [4.755213, 45.705475], [4.755161, 45.70539], [4.755109, 45.705197], [4.755134, 45.704677], [4.755131, 45.704619], [4.755099, 45.704578], [4.755022, 45.70453], [4.754752, 45.704436], [4.7543, 45.704312], [4.754169, 45.704272], [4.754053, 45.704263], [4.753934, 45.704284], [4.753821, 45.704334], [4.753699, 45.704436], [4.753601, 45.704559], [4.753467, 45.704704], [4.753377, 45.704799], [4.753289, 45.704864], [4.75316, 45.704941], [4.753038, 45.705], [4.752892, 45.705064], [4.752539, 45.705273], [4.751767, 45.705816], [4.751663, 45.705912], [4.751583, 45.705998], [4.751502, 45.70612], [4.75141, 45.706321], [4.751387, 45.706406], [4.751378, 45.706474], [4.751424, 45.706646], [4.751409, 45.70673], [4.751229, 45.707484], [4.751164, 45.707519], [4.75109, 45.707533], [4.750332, 45.707482], [4.750158, 45.707493], [4.750032, 45.707546], [4.749849, 45.707691], [4.749734, 45.707743], [4.749623, 45.707782], [4.749491, 45.70787], [4.749419, 45.70795], [4.749329, 45.708086], [4.748997, 45.708728], [4.748832, 45.709355], [4.748698, 45.709626], [4.748649, 45.709724], [4.748592, 45.709931], [4.748584, 45.709983], [4.748467, 45.710153], [4.748619, 45.710782], [4.748359, 45.71097], [4.748269, 45.710979], [4.747793, 45.711017], [4.747588, 45.710998], [4.747038, 45.710788], [4.746804, 45.710741], [4.746561, 45.710671], [4.746317, 45.710624], [4.74625, 45.710506], [4.746141, 45.710338], [4.74621, 45.710173], [4.746166, 45.710059], [4.74614, 45.710021], [4.746033, 45.709931], [4.745984, 45.709872], [4.745899, 45.709824], [4.745877, 45.709783], [4.745843, 45.709744], [4.745857, 45.709729], [4.745822, 45.709637], [4.745729, 45.709653], [4.745578, 45.709669], [4.745543, 45.709668], [4.745473, 45.709768], [4.745452, 45.709778], [4.745477, 45.709826], [4.744688, 45.710007], [4.744715, 45.710059], [4.744628, 45.710079], [4.744507, 45.710104], [4.744474, 45.710107], [4.744307, 45.71012], [4.743825, 45.710126], [4.743526, 45.710151], [4.743082, 45.710218], [4.742978, 45.710258], [4.74292, 45.710216], [4.742816, 45.710139], [4.742789, 45.710098], [4.742772, 45.710072]]}, "properties": {"heading": 54, "length_km": 12.592, "retrace": 0.162}}, {"type": "Feature", "geometry": {"type": "LineString", "coordinates": [[4.742772, 45.710072], [4.742789, 45.710098], [4.742816, 45.710139], [4.742774, 45.710354], [4.742832, 45.710371], [4.742869, 45.710412], [4.742872, 45.710437], [4.742862, 45.710461], [4.742842, 45.710482], [4.742814, 45.710497], [4.742847, 45.710552], [4.742965, 45.71053], [4.742927, 45.710433], [4.743066, 45.710397], [4.743579, 45.710456], [4.74387, 45.710479], [4.743906, 45.710456], [4.744021, 45.710452], [4.744252, 45.71043], [4.744357, 45.710411], [4.744755, 45.710296], [4.744808, 45.710336], [4.744959, 45.710424], [4.745112, 45.710544], [4.745132, 45.710559], [4.745226, 45.710619], [4.745195, 45.710634], [4.745178, 45.710623], [4.745101, 45.710663], [4.745043, 45.710705], [4.744992, 45.710756], [4.745035, 45.710771], [4.745023, 45.710789], [4.745057, 45.710807], [4.744991, 45.710898], [4.744912, 45.710923], [4.7449, 45.71094], [4.7449, 45.710987], [4.744804, 45.711012], [4.744825, 45.711074], [4.744778, 45.71115], [4.744768, 45.711167], [4.744743, 45.711423], [4.744468, 45.711948], [4.74439, 45.712096], [4.744355, 45.712164], [4.744304, 45.712243], [4.744268, 45.712324], [4.744272, 45.712406], [4.744305, 45.712562], [4.744443, 45.712894], [4.744537, 45.713122], [4.744563, 45.713239], [4.744569, 45.713376], [4.744531, 45.71474], [4.74453, 45.714761], [4.744519, 45.714802], [4.744447, 45.7148], [4.744218, 45.715491], [4.74417, 45.715655], [4.744065, 45.716013], [4.74402, 45.716218], [4.743993, 45.716436], [4.743973, 45.716824], [4.743968, 45.717205], [4.743995, 45.717593], [4.743991, 45.717669], [4.743987, 45.717778], [4.743919, 45.718357], [4.74389, 45.718995], [4.74386, 45.719409], [4.743851, 45.719542], [4.743882, 45.719874], [4.743855, 45.719929], [4.743762, 45.719988], [4.74367, 45.720032], [4.744254, 45.720957], [4.744451, 45.721293], [4.744651, 45.721594], [4.744731, 45.72178], [4.744806, 45.722001], [4.744832, 45.72203], [4.744888, 45.722046], [4.744922, 45.722041], [4.745003, 45.722065], [4.745007, 45.722079], [4.744934, 45.722192], [4.744566, 45.72267], [4.744053, 45.723261], [4.744012, 45.723323], [4.744054, 45.723386], [4.744125, 45.723416], [4.744083, 45.723591], [4.74431, 45.723634], [4.744596, 45.723669], [4.745218, 45.723749], [4.745296, 45.723738], [4.745337, 45.723713], [4.745345, 45.723778], [4.745324, 45.723909], [4.745262, 45.724145], [4.74526, 45.724247], [4.745288, 45.724453], [4.745329, 45.724626], [4.745355, 45.724794], [4.745504, 45.725517], [4.745508, 45.725616], [4.745469, 45.725706], [4.74556, 45.72573], [4.745652, 45.725742], [4.745506, 45.725006], [4.745597, 45.724993], [4.745702, 45.724986], [4.745837, 45.724988], [4.746328, 45.725016], [4.748915, 45.725091], [4.750301, 45.725171], [4.750389, 45.725152], [4.750389, 45.725277], [4.750738, 45.726414], [4.750907, 45.727071], [4.750909, 45.727113], [4.750915, 45.727216], [4.750902, 45.727385], [4.750752, 45.727812], [4.750709, 45.727919], [4.750396, 45.728522], [4.750451, 45.728647], [4.750663, 45.728737], [4.751113, 45.728868], [4.751243, 45.728935], [4.751362, 45.729026], [4.751463, 45.729131], [4.751559, 45.729282], [4.751614, 45.729404], [4.751639, 45.72951], [4.751688, 45.729626], [4.751873, 45.72951], [4.752283, 45.729251], [4.752428, 45.729205], [4.752575, 45.729218], [4.753389, 45.72956], [4.753599, 45.729596], [4.753765, 45.729586], [4.754108, 45.729528], [4.754583, 45.729569], [4.75483, 45.729517], [4.755152, 45.729412], [4.75542, 45.729268], [4.755575, 45.72912], [4.755567, 45.729051], [4.755506, 45.729008], [4.755406, 45.729013], [4.755125, 45.729077], [4.754441, 45.728976], [4.754452, 45.72892], [4.755688, 45.728485], [4.755905, 45.728506], [4.756157, 45.728259], [4.755873, 45.726278], [4.755388, 45.726171], [4.755433, 45.72575], [4.755565, 45.725034], [4.755688, 45.724637], [4.756098, 45.723872], [4.756334, 45.723244], [4.75649, 45.722902], [4.75665, 45.722459], [4.756817, 45.721945], [4.756858, 45.721574], [4.756882, 45.721443], [4.756927, 45.721462], [4.757091, 45.721505], [4.757439, 45.721549], [4.757705, 45.721568], [4.757852, 45.721592], [4.75802, 45.721643], [4.758377, 45.721798], [4.758468, 45.7218], [4.758657, 45.721816], [4.758952, 45.721825], [4.760292, 45.721869], [4.760119, 45.721531], [4.760088, 45.721436], [4.760058, 45.721339], [4.760048, 45.721314], [4.760053, 45.721257], [4.759946, 45.721096], [4.759842, 45.720996], [4.759825, 45.720954], [4.759884, 45.720879], [4.759943, 45.720874], [4.760182, 45.720895], [4.760721, 45.720949], [4.761151, 45.721067], [4.762973, 45.721662], [4.762981, 45.721604], [4.762895, 45.721503], [4.762879, 45.7214], [4.762914, 45.721237], [4.763, 45.72111], [4.763853, 45.720803], [4.763, 45.72111], [4.762914, 45.721237], [4.762879, 45.7214], [4.762895, 45.721503], [4.762981, 45.721604], [4.762973, 45.721662], [4.761151, 45.721067], [4.760721, 45.720949], [4.760182, 45.720895], [4.76011, 45.720867], [4.759822, 45.7208], [4.759709, 45.720712], [4.75969, 45.720586], [4.759621, 45.720502], [4.759536, 45.720349], [4.759574, 45.720338], [4.759591, 45.720334], [4.759573, 45.720299], [4.759564, 45.720282], [4.759551, 45.720254], [4.759298, 45.719758], [4.759288, 45.719739], [4.759106, 45.719393], [4.7591, 45.719395], [4.759062, 45.719405], [4.759024, 45.719414], [4.759006, 45.719418], [4.758488, 45.718432], [4.758412, 45.718248], [4.758372, 45.718086], [4.758234, 45.717177], [4.758227, 45.717154], [4.758201, 45.717126], [4.758169, 45.71711], [4.758138, 45.717103], [4.758059, 45.717101], [4.758054, 45.717056], [4.758118, 45.717056], [4.758182, 45.717056], [4.758175, 45.717032], [4.758181, 45.717007], [4.758199, 45.716986], [4.758227, 45.716971], [4.75826, 45.716964], [4.758235, 45.716917], [4.758217, 45.716885], [4.758157, 45.716552], [4.75807, 45.71623], [4.757952, 45.71592], [4.75777, 45.715492], [4.757683, 45.715307], [4.757613, 45.715108], [4.757579, 45.714977], [4.757561, 45.714848], [4.757532, 45.714605], [4.757519, 45.714263], [4.757506, 45.71393], [4.757502, 45.713446], [4.757563, 45.712812], [4.757575, 45.712714], [4.757625, 45.712707], [4.757666, 45.712685], [4.757689, 45.712653], [4.75769, 45.712617], [4.757676, 45.712592], [4.75765, 45.712571], [4.757615, 45.712558], [4.757669, 45.712483], [4.757825, 45.712265], [4.75795, 45.712126], [4.758093, 45.712024], [4.758502, 45.711799], [4.758932, 45.711686], [4.759031, 45.71164], [4.759369, 45.711205], [4.760216, 45.710602], [4.760473, 45.710442], [4.760828, 45.710222], [4.760959, 45.710122], [4.760986, 45.709963], [4.760961, 45.709734], [4.760895, 45.709406], [4.760889, 45.709254], [4.760902, 45.709189], [4.761, 45.709114], [4.761172, 45.709086], [4.763338, 45.708915], [4.763459, 45.708856], [4.763467, 45.708732], [4.763465, 45.708321], [4.762979, 45.707929], [4.762851, 45.707772], [4.762712, 45.707485], [4.762623, 45.707401], [4.76267, 45.707298], [4.762671, 45.70718], [4.762617, 45.707018], [4.762661, 45.706974], [4.76267, 45.706915], [4.762666, 45.706795], [4.762673, 45.706718], [4.762721, 45.706576], [4.762754, 45.706503], [4.763033, 45.706143], [4.763118, 45.706025], [4.763261, 45.7058], [4.76331, 45.705709], [4.763339, 45.705613], [4.763411, 45.705428], [4.763474, 45.705294], [4.763569, 45.705188], [4.763872, 45.70477], [4.763939, 45.70469], [4.764103, 45.704578], [4.76507, 45.704875], [4.765346, 45.704945], [4.765481, 45.704975], [4.765472, 45.705026], [4.765465, 45.705062], [4.765454, 45.70516], [4.765476, 45.705251], [4.765486, 45.705282], [4.7655, 45.705324], [4.765516, 45.705366], [4.765531, 45.705411], [4.765693, 45.705904], [4.76575, 45.706075], [4.765755, 45.706093], [4.765912, 45.706565], [4.766211, 45.707487], [4.766445, 45.708099], [4.766652, 45.708628], [4.766701, 45.708749], [4.766768, 45.708924], [4.766825, 45.709071], [4.767157, 45.709332], [4.768174, 45.709386], [4.768311, 45.70945], [4.768696, 45.710001], [4.768311, 45.70945], [4.768174, 45.709386], [4.767157, 45.709332], [4.766825, 45.709071], [4.766768, 45.708924], [4.766701, 45.708749], [4.766652, 45.708628], [4.766445, 45.708099], [4.766211, 45.707487], [4.765912, 45.706565], [4.765755, 45.706093], [4.76575, 45.706075], [4.765693, 45.705904], [4.765531, 45.705411], [4.765516, 45.705366], [4.7655, 45.705324], [4.765486, 45.705282], [4.765476, 45.705251], [4.765454, 45.70516], [4.765465, 45.705062], [4.765472, 45.705026], [4.765481, 45.704975], [4.765346, 45.704945], [4.765337, 45.704817], [4.765196, 45.70369], [4.765132, 45.703521], [4.764968, 45.703141], [4.764872, 45.702914], [4.764763, 45.702556], [4.764669, 45.702142], [4.764656, 45.702084], [4.764499, 45.701814], [4.764415, 45.70167], [4.764194, 45.701272], [4.764095, 45.701082], [4.76407, 45.700901], [4.764079, 45.70084], [4.764173, 45.700196], [4.764223, 45.699564], [4.76407, 45.699656], [4.763912, 45.69969], [4.76407, 45.699656], [4.764223, 45.699564], [4.7642, 45.699386], [4.764086, 45.69899], [4.764001, 45.698887], [4.763962, 45.698864], [4.76392, 45.69884], [4.763868, 45.698821], [4.763805, 45.698802], [4.763505, 45.698837], [4.763419, 45.698838], [4.762594, 45.698982], [4.762551, 45.698991], [4.762513, 45.699], [4.762509, 45.699031], [4.762492, 45.69906], [4.762464, 45.699084], [4.762428, 45.699101], [4.762385, 45.699111], [4.762393, 45.699141], [4.7624, 45.699176], [4.762403, 45.699248], [4.762419, 45.699843], [4.762438, 45.700015], [4.762486, 45.700359], [4.762356, 45.700396], [4.762112, 45.700442], [4.762069, 45.700466], [4.762043, 45.700503], [4.762022, 45.700706], [4.761913, 45.701386], [4.761866, 45.701583], [4.761782, 45.701702], [4.761575, 45.701945], [4.761436, 45.702414], [4.761427, 45.702554], [4.761287, 45.703139], [4.761181, 45.703354], [4.761009, 45.703776], [4.760948, 45.704018], [4.76093, 45.704353], [4.760958, 45.704712], [4.761036, 45.70511], [4.761076, 45.705597], [4.761153, 45.706184], [4.76106, 45.706266], [4.760953, 45.706253], [4.76013, 45.706307], [4.759815, 45.706378], [4.759652, 45.706388], [4.758857, 45.706272], [4.758501, 45.706233], [4.757909, 45.706212], [4.757814, 45.706196], [4.757738, 45.706131], [4.757639, 45.706071], [4.75743, 45.705994], [4.757135, 45.705901], [4.757003, 45.705861], [4.756881, 45.705833], [4.756762, 45.705814], [4.756363, 45.705783], [4.756218, 45.705786], [4.755993, 45.705774], [4.755768, 45.705745], [4.75561, 45.705707], [4.755515, 45.705675], [4.75539, 45.705616], [4.755286, 45.70555], [4.755213, 45.705475], [4.755161, 45.70539], [4.755109, 45.705197], [4.755134, 45.704677], [4.755131, 45.704619], [4.755099, 45.704578], [4.755022, 45.70453], [4.754752, 45.704436], [4.7543, 45.704312], [4.754169, 45.704272], [4.754053, 45.704263], [4.753934, 45.704284], [4.753821, 45.704334], [4.753699, 45.704436], [4.753601, 45.704559], [4.753467, 45.704704], [4.753377, 45.704799], [4.753289, 45.704864], [4.75316, 45.704941], [4.753038, 45.705], [4.752892, 45.705064], [4.752539, 45.705273], [4.751767, 45.705816], [4.751663, 45.705912], [4.751583, 45.705998], [4.751502, 45.70612], [4.75141, 45.706321], [4.751387, 45.706406], [4.751378, 45.706474], [4.751424, 45.706646], [4.751409, 45.70673], [4.751229, 45.707484], [4.751164, 45.707519], [4.75109, 45.707533], [4.750332, 45.707482], [4.750158, 45.707493], [4.750032, 45.707546], [4.749849, 45.707691], [4.749734, 45.707743], [4.749623, 45.707782], [4.749491, 45.70787], [4.749419, 45.70795], [4.749329, 45.708086], [4.748997, 45.708728], [4.748832, 45.709355], [4.748698, 45.709626], [4.748649, 45.709724], [4.748592, 45.709931], [4.748584, 45.709983], [4.748467, 45.710153], [4.748619, 45.710782], [4.748359, 45.71097], [4.748269, 45.710979], [4.747793, 45.711017], [4.747588, 45.710998], [4.747038, 45.710788], [4.746804, 45.710741], [4.746561, 45.710671], [4.746317, 45.710624], [4.74625, 45.710506], [4.746141, 45.710338], [4.74621, 45.710173], [4.746166, 45.710059], [4.74614, 45.710021], [4.746033, 45.709931], [4.745984, 45.709872], [4.745899, 45.709824], [4.745877, 45.709783], [4.745843, 45.709744], [4.745857, 45.709729], [4.745822, 45.709637], [4.745729, 45.709653], [4.745578, 45.709669], [4.745543, 45.709668], [4.745473, 45.709768], [4.745452, 45.709778], [4.745477, 45.709826], [4.744688, 45.710007], [4.744715, 45.710059], [4.744628, 45.710079], [4.744507, 45.710104], [4.744474, 45.710107], [4.744307, 45.71012], [4.743825, 45.710126], [4.743526, 45.710151], [4.743082, 45.710218], [4.742978, 45.710258], [4.74292, 45.710216], [4.742816, 45.710139], [4.742789, 45.710098], [4.742772, 45.710072]]}, "properties": {"heading": 72, "length_km": 13.398, "retrace": 0.163}}, {"type": "Feature", "geometry": {"type": "LineString", "coordinates": [[4.742772, 45.710072], [4.742789, 45.710098], [4.742816, 45.710139], [4.742774, 45.710354], [4.742832, 45.710371], [4.742869, 45.710412], [4.742872, 45.710437], [4.742862, 45.710461], [4.742842, 45.710482], [4.742814, 45.710497], [4.742847, 45.710552], [4.742965, 45.71053], [4.742927, 45.710433], [4.743066, 45.710397], [4.743579, 45.710456], [4.74387, 45.710479], [4.743906, 45.710456], [4.744021, 45.710452], [4.744252, 45.71043], [4.744357, 45.710411], [4.744755, 45.710296], [4.744808, 45.710336], [4.744959, 45.710424], [4.745112, 45.710544], [4.745132, 45.710559], [4.745226, 45.710619], [4.745195, 45.710634], [4.745178, 45.710623], [4.745101, 45.710663], [4.745043, 45.710705], [4.744992, 45.710756], [4.745035, 45.710771], [4.745023, 45.710789], [4.745057, 45.710807], [4.744991, 45.710898], [4.744912, 45.710923], [4.7449, 45.71094], [4.7449, 45.710987], [4.744804, 45.711012], [4.744825, 45.711074], [4.744778, 45.71115], [4.744768, 45.711167], [4.744743, 45.711423], [4.744468, 45.711948], [4.74439, 45.712096], [4.744355, 45.712164], [4.744304, 45.712243], [4.744268, 45.712324], [4.744272, 45.712406], [4.744305, 45.712562], [4.744443, 45.712894], [4.744537, 45.713122], [4.744563, 45.713239], [4.744569, 45.713376], [4.744531, 45.71474], [4.74453, 45.714761], [4.744519, 45.714802], [4.744613, 45.714773], [4.744762, 45.714797], [4.744954, 45.71484], [4.745246, 45.714928], [4.745636, 45.71505], [4.745804, 45.715109], [4.745957, 45.715172], [4.746142, 45.715271], [4.746335, 45.715386], [4.746498, 45.715468], [4.746997, 45.7157], [4.74711, 45.715747], [4.747224, 45.715781], [4.748191, 45.715978], [4.74857, 45.716074], [4.748558, 45.716121], [4.748686, 45.716168], [4.749465, 45.716381], [4.750201, 45.716589], [4.750824, 45.716765], [4.750917, 45.716791], [4.750963, 45.717345], [4.751015, 45.717803], [4.751156, 45.718317], [4.751115, 45.718412], [4.750889, 45.718542], [4.7507, 45.718642], [4.750614, 45.718763], [4.750543, 45.718971], [4.750475, 45.719786], [4.750444, 45.719943], [4.750312, 45.720307], [4.750211, 45.720829], [4.750218, 45.720913], [4.751501, 45.720808], [4.751681, 45.720928], [4.75226, 45.721823], [4.752845, 45.723079], [4.752976, 45.723173], [4.7531, 45.723203], [4.753365, 45.723091], [4.753427, 45.72304], [4.753422, 45.722832], [4.753604, 45.722763], [4.754122, 45.722705], [4.754916, 45.722671], [4.755791, 45.722573], [4.75665, 45.722459], [4.75649, 45.722902], [4.756334, 45.723244], [4.756098, 45.723872], [4.756439, 45.723958], [4.75664, 45.724027], [4.757622, 45.724123], [4.757673, 45.724111], [4.757769, 45.724048], [4.757842, 45.724021], [4.758027, 45.72401], [4.75796, 45.724046], [4.757949, 45.724083], [4.757979, 45.72425], [4.757984, 45.72442], [4.757956, 45.724541], [4.757984, 45.72442], [4.757979, 45.72425], [4.757949, 45.724083], [4.75796, 45.724046], [4.758027, 45.72401], [4.758765, 45.724012], [4.758829, 45.723995], [4.758861, 45.723965], [4.758864, 45.723804], [4.758891, 45.723686], [4.758947, 45.723613], [4.759046, 45.72357], [4.759271, 45.723553], [4.759314, 45.723507], [4.759052, 45.72352], [4.759129, 45.723433], [4.758952, 45.721825], [4.760292, 45.721869], [4.760119, 45.721531], [4.760088, 45.721436], [4.760058, 45.721339], [4.760016, 45.721348], [4.760007, 45.72135], [4.75998, 45.721292], [4.759925, 45.721209], [4.759873, 45.721149], [4.759755, 45.721049], [4.75967, 45.720947], [4.759597, 45.72078], [4.759592, 45.720582], [4.759582, 45.720527], [4.75949, 45.720363], [4.759502, 45.720359], [4.759536, 45.720349], [4.759574, 45.720338], [4.759591, 45.720334], [4.759573, 45.720299], [4.759564, 45.720282], [4.75958, 45.720278], [4.759602, 45.720273], [4.760369, 45.720115], [4.760535, 45.720079], [4.761037, 45.71997], [4.761422, 45.719886], [4.761484, 45.719872], [4.762392, 45.71969], [4.762669, 45.719654], [4.763002, 45.719695], [4.763217, 45.719727], [4.76374, 45.719806], [4.764042, 45.719778], [4.7643, 45.719696], [4.76455, 45.719547], [4.765163, 45.719383], [4.765345, 45.719298], [4.765486, 45.719336], [4.766137, 45.719341], [4.766323, 45.719375], [4.766497, 45.719443], [4.766892, 45.719717], [4.767035, 45.719796], [4.767036, 45.719731], [4.767002, 45.719497], [4.766947, 45.719295], [4.766936, 45.719198], [4.766949, 45.719126], [4.766996, 45.719048], [4.767199, 45.718856], [4.767312, 45.718653], [4.767491, 45.718145], [4.767547, 45.71791], [4.767718, 45.717649], [4.768319, 45.717109], [4.769162, 45.716264], [4.769262, 45.716073], [4.769331, 45.715848], [4.769353, 45.71578], [4.769501, 45.715384], [4.769542, 45.715213], [4.769637, 45.714899], [4.769664, 45.714546], [4.7697, 45.7145], [4.76972, 45.714447], [4.769794, 45.714088], [4.769887, 45.713469], [4.769922, 45.713182], [4.769977, 45.712937], [4.77001, 45.712713], [4.77002, 45.712441], [4.770004, 45.712075], [4.770016, 45.71198], [4.770055, 45.711821], [4.770052, 45.711764], [4.769962, 45.711576], [4.769936, 45.711495], [4.769928, 45.711418], [4.76987, 45.711418], [4.769766, 45.711405], [4.769277, 45.711243], [4.768328, 45.710955], [4.768001, 45.71089], [4.767791, 45.710838], [4.767456, 45.710788], [4.767272, 45.710748], [4.767036, 45.710677], [4.766579, 45.710523], [4.766355, 45.710463], [4.766255, 45.710404], [4.765335, 45.709944], [4.765218, 45.709938], [4.764904, 45.710135], [4.764759, 45.71018], [4.764605, 45.710162], [4.764435, 45.710101], [4.764267, 45.7101], [4.764047, 45.710153], [4.763805, 45.710237], [4.763396, 45.71029], [4.763348, 45.710264], [4.763545, 45.710017], [4.763617, 45.709882], [4.763657, 45.709711], [4.763663, 45.709366], [4.763648, 45.709094], [4.7636, 45.70897], [4.763459, 45.708856], [4.763467, 45.708732], [4.763465, 45.708321], [4.762979, 45.707929], [4.762851, 45.707772], [4.762712, 45.707485], [4.762623, 45.707401], [4.76267, 45.707298], [4.762671, 45.70718], [4.762617, 45.707018], [4.762661, 45.706974], [4.76267, 45.706915], [4.762666, 45.706795], [4.762673, 45.706718], [4.762721, 45.706576], [4.762754, 45.706503], [4.763033, 45.706143], [4.763118, 45.706025], [4.763261, 45.7058], [4.76331, 45.705709], [4.763339, 45.705613], [4.763411, 45.705428], [4.763474, 45.705294], [4.763569, 45.705188], [4.763872, 45.70477], [4.763939, 45.70469], [4.764103, 45.704578], [4.76507, 45.704875], [4.765346, 45.704945], [4.765481, 45.704975], [4.765662, 45.704993], [4.76591, 45.70498], [4.766382, 45.704914], [4.766847, 45.704825], [4.767263, 45.704734], [4.76746, 45.704695], [4.76742, 45.704439], [4.76746, 45.704695], [4.767263, 45.704734], [4.766847, 45.704825], [4.766382, 45.704914], [4.76591, 45.70498], [4.765662, 45.704993], [4.765481, 45.704975], [4.765346, 45.704945], [4.76507, 45.704875], [4.764103, 45.704578], [4.763974, 45.704507], [4.763896, 45.704427], [4.763843, 45.704358], [4.763743, 45.704151], [4.763619, 45.703873], [4.763562, 45.703711], [4.763494, 45.703578], [4.763213, 45.702972], [4.763163, 45.702914], [4.763189, 45.702843], [4.763203, 45.702729], [4.763194, 45.70266], [4.763144, 45.702475], [4.763093, 45.702289], [4.763032, 45.70204], [4.762867, 45.701535], [4.762832, 45.701481], [4.762812, 45.701424], [4.762797, 45.701337], [4.762668, 45.7009], [4.762486, 45.700359], [4.762438, 45.700015], [4.762419, 45.699843], [4.762403, 45.699248], [4.7624, 45.699176], [4.762393, 45.699141], [4.762385, 45.699111], [4.762334, 45.69911], [4.762286, 45.699098], [4.762247, 45.699075], [4.762221, 45.699045], [4.762179, 45.699054], [4.762137, 45.699063], [4.761741, 45.69914], [4.761031, 45.699267], [4.760887, 45.699301], [4.760727, 45.699348], [4.76051, 45.699436], [4.760359, 45.69952], [4.76018, 45.699652], [4.760083, 45.699751], [4.759755, 45.700201], [4.759674, 45.700281], [4.759604, 45.700333], [4.759495, 45.700394], [4.759408, 45.700429], [4.759313, 45.700456], [4.759196, 45.700479], [4.759081, 45.700488], [4.758974, 45.700484], [4.758859, 45.700465], [4.758398, 45.700316], [4.758317, 45.700295], [4.758084, 45.700254], [4.757813, 45.70023], [4.757609, 45.700226], [4.757432, 45.700236], [4.756337, 45.70037], [4.756244, 45.700376], [4.755714, 45.698418], [4.755656, 45.698252], [4.755916, 45.698119], [4.755958, 45.698006], [4.755934, 45.69791], [4.755849, 45.697793], [4.756528, 45.69769], [4.756731, 45.697632], [4.756828, 45.697561], [4.757088, 45.697225], [4.757442, 45.696585], [4.758824, 45.694812], [4.758636, 45.69479], [4.757993, 45.695381], [4.758636, 45.69479], [4.758824, 45.694812], [4.757442, 45.696585], [4.757088, 45.697225], [4.756828, 45.697561], [4.756731, 45.697632], [4.756528, 45.69769], [4.755849, 45.697793], [4.755934, 45.69791], [4.755958, 45.698006], [4.755916, 45.698119], [4.755656, 45.698252], [4.755714, 45.698418], [4.756244, 45.700376], [4.755335, 45.700386], [4.755138, 45.700376], [4.754619, 45.700431], [4.754614, 45.700385], [4.754263, 45.700397], [4.754263, 45.700411], [4.754268, 45.700446], [4.754174, 45.700453], [4.754115, 45.700468], [4.754075, 45.700494], [4.754014, 45.700498], [4.753875, 45.700502], [4.753757, 45.70049], [4.753617, 45.700487], [4.753507, 45.7005], [4.753362, 45.700532], [4.753197, 45.700546], [4.752713, 45.700581], [4.752362, 45.700588], [4.752278, 45.700588], [4.752197, 45.700589], [4.752196, 45.700649], [4.752199, 45.700775], [4.752291, 45.701183], [4.752177, 45.701206], [4.75223, 45.701297], [4.752338, 45.701395], [4.752155, 45.701627], [4.75214, 45.701736], [4.752145, 45.701777], [4.752105, 45.701841], [4.752016, 45.70192], [4.751887, 45.701987], [4.751747, 45.701985], [4.751715, 45.701999], [4.751697, 45.702056], [4.751644, 45.702163], [4.751585, 45.702257], [4.751484, 45.702336], [4.751425, 45.702431], [4.751463, 45.702543], [4.751403, 45.702617], [4.751371, 45.702739], [4.751318, 45.702789], [4.751297, 45.702871], [4.751351, 45.703027], [4.7514, 45.703087], [4.751364, 45.703273], [4.751318, 45.703411], [4.751329, 45.703448], [4.751469, 45.703523], [4.751651, 45.703568], [4.751844, 45.703553], [4.752109, 45.703679], [4.752236, 45.703542], [4.752514, 45.703588], [4.752561, 45.703614], [4.752558, 45.703756], [4.752543, 45.703835], [4.752461, 45.703906], [4.752531, 45.703911], [4.752783, 45.704042], [4.752859, 45.704074], [4.752488, 45.704588], [4.752561, 45.70461], [4.752591, 45.704619], [4.753091, 45.704622], [4.753208, 45.704623], [4.753287, 45.704633], [4.753357, 45.704653], [4.753412, 45.70468], [4.753467, 45.704704], [4.753377, 45.704799], [4.753289, 45.704864], [4.75316, 45.704941], [4.753038, 45.705], [4.752892, 45.705064], [4.752539, 45.705273], [4.751767, 45.705816], [4.751663, 45.705912], [4.751583, 45.705998], [4.751502, 45.70612], [4.75141, 45.706321], [4.751387, 45.706406], [4.751378, 45.706474], [4.751424, 45.706646], [4.751409, 45.70673], [4.751229, 45.707484], [4.751164, 45.707519], [4.75109, 45.707533], [4.750332, 45.707482], [4.750158, 45.707493], [4.750032, 45.707546], [4.749849, 45.707691], [4.749734, 45.707743], [4.749623, 45.707782], [4.749491, 45.70787], [4.749419, 45.70795], [4.749329, 45.708086], [4.748997, 45.708728], [4.748832, 45.709355], [4.748698, 45.709626], [4.748649, 45.709724], [4.748592, 45.709931], [4.748584, 45.709983], [4.748467, 45.710153], [4.748619, 45.710782], [4.748359, 45.71097], [4.748269, 45.710979], [4.747793, 45.711017], [4.747588, 45.710998], [4.747038, 45.710788], [4.746804, 45.710741], [4.746561, 45.710671], [4.746317, 45.710624], [4.74625, 45.710506], [4.746141, 45.710338], [4.74621, 45.710173], [4.746166, 45.710059], [4.74614, 45.710021], [4.746033, 45.709931], [4.745984, 45.709872], [4.745899, 45.709824], [4.745877, 45.709783], [4.745843, 45.709744], [4.745857, 45.709729], [4.745822, 45.709637], [4.745729, 45.709653], [4.745578, 45.709669], [4.745543, 45.709668], [4.745473, 45.709768], [4.745452, 45.709778], [4.745477, 45.709826], [4.744688, 45.710007], [4.744715, 45.710059], [4.744628, 45.710079], [4.744507, 45.710104], [4.744474, 45.710107], [4.744307, 45.71012], [4.743825, 45.710126], [4.743526, 45.710151], [4.743082, 45.710218], [4.742978, 45.710258], [4.74292, 45.710216], [4.742816, 45.710139], [4.742789, 45.710098], [4.742772, 45.710072]]}, "properties": {"heading": 90, "length_km": 12.437, "retrace": 0.193}}, {"type": "Feature", "geometry": {"type": "LineString", "coordinates": [[4.742772, 45.710072], [4.742789, 45.710098], [4.742816, 45.710139], [4.742774, 45.710354], [4.742832, 45.710371], [4.742869, 45.710412], [4.742872, 45.710437], [4.742862, 45.710461], [4.742842, 45.710482], [4.742814, 45.710497], [4.742847, 45.710552], [4.742965, 45.71053], [4.742927, 45.710433], [4.743066, 45.710397], [4.743579, 45.710456], [4.74387, 45.710479], [4.743906, 45.710456], [4.744021, 45.710452], [4.744252, 45.71043], [4.744357, 45.710411], [4.744755, 45.710296], [4.744808, 45.710336], [4.744959, 45.710424], [4.745112, 45.710544], [4.745132, 45.710559], [4.745226, 45.710619], [4.745195, 45.710634], [4.745178, 45.710623], [4.745101, 45.710663], [4.745043, 45.710705], [4.744992, 45.710756], [4.745035, 45.710771], [4.745023, 45.710789], [4.745057, 45.710807], [4.744991, 45.710898], [4.744912, 45.710923], [4.7449, 45.71094], [4.7449, 45.710987], [4.744804, 45.711012], [4.744825, 45.711074], [4.744778, 45.71115], [4.744768, 45.711167], [4.744743, 45.711423], [4.744468, 45.711948], [4.74439, 45.712096], [4.744355, 45.712164], [4.744304, 45.712243], [4.744268, 45.712324], [4.744272, 45.712406], [4.744305, 45.712562], [4.744443, 45.712894], [4.744537, 45.713122], [4.744563, 45.713239], [4.744569, 45.713376], [4.744531, 45.71474], [4.74453, 45.714761], [4.744519, 45.714802], [4.744613, 45.714773], [4.744762, 45.714797], [4.744954, 45.71484], [4.745246, 45.714928], [4.745636, 45.71505], [4.745804, 45.715109], [4.745957, 45.715172], [4.746142, 45.715271], [4.746335, 45.715386], [4.746498, 45.715468], [4.746997, 45.7157], [4.74711, 45.715747], [4.747224, 45.715781], [4.748191, 45.715978], [4.74857, 45.716074], [4.748558, 45.716121], [4.748686, 45.716168], [4.749465, 45.716381], [4.750201, 45.716589], [4.750824, 45.716765], [4.750917, 45.716791], [4.751054, 45.716828], [4.751638, 45.716985], [4.75181, 45.717017], [4.752575, 45.717128], [4.752793, 45.717177], [4.75289, 45.717174], [4.752986, 45.717159], [4.753085, 45.717129], [4.753192, 45.717181], [4.753469, 45.717306], [4.753509, 45.71727], [4.753553, 45.717226], [4.754062, 45.716952], [4.754206, 45.716883], [4.754411, 45.716787], [4.754773, 45.716647], [4.755044, 45.716564], [4.755266, 45.716513], [4.75555, 45.716476], [4.755833, 45.71646], [4.756295, 45.716499], [4.75653, 45.716541], [4.756759, 45.716614], [4.75695, 45.71671], [4.757012, 45.716741], [4.757269, 45.716899], [4.757459, 45.716978], [4.757683, 45.717033], [4.757925, 45.717057], [4.758054, 45.717056], [4.758059, 45.717101], [4.758138, 45.717103], [4.758169, 45.71711], [4.758201, 45.717126], [4.758227, 45.717154], [4.758234, 45.717177], [4.758372, 45.718086], [4.758412, 45.718248], [4.758488, 45.718432], [4.759006, 45.719418], [4.759024, 45.719414], [4.759062, 45.719405], [4.7591, 45.719395], [4.759106, 45.719393], [4.759288, 45.719739], [4.759298, 45.719758], [4.759551, 45.720254], [4.759564, 45.720282], [4.759573, 45.720299], [4.759591, 45.720334], [4.759574, 45.720338], [4.759536, 45.720349], [4.759621, 45.720502], [4.75969, 45.720586], [4.759709, 45.720712], [4.759822, 45.7208], [4.76011, 45.720867], [4.760182, 45.720895], [4.760721, 45.720949], [4.761151, 45.721067], [4.762973, 45.721662], [4.762981, 45.721604], [4.762895, 45.721503], [4.762879, 45.7214], [4.762914, 45.721237], [4.763, 45.72111], [4.763853, 45.720803], [4.763, 45.72111], [4.762914, 45.721237], [4.762879, 45.7214], [4.762895, 45.721503], [4.762981, 45.721604], [4.762973, 45.721662], [4.761151, 45.721067], [4.760721, 45.720949], [4.760182, 45.720895], [4.76011, 45.720867], [4.759822, 45.7208], [4.759709, 45.720712], [4.75969, 45.720586], [4.759621, 45.720502], [4.759536, 45.720349], [4.759574, 45.720338], [4.759591, 45.720334], [4.759573, 45.720299], [4.759564, 45.720282], [4.759551, 45.720254], [4.759298, 45.719758], [4.759288, 45.719739], [4.759106, 45.719393], [4.7591, 45.719395], [4.759062, 45.719405], [4.759024, 45.719414], [4.759006, 45.719418], [4.758488, 45.718432], [4.758412, 45.718248], [4.758372, 45.718086], [4.758234, 45.717177], [4.758227, 45.717154], [4.758201, 45.717126], [4.758169, 45.71711], [4.758138, 45.717103], [4.758059, 45.717101], [4.758054, 45.717056], [4.758118, 45.717056], [4.758182, 45.717056], [4.758175, 45.717032], [4.758181, 45.717007], [4.758199, 45.716986], [4.758227, 45.716971], [4.75826, 45.716964], [4.758235, 45.716917], [4.758217, 45.716885], [4.758157, 45.716552], [4.75807, 45.71623], [4.757952, 45.71592], [4.75777, 45.715492], [4.757683, 45.715307], [4.757613, 45.715108], [4.757579, 45.714977], [4.757561, 45.714848], [4.757532, 45.714605], [4.757519, 45.714263], [4.757506, 45.71393], [4.757502, 45.713446], [4.757563, 45.712812], [4.757575, 45.712714], [4.757625, 45.712707], [4.757666, 45.712685], [4.757689, 45.712653], [4.75769, 45.712617], [4.757676, 45.712592], [4.75765, 45.712571], [4.757615, 45.712558], [4.757669, 45.712483], [4.757825, 45.712265], [4.75795, 45.712126], [4.758093, 45.712024], [4.758502, 45.711799], [4.758932, 45.711686], [4.759031, 45.71164], [4.759369, 45.711205], [4.760216, 45.710602], [4.760473, 45.710442], [4.760828, 45.710222], [4.760959, 45.710122], [4.760986, 45.709963], [4.760961, 45.709734], [4.760895, 45.709406], [4.760889, 45.709254], [4.760902, 45.709189], [4.761, 45.709114], [4.761172, 45.709086], [4.763338, 45.708915], [4.763459, 45.708856], [4.763467, 45.708732], [4.763465, 45.708321], [4.762979, 45.707929], [4.762851, 45.707772], [4.762712, 45.707485], [4.762623, 45.707401], [4.76267, 45.707298], [4.762671, 45.70718], [4.762617, 45.707018], [4.762661, 45.706974], [4.76267, 45.706915], [4.762666, 45.706795], [4.762673, 45.706718], [4.762721, 45.706576], [4.762754, 45.706503], [4.763033, 45.706143], [4.763118, 45.706025], [4.763261, 45.7058], [4.76331, 45.705709], [4.763339, 45.705613], [4.763411, 45.705428], [4.763474, 45.705294], [4.763569, 45.705188], [4.763872, 45.70477], [4.763939, 45.70469], [4.764103, 45.704578], [4.76507, 45.704875], [4.765346, 45.704945], [4.765481, 45.704975], [4.765472, 45.705026], [4.765465, 45.705062], [4.765454, 45.70516], [4.765476, 45.705251], [4.765486, 45.705282], [4.7655, 45.705324], [4.765516, 45.705366], [4.765531, 45.705411], [4.765693, 45.705904], [4.76575, 45.706075], [4.765755, 45.706093], [4.765912, 45.706565], [4.766211, 45.707487], [4.766445, 45.708099], [4.766652, 45.708628], [4.766701, 45.708749], [4.766768, 45.708924], [4.766825, 45.709071], [4.767157, 45.709332], [4.768174, 45.709386], [4.768311, 45.70945], [4.768696, 45.710001], [4.768311, 45.70945], [4.768174, 45.709386], [4.767157, 45.709332], [4.766825, 45.709071], [4.766768, 45.708924], [4.766701, 45.708749], [4.766652, 45.708628], [4.766445, 45.708099], [4.766211, 45.707487], [4.765912, 45.706565], [4.765755, 45.706093], [4.76575, 45.706075], [4.765693, 45.705904], [4.765531, 45.705411], [4.765516, 45.705366], [4.7655, 45.705324], [4.765486, 45.705282], [4.765476, 45.705251], [4.765454, 45.70516], [4.765465, 45.705062], [4.765472, 45.705026], [4.765481, 45.704975], [4.765346, 45.704945], [4.765337, 45.704817], [4.765196, 45.70369], [4.765132, 45.703521], [4.764968, 45.703141], [4.764872, 45.702914], [4.764763, 45.702556], [4.764669, 45.702142], [4.764656, 45.702084], [4.764499, 45.701814], [4.764415, 45.70167], [4.764194, 45.701272], [4.764095, 45.701082], [4.76407, 45.700901], [4.764079, 45.70084], [4.764173, 45.700196], [4.764223, 45.699564], [4.76407, 45.699656], [4.763912, 45.69969], [4.76407, 45.699656], [4.764223, 45.699564], [4.7642, 45.699386], [4.764086, 45.69899], [4.764001, 45.698887], [4.763962, 45.698864], [4.76392, 45.69884], [4.763868, 45.698821], [4.763805, 45.698802], [4.763505, 45.698837], [4.763419, 45.698838], [4.762594, 45.698982], [4.762551, 45.698991], [4.762513, 45.699], [4.762509, 45.699031], [4.762492, 45.69906], [4.762464, 45.699084], [4.762428, 45.699101], [4.762385, 45.699111], [4.762334, 45.69911], [4.762286, 45.699098], [4.762202, 45.699121], [4.761252, 45.699283], [4.760968, 45.699342], [4.760861, 45.699372], [4.760742, 45.699416], [4.76049, 45.699523], [4.760364, 45.699599], [4.760256, 45.699677], [4.760163, 45.699775], [4.759869, 45.700184], [4.759795, 45.700272], [4.759711, 45.700341], [4.759621, 45.700401], [4.759523, 45.70045], [4.75933, 45.700517], [4.759234, 45.700536], [4.759035, 45.70055], [4.758917, 45.700542], [4.758809, 45.700522], [4.758397, 45.700377], [4.75824, 45.700339], [4.757949, 45.700299], [4.75769, 45.700284], [4.757452, 45.700292], [4.756259, 45.700437], [4.755133, 45.700444], [4.75493, 45.700475], [4.75479, 45.700504], [4.754664, 45.700548], [4.754636, 45.700514], [4.754622, 45.700479], [4.754619, 45.700431], [4.754614, 45.700385], [4.754263, 45.700397], [4.754277, 45.699987], [4.754323, 45.69846], [4.753902, 45.698478], [4.753284, 45.698483], [4.752878, 45.698507], [4.752396, 45.698586], [4.750167, 45.698919], [4.749609, 45.698996], [4.749499, 45.699002], [4.747616, 45.698992], [4.747277, 45.699068], [4.747176, 45.699015], [4.746551, 45.698606], [4.745965, 45.698154], [4.745827, 45.697985], [4.745765, 45.697808], [4.745759, 45.69714], [4.745775, 45.697009], [4.746068, 45.696357], [4.746243, 45.695983], [4.746536, 45.695171], [4.746672, 45.694518], [4.746815, 45.693984], [4.746824, 45.693896], [4.746817, 45.693825], [4.746758, 45.693419], [4.746719, 45.693255], [4.746698, 45.692862], [4.74666, 45.692661], [4.746688, 45.692622], [4.74673, 45.692599], [4.746787, 45.692588], [4.747485, 45.692502], [4.748035, 45.692462], [4.748225, 45.692467], [4.748961, 45.692538], [4.749609, 45.692616], [4.749777, 45.692597], [4.749899, 45.692568], [4.749777, 45.692597], [4.749609, 45.692616], [4.748961, 45.692538], [4.748225, 45.692467], [4.748035, 45.692462], [4.747485, 45.692502], [4.746787, 45.692588], [4.74673, 45.692599], [4.746688, 45.692622], [4.74666, 45.692661], [4.746698, 45.692862], [4.746719, 45.693255], [4.746758, 45.693419], [4.746817, 45.693825], [4.746824, 45.693896], [4.746815, 45.693984], [4.746672, 45.694518], [4.746536, 45.695171], [4.746243, 45.695983], [4.746068, 45.696357], [4.745775, 45.697009], [4.745759, 45.69714], [4.745765, 45.697808], [4.745827, 45.697985], [4.745965, 45.698154], [4.746551, 45.698606], [4.747176, 45.699015], [4.74569, 45.699594], [4.744794, 45.699923], [4.744542, 45.700336], [4.744499, 45.700441], [4.743972, 45.701065], [4.743766, 45.701316], [4.743592, 45.701729], [4.743346, 45.702327], [4.743326, 45.702377], [4.743115, 45.70294], [4.743072, 45.703055], [4.742958, 45.703276], [4.742851, 45.70348], [4.742717, 45.703738], [4.742703, 45.703805], [4.742693, 45.70385], [4.74267, 45.703908], [4.74264, 45.703984], [4.742425, 45.704487], [4.742366, 45.704623], [4.742272, 45.704808], [4.742255, 45.704851], [4.741864, 45.705799], [4.74184, 45.705856], [4.741685, 45.706215], [4.741892, 45.706309], [4.742131, 45.706405], [4.741525, 45.707043], [4.741314, 45.707272], [4.740913, 45.707676], [4.741122, 45.707839], [4.741275, 45.708005], [4.741457, 45.708226], [4.741626, 45.708487], [4.741671, 45.708547], [4.741778, 45.708687], [4.741912, 45.708875], [4.742344, 45.709476], [4.742424, 45.709581], [4.742447, 45.709611], [4.742465, 45.709634], [4.742623, 45.709846], [4.742772, 45.710072]]}, "properties": {"heading": 108, "length_km": 12.795, "retrace": 0.405}}, {"type": "Feature", "geometry": {"type": "LineString", "coordinates": [[4.742772, 45.710072], [4.742789, 45.710098], [4.742816, 45.710139], [4.74292, 45.710216], [4.742978, 45.710258], [4.743082, 45.710218], [4.743526, 45.710151], [4.743825, 45.710126], [4.744307, 45.71012], [4.744474, 45.710107], [4.744507, 45.710104], [4.744628, 45.710079], [4.744715, 45.710059], [4.744688, 45.710007], [4.745477, 45.709826], [4.745452, 45.709778], [4.745473, 45.709768], [4.745543, 45.709668], [4.745578, 45.709669], [4.745729, 45.709653], [4.745822, 45.709637], [4.745857, 45.709729], [4.745843, 45.709744], [4.745877, 45.709783], [4.745899, 45.709824], [4.745984, 45.709872], [4.746033, 45.709931], [4.74614, 45.710021], [4.746166, 45.710059], [4.74621, 45.710173], [4.746141, 45.710338], [4.74625, 45.710506], [4.746317, 45.710624], [4.746561, 45.710671], [4.746804, 45.710741], [4.747038, 45.710788], [4.747588, 45.710998], [4.747793, 45.711017], [4.748269, 45.710979], [4.748359, 45.71097], [4.748619, 45.710782], [4.748467, 45.710153], [4.748584, 45.709983], [4.748592, 45.709931], [4.748649, 45.709724], [4.748698, 45.709626], [4.748832, 45.709355], [4.748997, 45.708728], [4.749329, 45.708086], [4.749419, 45.70795], [4.749491, 45.70787], [4.749623, 45.707782], [4.749734, 45.707743], [4.749849, 45.707691], [4.750032, 45.707546], [4.750158, 45.707493], [4.750332, 45.707482], [4.75109, 45.707533], [4.751164, 45.707519], [4.751229, 45.707484], [4.751409, 45.70673], [4.751424, 45.706646], [4.751378, 45.706474], [4.751387, 45.706406], [4.75141, 45.706321], [4.751502, 45.70612], [4.751583, 45.705998], [4.751663, 45.705912], [4.751767, 45.705816], [4.752539, 45.705273], [4.752892, 45.705064], [4.753038, 45.705], [4.75316, 45.704941], [4.753289, 45.704864], [4.753377, 45.704799], [4.753467, 45.704704], [4.753601, 45.704559], [4.753699, 45.704436], [4.753821, 45.704334], [4.753934, 45.704284], [4.754053, 45.704263], [4.754169, 45.704272], [4.7543, 45.704312], [4.754752, 45.704436], [4.755022, 45.70453], [4.755099, 45.704578], [4.755131, 45.704619], [4.755134, 45.704677], [4.755109, 45.705197], [4.755161, 45.70539], [4.755213, 45.705475], [4.755286, 45.70555], [4.75539, 45.705616], [4.755515, 45.705675], [4.75561, 45.705707], [4.755768, 45.705745], [4.755993, 45.705774], [4.756218, 45.705786], [4.756363, 45.705783], [4.756762, 45.705814], [4.756881, 45.705833], [4.757003, 45.705861], [4.757135, 45.705901], [4.75743, 45.705994], [4.757639, 45.706071], [4.757738, 45.706131], [4.757814, 45.706196], [4.757909, 45.706212], [4.758501, 45.706233], [4.758857, 45.706272], [4.759652, 45.706388], [4.759815, 45.706378], [4.76013, 45.706307], [4.760953, 45.706253], [4.76106, 45.706266], [4.761153, 45.706184], [4.761377, 45.706159], [4.761581, 45.706195], [4.761771, 45.706275], [4.761872, 45.70646], [4.761964, 45.706885], [4.76209, 45.707203], [4.762166, 45.707342], [4.762271, 45.70743], [4.762418, 45.707457], [4.762541, 45.707442], [4.762623, 45.707401], [4.762712, 45.707485], [4.762851, 45.707772], [4.762979, 45.707929], [4.763465, 45.708321], [4.763467, 45.708732], [4.763459, 45.708856], [4.7636, 45.70897], [4.763648, 45.709094], [4.763663, 45.709366], [4.763657, 45.709711], [4.763617, 45.709882], [4.763545, 45.710017], [4.763348, 45.710264], [4.763396, 45.71029], [4.763805, 45.710237], [4.764047, 45.710153], [4.764267, 45.7101], [4.764435, 45.710101], [4.764605, 45.710162], [4.764759, 45.71018], [4.764904, 45.710135], [4.765218, 45.709938], [4.765335, 45.709944], [4.766255, 45.710404], [4.766355, 45.710463], [4.766579, 45.710523], [4.767036, 45.710677], [4.767272, 45.710748], [4.767456, 45.710788], [4.767791, 45.710838], [4.768001, 45.71089], [4.768328, 45.710955], [4.769277, 45.711243], [4.769766, 45.711405], [4.76987, 45.711418], [4.769928, 45.711418], [4.769936, 45.711495], [4.769962, 45.711576], [4.770052, 45.711764], [4.770055, 45.711821], [4.770016, 45.71198], [4.770004, 45.712075], [4.77002, 45.712441], [4.77001, 45.712713], [4.769977, 45.712937], [4.769922, 45.713182], [4.769887, 45.713469], [4.769794, 45.714088], [4.76972, 45.714447], [4.7697, 45.7145], [4.769664, 45.714546], [4.769637, 45.714899], [4.769542, 45.715213], [4.769501, 45.715384], [4.769353, 45.71578], [4.769331, 45.715848], [4.769353, 45.71578], [4.769501, 45.715384], [4.769542, 45.715213], [4.769637, 45.714899], [4.769664, 45.714546], [4.7697, 45.7145], [4.76972, 45.714447], [4.769794, 45.714088], [4.769887, 45.713469], [4.769922, 45.713182], [4.769977, 45.712937], [4.77001, 45.712713], [4.77002, 45.712441], [4.770004, 45.712075], [4.770016, 45.71198], [4.770055, 45.711821], [4.770052, 45.711764], [4.769962, 45.711576], [4.769936, 45.711495], [4.769928, 45.711418], [4.76987, 45.711418], [4.769766, 45.711405], [4.769277, 45.711243], [4.768328, 45.710955], [4.768001, 45.71089], [4.767791, 45.710838], [4.767456, 45.710788], [4.767272, 45.710748], [4.767036, 45.710677], [4.766579, 45.710523], [4.766355, 45.710463], [4.766255, 45.710404], [4.765335, 45.709944], [4.765218, 45.709938], [4.764904, 45.710135], [4.764759, 45.71018], [4.764605, 45.710162], [4.764435, 45.710101], [4.764267, 45.7101], [4.764047, 45.710153], [4.763805, 45.710237], [4.763396, 45.71029], [4.763348, 45.710264], [4.763545, 45.710017], [4.763617, 45.709882], [4.763657, 45.709711], [4.763663, 45.709366], [4.763648, 45.709094], [4.7636, 45.70897], [4.763459, 45.708856], [4.763467, 45.708732], [4.763465, 45.708321], [4.762979, 45.707929], [4.762851, 45.707772], [4.762712, 45.707485], [4.762623, 45.707401], [4.76267, 45.707298], [4.762671, 45.70718], [4.762617, 45.707018], [4.762661, 45.706974], [4.76267, 45.706915], [4.762666, 45.706795], [4.762673, 45.706718], [4.762721, 45.706576], [4.762754, 45.706503], [4.763033, 45.706143], [4.763118, 45.706025], [4.763261, 45.7058], [4.76331, 45.705709], [4.763339, 45.705613], [4.763411, 45.705428], [4.763474, 45.705294], [4.763569, 45.705188], [4.763872, 45.70477], [4.763939, 45.70469], [4.764103, 45.704578], [4.76507, 45.704875], [4.765346, 45.704945], [4.765481, 45.704975], [4.765662, 45.704993], [4.76591, 45.70498], [4.766382, 45.704914], [4.766847, 45.704825], [4.767263, 45.704734], [4.76746, 45.704695], [4.76742, 45.704439], [4.76746, 45.704695], [4.767263, 45.704734], [4.766847, 45.704825], [4.766382, 45.704914], [4.76591, 45.70498], [4.765662, 45.704993], [4.765481, 45.704975], [4.765346, 45.704945], [4.76507, 45.704875], [4.764103, 45.704578], [4.763974, 45.704507], [4.763896, 45.704427], [4.763843, 45.704358], [4.763743, 45.704151], [4.763619, 45.703873], [4.763562, 45.703711], [4.763494, 45.703578], [4.763213, 45.702972], [4.763163, 45.702914], [4.763189, 45.702843], [4.763203, 45.702729], [4.763194, 45.70266], [4.763144, 45.702475], [4.763093, 45.702289], [4.763032, 45.70204], [4.762867, 45.701535], [4.762832, 45.701481], [4.762812, 45.701424], [4.762797, 45.701337], [4.762668, 45.7009], [4.762486, 45.700359], [4.762438, 45.700015], [4.762419, 45.699843], [4.762403, 45.699248], [4.7624, 45.699176], [4.762393, 45.699141], [4.762385, 45.699111], [4.762334, 45.69911], [4.762286, 45.699098], [4.762247, 45.699075], [4.762221, 45.699045], [4.762179, 45.699054], [4.762137, 45.699063], [4.761741, 45.69914], [4.761031, 45.699267], [4.760887, 45.699301], [4.760727, 45.699348], [4.76051, 45.699436], [4.760359, 45.69952], [4.76018, 45.699652], [4.760083, 45.699751], [4.759755, 45.700201], [4.759674, 45.700281], [4.759604, 45.700333], [4.759495, 45.700394], [4.759408, 45.700429], [4.759313, 45.700456], [4.759196, 45.700479], [4.759081, 45.700488], [4.758974, 45.700484], [4.758859, 45.700465], [4.758398, 45.700316], [4.758317, 45.700295], [4.758084, 45.700254], [4.757813, 45.70023], [4.757609, 45.700226], [4.757432, 45.700236], [4.756337, 45.70037], [4.756244, 45.700376], [4.755714, 45.698418], [4.755656, 45.698252], [4.755916, 45.698119], [4.755958, 45.698006], [4.755934, 45.69791], [4.755849, 45.697793], [4.756528, 45.69769], [4.756731, 45.697632], [4.756828, 45.697561], [4.757088, 45.697225], [4.757442, 45.696585], [4.758824, 45.694812], [4.758636, 45.69479], [4.757993, 45.695381], [4.758636, 45.69479], [4.758824, 45.694812], [4.757442, 45.696585], [4.757088, 45.697225], [4.756828, 45.697561], [4.756731, 45.697632], [4.756528, 45.69769], [4.755849, 45.697793], [4.755934, 45.69791], [4.755958, 45.698006], [4.755916, 45.698119], [4.755656, 45.698252], [4.755714, 45.698418], [4.756244, 45.700376], [4.755335, 45.700386], [4.755138, 45.700376], [4.754619, 45.700431], [4.754614, 45.700385], [4.754263, 45.700397], [4.754277, 45.699987], [4.754323, 45.69846], [4.753902, 45.698478], [4.753284, 45.698483], [4.752878, 45.698507], [4.752396, 45.698586], [4.750167, 45.698919], [4.749609, 45.698996], [4.749499, 45.699002], [4.747616, 45.698992], [4.747277, 45.699068], [4.747176, 45.699015], [4.746551, 45.698606], [4.745965, 45.698154], [4.745827, 45.697985], [4.745765, 45.697808], [4.745759, 45.69714], [4.745775, 45.697009], [4.745208, 45.695708], [4.745083, 45.69522], [4.744961, 45.694735], [4.744761, 45.694105], [4.74458, 45.693722], [4.744452, 45.693495], [4.74458, 45.693722], [4.744761, 45.694105], [4.744961, 45.694735], [4.745083, 45.69522], [4.745208, 45.695708], [4.745775, 45.697009], [4.745759, 45.69714], [4.745765, 45.697808], [4.745827, 45.697985], [4.745965, 45.698154], [4.746551, 45.698606], [4.747176, 45.699015], [4.74569, 45.699594], [4.744794, 45.699923], [4.744542, 45.700336], [4.744499, 45.700441], [4.743972, 45.701065], [4.743766, 45.701316], [4.743592, 45.701729], [4.743346, 45.702327], [4.743326, 45.702377], [4.743115, 45.70294], [4.743072, 45.703055], [4.742958, 45.703276], [4.742851, 45.70348], [4.742717, 45.703738], [4.742703, 45.703805], [4.742693, 45.70385], [4.74267, 45.703908], [4.74264, 45.703984], [4.742425, 45.704487], [4.742366, 45.704623], [4.742272, 45.704808], [4.742255, 45.704851], [4.741864, 45.705799], [4.74184, 45.705856], [4.741685, 45.706215], [4.741892, 45.706309], [4.742131, 45.706405], [4.741525, 45.707043], [4.741314, 45.707272], [4.740913, 45.707676], [4.741122, 45.707839], [4.741275, 45.708005], [4.741457, 45.708226], [4.741626, 45.708487], [4.741671, 45.708547], [4.741778, 45.708687], [4.741912, 45.708875], [4.742344, 45.709476], [4.742424, 45.709581], [4.742447, 45.709611], [4.742465, 45.709634], [4.742623, 45.709846], [4.742772, 45.710072]]}, "properties": {"heading": 126, "length_km": 12.814, "retrace": 0.502}}, {"type": "Feature", "geometry": {"type": "LineString", "coordinates": [[4.742772, 45.710072], [4.742789, 45.710098], [4.742816, 45.710139], [4.74292, 45.710216], [4.742978, 45.710258], [4.743082, 45.710218], [4.743526, 45.710151], [4.743825, 45.710126], [4.744307, 45.71012], [4.744474, 45.710107], [4.744507, 45.710104], [4.744628, 45.710079], [4.744715, 45.710059], [4.744688, 45.710007], [4.745477, 45.709826], [4.745452, 45.709778], [4.745473, 45.709768], [4.745543, 45.709668], [4.745578, 45.709669], [4.745729, 45.709653], [4.745822, 45.709637], [4.745857, 45.709729], [4.745843, 45.709744], [4.745877, 45.709783], [4.745899, 45.709824], [4.745984, 45.709872], [4.746033, 45.709931], [4.74614, 45.710021], [4.746166, 45.710059], [4.74621, 45.710173], [4.746141, 45.710338], [4.74625, 45.710506], [4.746317, 45.710624], [4.746561, 45.710671], [4.746804, 45.710741], [4.747038, 45.710788], [4.747588, 45.710998], [4.747793, 45.711017], [4.748269, 45.710979], [4.748359, 45.71097], [4.748619, 45.710782], [4.748467, 45.710153], [4.748584, 45.709983], [4.748592, 45.709931], [4.748649, 45.709724], [4.748698, 45.709626], [4.748832, 45.709355], [4.748997, 45.708728], [4.749329, 45.708086], [4.749419, 45.70795], [4.749491, 45.70787], [4.749623, 45.707782], [4.749734, 45.707743], [4.749849, 45.707691], [4.750032, 45.707546], [4.750158, 45.707493], [4.750332, 45.707482], [4.75109, 45.707533], [4.751164, 45.707519], [4.751229, 45.707484], [4.751409, 45.70673], [4.751424, 45.706646], [4.751378, 45.706474], [4.751387, 45.706406], [4.75141, 45.706321], [4.751502, 45.70612], [4.751583, 45.705998], [4.751663, 45.705912], [4.751767, 45.705816], [4.752539, 45.705273], [4.752892, 45.705064], [4.753038, 45.705], [4.75316, 45.704941], [4.753289, 45.704864], [4.753377, 45.704799], [4.753467, 45.704704], [4.753601, 45.704559], [4.753699, 45.704436], [4.753821, 45.704334], [4.753934, 45.704284], [4.754053, 45.704263], [4.754169, 45.704272], [4.7543, 45.704312], [4.754752, 45.704436], [4.755022, 45.70453], [4.755099, 45.704578], [4.755131, 45.704619], [4.755134, 45.704677], [4.755109, 45.705197], [4.755161, 45.70539], [4.755213, 45.705475], [4.755286, 45.70555], [4.75539, 45.705616], [4.755515, 45.705675], [4.75561, 45.705707], [4.755768, 45.705745], [4.755993, 45.705774], [4.756218, 45.705786], [4.756363, 45.705783], [4.756762, 45.705814], [4.756881, 45.705833], [4.757003, 45.705861], [4.757135, 45.705901], [4.75743, 45.705994], [4.757639, 45.706071], [4.757738, 45.706131], [4.757814, 45.706196], [4.757909, 45.706212], [4.758501, 45.706233], [4.758857, 45.706272], [4.759652, 45.706388], [4.759815, 45.706378], [4.76013, 45.706307], [4.760953, 45.706253], [4.76106, 45.706266], [4.761153, 45.706184], [4.761377, 45.706159], [4.761581, 45.706195], [4.761771, 45.706275], [4.761872, 45.70646], [4.761964, 45.706885], [4.76209, 45.707203], [4.762166, 45.707342], [4.762271, 45.70743], [4.762418, 45.707457], [4.762541, 45.707442], [4.762623, 45.707401], [4.76267, 45.707298], [4.762671, 45.70718], [4.762617, 45.707018], [4.762661, 45.706974], [4.76267, 45.706915], [4.762666, 45.706795], [4.762673, 45.706718], [4.762721, 45.706576], [4.762754, 45.706503], [4.763033, 45.706143], [4.763118, 45.706025], [4.763261, 45.7058], [4.76331, 45.705709], [4.763339, 45.705613], [4.763411, 45.705428], [4.763474, 45.705294], [4.763569, 45.705188], [4.763872, 45.70477], [4.763939, 45.70469], [4.764103, 45.704578], [4.76507, 45.704875], [4.765346, 45.704945], [4.765481, 45.704975], [4.765472, 45.705026], [4.765465, 45.705062], [4.765454, 45.70516], [4.765476, 45.705251], [4.765486, 45.705282], [4.7655, 45.705324], [4.765516, 45.705366], [4.765531, 45.705411], [4.765693, 45.705904], [4.76575, 45.706075], [4.765755, 45.706093], [4.765912, 45.706565], [4.766211, 45.707487], [4.766445, 45.708099], [4.766652, 45.708628], [4.766701, 45.708749], [4.766768, 45.708924], [4.766825, 45.709071], [4.767157, 45.709332], [4.768174, 45.709386], [4.768311, 45.70945], [4.768696, 45.710001], [4.768311, 45.70945], [4.768174, 45.709386], [4.767157, 45.709332], [4.766825, 45.709071], [4.766768, 45.708924], [4.766701, 45.708749], [4.766652, 45.708628], [4.766445, 45.708099], [4.766211, 45.707487], [4.765912, 45.706565], [4.765755, 45.706093], [4.76575, 45.706075], [4.765693, 45.705904], [4.765531, 45.705411], [4.765516, 45.705366], [4.7655, 45.705324], [4.765486, 45.705282], [4.765476, 45.705251], [4.765454, 45.70516], [4.765465, 45.705062], [4.765472, 45.705026], [4.765481, 45.704975], [4.765346, 45.704945], [4.765337, 45.704817], [4.765196, 45.70369], [4.765132, 45.703521], [4.764968, 45.703141], [4.764872, 45.702914], [4.764763, 45.702556], [4.764669, 45.702142], [4.764656, 45.702084], [4.764499, 45.701814], [4.764415, 45.70167], [4.764194, 45.701272], [4.764095, 45.701082], [4.76407, 45.700901], [4.764079, 45.70084], [4.764173, 45.700196], [4.764223, 45.699564], [4.76407, 45.699656], [4.763912, 45.69969], [4.76407, 45.699656], [4.764223, 45.699564], [4.7642, 45.699386], [4.764086, 45.69899], [4.764001, 45.698887], [4.763962, 45.698864], [4.76392, 45.69884], [4.763868, 45.698821], [4.763805, 45.698802], [4.763505, 45.698837], [4.763419, 45.698838], [4.762594, 45.698982], [4.762551, 45.698991], [4.762513, 45.699], [4.762509, 45.699031], [4.762492, 45.69906], [4.762464, 45.699084], [4.762428, 45.699101], [4.762385, 45.699111], [4.762334, 45.69911], [4.762286, 45.699098], [4.762202, 45.699121], [4.761252, 45.699283], [4.760968, 45.699342], [4.760861, 45.699372], [4.760742, 45.699416], [4.76049, 45.699523], [4.760364, 45.699599], [4.760256, 45.699677], [4.760163, 45.699775], [4.759869, 45.700184], [4.759795, 45.700272], [4.759711, 45.700341], [4.759621, 45.700401], [4.759523, 45.70045], [4.75933, 45.700517], [4.759234, 45.700536], [4.759035, 45.70055], [4.758917, 45.700542], [4.758809, 45.700522], [4.758397, 45.700377], [4.75824, 45.700339], [4.757949, 45.700299], [4.75769, 45.700284], [4.757452, 45.700292], [4.756259, 45.700437], [4.755133, 45.700444], [4.75493, 45.700475], [4.75479, 45.700504], [4.754664, 45.700548], [4.754636, 45.700514], [4.754622, 45.700479], [4.754619, 45.700431], [4.754614, 45.700385], [4.754263, 45.700397], [4.754277, 45.699987], [4.754323, 45.69846], [4.753902, 45.698478], [4.753284, 45.698483], [4.752878, 45.698507], [4.752396, 45.698586], [4.750167, 45.698919], [4.749609, 45.698996], [4.749499, 45.699002], [4.747616, 45.698992], [4.747277, 45.699068], [4.747176, 45.699015], [4.746551, 45.698606], [4.745965, 45.698154], [4.745827, 45.697985], [4.745765, 45.697808], [4.745759, 45.69714], [4.745775, 45.697009], [4.746068, 45.696357], [4.746243, 45.695983], [4.746536, 45.695171], [4.746672, 45.694518], [4.746815, 45.693984], [4.746824, 45.693896], [4.746817, 45.693825], [4.746758, 45.693419], [4.746719, 45.693255], [4.746698, 45.692862], [4.74666, 45.692661], [4.746688, 45.692622], [4.74673, 45.692599], [4.746787, 45.692588], [4.747485, 45.692502], [4.748035, 45.692462], [4.748225, 45.692467], [4.748961, 45.692538], [4.749609, 45.692616], [4.749777, 45.692597], [4.749899, 45.692568], [4.749777, 45.692597], [4.749609, 45.692616], [4.748961, 45.692538], [4.748225, 45.692467], [4.748035, 45.692462], [4.747485, 45.692502], [4.746787, 45.692588], [4.74673, 45.692599], [4.746688, 45.692622], [4.74666, 45.692661], [4.7465, 45.692044], [4.746496, 45.691944], [4.7465, 45.691727], [4.746554, 45.691256], [4.7466, 45.691007], [4.746604, 45.690872], [4.746613, 45.690825], [4.747132, 45.69058], [4.747152, 45.690456], [4.747029, 45.689951], [4.746923, 45.689747], [4.746642, 45.689093], [4.746611, 45.689029], [4.746539, 45.688922], [4.74649, 45.688782], [4.746481, 45.688607], [4.74656, 45.688261], [4.746569, 45.688093], [4.746555, 45.687965], [4.746497, 45.687764], [4.746457, 45.687688], [4.746389, 45.687771], [4.746186, 45.6879], [4.746006, 45.687996], [4.745826, 45.688063], [4.745663, 45.688114], [4.745368, 45.688163], [4.745077, 45.68814], [4.74465, 45.688133], [4.744385, 45.688144], [4.744256, 45.688165], [4.743891, 45.687649], [4.743427, 45.687032], [4.743324, 45.686916], [4.743252, 45.687001], [4.74291, 45.687221], [4.740614, 45.687955], [4.740165, 45.688215], [4.739483, 45.688575], [4.738895, 45.689025], [4.738667, 45.689354], [4.738047, 45.689573], [4.737794, 45.68959], [4.737675, 45.689613], [4.737801, 45.689723], [4.738296, 45.690046], [4.738601, 45.690349], [4.738805, 45.690403], [4.739212, 45.690335], [4.739344, 45.690348], [4.738383, 45.690568], [4.738278, 45.69058], [4.738077, 45.690571], [4.737307, 45.690555], [4.737182, 45.690574], [4.736651, 45.690823], [4.736368, 45.690975], [4.736132, 45.691017], [4.735851, 45.691033], [4.735662, 45.691075], [4.735542, 45.691128], [4.735234, 45.6913], [4.735013, 45.691407], [4.734566, 45.691723], [4.734381, 45.691778], [4.733731, 45.691974], [4.733431, 45.692037], [4.733242, 45.692099], [4.732921, 45.69224], [4.732803, 45.692271], [4.732668, 45.692271], [4.732405, 45.69226], [4.731563, 45.691944], [4.731352, 45.6918], [4.730874, 45.691437], [4.730616, 45.691409], [4.730012, 45.691599], [4.729386, 45.69174], [4.729282, 45.691808], [4.72905, 45.692149], [4.728494, 45.692511], [4.72822, 45.692616], [4.728176, 45.692639], [4.728142, 45.692679], [4.728146, 45.692738], [4.728198, 45.692781], [4.728242, 45.692786], [4.72831, 45.692776], [4.728369, 45.692726], [4.728415, 45.692669], [4.728485, 45.69262], [4.729234, 45.692317], [4.729448, 45.692148], [4.72952, 45.692134], [4.72958, 45.692138], [4.729613, 45.692191], [4.729589, 45.69225], [4.729027, 45.692693], [4.728713, 45.692836], [4.728616, 45.692905], [4.728617, 45.692954], [4.728645, 45.692987], [4.728706, 45.693007], [4.728767, 45.693002], [4.728807, 45.692987], [4.728835, 45.69294], [4.728885, 45.692879], [4.729002, 45.692812], [4.729062, 45.692804], [4.729119, 45.69282], [4.729139, 45.692838], [4.729147, 45.692866], [4.729099, 45.693007], [4.729092, 45.69312], [4.729113, 45.693225], [4.729187, 45.693409], [4.729364, 45.694078], [4.729449, 45.69449], [4.729506, 45.694609], [4.729752, 45.694944], [4.730232, 45.69569], [4.7306, 45.696223], [4.730839, 45.6967], [4.730971, 45.697018], [4.73108, 45.697362], [4.731124, 45.697584], [4.731146, 45.697907], [4.731187, 45.698017], [4.731242, 45.698117], [4.731343, 45.698272], [4.731535, 45.698532], [4.731557, 45.698572], [4.731638, 45.698746], [4.731743, 45.699036], [4.731906, 45.699394], [4.731954, 45.699511], [4.732094, 45.699708], [4.732128, 45.699754], [4.73263, 45.70023], [4.732988, 45.700582], [4.733182, 45.700721], [4.733417, 45.700873], [4.733779, 45.701174], [4.734076, 45.701368], [4.734181, 45.701429], [4.734396, 45.701621], [4.735495, 45.702673], [4.735716, 45.702993], [4.735953, 45.703227], [4.736905, 45.703812], [4.737666, 45.704697], [4.737644, 45.704992], [4.737712, 45.705016], [4.738314, 45.705266], [4.738457, 45.70532], [4.738682, 45.705483], [4.738878, 45.70547], [4.73911, 45.705503], [4.73945, 45.705551], [4.73944, 45.705612], [4.739802, 45.706075], [4.739868, 45.706115], [4.740245, 45.706242], [4.74024, 45.706405], [4.740134, 45.706596], [4.739924, 45.706822], [4.739857, 45.706875], [4.740256, 45.707249], [4.740437, 45.707381], [4.74086, 45.707642], [4.740913, 45.707676], [4.741122, 45.707839], [4.741275, 45.708005], [4.741457, 45.708226], [4.741626, 45.708487], [4.741671, 45.708547], [4.741778, 45.708687], [4.741912, 45.708875], [4.742344, 45.709476], [4.742424, 45.709581], [4.742447, 45.709611], [4.742465, 45.709634], [4.742623, 45.709846], [4.742772, 45.710072]]}, "properties": {"heading": 144, "length_km": 13.234, "retrace": 0.146}}, {"type": "Feature", "geometry": {"type": "LineString", "coordinates": [[4.742772, 45.710072], [4.742789, 45.710098], [4.742816, 45.710139], [4.74292, 45.710216], [4.742978, 45.710258], [4.743082, 45.710218], [4.743526, 45.710151], [4.743825, 45.710126], [4.744307, 45.71012], [4.744474, 45.710107], [4.744507, 45.710104], [4.744628, 45.710079], [4.744715, 45.710059], [4.744688, 45.710007], [4.745477, 45.709826], [4.745452, 45.709778], [4.745473, 45.709768], [4.745543, 45.709668], [4.745578, 45.709669], [4.745729, 45.709653], [4.745822, 45.709637], [4.745857, 45.709729], [4.745843, 45.709744], [4.745877, 45.709783], [4.745899, 45.709824], [4.745984, 45.709872], [4.746033, 45.709931], [4.74614, 45.710021], [4.746166, 45.710059], [4.74621, 45.710173], [4.746141, 45.710338], [4.74625, 45.710506], [4.746317, 45.710624], [4.746561, 45.710671], [4.746804, 45.710741], [4.747038, 45.710788], [4.747588, 45.710998], [4.747793, 45.711017], [4.748269, 45.710979], [4.748359, 45.71097], [4.748619, 45.710782], [4.748467, 45.710153], [4.748584, 45.709983], [4.748592, 45.709931], [4.748649, 45.709724], [4.748698, 45.709626], [4.748832, 45.709355], [4.748997, 45.708728], [4.749329, 45.708086], [4.749419, 45.70795], [4.749491, 45.70787], [4.749623, 45.707782], [4.749734, 45.707743], [4.749849, 45.707691], [4.750032, 45.707546], [4.750158, 45.707493], [4.750332, 45.707482], [4.75109, 45.707533], [4.751164, 45.707519], [4.751229, 45.707484], [4.751409, 45.70673], [4.751424, 45.706646], [4.751378, 45.706474], [4.751387, 45.706406], [4.75141, 45.706321], [4.751502, 45.70612], [4.751583, 45.705998], [4.751663, 45.705912], [4.751767, 45.705816], [4.752539, 45.705273], [4.752892, 45.705064], [4.753038, 45.705], [4.75316, 45.704941], [4.753289, 45.704864], [4.753377, 45.704799], [4.753467, 45.704704], [4.753601, 45.704559], [4.753699, 45.704436], [4.753821, 45.704334], [4.753934, 45.704284], [4.754053, 45.704263], [4.754169, 45.704272], [4.7543, 45.704312], [4.754752, 45.704436], [4.755022, 45.70453], [4.755099, 45.704578], [4.755131, 45.704619], [4.755134, 45.704677], [4.755109, 45.705197], [4.755161, 45.70539], [4.755213, 45.705475], [4.755286, 45.70555], [4.75539, 45.705616], [4.755515, 45.705675], [4.75561, 45.705707], [4.755768, 45.705745], [4.755993, 45.705774], [4.756218, 45.705786], [4.756363, 45.705783], [4.756762, 45.705814], [4.756881, 45.705833], [4.757003, 45.705861], [4.757135, 45.705901], [4.75743, 45.705994], [4.757639, 45.706071], [4.757738, 45.706131], [4.757814, 45.706196], [4.757909, 45.706212], [4.758501, 45.706233], [4.758857, 45.706272], [4.759652, 45.706388], [4.759815, 45.706378], [4.76013, 45.706307], [4.760953, 45.706253], [4.76106, 45.706266], [4.761153, 45.706184], [4.761377, 45.706159], [4.761581, 45.706195], [4.761771, 45.706275], [4.761872, 45.70646], [4.761964, 45.706885], [4.76209, 45.707203], [4.762166, 45.707342], [4.762271, 45.70743], [4.762418, 45.707457], [4.762541, 45.707442], [4.762623, 45.707401], [4.76267, 45.707298], [4.762671, 45.70718], [4.762617, 45.707018], [4.762661, 45.706974], [4.76267, 45.706915], [4.762666, 45.706795], [4.762673, 45.706718], [4.762721, 45.706576], [4.762754, 45.706503], [4.763033, 45.706143], [4.763118, 45.706025], [4.763261, 45.7058], [4.76331, 45.705709], [4.763339, 45.705613], [4.763411, 45.705428], [4.763474, 45.705294], [4.763569, 45.705188], [4.763872, 45.70477], [4.763939, 45.70469], [4.764103, 45.704578], [4.76507, 45.704875], [4.765346, 45.704945], [4.765481, 45.704975], [4.765662, 45.704993], [4.76591, 45.70498], [4.766382, 45.704914], [4.766847, 45.704825], [4.767263, 45.704734], [4.76746, 45.704695], [4.76742, 45.704439], [4.76746, 45.704695], [4.767263, 45.704734], [4.766847, 45.704825], [4.766382, 45.704914], [4.76591, 45.70498], [4.765662, 45.704993], [4.765481, 45.704975], [4.765346, 45.704945], [4.76507, 45.704875], [4.764103, 45.704578], [4.763974, 45.704507], [4.763896, 45.704427], [4.763843, 45.704358], [4.763743, 45.704151], [4.763619, 45.703873], [4.763562, 45.703711], [4.763494, 45.703578], [4.763213, 45.702972], [4.763163, 45.702914], [4.763189, 45.702843], [4.763203, 45.702729], [4.763194, 45.70266], [4.763144, 45.702475], [4.763093, 45.702289], [4.763032, 45.70204], [4.762867, 45.701535], [4.762832, 45.701481], [4.762812, 45.701424], [4.762797, 45.701337], [4.762668, 45.7009], [4.762486, 45.700359], [4.762438, 45.700015], [4.762419, 45.699843], [4.762403, 45.699248], [4.7624, 45.699176], [4.762393, 45.699141], [4.762385, 45.699111], [4.762334, 45.69911], [4.762286, 45.699098], [4.762247, 45.699075], [4.762221, 45.699045], [4.762179, 45.699054], [4.762137, 45.699063], [4.761741, 45.69914], [4.761031, 45.699267], [4.760887, 45.699301], [4.760727, 45.699348], [4.76051, 45.699436], [4.760359, 45.69952], [4.76018, 45.699652], [4.760083, 45.699751], [4.759755, 45.700201], [4.759674, 45.700281], [4.759604, 45.700333], [4.759495, 45.700394], [4.759408, 45.700429], [4.759313, 45.700456], [4.759196, 45.700479], [4.759081, 45.700488], [4.758974, 45.700484], [4.758859, 45.700465], [4.758398, 45.700316], [4.758317, 45.700295], [4.758084, 45.700254], [4.757813, 45.70023], [4.757609, 45.700226], [4.757432, 45.700236], [4.756337, 45.70037], [4.756244, 45.700376], [4.755714, 45.698418], [4.755656, 45.698252], [4.755916, 45.698119], [4.755958, 45.698006], [4.755934, 45.69791], [4.755849, 45.697793], [4.756528, 45.69769], [4.756731, 45.697632], [4.756828, 45.697561], [4.757088, 45.697225], [4.757442, 45.696585], [4.758824, 45.694812], [4.758636, 45.69479], [4.757993, 45.695381], [4.758636, 45.69479], [4.758824, 45.694812], [4.757442, 45.696585], [4.757088, 45.697225], [4.756828, 45.697561], [4.756731, 45.697632], [4.756528, 45.69769], [4.755849, 45.697793], [4.755934, 45.69791], [4.755958, 45.698006], [4.755916, 45.698119], [4.755656, 45.698252], [4.755714, 45.698418], [4.756244, 45.700376], [4.755335, 45.700386], [4.755138, 45.700376], [4.754619, 45.700431], [4.754614, 45.700385], [4.754263, 45.700397], [4.754277, 45.699987], [4.754323, 45.69846], [4.753902, 45.698478], [4.753284, 45.698483], [4.752878, 45.698507], [4.752396, 45.698586], [4.750167, 45.698919], [4.749609, 45.698996], [4.749499, 45.699002], [4.747616, 45.698992], [4.747277, 45.699068], [4.747176, 45.699015], [4.746551, 45.698606], [4.745965, 45.698154], [4.745827, 45.697985], [4.745765, 45.697808], [4.745759, 45.69714], [4.745775, 45.697009], [4.745208, 45.695708], [4.745083, 45.69522], [4.744961, 45.694735], [4.744761, 45.694105], [4.74458, 45.693722], [4.744452, 45.693495], [4.74458, 45.693722], [4.744761, 45.694105], [4.744961, 45.694735], [4.745083, 45.69522], [4.745208, 45.695708], [4.745775, 45.697009], [4.746068, 45.696357], [4.746243, 45.695983], [4.746536, 45.695171], [4.746672, 45.694518], [4.746815, 45.693984], [4.746824, 45.693896], [4.746817, 45.693825], [4.746758, 45.693419], [4.746719, 45.693255], [4.746698, 45.692862], [4.74666, 45.692661], [4.7465, 45.692044], [4.746496, 45.691944], [4.7465, 45.691727], [4.746554, 45.691256], [4.7466, 45.691007], [4.746604, 45.690872], [4.746613, 45.690825], [4.747132, 45.69058], [4.747152, 45.690456], [4.747029, 45.689951], [4.746923, 45.689747], [4.746642, 45.689093], [4.746611, 45.689029], [4.746539, 45.688922], [4.74649, 45.688782], [4.746481, 45.688607], [4.74656, 45.688261], [4.746569, 45.688093], [4.746555, 45.687965], [4.746497, 45.687764], [4.746457, 45.687688], [4.746389, 45.687771], [4.746186, 45.6879], [4.746006, 45.687996], [4.745826, 45.688063], [4.745663, 45.688114], [4.745368, 45.688163], [4.745077, 45.68814], [4.74465, 45.688133], [4.744385, 45.688144], [4.744256, 45.688165], [4.743891, 45.687649], [4.743427, 45.687032], [4.743324, 45.686916], [4.743252, 45.687001], [4.74291, 45.687221], [4.740614, 45.687955], [4.740165, 45.688215], [4.739483, 45.688575], [4.738895, 45.689025], [4.738667, 45.689354], [4.738047, 45.689573], [4.737794, 45.68959], [4.737675, 45.689613], [4.737801, 45.689723], [4.738296, 45.690046], [4.738601, 45.690349], [4.738805, 45.690403], [4.739212, 45.690335], [4.739344, 45.690348], [4.738383, 45.690568], [4.738278, 45.69058], [4.738077, 45.690571], [4.737307, 45.690555], [4.737182, 45.690574], [4.736651, 45.690823], [4.736368, 45.690975], [4.736132, 45.691017], [4.735851, 45.691033], [4.735662, 45.691075], [4.735542, 45.691128], [4.735234, 45.6913], [4.735013, 45.691407], [4.734566, 45.691723], [4.733731, 45.691974], [4.733431, 45.692037], [4.733242, 45.692099], [4.732921, 45.69224], [4.732803, 45.692271], [4.732668, 45.692271], [4.732405, 45.69226], [4.731563, 45.691944], [4.731352, 45.6918], [4.730874, 45.691437], [4.730616, 45.691409], [4.730012, 45.691599], [4.729386, 45.69174], [4.729282, 45.691808], [4.72905, 45.692149], [4.728494, 45.692511], [4.72822, 45.692616], [4.728176, 45.692639], [4.728142, 45.692679], [4.728146, 45.692738], [4.728198, 45.692781], [4.728242, 45.692786], [4.72831, 45.692776], [4.728369, 45.692726], [4.728415, 45.692669], [4.728485, 45.69262], [4.729234, 45.692317], [4.729448, 45.692148], [4.72952, 45.692134], [4.72958, 45.692138], [4.729613, 45.692191], [4.729589, 45.69225], [4.729027, 45.692693], [4.728713, 45.692836], [4.728616, 45.692905], [4.728617, 45.692954], [4.728645, 45.692987], [4.728706, 45.693007], [4.728767, 45.693002], [4.728807, 45.692987], [4.728835, 45.69294], [4.728885, 45.692879], [4.729002, 45.692812], [4.729062, 45.692804], [4.729119, 45.69282], [4.729139, 45.692838], [4.729147, 45.692866], [4.729099, 45.693007], [4.729092, 45.69312], [4.729113, 45.693225], [4.729187, 45.693409], [4.729364, 45.694078], [4.729449, 45.69449], [4.729378, 45.694594], [4.728865, 45.695428], [4.728606, 45.695736], [4.728573, 45.695776], [4.727955, 45.696549], [4.727637, 45.697088], [4.727551, 45.697514], [4.727535, 45.698557], [4.727493, 45.698811], [4.727401, 45.698993], [4.728, 45.698897], [4.728284, 45.698835], [4.72839, 45.698824], [4.728488, 45.698802], [4.728617, 45.698783], [4.728646, 45.698784], [4.72875, 45.698922], [4.728786, 45.698958], [4.72882, 45.699016], [4.729183, 45.699333], [4.729227, 45.699355], [4.72933, 45.69935], [4.729513, 45.699287], [4.729676, 45.699264], [4.73011, 45.69914], [4.730962, 45.698755], [4.731419, 45.698587], [4.731557, 45.698572], [4.731638, 45.698746], [4.731743, 45.699036], [4.731906, 45.699394], [4.731954, 45.699511], [4.732094, 45.699708], [4.732128, 45.699754], [4.73263, 45.70023], [4.732988, 45.700582], [4.733182, 45.700721], [4.733417, 45.700873], [4.733779, 45.701174], [4.734076, 45.701368], [4.734181, 45.701429], [4.734396, 45.701621], [4.735495, 45.702673], [4.735716, 45.702993], [4.735953, 45.703227], [4.736905, 45.703812], [4.737666, 45.704697], [4.737644, 45.704992], [4.737712, 45.705016], [4.738314, 45.705266], [4.738457, 45.70532], [4.738682, 45.705483], [4.738878, 45.70547], [4.73911, 45.705503], [4.73945, 45.705551], [4.73944, 45.705612], [4.739802, 45.706075], [4.739868, 45.706115], [4.740245, 45.706242], [4.74024, 45.706405], [4.740134, 45.706596], [4.739924, 45.706822], [4.739857, 45.706875], [4.740256, 45.707249], [4.740437, 45.707381], [4.74086, 45.707642], [4.740913, 45.707676], [4.741122, 45.707839], [4.741275, 45.708005], [4.741457, 45.708226], [4.741626, 45.708487], [4.741671, 45.708547], [4.741778, 45.708687], [4.741912, 45.708875], [4.742344, 45.709476], [4.742424, 45.709581], [4.742447, 45.709611], [4.742465, 45.709634], [4.742623, 45.709846], [4.742772, 45.710072]]}, "properties": {"heading": 162, "length_km": 14.494, "retrace": 0.212}}, {"type": "Feature", "geometry": {"type": "LineString", "coordinates": [[4.742772, 45.710072], [4.742789, 45.710098], [4.742816, 45.710139], [4.74292, 45.710216], [4.742978, 45.710258], [4.743082, 45.710218], [4.743526, 45.710151], [4.743825, 45.710126], [4.744307, 45.71012], [4.744474, 45.710107], [4.744507, 45.710104], [4.744628, 45.710079], [4.744715, 45.710059], [4.744688, 45.710007], [4.745477, 45.709826], [4.745452, 45.709778], [4.745473, 45.709768], [4.745543, 45.709668], [4.745578, 45.709669], [4.745729, 45.709653], [4.745822, 45.709637], [4.745857, 45.709729], [4.745843, 45.709744], [4.745877, 45.709783], [4.745899, 45.709824], [4.745984, 45.709872], [4.746033, 45.709931], [4.74614, 45.710021], [4.746166, 45.710059], [4.74621, 45.710173], [4.746141, 45.710338], [4.74625, 45.710506], [4.746317, 45.710624], [4.746561, 45.710671], [4.746804, 45.710741], [4.747038, 45.710788], [4.747588, 45.710998], [4.747793, 45.711017], [4.748269, 45.710979], [4.748359, 45.71097], [4.748619, 45.710782], [4.748467, 45.710153], [4.748584, 45.709983], [4.748592, 45.709931], [4.748649, 45.709724], [4.748698, 45.709626], [4.748832, 45.709355], [4.748997, 45.708728], [4.749329, 45.708086], [4.749419, 45.70795], [4.749491, 45.70787], [4.749623, 45.707782], [4.749734, 45.707743], [4.749849, 45.707691], [4.750032, 45.707546], [4.750158, 45.707493], [4.750332, 45.707482], [4.75109, 45.707533], [4.751164, 45.707519], [4.751229, 45.707484], [4.751409, 45.70673], [4.751424, 45.706646], [4.751378, 45.706474], [4.751387, 45.706406], [4.75141, 45.706321], [4.751502, 45.70612], [4.751583, 45.705998], [4.751663, 45.705912], [4.751767, 45.705816], [4.752539, 45.705273], [4.752892, 45.705064], [4.753038, 45.705], [4.75316, 45.704941], [4.753289, 45.704864], [4.753377, 45.704799], [4.753467, 45.704704], [4.753601, 45.704559], [4.753699, 45.704436], [4.753821, 45.704334], [4.753934, 45.704284], [4.754053, 45.704263], [4.754169, 45.704272], [4.7543, 45.704312], [4.754752, 45.704436], [4.755022, 45.70453], [4.755099, 45.704578], [4.755131, 45.704619], [4.755134, 45.704677], [4.755109, 45.705197], [4.755161, 45.70539], [4.755213, 45.705475], [4.755286, 45.70555], [4.75539, 45.705616], [4.755515, 45.705675], [4.75561, 45.705707], [4.755768, 45.705745], [4.755993, 45.705774], [4.756218, 45.705786], [4.756363, 45.705783], [4.756762, 45.705814], [4.756881, 45.705833], [4.757003, 45.705861], [4.757135, 45.705901], [4.75743, 45.705994], [4.757639, 45.706071], [4.757738, 45.706131], [4.757814, 45.706196], [4.757909, 45.706212], [4.758501, 45.706233], [4.758857, 45.706272], [4.759652, 45.706388], [4.759815, 45.706378], [4.76013, 45.706307], [4.760953, 45.706253], [4.76106, 45.706266], [4.761153, 45.706184], [4.761076, 45.705597], [4.761036, 45.70511], [4.760958, 45.704712], [4.76093, 45.704353], [4.760948, 45.704018], [4.761009, 45.703776], [4.761181, 45.703354], [4.761287, 45.703139], [4.761427, 45.702554], [4.761436, 45.702414], [4.761575, 45.701945], [4.761782, 45.701702], [4.761866, 45.701583], [4.761913, 45.701386], [4.762022, 45.700706], [4.762043, 45.700503], [4.762069, 45.700466], [4.762112, 45.700442], [4.762356, 45.700396], [4.762486, 45.700359], [4.762438, 45.700015], [4.762419, 45.699843], [4.762403, 45.699248], [4.7624, 45.699176], [4.762393, 45.699141], [4.762385, 45.699111], [4.762428, 45.699101], [4.762464, 45.699084], [4.762492, 45.69906], [4.762509, 45.699031], [4.762513, 45.699], [4.762551, 45.698991], [4.762594, 45.698982], [4.763419, 45.698838], [4.763505, 45.698837], [4.763805, 45.698802], [4.763868, 45.698821], [4.76392, 45.69884], [4.763962, 45.698864], [4.764001, 45.698887], [4.764086, 45.69899], [4.7642, 45.699386], [4.764223, 45.699564], [4.76407, 45.699656], [4.763912, 45.69969], [4.76407, 45.699656], [4.764223, 45.699564], [4.7642, 45.699386], [4.764086, 45.69899], [4.764001, 45.698887], [4.763962, 45.698864], [4.76392, 45.69884], [4.763868, 45.698821], [4.763805, 45.698802], [4.763505, 45.698837], [4.763419, 45.698838], [4.762594, 45.698982], [4.762551, 45.698991], [4.762513, 45.699], [4.762509, 45.699031], [4.762492, 45.69906], [4.762464, 45.699084], [4.762428, 45.699101], [4.762385, 45.699111], [4.762334, 45.69911], [4.762286, 45.699098], [4.762202, 45.699121], [4.761252, 45.699283], [4.760968, 45.699342], [4.760861, 45.699372], [4.760742, 45.699416], [4.76049, 45.699523], [4.760364, 45.699599], [4.760256, 45.699677], [4.760163, 45.699775], [4.759869, 45.700184], [4.759795, 45.700272], [4.759711, 45.700341], [4.759621, 45.700401], [4.759523, 45.70045], [4.75933, 45.700517], [4.759234, 45.700536], [4.759035, 45.70055], [4.758917, 45.700542], [4.758809, 45.700522], [4.758397, 45.700377], [4.75824, 45.700339], [4.757949, 45.700299], [4.75769, 45.700284], [4.757452, 45.700292], [4.756259, 45.700437], [4.755133, 45.700444], [4.75493, 45.700475], [4.75479, 45.700504], [4.754664, 45.700548], [4.754636, 45.700514], [4.754622, 45.700479], [4.754619, 45.700431], [4.754614, 45.700385], [4.754263, 45.700397], [4.754277, 45.699987], [4.754323, 45.69846], [4.753902, 45.698478], [4.753284, 45.698483], [4.752878, 45.698507], [4.752396, 45.698586], [4.750167, 45.698919], [4.749609, 45.698996], [4.749499, 45.699002], [4.747616, 45.698992], [4.747277, 45.699068], [4.747176, 45.699015], [4.746551, 45.698606], [4.745965, 45.698154], [4.745827, 45.697985], [4.745765, 45.697808], [4.745759, 45.69714], [4.745775, 45.697009], [4.746068, 45.696357], [4.746243, 45.695983], [4.746536, 45.695171], [4.746672, 45.694518], [4.746815, 45.693984], [4.746824, 45.693896], [4.746817, 45.693825], [4.746758, 45.693419], [4.746719, 45.693255], [4.746698, 45.692862], [4.74666, 45.692661], [4.746688, 45.692622], [4.74673, 45.692599], [4.746787, 45.692588], [4.747485, 45.692502], [4.748035, 45.692462], [4.748225, 45.692467], [4.748961, 45.692538], [4.749609, 45.692616], [4.749777, 45.692597], [4.749899, 45.692568], [4.749777, 45.692597], [4.749609, 45.692616], [4.748961, 45.692538], [4.748225, 45.692467], [4.748035, 45.692462], [4.747485, 45.692502], [4.746787, 45.692588], [4.74673, 45.692599], [4.746688, 45.692622], [4.74666, 45.692661], [4.7465, 45.692044], [4.746496, 45.691944], [4.7465, 45.691727], [4.746554, 45.691256], [4.7466, 45.691007], [4.746604, 45.690872], [4.746613, 45.690825], [4.747132, 45.69058], [4.747152, 45.690456], [4.747029, 45.689951], [4.746923, 45.689747], [4.746642, 45.689093], [4.746611, 45.689029], [4.746539, 45.688922], [4.74649, 45.688782], [4.746481, 45.688607], [4.74656, 45.688261], [4.746569, 45.688093], [4.746555, 45.687965], [4.746497, 45.687764], [4.746457, 45.687688], [4.746389, 45.687771], [4.746186, 45.6879], [4.746006, 45.687996], [4.745826, 45.688063], [4.745663, 45.688114], [4.745368, 45.688163], [4.745077, 45.68814], [4.74465, 45.688133], [4.744385, 45.688144], [4.744256, 45.688165], [4.743891, 45.687649], [4.743427, 45.687032], [4.743324, 45.686916], [4.743252, 45.687001], [4.74291, 45.687221], [4.740614, 45.687955], [4.740165, 45.688215], [4.739483, 45.688575], [4.738895, 45.689025], [4.738667, 45.689354], [4.738047, 45.689573], [4.737794, 45.68959], [4.737675, 45.689613], [4.737801, 45.689723], [4.738296, 45.690046], [4.738601, 45.690349], [4.738805, 45.690403], [4.739212, 45.690335], [4.739344, 45.690348], [4.738383, 45.690568], [4.738278, 45.69058], [4.738077, 45.690571], [4.737307, 45.690555], [4.737182, 45.690574], [4.736651, 45.690823], [4.736368, 45.690975], [4.736132, 45.691017], [4.735851, 45.691033], [4.735662, 45.691075], [4.735542, 45.691128], [4.735234, 45.6913], [4.735013, 45.691407], [4.734566, 45.691723], [4.734381, 45.691778], [4.733731, 45.691974], [4.733431, 45.692037], [4.733242, 45.692099], [4.732921, 45.69224], [4.732803, 45.692271], [4.732668, 45.692271], [4.732405, 45.69226], [4.731563, 45.691944], [4.731352, 45.6918], [4.730874, 45.691437], [4.730616, 45.691409], [4.730012, 45.691599], [4.729386, 45.69174], [4.729282, 45.691808], [4.72905, 45.692149], [4.728494, 45.692511], [4.72822, 45.692616], [4.728176, 45.692639], [4.728142, 45.692679], [4.728146, 45.692738], [4.728198, 45.692781], [4.728242, 45.692786], [4.72831, 45.692776], [4.728369, 45.692726], [4.728415, 45.692669], [4.728485, 45.69262], [4.729234, 45.692317], [4.729448, 45.692148], [4.72952, 45.692134], [4.72958, 45.692138], [4.729613, 45.692191], [4.729589, 45.69225], [4.729027, 45.692693], [4.728713, 45.692836], [4.728616, 45.692905], [4.728617, 45.692954], [4.728645, 45.692987], [4.728706, 45.693007], [4.728767, 45.693002], [4.728807, 45.692987], [4.728835, 45.69294], [4.728885, 45.692879], [4.729002, 45.692812], [4.729062, 45.692804], [4.729119, 45.69282], [4.729139, 45.692838], [4.729147, 45.692866], [4.729099, 45.693007], [4.729092, 45.69312], [4.729113, 45.693225], [4.729187, 45.693409], [4.729364, 45.694078], [4.729449, 45.69449], [4.729506, 45.694609], [4.729752, 45.694944], [4.730232, 45.69569], [4.7306, 45.696223], [4.730839, 45.6967], [4.730971, 45.697018], [4.73108, 45.697362], [4.731124, 45.697584], [4.731146, 45.697907], [4.731187, 45.698017], [4.731242, 45.698117], [4.731343, 45.698272], [4.731535, 45.698532], [4.731557, 45.698572], [4.731419, 45.698587], [4.730962, 45.698755], [4.73011, 45.69914], [4.729676, 45.699264], [4.729513, 45.699287], [4.72933, 45.69935], [4.729227, 45.699355], [4.729183, 45.699333], [4.72882, 45.699016], [4.728786, 45.698958], [4.72875, 45.698922], [4.728646, 45.698784], [4.728617, 45.698783], [4.728488, 45.698802], [4.72839, 45.698824], [4.728284, 45.698835], [4.728, 45.698897], [4.727401, 45.698993], [4.72722, 45.699251], [4.726842, 45.699738], [4.726603, 45.700084], [4.72659, 45.700206], [4.726554, 45.700531], [4.726544, 45.701029], [4.726467, 45.701008], [4.726071, 45.700896], [4.725759, 45.700835], [4.725035, 45.70074], [4.724205, 45.700699], [4.72377, 45.700702], [4.723491, 45.700735], [4.723149, 45.70081], [4.722865, 45.700843], [4.722607, 45.700829], [4.721876, 45.700739], [4.722607, 45.700829], [4.722865, 45.700843], [4.723149, 45.70081], [4.723491, 45.700735], [4.72377, 45.700702], [4.724205, 45.700699], [4.725035, 45.70074], [4.725759, 45.700835], [4.726071, 45.700896], [4.726467, 45.701008], [4.726544, 45.701029], [4.728076, 45.701637], [4.728747, 45.701927], [4.729033, 45.702075], [4.729353, 45.702259], [4.729578, 45.702405], [4.729973, 45.702682], [4.730404, 45.702965], [4.730827, 45.703226], [4.730888, 45.703266], [4.730897, 45.703272], [4.731197, 45.70349], [4.731435, 45.703687], [4.731677, 45.703941], [4.732687, 45.704451], [4.732905, 45.704485], [4.734719, 45.7045], [4.735501, 45.704607], [4.737174, 45.704875], [4.737644, 45.704992], [4.737712, 45.705016], [4.738314, 45.705266], [4.738457, 45.70532], [4.738682, 45.705483], [4.738878, 45.70547], [4.73911, 45.705503], [4.73945, 45.705551], [4.73944, 45.705612], [4.739802, 45.706075], [4.739868, 45.706115], [4.740245, 45.706242], [4.74024, 45.706405], [4.740134, 45.706596], [4.739924, 45.706822], [4.739857, 45.706875], [4.740256, 45.707249], [4.740437, 45.707381], [4.74086, 45.707642], [4.740913, 45.707676], [4.741122, 45.707839], [4.741275, 45.708005], [4.741457, 45.708226], [4.741626, 45.708487], [4.741671, 45.708547], [4.741778, 45.708687], [4.741912, 45.708875], [4.742344, 45.709476], [4.742424, 45.709581], [4.742447, 45.709611], [4.742465, 45.709634], [4.742623, 45.709846], [4.742772, 45.710072]]}, "properties": {"heading": 180, "length_km": 13.132, "retrace": 0.133}}, {"type": "Feature", "geometry": {"type": "LineString", "coordinates": [[4.742772, 45.710072], [4.742789, 45.710098], [4.742816, 45.710139], [4.74292, 45.710216], [4.742978, 45.710258], [4.743082, 45.710218], [4.743526, 45.710151], [4.743825, 45.710126], [4.744307, 45.71012], [4.744474, 45.710107], [4.744507, 45.710104], [4.744628, 45.710079], [4.744715, 45.710059], [4.744688, 45.710007], [4.745477, 45.709826], [4.745452, 45.709778], [4.745473, 45.709768], [4.745543, 45.709668], [4.745578, 45.709669], [4.745729, 45.709653], [4.745822, 45.709637], [4.745857, 45.709729], [4.745843, 45.709744], [4.745877, 45.709783], [4.745899, 45.709824], [4.745984, 45.709872], [4.746033, 45.709931], [4.74614, 45.710021], [4.746166, 45.710059], [4.74621, 45.710173], [4.746141, 45.710338], [4.74625, 45.710506], [4.746317, 45.710624], [4.746561, 45.710671], [4.746804, 45.710741], [4.747038, 45.710788], [4.747588, 45.710998], [4.747793, 45.711017], [4.748269, 45.710979], [4.748359, 45.71097], [4.748619, 45.710782], [4.748467, 45.710153], [4.748584, 45.709983], [4.748592, 45.709931], [4.748649, 45.709724], [4.748698, 45.709626], [4.748832, 45.709355], [4.748997, 45.708728], [4.749329, 45.708086], [4.749419, 45.70795], [4.749491, 45.70787], [4.749623, 45.707782], [4.749734, 45.707743], [4.749849, 45.707691], [4.750032, 45.707546], [4.750158, 45.707493], [4.750332, 45.707482], [4.75109, 45.707533], [4.751164, 45.707519], [4.751229, 45.707484], [4.751409, 45.70673], [4.751424, 45.706646], [4.751378, 45.706474], [4.751387, 45.706406], [4.75141, 45.706321], [4.751502, 45.70612], [4.751583, 45.705998], [4.751663, 45.705912], [4.751767, 45.705816], [4.752539, 45.705273], [4.752892, 45.705064], [4.753038, 45.705], [4.75316, 45.704941], [4.753289, 45.704864], [4.753377, 45.704799], [4.753467, 45.704704], [4.753412, 45.70468], [4.753357, 45.704653], [4.753287, 45.704633], [4.753208, 45.704623], [4.753091, 45.704622], [4.752591, 45.704619], [4.752561, 45.70461], [4.752488, 45.704588], [4.752859, 45.704074], [4.752783, 45.704042], [4.752531, 45.703911], [4.752461, 45.703906], [4.752543, 45.703835], [4.752558, 45.703756], [4.752561, 45.703614], [4.752514, 45.703588], [4.752236, 45.703542], [4.752109, 45.703679], [4.751844, 45.703553], [4.751651, 45.703568], [4.751469, 45.703523], [4.751329, 45.703448], [4.751318, 45.703411], [4.751364, 45.703273], [4.7514, 45.703087], [4.751351, 45.703027], [4.751297, 45.702871], [4.751318, 45.702789], [4.751371, 45.702739], [4.751403, 45.702617], [4.751463, 45.702543], [4.751425, 45.702431], [4.751484, 45.702336], [4.751585, 45.702257], [4.751644, 45.702163], [4.751697, 45.702056], [4.751715, 45.701999], [4.751747, 45.701985], [4.751887, 45.701987], [4.752016, 45.70192], [4.752105, 45.701841], [4.752145, 45.701777], [4.75214, 45.701736], [4.752155, 45.701627], [4.752338, 45.701395], [4.75223, 45.701297], [4.752177, 45.701206], [4.752291, 45.701183], [4.752199, 45.700775], [4.752196, 45.700649], [4.752197, 45.700589], [4.752278, 45.700588], [4.752362, 45.700588], [4.752713, 45.700581], [4.753197, 45.700546], [4.753362, 45.700532], [4.753507, 45.7005], [4.753617, 45.700487], [4.753757, 45.70049], [4.753875, 45.700502], [4.754014, 45.700498], [4.754075, 45.700494], [4.754115, 45.700468], [4.754174, 45.700453], [4.754268, 45.700446], [4.754263, 45.700411], [4.754263, 45.700397], [4.754614, 45.700385], [4.754619, 45.700431], [4.755138, 45.700376], [4.755335, 45.700386], [4.756244, 45.700376], [4.755714, 45.698418], [4.755656, 45.698252], [4.755916, 45.698119], [4.755958, 45.698006], [4.755934, 45.69791], [4.755849, 45.697793], [4.756528, 45.69769], [4.756731, 45.697632], [4.756828, 45.697561], [4.757088, 45.697225], [4.757442, 45.696585], [4.758824, 45.694812], [4.758636, 45.69479], [4.757993, 45.695381], [4.758636, 45.69479], [4.758824, 45.694812], [4.757442, 45.696585], [4.757088, 45.697225], [4.756828, 45.697561], [4.756731, 45.697632], [4.756528, 45.69769], [4.755849, 45.697793], [4.755934, 45.69791], [4.755958, 45.698006], [4.755916, 45.698119], [4.755656, 45.698252], [4.755714, 45.698418], [4.756244, 45.700376], [4.755335, 45.700386], [4.755138, 45.700376], [4.754619, 45.700431], [4.754614, 45.700385], [4.754263, 45.700397], [4.754277, 45.699987], [4.754323, 45.69846], [4.753902, 45.698478], [4.753284, 45.698483], [4.752878, 45.698507], [4.752396, 45.698586], [4.750167, 45.698919], [4.749609, 45.698996], [4.749499, 45.699002], [4.747616, 45.698992], [4.747277, 45.699068], [4.747176, 45.699015], [4.746551, 45.698606], [4.745965, 45.698154], [4.745827, 45.697985], [4.745765, 45.697808], [4.745759, 45.69714], [4.745775, 45.697009], [4.745208, 45.695708], [4.745083, 45.69522], [4.744961, 45.694735], [4.744761, 45.694105], [4.74458, 45.693722], [4.744452, 45.693495], [4.74458, 45.693722], [4.744761, 45.694105], [4.744961, 45.694735], [4.745083, 45.69522], [4.745208, 45.695708], [4.745775, 45.697009], [4.746068, 45.696357], [4.746243, 45.695983], [4.746536, 45.695171], [4.746672, 45.694518], [4.746815, 45.693984], [4.746824, 45.693896], [4.746817, 45.693825], [4.746758, 45.693419], [4.746719, 45.693255], [4.746698, 45.692862], [4.74666, 45.692661], [4.7465, 45.692044], [4.746496, 45.691944], [4.7465, 45.691727], [4.746554, 45.691256], [4.7466, 45.691007], [4.746604, 45.690872], [4.746613, 45.690825], [4.747132, 45.69058], [4.747152, 45.690456], [4.747029, 45.689951], [4.746923, 45.689747], [4.746642, 45.689093], [4.746611, 45.689029], [4.746539, 45.688922], [4.74649, 45.688782], [4.746481, 45.688607], [4.74656, 45.688261], [4.746569, 45.688093], [4.746555, 45.687965], [4.746497, 45.687764], [4.746457, 45.687688], [4.746389, 45.687771], [4.746186, 45.6879], [4.746006, 45.687996], [4.745826, 45.688063], [4.745663, 45.688114], [4.745368, 45.688163], [4.745077, 45.68814], [4.74465, 45.688133], [4.744385, 45.688144], [4.744256, 45.688165], [4.743891, 45.687649], [4.743427, 45.687032], [4.743324, 45.686916], [4.743252, 45.687001], [4.74291, 45.687221], [4.740614, 45.687955], [4.740165, 45.688215], [4.739483, 45.688575], [4.738895, 45.689025], [4.738667, 45.689354], [4.738047, 45.689573], [4.737794, 45.68959], [4.737675, 45.689613], [4.737801, 45.689723], [4.738296, 45.690046], [4.738601, 45.690349], [4.738805, 45.690403], [4.739212, 45.690335], [4.739344, 45.690348], [4.738383, 45.690568], [4.738278, 45.69058], [4.738077, 45.690571], [4.737307, 45.690555], [4.737182, 45.690574], [4.736651, 45.690823], [4.736368, 45.690975], [4.736132, 45.691017], [4.735851, 45.691033], [4.735662, 45.691075], [4.735542, 45.691128], [4.735234, 45.6913], [4.735013, 45.691407], [4.734566, 45.691723], [4.733731, 45.691974], [4.733431, 45.692037], [4.733242, 45.692099], [4.732921, 45.69224], [4.732803, 45.692271], [4.732668, 45.692271], [4.732405, 45.69226], [4.731563, 45.691944], [4.731352, 45.6918], [4.730874, 45.691437], [4.730616, 45.691409], [4.730012, 45.691599], [4.729386, 45.69174], [4.729282, 45.691808], [4.72905, 45.692149], [4.728494, 45.692511], [4.72822, 45.692616], [4.728176, 45.692639], [4.728142, 45.692679], [4.728146, 45.692738], [4.728198, 45.692781], [4.728242, 45.692786], [4.72831, 45.692776], [4.728369, 45.692726], [4.728415, 45.692669], [4.728485, 45.69262], [4.729234, 45.692317], [4.729448, 45.692148], [4.72952, 45.692134], [4.72958, 45.692138], [4.729613, 45.692191], [4.729589, 45.69225], [4.729027, 45.692693], [4.728713, 45.692836], [4.728616, 45.692905], [4.728617, 45.692954], [4.728645, 45.692987], [4.728706, 45.693007], [4.728767, 45.693002], [4.728807, 45.692987], [4.728835, 45.69294], [4.728885, 45.692879], [4.729002, 45.692812], [4.729062, 45.692804], [4.729119, 45.69282], [4.729139, 45.692838], [4.729147, 45.692866], [4.729099, 45.693007], [4.729092, 45.69312], [4.729113, 45.693225], [4.729187, 45.693409], [4.729364, 45.694078], [4.729449, 45.69449], [4.729378, 45.694594], [4.728865, 45.695428], [4.728606, 45.695736], [4.728573, 45.695776], [4.727955, 45.696549], [4.727637, 45.697088], [4.727551, 45.697514], [4.727535, 45.698557], [4.727493, 45.698811], [4.727401, 45.698993], [4.72722, 45.699251], [4.726842, 45.699738], [4.726603, 45.700084], [4.72659, 45.700206], [4.726554, 45.700531], [4.726544, 45.701029], [4.728076, 45.701637], [4.728747, 45.701927], [4.729033, 45.702075], [4.729353, 45.702259], [4.729578, 45.702405], [4.729973, 45.702682], [4.730404, 45.702965], [4.730827, 45.703226], [4.730743, 45.703258], [4.730318, 45.703393], [4.729364, 45.703786], [4.728582, 45.704191], [4.728278, 45.704314], [4.727969, 45.7044], [4.72792, 45.70445], [4.727756, 45.704735], [4.727547, 45.705164], [4.72747, 45.705271], [4.727072, 45.705528], [4.726512, 45.70583], [4.726198, 45.705987], [4.724502, 45.706799], [4.72384, 45.707181], [4.723363, 45.707477], [4.722936, 45.707631], [4.721561, 45.707949], [4.720842, 45.708236], [4.720397, 45.708401], [4.719959, 45.708645], [4.719916, 45.708625], [4.71984, 45.708573], [4.719352, 45.708293], [4.71853, 45.707739], [4.717902, 45.707374], [4.717604, 45.707244], [4.717396, 45.707209], [4.717747, 45.705865], [4.717902, 45.705225], [4.717946, 45.704906], [4.718623, 45.704861], [4.718652, 45.704447], [4.718601, 45.704408], [4.718652, 45.704447], [4.718623, 45.704861], [4.717946, 45.704906], [4.717902, 45.705225], [4.717747, 45.705865], [4.717396, 45.707209], [4.717604, 45.707244], [4.717902, 45.707374], [4.71853, 45.707739], [4.719352, 45.708293], [4.71984, 45.708573], [4.719916, 45.708625], [4.719959, 45.708645], [4.720397, 45.708401], [4.720842, 45.708236], [4.721561, 45.707949], [4.722936, 45.707631], [4.723363, 45.707477], [4.72384, 45.707181], [4.724502, 45.706799], [4.726198, 45.705987], [4.726512, 45.70583], [4.727072, 45.705528], [4.72747, 45.705271], [4.727547, 45.705164], [4.727756, 45.704735], [4.72792, 45.70445], [4.727969, 45.7044], [4.728278, 45.704314], [4.728582, 45.704191], [4.729364, 45.703786], [4.730318, 45.703393], [4.730743, 45.703258], [4.730827, 45.703226], [4.730888, 45.703266], [4.730897, 45.703272], [4.731197, 45.70349], [4.731435, 45.703687], [4.731677, 45.703941], [4.732687, 45.704451], [4.732905, 45.704485], [4.734719, 45.7045], [4.735501, 45.704607], [4.737174, 45.704875], [4.737644, 45.704992], [4.737712, 45.705016], [4.738314, 45.705266], [4.738457, 45.70532], [4.738682, 45.705483], [4.738878, 45.70547], [4.73911, 45.705503], [4.73945, 45.705551], [4.73944, 45.705612], [4.739802, 45.706075], [4.739868, 45.706115], [4.740245, 45.706242], [4.74024, 45.706405], [4.740134, 45.706596], [4.739924, 45.706822], [4.739857, 45.706875], [4.740256, 45.707249], [4.740437, 45.707381], [4.74086, 45.707642], [4.740913, 45.707676], [4.741122, 45.707839], [4.741275, 45.708005], [4.741457, 45.708226], [4.741626, 45.708487], [4.741671, 45.708547], [4.741778, 45.708687], [4.741912, 45.708875], [4.742344, 45.709476], [4.742424, 45.709581], [4.742447, 45.709611], [4.742465, 45.709634], [4.742623, 45.709846], [4.742772, 45.710072]]}, "properties": {"heading": 198, "length_km": 15.776, "retrace": 0.391}}, {"type": "Feature", "geometry": {"type": "LineString", "coordinates": [[4.742772, 45.710072], [4.742623, 45.709846], [4.742465, 45.709634], [4.742447, 45.709611], [4.742424, 45.709581], [4.742344, 45.709476], [4.741912, 45.708875], [4.741778, 45.708687], [4.741671, 45.708547], [4.741626, 45.708487], [4.741457, 45.708226], [4.741275, 45.708005], [4.741122, 45.707839], [4.740913, 45.707676], [4.741314, 45.707272], [4.741525, 45.707043], [4.742131, 45.706405], [4.741892, 45.706309], [4.741685, 45.706215], [4.74184, 45.705856], [4.741864, 45.705799], [4.742255, 45.704851], [4.742272, 45.704808], [4.742366, 45.704623], [4.742425, 45.704487], [4.74264, 45.703984], [4.74267, 45.703908], [4.742693, 45.70385], [4.742703, 45.703805], [4.742717, 45.703738], [4.742851, 45.70348], [4.742958, 45.703276], [4.743072, 45.703055], [4.743115, 45.70294], [4.743326, 45.702377], [4.743346, 45.702327], [4.743592, 45.701729], [4.743766, 45.701316], [4.743972, 45.701065], [4.744499, 45.700441], [4.744542, 45.700336], [4.744794, 45.699923], [4.74569, 45.699594], [4.747176, 45.699015], [4.746551, 45.698606], [4.745965, 45.698154], [4.745827, 45.697985], [4.745765, 45.697808], [4.745759, 45.69714], [4.745775, 45.697009], [4.746068, 45.696357], [4.746243, 45.695983], [4.746536, 45.695171], [4.746672, 45.694518], [4.746815, 45.693984], [4.746824, 45.693896], [4.746817, 45.693825], [4.746758, 45.693419], [4.746719, 45.693255], [4.746698, 45.692862], [4.74666, 45.692661], [4.746688, 45.692622], [4.74673, 45.692599], [4.746787, 45.692588], [4.747485, 45.692502], [4.748035, 45.692462], [4.748225, 45.692467], [4.748961, 45.692538], [4.749609, 45.692616], [4.749777, 45.692597], [4.749899, 45.692568], [4.749777, 45.692597], [4.749609, 45.692616], [4.748961, 45.692538], [4.748225, 45.692467], [4.748035, 45.692462], [4.747485, 45.692502], [4.746787, 45.692588], [4.74673, 45.692599], [4.746688, 45.692622], [4.74666, 45.692661], [4.7465, 45.692044], [4.746496, 45.691944], [4.7465, 45.691727], [4.746554, 45.691256], [4.7466, 45.691007], [4.746604, 45.690872], [4.746613, 45.690825], [4.747132, 45.69058], [4.747152, 45.690456], [4.747029, 45.689951], [4.746923, 45.689747], [4.746642, 45.689093], [4.746611, 45.689029], [4.746539, 45.688922], [4.74649, 45.688782], [4.746481, 45.688607], [4.74656, 45.688261], [4.746569, 45.688093], [4.746555, 45.687965], [4.746497, 45.687764], [4.746457, 45.687688], [4.746389, 45.687771], [4.746186, 45.6879], [4.746006, 45.687996], [4.745826, 45.688063], [4.745663, 45.688114], [4.745368, 45.688163], [4.745077, 45.68814], [4.74465, 45.688133], [4.744385, 45.688144], [4.744256, 45.688165], [4.743891, 45.687649], [4.743427, 45.687032], [4.743324, 45.686916], [4.743252, 45.687001], [4.74291, 45.687221], [4.740614, 45.687955], [4.740165, 45.688215], [4.739483, 45.688575], [4.738895, 45.689025], [4.738667, 45.689354], [4.738047, 45.689573], [4.737794, 45.68959], [4.737675, 45.689613], [4.737801, 45.689723], [4.738296, 45.690046], [4.738601, 45.690349], [4.738805, 45.690403], [4.739212, 45.690335], [4.739344, 45.690348], [4.738383, 45.690568], [4.738278, 45.69058], [4.738077, 45.690571], [4.737307, 45.690555], [4.737182, 45.690574], [4.736651, 45.690823], [4.736368, 45.690975], [4.736132, 45.691017], [4.735851, 45.691033], [4.735662, 45.691075], [4.735542, 45.691128], [4.735234, 45.6913], [4.735013, 45.691407], [4.734566, 45.691723], [4.734381, 45.691778], [4.733731, 45.691974], [4.733431, 45.692037], [4.733242, 45.692099], [4.732921, 45.69224], [4.732803, 45.692271], [4.732668, 45.692271], [4.732405, 45.69226], [4.731563, 45.691944], [4.731352, 45.6918], [4.730874, 45.691437], [4.730616, 45.691409], [4.730012, 45.691599], [4.729386, 45.69174], [4.729282, 45.691808], [4.72905, 45.692149], [4.728494, 45.692511], [4.72822, 45.692616], [4.728176, 45.692639], [4.728142, 45.692679], [4.728146, 45.692738], [4.728198, 45.692781], [4.728242, 45.692786], [4.72831, 45.692776], [4.728369, 45.692726], [4.728415, 45.692669], [4.728485, 45.69262], [4.729234, 45.692317], [4.729448, 45.692148], [4.72952, 45.692134], [4.72958, 45.692138], [4.729613, 45.692191], [4.729589, 45.69225], [4.729027, 45.692693], [4.728713, 45.692836], [4.728616, 45.692905], [4.728617, 45.692954], [4.728645, 45.692987], [4.728706, 45.693007], [4.728767, 45.693002], [4.728807, 45.692987], [4.728835, 45.69294], [4.728885, 45.692879], [4.729002, 45.692812], [4.729062, 45.692804], [4.729119, 45.69282], [4.729139, 45.692838], [4.729147, 45.692866], [4.729099, 45.693007], [4.729092, 45.69312], [4.729113, 45.693225], [4.729187, 45.693409], [4.729364, 45.694078], [4.729449, 45.69449], [4.729506, 45.694609], [4.729752, 45.694944], [4.730232, 45.69569], [4.7306, 45.696223], [4.730839, 45.6967], [4.730971, 45.697018], [4.73108, 45.697362], [4.731124, 45.697584], [4.731146, 45.697907], [4.731187, 45.698017], [4.731242, 45.698117], [4.731343, 45.698272], [4.731535, 45.698532], [4.731557, 45.698572], [4.731419, 45.698587], [4.730962, 45.698755], [4.73011, 45.69914], [4.729676, 45.699264], [4.729513, 45.699287], [4.72933, 45.69935], [4.729227, 45.699355], [4.729183, 45.699333], [4.72882, 45.699016], [4.728786, 45.698958], [4.72875, 45.698922], [4.728646, 45.698784], [4.728617, 45.698783], [4.728488, 45.698802], [4.72839, 45.698824], [4.728284, 45.698835], [4.728, 45.698897], [4.727401, 45.698993], [4.72722, 45.699251], [4.726842, 45.699738], [4.726603, 45.700084], [4.72659, 45.700206], [4.726554, 45.700531], [4.726544, 45.701029], [4.726467, 45.701008], [4.726071, 45.700896], [4.725759, 45.700835], [4.725035, 45.70074], [4.724205, 45.700699], [4.72377, 45.700702], [4.723491, 45.700735], [4.723149, 45.70081], [4.722865, 45.700843], [4.722607, 45.700829], [4.721876, 45.700739], [4.722607, 45.700829], [4.722865, 45.700843], [4.723149, 45.70081], [4.723491, 45.700735], [4.72377, 45.700702], [4.724205, 45.700699], [4.725035, 45.70074], [4.725759, 45.700835], [4.726071, 45.700896], [4.726467, 45.701008], [4.726544, 45.701029], [4.728076, 45.701637], [4.728747, 45.701927], [4.729033, 45.702075], [4.729353, 45.702259], [4.729578, 45.702405], [4.729973, 45.702682], [4.730404, 45.702965], [4.730827, 45.703226], [4.730743, 45.703258], [4.730318, 45.703393], [4.729364, 45.703786], [4.728582, 45.704191], [4.728278, 45.704314], [4.727969, 45.7044], [4.72792, 45.70445], [4.727756, 45.704735], [4.727547, 45.705164], [4.72747, 45.705271], [4.727072, 45.705528], [4.726512, 45.70583], [4.726198, 45.705987], [4.724502, 45.706799], [4.72384, 45.707181], [4.723363, 45.707477], [4.722936, 45.707631], [4.721561, 45.707949], [4.720842, 45.708236], [4.720397, 45.708401], [4.719959, 45.708645], [4.719916, 45.708625], [4.71984, 45.708573], [4.719352, 45.708293], [4.719207, 45.708346], [4.719057, 45.708356], [4.717479, 45.708274], [4.719057, 45.708356], [4.719207, 45.708346], [4.719352, 45.708293], [4.71984, 45.708573], [4.719916, 45.708625], [4.719959, 45.708645], [4.720397, 45.708401], [4.720842, 45.708236], [4.721561, 45.707949], [4.722936, 45.707631], [4.723363, 45.707477], [4.72384, 45.707181], [4.724502, 45.706799], [4.726198, 45.705987], [4.726512, 45.70583], [4.727072, 45.705528], [4.72747, 45.705271], [4.727547, 45.705164], [4.727756, 45.704735], [4.72792, 45.70445], [4.727969, 45.7044], [4.728278, 45.704314], [4.728582, 45.704191], [4.729364, 45.703786], [4.730318, 45.703393], [4.730743, 45.703258], [4.730827, 45.703226], [4.730888, 45.703266], [4.730897, 45.703272], [4.731197, 45.70349], [4.731435, 45.703687], [4.731677, 45.703941], [4.732687, 45.704451], [4.732905, 45.704485], [4.734719, 45.7045], [4.735501, 45.704607], [4.737174, 45.704875], [4.737644, 45.704992], [4.737712, 45.705016], [4.738314, 45.705266], [4.738457, 45.70532], [4.738682, 45.705483], [4.738878, 45.70547], [4.73911, 45.705503], [4.73945, 45.705551], [4.73944, 45.705612], [4.739802, 45.706075], [4.739868, 45.706115], [4.740245, 45.706242], [4.74024, 45.706405], [4.740134, 45.706596], [4.739924, 45.706822], [4.739857, 45.706875], [4.740256, 45.707249], [4.740437, 45.707381], [4.74086, 45.707642], [4.740913, 45.707676], [4.741122, 45.707839], [4.741275, 45.708005], [4.741457, 45.708226], [4.741626, 45.708487], [4.741671, 45.708547], [4.741778, 45.708687], [4.741912, 45.708875], [4.742344, 45.709476], [4.742424, 45.709581], [4.742447, 45.709611], [4.742465, 45.709634], [4.742623, 45.709846], [4.742772, 45.710072]]}, "properties": {"heading": 216, "length_km": 12.116, "retrace": 0.364}}, {"type": "Feature", "geometry": {"type": "LineString", "coordinates": [[4.742772, 45.710072], [4.742623, 45.709846], [4.742465, 45.709634], [4.742447, 45.709611], [4.742424, 45.709581], [4.742344, 45.709476], [4.741912, 45.708875], [4.741778, 45.708687], [4.741671, 45.708547], [4.741626, 45.708487], [4.741457, 45.708226], [4.741275, 45.708005], [4.741122, 45.707839], [4.740913, 45.707676], [4.741314, 45.707272], [4.741525, 45.707043], [4.742131, 45.706405], [4.741892, 45.706309], [4.741685, 45.706215], [4.74184, 45.705856], [4.741864, 45.705799], [4.742255, 45.704851], [4.742272, 45.704808], [4.742366, 45.704623], [4.742425, 45.704487], [4.74264, 45.703984], [4.74267, 45.703908], [4.742693, 45.70385], [4.742703, 45.703805], [4.742717, 45.703738], [4.742851, 45.70348], [4.742958, 45.703276], [4.743072, 45.703055], [4.743115, 45.70294], [4.743326, 45.702377], [4.743346, 45.702327], [4.743592, 45.701729], [4.743766, 45.701316], [4.743972, 45.701065], [4.744499, 45.700441], [4.744542, 45.700336], [4.744794, 45.699923], [4.74569, 45.699594], [4.747176, 45.699015], [4.746551, 45.698606], [4.745965, 45.698154], [4.745827, 45.697985], [4.745765, 45.697808], [4.745759, 45.69714], [4.745775, 45.697009], [4.745208, 45.695708], [4.745083, 45.69522], [4.744961, 45.694735], [4.744761, 45.694105], [4.74458, 45.693722], [4.744452, 45.693495], [4.74458, 45.693722], [4.744761, 45.694105], [4.744961, 45.694735], [4.745083, 45.69522], [4.745208, 45.695708], [4.745775, 45.697009], [4.746068, 45.696357], [4.746243, 45.695983], [4.746536, 45.695171], [4.746672, 45.694518], [4.746815, 45.693984], [4.746824, 45.693896], [4.746817, 45.693825], [4.746758, 45.693419], [4.746719, 45.693255], [4.746698, 45.692862], [4.74666, 45.692661], [4.7465, 45.692044], [4.746496, 45.691944], [4.7465, 45.691727], [4.746554, 45.691256], [4.7466, 45.691007], [4.746604, 45.690872], [4.746613, 45.690825], [4.747132, 45.69058], [4.747152, 45.690456], [4.747029, 45.689951], [4.746923, 45.689747], [4.746642, 45.689093], [4.746611, 45.689029], [4.746539, 45.688922], [4.74649, 45.688782], [4.746481, 45.688607], [4.74656, 45.688261], [4.746569, 45.688093], [4.746555, 45.687965], [4.746497, 45.687764], [4.746457, 45.687688], [4.746389, 45.687771], [4.746186, 45.6879], [4.746006, 45.687996], [4.745826, 45.688063], [4.745663, 45.688114], [4.745368, 45.688163], [4.745077, 45.68814], [4.74465, 45.688133], [4.744385, 45.688144], [4.744256, 45.688165], [4.743891, 45.687649], [4.743427, 45.687032], [4.743324, 45.686916], [4.743252, 45.687001], [4.74291, 45.687221], [4.740614, 45.687955], [4.740165, 45.688215], [4.739483, 45.688575], [4.738895, 45.689025], [4.738667, 45.689354], [4.738047, 45.689573], [4.737794, 45.68959], [4.737675, 45.689613], [4.737801, 45.689723], [4.738296, 45.690046], [4.738601, 45.690349], [4.738805, 45.690403], [4.739212, 45.690335], [4.739344, 45.690348], [4.738383, 45.690568], [4.738278, 45.69058], [4.738077, 45.690571], [4.737307, 45.690555], [4.737182, 45.690574], [4.736651, 45.690823], [4.736368, 45.690975], [4.736132, 45.691017], [4.735851, 45.691033], [4.735662, 45.691075], [4.735542, 45.691128], [4.735234, 45.6913], [4.735013, 45.691407], [4.734566, 45.691723], [4.733731, 45.691974], [4.733431, 45.692037], [4.733242, 45.692099], [4.732921, 45.69224], [4.732803, 45.692271], [4.732668, 45.692271], [4.732405, 45.69226], [4.731563, 45.691944], [4.731352, 45.6918], [4.730874, 45.691437], [4.730616, 45.691409], [4.730012, 45.691599], [4.729386, 45.69174], [4.729282, 45.691808], [4.72905, 45.692149], [4.728494, 45.692511], [4.72822, 45.692616], [4.728176, 45.692639], [4.728142, 45.692679], [4.728146, 45.692738], [4.728198, 45.692781], [4.728242, 45.692786], [4.72831, 45.692776], [4.728369, 45.692726], [4.728415, 45.692669], [4.728485, 45.69262], [4.729234, 45.692317], [4.729448, 45.692148], [4.72952, 45.692134], [4.72958, 45.692138], [4.729613, 45.692191], [4.729589, 45.69225], [4.729027, 45.692693], [4.728713, 45.692836], [4.728616, 45.692905], [4.728617, 45.692954], [4.728645, 45.692987], [4.728706, 45.693007], [4.728767, 45.693002], [4.728807, 45.692987], [4.728835, 45.69294], [4.728885, 45.692879], [4.729002, 45.692812], [4.729062, 45.692804], [4.729119, 45.69282], [4.729139, 45.692838], [4.729147, 45.692866], [4.729099, 45.693007], [4.729092, 45.69312], [4.729113, 45.693225], [4.729187, 45.693409], [4.729364, 45.694078], [4.729449, 45.69449], [4.729378, 45.694594], [4.728865, 45.695428], [4.728606, 45.695736], [4.728573, 45.695776], [4.727955, 45.696549], [4.727637, 45.697088], [4.727551, 45.697514], [4.727535, 45.698557], [4.727493, 45.698811], [4.727401, 45.698993], [4.72722, 45.699251], [4.726842, 45.699738], [4.726603, 45.700084], [4.72659, 45.700206], [4.726554, 45.700531], [4.726544, 45.701029], [4.728076, 45.701637], [4.728747, 45.701927], [4.729033, 45.702075], [4.729353, 45.702259], [4.729578, 45.702405], [4.729973, 45.702682], [4.730404, 45.702965], [4.730827, 45.703226], [4.730743, 45.703258], [4.730318, 45.703393], [4.729364, 45.703786], [4.728582, 45.704191], [4.728278, 45.704314], [4.727969, 45.7044], [4.72792, 45.70445], [4.727756, 45.704735], [4.727547, 45.705164], [4.72747, 45.705271], [4.727072, 45.705528], [4.726512, 45.70583], [4.726198, 45.705987], [4.724502, 45.706799], [4.72384, 45.707181], [4.723363, 45.707477], [4.722936, 45.707631], [4.721561, 45.707949], [4.720842, 45.708236], [4.720397, 45.708401], [4.719959, 45.708645], [4.719916, 45.708625], [4.71984, 45.708573], [4.719352, 45.708293], [4.71853, 45.707739], [4.717902, 45.707374], [4.717604, 45.707244], [4.717396, 45.707209], [4.717747, 45.705865], [4.717902, 45.705225], [4.717946, 45.704906], [4.718623, 45.704861], [4.718652, 45.704447], [4.718601, 45.704408], [4.718652, 45.704447], [4.718623, 45.704861], [4.717946, 45.704906], [4.717902, 45.705225], [4.717747, 45.705865], [4.717396, 45.707209], [4.717604, 45.707244], [4.717902, 45.707374], [4.71853, 45.707739], [4.719352, 45.708293], [4.71984, 45.708573], [4.719916, 45.708625], [4.719959, 45.708645], [4.720397, 45.708401], [4.720842, 45.708236], [4.721561, 45.707949], [4.722936, 45.707631], [4.723363, 45.707477], [4.72384, 45.707181], [4.724502, 45.706799], [4.726198, 45.705987], [4.726233, 45.706017], [4.7263, 45.706898], [4.726298, 45.706959], [4.726251, 45.706989], [4.725945, 45.707157], [4.725624, 45.707365], [4.725452, 45.70749], [4.725247, 45.707653], [4.725123, 45.707766], [4.725115, 45.707798], [4.725423, 45.708479], [4.725763, 45.709129], [4.726024, 45.709555], [4.726507, 45.710304], [4.726656, 45.710601], [4.726795, 45.71085], [4.727826, 45.711479], [4.727914, 45.711532], [4.727561, 45.711535], [4.727042, 45.711561], [4.726655, 45.71155], [4.726477, 45.71153], [4.725408, 45.711409], [4.72517, 45.711412], [4.724847, 45.711432], [4.723159, 45.711674], [4.721314, 45.71219], [4.720827, 45.712298], [4.720199, 45.712356], [4.717802, 45.712476], [4.717937, 45.712975], [4.718079, 45.71339], [4.718312, 45.71389], [4.718513, 45.714359], [4.718506, 45.714432], [4.718389, 45.71494], [4.718252, 45.715402], [4.718218, 45.71551], [4.718252, 45.715402], [4.718389, 45.71494], [4.718506, 45.714432], [4.718513, 45.714359], [4.718312, 45.71389], [4.718079, 45.71339], [4.717937, 45.712975], [4.717802, 45.712476], [4.720199, 45.712356], [4.720827, 45.712298], [4.721314, 45.71219], [4.723159, 45.711674], [4.724847, 45.711432], [4.72517, 45.711412], [4.725408, 45.711409], [4.726477, 45.71153], [4.726655, 45.71155], [4.727042, 45.711561], [4.727561, 45.711535], [4.727914, 45.711532], [4.728315, 45.711549], [4.730322, 45.711757], [4.730672, 45.71178], [4.732019, 45.711799], [4.73248, 45.711786], [4.732842, 45.71176], [4.733255, 45.711702], [4.733623, 45.711618], [4.7339, 45.711535], [4.734661, 45.711269], [4.735052, 45.711176], [4.735689, 45.711095], [4.736177, 45.711037], [4.736246, 45.711029], [4.736379, 45.711013], [4.736435, 45.711006], [4.737069, 45.710937], [4.737865, 45.710856], [4.738049, 45.710846], [4.738511, 45.710865], [4.738584, 45.710845], [4.738639, 45.710827], [4.738669, 45.710853], [4.738699, 45.710861], [4.738725, 45.71086], [4.73877, 45.71084], [4.738815, 45.710857], [4.738888, 45.710886], [4.738985, 45.710924], [4.739033, 45.710943], [4.73905, 45.71093], [4.73909, 45.71092], [4.739134, 45.710928], [4.739152, 45.71094], [4.739215, 45.71092], [4.739265, 45.710904], [4.739436, 45.710864], [4.739516, 45.710857], [4.739839, 45.71083], [4.740437, 45.710757], [4.740598, 45.710725], [4.740655, 45.710714], [4.74086, 45.710662], [4.74094, 45.710644], [4.741952, 45.710532], [4.741947, 45.710474], [4.741968, 45.710338], [4.74199, 45.710155], [4.74204, 45.710131], [4.742284, 45.710123], [4.742497, 45.710121], [4.7425, 45.710229], [4.742575, 45.710223], [4.742816, 45.710139], [4.742789, 45.710098], [4.742772, 45.710072]]}, "properties": {"heading": 234, "length_km": 14.575, "retrace": 0.378}}, {"type": "Feature", "geometry": {"type": "LineString", "coordinates": [[4.742772, 45.710072], [4.742623, 45.709846], [4.742465, 45.709634], [4.742447, 45.709611], [4.742424, 45.709581], [4.742344, 45.709476], [4.741912, 45.708875], [4.741778, 45.708687], [4.741671, 45.708547], [4.741626, 45.708487], [4.741457, 45.708226], [4.741275, 45.708005], [4.741122, 45.707839], [4.740913, 45.707676], [4.74086, 45.707642], [4.740437, 45.707381], [4.740256, 45.707249], [4.739857, 45.706875], [4.739924, 45.706822], [4.740134, 45.706596], [4.74024, 45.706405], [4.740245, 45.706242], [4.739868, 45.706115], [4.739802, 45.706075], [4.73944, 45.705612], [4.73945, 45.705551], [4.73911, 45.705503], [4.738878, 45.70547], [4.738682, 45.705483], [4.738457, 45.70532], [4.738314, 45.705266], [4.737712, 45.705016], [4.737644, 45.704992], [4.737666, 45.704697], [4.736905, 45.703812], [4.735953, 45.703227], [4.735716, 45.702993], [4.735495, 45.702673], [4.734396, 45.701621], [4.734181, 45.701429], [4.734076, 45.701368], [4.733779, 45.701174], [4.733417, 45.700873], [4.733182, 45.700721], [4.732988, 45.700582], [4.73263, 45.70023], [4.732128, 45.699754], [4.732094, 45.699708], [4.731954, 45.699511], [4.731906, 45.699394], [4.731743, 45.699036], [4.731638, 45.698746], [4.731557, 45.698572], [4.731535, 45.698532], [4.731343, 45.698272], [4.731242, 45.698117], [4.731187, 45.698017], [4.731146, 45.697907], [4.731124, 45.697584], [4.73108, 45.697362], [4.730971, 45.697018], [4.730839, 45.6967], [4.7306, 45.696223], [4.730232, 45.69569], [4.729752, 45.694944], [4.729506, 45.694609], [4.729449, 45.69449], [4.729364, 45.694078], [4.729187, 45.693409], [4.729113, 45.693225], [4.729092, 45.69312], [4.729099, 45.693007], [4.729147, 45.692866], [4.729139, 45.692838], [4.729119, 45.69282], [4.729062, 45.692804], [4.729002, 45.692812], [4.728885, 45.692879], [4.728835, 45.69294], [4.728807, 45.692987], [4.728767, 45.693002], [4.728706, 45.693007], [4.728645, 45.692987], [4.728617, 45.692954], [4.728616, 45.692905], [4.728713, 45.692836], [4.729027, 45.692693], [4.729589, 45.69225], [4.729613, 45.692191], [4.72958, 45.692138], [4.72952, 45.692134], [4.729448, 45.692148], [4.729234, 45.692317], [4.728485, 45.69262], [4.728415, 45.692669], [4.728369, 45.692726], [4.72831, 45.692776], [4.728242, 45.692786], [4.728198, 45.692781], [4.728146, 45.692738], [4.728142, 45.692679], [4.728176, 45.692639], [4.72822, 45.692616], [4.728494, 45.692511], [4.72905, 45.692149], [4.729282, 45.691808], [4.729386, 45.69174], [4.730012, 45.691599], [4.730616, 45.691409], [4.730874, 45.691437], [4.731352, 45.6918], [4.731563, 45.691944], [4.732405, 45.69226], [4.732668, 45.692271], [4.732803, 45.692271], [4.732921, 45.69224], [4.733242, 45.692099], [4.733431, 45.692037], [4.733731, 45.691974], [4.734381, 45.691778], [4.733731, 45.691974], [4.733431, 45.692037], [4.733242, 45.692099], [4.732921, 45.69224], [4.732803, 45.692271], [4.732668, 45.692271], [4.732405, 45.69226], [4.731563, 45.691944], [4.731352, 45.6918], [4.730874, 45.691437], [4.730616, 45.691409], [4.730012, 45.691599], [4.729386, 45.69174], [4.729282, 45.691808], [4.72905, 45.692149], [4.728494, 45.692511], [4.72822, 45.692616], [4.728176, 45.692639], [4.728142, 45.692679], [4.728146, 45.692738], [4.728198, 45.692781], [4.728242, 45.692786], [4.72831, 45.692776], [4.728369, 45.692726], [4.728415, 45.692669], [4.728485, 45.69262], [4.729234, 45.692317], [4.729448, 45.692148], [4.72952, 45.692134], [4.72958, 45.692138], [4.729613, 45.692191], [4.729589, 45.69225], [4.729027, 45.692693], [4.728713, 45.692836], [4.728616, 45.692905], [4.728617, 45.692954], [4.728645, 45.692987], [4.728706, 45.693007], [4.728767, 45.693002], [4.728807, 45.692987], [4.728835, 45.69294], [4.728885, 45.692879], [4.729002, 45.692812], [4.729062, 45.692804], [4.729119, 45.69282], [4.729139, 45.692838], [4.729147, 45.692866], [4.729099, 45.693007], [4.729092, 45.69312], [4.729113, 45.693225], [4.729187, 45.693409], [4.729364, 45.694078], [4.729449, 45.69449], [4.729506, 45.694609], [4.729752, 45.694944], [4.730232, 45.69569], [4.7306, 45.696223], [4.730839, 45.6967], [4.730971, 45.697018], [4.73108, 45.697362], [4.731124, 45.697584], [4.731146, 45.697907], [4.731187, 45.698017], [4.731242, 45.698117], [4.731343, 45.698272], [4.731535, 45.698532], [4.731557, 45.698572], [4.731419, 45.698587], [4.730962, 45.698755], [4.73011, 45.69914], [4.729676, 45.699264], [4.729513, 45.699287], [4.72933, 45.69935], [4.729227, 45.699355], [4.729183, 45.699333], [4.72882, 45.699016], [4.728786, 45.698958], [4.72875, 45.698922], [4.728646, 45.698784], [4.728617, 45.698783], [4.728488, 45.698802], [4.72839, 45.698824], [4.728284, 45.698835], [4.728, 45.698897], [4.727401, 45.698993], [4.72722, 45.699251], [4.726842, 45.699738], [4.726603, 45.700084], [4.72659, 45.700206], [4.726554, 45.700531], [4.726544, 45.701029], [4.726467, 45.701008], [4.726071, 45.700896], [4.725759, 45.700835], [4.725035, 45.70074], [4.724205, 45.700699], [4.72377, 45.700702], [4.723491, 45.700735], [4.723149, 45.70081], [4.722865, 45.700843], [4.722607, 45.700829], [4.721876, 45.700739], [4.722607, 45.700829], [4.722865, 45.700843], [4.723149, 45.70081], [4.723491, 45.700735], [4.72377, 45.700702], [4.724205, 45.700699], [4.725035, 45.70074], [4.725759, 45.700835], [4.726071, 45.700896], [4.726467, 45.701008], [4.726544, 45.701029], [4.728076, 45.701637], [4.728747, 45.701927], [4.729033, 45.702075], [4.729353, 45.702259], [4.729578, 45.702405], [4.729973, 45.702682], [4.730404, 45.702965], [4.730827, 45.703226], [4.730743, 45.703258], [4.730318, 45.703393], [4.729364, 45.703786], [4.728582, 45.704191], [4.728278, 45.704314], [4.727969, 45.7044], [4.72792, 45.70445], [4.727756, 45.704735], [4.727547, 45.705164], [4.72747, 45.705271], [4.727072, 45.705528], [4.726512, 45.70583], [4.726198, 45.705987], [4.724502, 45.706799], [4.72384, 45.707181], [4.723363, 45.707477], [4.722936, 45.707631], [4.721561, 45.707949], [4.720842, 45.708236], [4.720397, 45.708401], [4.719959, 45.708645], [4.719916, 45.708625], [4.71984, 45.708573], [4.719352, 45.708293], [4.719207, 45.708346], [4.719057, 45.708356], [4.717479, 45.708274], [4.719057, 45.708356], [4.719207, 45.708346], [4.719352, 45.708293], [4.71984, 45.708573], [4.719916, 45.708625], [4.719959, 45.708645], [4.720397, 45.708401], [4.720842, 45.708236], [4.721561, 45.707949], [4.722936, 45.707631], [4.723363, 45.707477], [4.72384, 45.707181], [4.724502, 45.706799], [4.726198, 45.705987], [4.726233, 45.706017], [4.7263, 45.706898], [4.726298, 45.706959], [4.726251, 45.706989], [4.725945, 45.707157], [4.725624, 45.707365], [4.725452, 45.70749], [4.725247, 45.707653], [4.725123, 45.707766], [4.725115, 45.707798], [4.725423, 45.708479], [4.725763, 45.709129], [4.726024, 45.709555], [4.726507, 45.710304], [4.726656, 45.710601], [4.726795, 45.71085], [4.727826, 45.711479], [4.727914, 45.711532], [4.727561, 45.711535], [4.727042, 45.711561], [4.726655, 45.71155], [4.726477, 45.71153], [4.725408, 45.711409], [4.72517, 45.711412], [4.724847, 45.711432], [4.723159, 45.711674], [4.721314, 45.71219], [4.720827, 45.712298], [4.720199, 45.712356], [4.717802, 45.712476], [4.717937, 45.712975], [4.718079, 45.71339], [4.718312, 45.71389], [4.718513, 45.714359], [4.718506, 45.714432], [4.718389, 45.71494], [4.718252, 45.715402], [4.718112, 45.715858], [4.718022, 45.715965], [4.718493, 45.716482], [4.718768, 45.71673], [4.719089, 45.716943], [4.719216, 45.717013], [4.719284, 45.717047], [4.719111, 45.71751], [4.718816, 45.718367], [4.718688, 45.718742], [4.718658, 45.718832], [4.718258, 45.720004], [4.718214, 45.720181], [4.718239, 45.720234], [4.718261, 45.720284], [4.71816, 45.720318], [4.717836, 45.720556], [4.717454, 45.720758], [4.717291, 45.720821], [4.717132, 45.720867], [4.717164, 45.720906], [4.71727, 45.720873], [4.717546, 45.720757], [4.717842, 45.720594], [4.718134, 45.72041], [4.718278, 45.72033], [4.718464, 45.720261], [4.718633, 45.720237], [4.719055, 45.720195], [4.72211, 45.719963], [4.719055, 45.720195], [4.718633, 45.720237], [4.718464, 45.720261], [4.718278, 45.72033], [4.718134, 45.72041], [4.717842, 45.720594], [4.717546, 45.720757], [4.71727, 45.720873], [4.717164, 45.720906], [4.717132, 45.720867], [4.717291, 45.720821], [4.717454, 45.720758], [4.717836, 45.720556], [4.71816, 45.720318], [4.718261, 45.720284], [4.718339, 45.720259], [4.718443, 45.720226], [4.719292, 45.72016], [4.722684, 45.719877], [4.722958, 45.719833], [4.72334, 45.719763], [4.723597, 45.719726], [4.723719, 45.719698], [4.723831, 45.71966], [4.723891, 45.719637], [4.723933, 45.719621], [4.724318, 45.719464], [4.724677, 45.719275], [4.724932, 45.719168], [4.725037, 45.719133], [4.725172, 45.7191], [4.725762, 45.718992], [4.726557, 45.71882], [4.726797, 45.718761], [4.727009, 45.718693], [4.72735, 45.718567], [4.727597, 45.718487], [4.727839, 45.718448], [4.728351, 45.71841], [4.728861, 45.718385], [4.729382, 45.718344], [4.730811, 45.718282], [4.731606, 45.718201], [4.731956, 45.71818], [4.73217, 45.718186], [4.732833, 45.717879], [4.733009, 45.717781], [4.73306, 45.717745], [4.733133, 45.717693], [4.733943, 45.717044], [4.734335, 45.716535], [4.734741, 45.716027], [4.735155, 45.715526], [4.735517, 45.715146], [4.736043, 45.714739], [4.736242, 45.714596], [4.736433, 45.714472], [4.737039, 45.714156], [4.737601, 45.713832], [4.737772, 45.713719], [4.738088, 45.713462], [4.738376, 45.713209], [4.738501, 45.713055], [4.738798, 45.712672], [4.739572, 45.711838], [4.739636, 45.71174], [4.739784, 45.711716], [4.740333, 45.711643], [4.740574, 45.711614], [4.740641, 45.711606], [4.740642, 45.711537], [4.740646, 45.711262], [4.740647, 45.711237], [4.740655, 45.710714], [4.74086, 45.710662], [4.74094, 45.710644], [4.741952, 45.710532], [4.741947, 45.710474], [4.741968, 45.710338], [4.74199, 45.710155], [4.74204, 45.710131], [4.742284, 45.710123], [4.742497, 45.710121], [4.7425, 45.710229], [4.742575, 45.710223], [4.742816, 45.710139], [4.742789, 45.710098], [4.742772, 45.710072]]}, "properties": {"heading": 252, "length_km": 14.626, "retrace": 0.447}}, {"type": "Feature", "geometry": {"type": "LineString", "coordinates": [[4.742772, 45.710072], [4.742623, 45.709846], [4.742465, 45.709634], [4.742447, 45.709611], [4.742424, 45.709581], [4.742344, 45.709476], [4.741912, 45.708875], [4.741778, 45.708687], [4.741671, 45.708547], [4.741626, 45.708487], [4.741457, 45.708226], [4.741275, 45.708005], [4.741122, 45.707839], [4.740913, 45.707676], [4.74086, 45.707642], [4.740437, 45.707381], [4.740256, 45.707249], [4.739857, 45.706875], [4.739924, 45.706822], [4.740134, 45.706596], [4.74024, 45.706405], [4.740245, 45.706242], [4.739868, 45.706115], [4.739802, 45.706075], [4.73944, 45.705612], [4.73945, 45.705551], [4.73911, 45.705503], [4.738878, 45.70547], [4.738682, 45.705483], [4.738457, 45.70532], [4.738314, 45.705266], [4.737712, 45.705016], [4.737644, 45.704992], [4.737666, 45.704697], [4.736905, 45.703812], [4.735953, 45.703227], [4.735716, 45.702993], [4.735495, 45.702673], [4.734396, 45.701621], [4.734181, 45.701429], [4.734076, 45.701368], [4.733779, 45.701174], [4.733417, 45.700873], [4.733182, 45.700721], [4.732988, 45.700582], [4.73263, 45.70023], [4.732128, 45.699754], [4.732094, 45.699708], [4.731954, 45.699511], [4.731906, 45.699394], [4.731743, 45.699036], [4.731638, 45.698746], [4.731557, 45.698572], [4.731419, 45.698587], [4.730962, 45.698755], [4.73011, 45.69914], [4.729676, 45.699264], [4.729513, 45.699287], [4.72933, 45.69935], [4.729227, 45.699355], [4.729183, 45.699333], [4.72882, 45.699016], [4.728786, 45.698958], [4.72875, 45.698922], [4.728646, 45.698784], [4.728617, 45.698783], [4.728488, 45.698802], [4.72839, 45.698824], [4.728284, 45.698835], [4.728, 45.698897], [4.727401, 45.698993], [4.727493, 45.698811], [4.727535, 45.698557], [4.727551, 45.697514], [4.727637, 45.697088], [4.727955, 45.696549], [4.728573, 45.695776], [4.728606, 45.695736], [4.728573, 45.695776], [4.727955, 45.696549], [4.727637, 45.697088], [4.727551, 45.697514], [4.727535, 45.698557], [4.727493, 45.698811], [4.727401, 45.698993], [4.72722, 45.699251], [4.726842, 45.699738], [4.726603, 45.700084], [4.72659, 45.700206], [4.726554, 45.700531], [4.726544, 45.701029], [4.728076, 45.701637], [4.728747, 45.701927], [4.729033, 45.702075], [4.729353, 45.702259], [4.729578, 45.702405], [4.729973, 45.702682], [4.730404, 45.702965], [4.730827, 45.703226], [4.730743, 45.703258], [4.730318, 45.703393], [4.729364, 45.703786], [4.728582, 45.704191], [4.728278, 45.704314], [4.727969, 45.7044], [4.72792, 45.70445], [4.727756, 45.704735], [4.727547, 45.705164], [4.72747, 45.705271], [4.727072, 45.705528], [4.726512, 45.70583], [4.726198, 45.705987], [4.724502, 45.706799], [4.72384, 45.707181], [4.723363, 45.707477], [4.722936, 45.707631], [4.721561, 45.707949], [4.720842, 45.708236], [4.720397, 45.708401], [4.719959, 45.708645], [4.719916, 45.708625], [4.71984, 45.708573], [4.719352, 45.708293], [4.71853, 45.707739], [4.717902, 45.707374], [4.717604, 45.707244], [4.717396, 45.707209], [4.717747, 45.705865], [4.717902, 45.705225], [4.717946, 45.704906], [4.718623, 45.704861], [4.718652, 45.704447], [4.718601, 45.704408], [4.718652, 45.704447], [4.718623, 45.704861], [4.717946, 45.704906], [4.717902, 45.705225], [4.717747, 45.705865], [4.717396, 45.707209], [4.717604, 45.707244], [4.717902, 45.707374], [4.71853, 45.707739], [4.719352, 45.708293], [4.71984, 45.708573], [4.719916, 45.708625], [4.719959, 45.708645], [4.720397, 45.708401], [4.720842, 45.708236], [4.721561, 45.707949], [4.722936, 45.707631], [4.723363, 45.707477], [4.72384, 45.707181], [4.724502, 45.706799], [4.726198, 45.705987], [4.726233, 45.706017], [4.7263, 45.706898], [4.726298, 45.706959], [4.726251, 45.706989], [4.725945, 45.707157], [4.725624, 45.707365], [4.725452, 45.70749], [4.725247, 45.707653], [4.725123, 45.707766], [4.725115, 45.707798], [4.725423, 45.708479], [4.725763, 45.709129], [4.726024, 45.709555], [4.726507, 45.710304], [4.726656, 45.710601], [4.726795, 45.71085], [4.727826, 45.711479], [4.727914, 45.711532], [4.727561, 45.711535], [4.727042, 45.711561], [4.726655, 45.71155], [4.726477, 45.71153], [4.725408, 45.711409], [4.72517, 45.711412], [4.724847, 45.711432], [4.723159, 45.711674], [4.721314, 45.71219], [4.720827, 45.712298], [4.720199, 45.712356], [4.717802, 45.712476], [4.717937, 45.712975], [4.718079, 45.71339], [4.718312, 45.71389], [4.718513, 45.714359], [4.718506, 45.714432], [4.718389, 45.71494], [4.718252, 45.715402], [4.718218, 45.71551], [4.718112, 45.715858], [4.718022, 45.715965], [4.718493, 45.716482], [4.718768, 45.71673], [4.719089, 45.716943], [4.719216, 45.717013], [4.719284, 45.717047], [4.71939, 45.717087], [4.720711, 45.717587], [4.720865, 45.717645], [4.723204, 45.719108], [4.723541, 45.719372], [4.723695, 45.719525], [4.723739, 45.719568], [4.723831, 45.71966], [4.723896, 45.719724], [4.723932, 45.719762], [4.72406, 45.719891], [4.724714, 45.720461], [4.724866, 45.720577], [4.72499, 45.720662], [4.725146, 45.720756], [4.725326, 45.720841], [4.725539, 45.720928], [4.725765, 45.721002], [4.726666, 45.72125], [4.727168, 45.721409], [4.727645, 45.721578], [4.729736, 45.722367], [4.729694, 45.722447], [4.729682, 45.72247], [4.729643, 45.722715], [4.729431, 45.72416], [4.729339, 45.724682], [4.729431, 45.72416], [4.729643, 45.722715], [4.729682, 45.72247], [4.729694, 45.722447], [4.729736, 45.722367], [4.731474, 45.722983], [4.731658, 45.723101], [4.732506, 45.723634], [4.733132, 45.72399], [4.733323, 45.724089], [4.734073, 45.724471], [4.734624, 45.724697], [4.735113, 45.725085], [4.735639, 45.725482], [4.735812, 45.725383], [4.736116, 45.725249], [4.736363, 45.725115], [4.736554, 45.724945], [4.736831, 45.724643], [4.737171, 45.724323], [4.737264, 45.724218], [4.737346, 45.724091], [4.737613, 45.723576], [4.737693, 45.723438], [4.737763, 45.723336], [4.73786, 45.723221], [4.738068, 45.723015], [4.738263, 45.722855], [4.738494, 45.722775], [4.739037, 45.722557], [4.739436, 45.722358], [4.739833, 45.722145], [4.740512, 45.721757], [4.741425, 45.721218], [4.741892, 45.720969], [4.742357, 45.720695], [4.743068, 45.720264], [4.74348, 45.720032], [4.743882, 45.719874], [4.743851, 45.719542], [4.74386, 45.719409], [4.74389, 45.718995], [4.743919, 45.718357], [4.743987, 45.717778], [4.743991, 45.717669], [4.743995, 45.717593], [4.743968, 45.717205], [4.743973, 45.716824], [4.743993, 45.716436], [4.74402, 45.716218], [4.744065, 45.716013], [4.74417, 45.715655], [4.744218, 45.715491], [4.744447, 45.7148], [4.744519, 45.714802], [4.74453, 45.714761], [4.744531, 45.71474], [4.744569, 45.713376], [4.744563, 45.713239], [4.744537, 45.713122], [4.744443, 45.712894], [4.744305, 45.712562], [4.744272, 45.712406], [4.744268, 45.712324], [4.744304, 45.712243], [4.744355, 45.712164], [4.74439, 45.712096], [4.744468, 45.711948], [4.744743, 45.711423], [4.744768, 45.711167], [4.744778, 45.71115], [4.744825, 45.711074], [4.744804, 45.711012], [4.7449, 45.710987], [4.7449, 45.71094], [4.744912, 45.710923], [4.744991, 45.710898], [4.745057, 45.710807], [4.745023, 45.710789], [4.745035, 45.710771], [4.744992, 45.710756], [4.745043, 45.710705], [4.745101, 45.710663], [4.745178, 45.710623], [4.745195, 45.710634], [4.745226, 45.710619], [4.745132, 45.710559], [4.745112, 45.710544], [4.744959, 45.710424], [4.744808, 45.710336], [4.744755, 45.710296], [4.744357, 45.710411], [4.744252, 45.71043], [4.744021, 45.710452], [4.743906, 45.710456], [4.74387, 45.710479], [4.743579, 45.710456], [4.743066, 45.710397], [4.742927, 45.710433], [4.742965, 45.71053], [4.742847, 45.710552], [4.742814, 45.710497], [4.742842, 45.710482], [4.742862, 45.710461], [4.742872, 45.710437], [4.742869, 45.710412], [4.742832, 45.710371], [4.742774, 45.710354], [4.742816, 45.710139], [4.742789, 45.710098], [4.742772, 45.710072]]}, "properties": {"heading": 270, "length_km": 12.796, "retrace": 0.287}}, {"type": "Feature", "geometry": {"type": "LineString", "coordinates": [[4.742772, 45.710072], [4.742623, 45.709846], [4.742465, 45.709634], [4.742447, 45.709611], [4.742424, 45.709581], [4.742344, 45.709476], [4.741912, 45.708875], [4.741778, 45.708687], [4.741671, 45.708547], [4.741626, 45.708487], [4.741457, 45.708226], [4.741275, 45.708005], [4.741122, 45.707839], [4.740913, 45.707676], [4.74086, 45.707642], [4.740437, 45.707381], [4.740256, 45.707249], [4.739857, 45.706875], [4.739924, 45.706822], [4.740134, 45.706596], [4.74024, 45.706405], [4.740245, 45.706242], [4.739868, 45.706115], [4.739802, 45.706075], [4.73944, 45.705612], [4.73945, 45.705551], [4.73911, 45.705503], [4.738878, 45.70547], [4.738682, 45.705483], [4.738457, 45.70532], [4.738314, 45.705266], [4.737712, 45.705016], [4.737644, 45.704992], [4.737174, 45.704875], [4.735501, 45.704607], [4.734719, 45.7045], [4.732905, 45.704485], [4.732687, 45.704451], [4.731677, 45.703941], [4.731435, 45.703687], [4.731197, 45.70349], [4.730897, 45.703272], [4.730888, 45.703266], [4.730827, 45.703226], [4.730404, 45.702965], [4.729973, 45.702682], [4.729578, 45.702405], [4.729353, 45.702259], [4.729033, 45.702075], [4.728747, 45.701927], [4.728076, 45.701637], [4.726544, 45.701029], [4.726467, 45.701008], [4.726071, 45.700896], [4.725759, 45.700835], [4.725035, 45.70074], [4.724205, 45.700699], [4.72377, 45.700702], [4.723491, 45.700735], [4.723149, 45.70081], [4.722865, 45.700843], [4.722607, 45.700829], [4.721876, 45.700739], [4.722607, 45.700829], [4.722865, 45.700843], [4.723149, 45.70081], [4.723491, 45.700735], [4.72377, 45.700702], [4.724205, 45.700699], [4.725035, 45.70074], [4.725759, 45.700835], [4.726071, 45.700896], [4.726467, 45.701008], [4.726544, 45.701029], [4.728076, 45.701637], [4.728747, 45.701927], [4.729033, 45.702075], [4.729353, 45.702259], [4.729578, 45.702405], [4.729973, 45.702682], [4.730404, 45.702965], [4.730827, 45.703226], [4.730743, 45.703258], [4.730318, 45.703393], [4.729364, 45.703786], [4.728582, 45.704191], [4.728278, 45.704314], [4.727969, 45.7044], [4.72792, 45.70445], [4.727756, 45.704735], [4.727547, 45.705164], [4.72747, 45.705271], [4.727072, 45.705528], [4.726512, 45.70583], [4.726198, 45.705987], [4.724502, 45.706799], [4.72384, 45.707181], [4.723363, 45.707477], [4.722936, 45.707631], [4.721561, 45.707949], [4.720842, 45.708236], [4.720397, 45.708401], [4.719959, 45.708645], [4.719916, 45.708625], [4.71984, 45.708573], [4.719352, 45.708293], [4.719207, 45.708346], [4.719057, 45.708356], [4.717479, 45.708274], [4.719057, 45.708356], [4.719207, 45.708346], [4.719352, 45.708293], [4.71984, 45.708573], [4.719916, 45.708625], [4.719959, 45.708645], [4.720397, 45.708401], [4.720842, 45.708236], [4.721561, 45.707949], [4.722936, 45.707631], [4.723363, 45.707477], [4.72384, 45.707181], [4.724502, 45.706799], [4.726198, 45.705987], [4.726233, 45.706017], [4.7263, 45.706898], [4.726298, 45.706959], [4.726251, 45.706989], [4.725945, 45.707157], [4.725624, 45.707365], [4.725452, 45.70749], [4.725247, 45.707653], [4.725123, 45.707766], [4.725115, 45.707798], [4.725423, 45.708479], [4.725763, 45.709129], [4.726024, 45.709555], [4.726507, 45.710304], [4.726656, 45.710601], [4.726795, 45.71085], [4.727826, 45.711479], [4.727914, 45.711532], [4.727561, 45.711535], [4.727042, 45.711561], [4.726655, 45.71155], [4.726477, 45.71153], [4.725408, 45.711409], [4.72517, 45.711412], [4.724847, 45.711432], [4.723159, 45.711674], [4.721314, 45.71219], [4.720827, 45.712298], [4.720199, 45.712356], [4.717802, 45.712476], [4.717937, 45.712975], [4.718079, 45.71339], [4.718312, 45.71389], [4.718513, 45.714359], [4.718506, 45.714432], [4.718389, 45.71494], [4.718252, 45.715402], [4.718112, 45.715858], [4.718022, 45.715965], [4.718493, 45.716482], [4.718768, 45.71673], [4.719089, 45.716943], [4.719216, 45.717013], [4.719284, 45.717047], [4.719111, 45.71751], [4.718816, 45.718367], [4.718688, 45.718742], [4.718658, 45.718832], [4.718258, 45.720004], [4.718214, 45.720181], [4.718239, 45.720234], [4.718261, 45.720284], [4.71816, 45.720318], [4.717836, 45.720556], [4.717454, 45.720758], [4.717291, 45.720821], [4.717132, 45.720867], [4.717164, 45.720906], [4.71727, 45.720873], [4.717546, 45.720757], [4.717842, 45.720594], [4.718134, 45.72041], [4.718278, 45.72033], [4.718464, 45.720261], [4.718633, 45.720237], [4.719055, 45.720195], [4.72211, 45.719963], [4.719055, 45.720195], [4.718633, 45.720237], [4.718464, 45.720261], [4.718278, 45.72033], [4.718134, 45.72041], [4.717842, 45.720594], [4.717546, 45.720757], [4.71727, 45.720873], [4.717164, 45.720906], [4.717106, 45.720921], [4.717019, 45.720926], [4.716577, 45.721014], [4.716298, 45.72105], [4.715881, 45.721059], [4.715486, 45.72106], [4.715441, 45.721074], [4.715335, 45.721075], [4.715336, 45.721086], [4.715339, 45.721115], [4.715533, 45.721516], [4.715636, 45.721727], [4.715668, 45.721794], [4.715696, 45.721857], [4.715867, 45.722204], [4.715895, 45.722331], [4.71588, 45.722434], [4.715819, 45.72266], [4.715786, 45.722818], [4.715786, 45.722944], [4.715819, 45.723158], [4.716011, 45.723843], [4.716106, 45.724139], [4.716157, 45.724189], [4.716198, 45.724208], [4.716265, 45.724166], [4.716429, 45.724139], [4.71647, 45.724224], [4.716566, 45.724264], [4.716589, 45.724365], [4.716717, 45.724437], [4.716779, 45.724512], [4.71686, 45.724804], [4.716875, 45.724865], [4.71694, 45.725111], [4.716981, 45.725267], [4.71707, 45.725594], [4.717133, 45.725829], [4.717339, 45.726589], [4.717346, 45.726647], [4.717659, 45.726628], [4.717864, 45.726625], [4.718043, 45.726633], [4.718765, 45.726694], [4.718944, 45.726711], [4.719285, 45.726743], [4.719758, 45.726799], [4.720149, 45.726918], [4.720323, 45.72695], [4.720355, 45.726945], [4.720889, 45.727586], [4.721121, 45.727877], [4.721383, 45.728146], [4.721784, 45.728662], [4.721909, 45.728909], [4.722014, 45.729213], [4.722171, 45.729523], [4.7223, 45.729749], [4.7224, 45.729889], [4.72257, 45.730128], [4.722707, 45.730293], [4.722944, 45.730514], [4.723059, 45.730649], [4.723228, 45.730867], [4.72352, 45.731179], [4.723839, 45.731565], [4.723866, 45.731598], [4.723962, 45.731711], [4.724129, 45.731976], [4.724268, 45.732165], [4.724356, 45.7323], [4.724399, 45.732429], [4.724415, 45.732524], [4.724444, 45.732603], [4.724586, 45.732808], [4.724769, 45.733046], [4.724856, 45.733147], [4.725028, 45.733236], [4.725125, 45.733323], [4.725317, 45.73344], [4.725454, 45.733484], [4.725518, 45.733491], [4.725559, 45.733466], [4.725823, 45.733456], [4.725839, 45.733531], [4.725974, 45.733537], [4.726265, 45.733662], [4.726325, 45.733588], [4.726515, 45.733449], [4.726637, 45.733395], [4.726714, 45.733373], [4.726894, 45.733302], [4.727055, 45.733305], [4.727258, 45.73329], [4.727423, 45.733235], [4.727572, 45.733162], [4.727734, 45.733113], [4.727948, 45.733112], [4.728126, 45.733121], [4.728267, 45.733173], [4.72853, 45.733171], [4.728699, 45.733102], [4.728856, 45.732994], [4.729039, 45.732912], [4.729352, 45.732802], [4.729427, 45.732761], [4.72959, 45.732712], [4.729636, 45.732687], [4.729763, 45.732681], [4.729948, 45.732605], [4.730144, 45.732556], [4.730326, 45.732551], [4.730445, 45.732494], [4.730702, 45.732529], [4.731016, 45.732543], [4.731427, 45.732388], [4.731589, 45.732344], [4.731873, 45.732137], [4.731981, 45.731983], [4.732151, 45.731836], [4.732192, 45.73176], [4.732196, 45.731645], [4.732333, 45.731418], [4.732335, 45.73135], [4.732421, 45.731251], [4.732621, 45.731178], [4.733057, 45.730978], [4.733147, 45.730887], [4.733151, 45.730748], [4.73329, 45.730488], [4.733306, 45.730379], [4.733488, 45.7301], [4.733647, 45.729961], [4.733975, 45.729769], [4.734229, 45.729695], [4.734401, 45.729611], [4.734576, 45.729499], [4.734941, 45.729119], [4.734976, 45.729018], [4.735052, 45.728944], [4.735131, 45.728777], [4.735215, 45.728659], [4.735279, 45.728542], [4.735267, 45.728511], [4.735381, 45.72838], [4.735445, 45.728229], [4.735522, 45.728093], [4.735669, 45.727784], [4.735763, 45.72738], [4.735743, 45.72709], [4.735742, 45.727067], [4.735578, 45.726182], [4.735589, 45.725899], [4.735657, 45.725783], [4.735819, 45.725605], [4.735639, 45.725482], [4.735812, 45.725383], [4.736116, 45.725249], [4.736363, 45.725115], [4.736554, 45.724945], [4.736831, 45.724643], [4.737171, 45.724323], [4.737264, 45.724218], [4.737346, 45.724091], [4.737613, 45.723576], [4.737693, 45.723438], [4.737763, 45.723336], [4.73786, 45.723221], [4.738068, 45.723015], [4.738263, 45.722855], [4.738494, 45.722775], [4.739037, 45.722557], [4.739436, 45.722358], [4.739833, 45.722145], [4.740512, 45.721757], [4.741425, 45.721218], [4.741892, 45.720969], [4.742357, 45.720695], [4.743068, 45.720264], [4.74348, 45.720032], [4.743882, 45.719874], [4.743851, 45.719542], [4.74386, 45.719409], [4.74389, 45.718995], [4.743919, 45.718357], [4.743987, 45.717778], [4.743991, 45.717669], [4.743995, 45.717593], [4.743968, 45.717205], [4.743973, 45.716824], [4.743993, 45.716436], [4.74402, 45.716218], [4.744065, 45.716013], [4.74417, 45.715655], [4.744218, 45.715491], [4.744447, 45.7148], [4.744519, 45.714802], [4.74453, 45.714761], [4.744531, 45.71474], [4.744569, 45.713376], [4.744563, 45.713239], [4.744537, 45.713122], [4.744443, 45.712894], [4.744305, 45.712562], [4.744272, 45.712406], [4.744268, 45.712324], [4.744304, 45.712243], [4.744355, 45.712164], [4.74439, 45.712096], [4.744468, 45.711948], [4.744743, 45.711423], [4.744768, 45.711167], [4.744778, 45.71115], [4.744825, 45.711074], [4.744804, 45.711012], [4.7449, 45.710987], [4.7449, 45.71094], [4.744912, 45.710923], [4.744991, 45.710898], [4.745057, 45.710807], [4.745023, 45.710789], [4.745035, 45.710771], [4.744992, 45.710756], [4.745043, 45.710705], [4.745101, 45.710663], [4.745178, 45.710623], [4.745195, 45.710634], [4.745226, 45.710619], [4.745132, 45.710559], [4.745112, 45.710544], [4.744959, 45.710424], [4.744808, 45.710336], [4.744755, 45.710296], [4.744357, 45.710411], [4.744252, 45.71043], [4.744021, 45.710452], [4.743906, 45.710456], [4.74387, 45.710479], [4.743579, 45.710456], [4.743066, 45.710397], [4.742927, 45.710433], [4.742965, 45.71053], [4.742847, 45.710552], [4.742814, 45.710497], [4.742842, 45.710482], [4.742862, 45.710461], [4.742872, 45.710437], [4.742869, 45.710412], [4.742832, 45.710371], [4.742774, 45.710354], [4.742816, 45.710139], [4.742789, 45.710098], [4.742772, 45.710072]]}, "properties": {"heading": 288, "length_km": 13.971, "retrace": 0.283}}, {"type": "Feature", "geometry": {"type": "LineString", "coordinates": [[4.742772, 45.710072], [4.742623, 45.709846], [4.742465, 45.709634], [4.742447, 45.709611], [4.742424, 45.709581], [4.742344, 45.709476], [4.741912, 45.708875], [4.741778, 45.708687], [4.741671, 45.708547], [4.741626, 45.708487], [4.741457, 45.708226], [4.741275, 45.708005], [4.741122, 45.707839], [4.740913, 45.707676], [4.74086, 45.707642], [4.740437, 45.707381], [4.740256, 45.707249], [4.739857, 45.706875], [4.739924, 45.706822], [4.740134, 45.706596], [4.74024, 45.706405], [4.740245, 45.706242], [4.739868, 45.706115], [4.739802, 45.706075], [4.73944, 45.705612], [4.73945, 45.705551], [4.73911, 45.705503], [4.738878, 45.70547], [4.738682, 45.705483], [4.738457, 45.70532], [4.738314, 45.705266], [4.737712, 45.705016], [4.737644, 45.704992], [4.737174, 45.704875], [4.735501, 45.704607], [4.734719, 45.7045], [4.732905, 45.704485], [4.732687, 45.704451], [4.731677, 45.703941], [4.731435, 45.703687], [4.731197, 45.70349], [4.730897, 45.703272], [4.730888, 45.703266], [4.730827, 45.703226], [4.730743, 45.703258], [4.730318, 45.703393], [4.729364, 45.703786], [4.728582, 45.704191], [4.728278, 45.704314], [4.727969, 45.7044], [4.72792, 45.70445], [4.727756, 45.704735], [4.727547, 45.705164], [4.72747, 45.705271], [4.727072, 45.705528], [4.726512, 45.70583], [4.726198, 45.705987], [4.724502, 45.706799], [4.72384, 45.707181], [4.723363, 45.707477], [4.722936, 45.707631], [4.721561, 45.707949], [4.720842, 45.708236], [4.720397, 45.708401], [4.719959, 45.708645], [4.719916, 45.708625], [4.71984, 45.708573], [4.719352, 45.708293], [4.71853, 45.707739], [4.717902, 45.707374], [4.717604, 45.707244], [4.717396, 45.707209], [4.717747, 45.705865], [4.717902, 45.705225], [4.717946, 45.704906], [4.718623, 45.704861], [4.718652, 45.704447], [4.718601, 45.704408], [4.718652, 45.704447], [4.718623, 45.704861], [4.717946, 45.704906], [4.717902, 45.705225], [4.717747, 45.705865], [4.717396, 45.707209], [4.717604, 45.707244], [4.717902, 45.707374], [4.71853, 45.707739], [4.719352, 45.708293], [4.71984, 45.708573], [4.719916, 45.708625], [4.719959, 45.708645], [4.720397, 45.708401], [4.720842, 45.708236], [4.721561, 45.707949], [4.722936, 45.707631], [4.723363, 45.707477], [4.72384, 45.707181], [4.724502, 45.706799], [4.726198, 45.705987], [4.726233, 45.706017], [4.7263, 45.706898], [4.726298, 45.706959], [4.726251, 45.706989], [4.725945, 45.707157], [4.725624, 45.707365], [4.725452, 45.70749], [4.725247, 45.707653], [4.725123, 45.707766], [4.725115, 45.707798], [4.725423, 45.708479], [4.725763, 45.709129], [4.726024, 45.709555], [4.726507, 45.710304], [4.726656, 45.710601], [4.726795, 45.71085], [4.727826, 45.711479], [4.727914, 45.711532], [4.727561, 45.711535], [4.727042, 45.711561], [4.726655, 45.71155], [4.726477, 45.71153], [4.725408, 45.711409], [4.72517, 45.711412], [4.724847, 45.711432], [4.723159, 45.711674], [4.721314, 45.71219], [4.720827, 45.712298], [4.720199, 45.712356], [4.717802, 45.712476], [4.717937, 45.712975], [4.718079, 45.71339], [4.718312, 45.71389], [4.718513, 45.714359], [4.718506, 45.714432], [4.718389, 45.71494], [4.718252, 45.715402], [4.718218, 45.71551], [4.718112, 45.715858], [4.718022, 45.715965], [4.718493, 45.716482], [4.718768, 45.71673], [4.719089, 45.716943], [4.719216, 45.717013], [4.719284, 45.717047], [4.71939, 45.717087], [4.720711, 45.717587], [4.720865, 45.717645], [4.723204, 45.719108], [4.723541, 45.719372], [4.723695, 45.719525], [4.723739, 45.719568], [4.723831, 45.71966], [4.723896, 45.719724], [4.723932, 45.719762], [4.72406, 45.719891], [4.724714, 45.720461], [4.724866, 45.720577], [4.72499, 45.720662], [4.725146, 45.720756], [4.725326, 45.720841], [4.725539, 45.720928], [4.725765, 45.721002], [4.726666, 45.72125], [4.727168, 45.721409], [4.727645, 45.721578], [4.729736, 45.722367], [4.729694, 45.722447], [4.729682, 45.72247], [4.729643, 45.722715], [4.729431, 45.72416], [4.729339, 45.724682], [4.729431, 45.72416], [4.729643, 45.722715], [4.729682, 45.72247], [4.729694, 45.722447], [4.729736, 45.722367], [4.731474, 45.722983], [4.731658, 45.723101], [4.732506, 45.723634], [4.733132, 45.72399], [4.733323, 45.724089], [4.734073, 45.724471], [4.734624, 45.724697], [4.735113, 45.725085], [4.735639, 45.725482], [4.735819, 45.725605], [4.735986, 45.725717], [4.736771, 45.726113], [4.737828, 45.726631], [4.739148, 45.727277], [4.74, 45.727539], [4.741484, 45.728001], [4.741523, 45.728013], [4.741689, 45.728065], [4.741863, 45.728137], [4.741928, 45.728163], [4.742107, 45.728238], [4.742323, 45.72808], [4.742466, 45.728022], [4.742624, 45.727998], [4.742997, 45.728009], [4.742624, 45.727998], [4.742466, 45.728022], [4.742323, 45.72808], [4.742107, 45.728238], [4.742443, 45.728472], [4.743271, 45.729097], [4.743929, 45.729631], [4.743965, 45.72966], [4.744071, 45.729746], [4.744121, 45.729684], [4.744125, 45.729658], [4.744137, 45.729583], [4.7443, 45.728548], [4.744399, 45.728254], [4.744659, 45.727862], [4.745112, 45.727264], [4.745447, 45.72677], [4.745651, 45.726391], [4.745696, 45.726176], [4.745682, 45.725889], [4.745652, 45.725742], [4.74556, 45.72573], [4.745469, 45.725706], [4.745508, 45.725616], [4.745504, 45.725517], [4.745355, 45.724794], [4.745329, 45.724626], [4.745288, 45.724453], [4.74526, 45.724247], [4.745262, 45.724145], [4.745324, 45.723909], [4.745345, 45.723778], [4.745337, 45.723713], [4.745296, 45.723738], [4.745218, 45.723749], [4.744596, 45.723669], [4.74431, 45.723634], [4.744083, 45.723591], [4.744125, 45.723416], [4.744054, 45.723386], [4.744012, 45.723323], [4.744053, 45.723261], [4.744566, 45.72267], [4.744934, 45.722192], [4.745007, 45.722079], [4.745003, 45.722065], [4.744922, 45.722041], [4.744888, 45.722046], [4.744832, 45.72203], [4.744806, 45.722001], [4.744731, 45.72178], [4.744651, 45.721594], [4.744451, 45.721293], [4.744254, 45.720957], [4.74367, 45.720032], [4.743762, 45.719988], [4.743855, 45.719929], [4.743882, 45.719874], [4.743851, 45.719542], [4.74386, 45.719409], [4.74389, 45.718995], [4.743919, 45.718357], [4.743987, 45.717778], [4.743991, 45.717669], [4.743995, 45.717593], [4.743968, 45.717205], [4.743973, 45.716824], [4.743993, 45.716436], [4.74402, 45.716218], [4.744065, 45.716013], [4.74417, 45.715655], [4.744218, 45.715491], [4.744447, 45.7148], [4.744519, 45.714802], [4.74453, 45.714761], [4.744531, 45.71474], [4.744569, 45.713376], [4.744563, 45.713239], [4.744537, 45.713122], [4.744443, 45.712894], [4.744305, 45.712562], [4.744272, 45.712406], [4.744268, 45.712324], [4.744304, 45.712243], [4.744355, 45.712164], [4.74439, 45.712096], [4.744468, 45.711948], [4.744743, 45.711423], [4.744768, 45.711167], [4.744778, 45.71115], [4.744825, 45.711074], [4.744804, 45.711012], [4.7449, 45.710987], [4.7449, 45.71094], [4.744912, 45.710923], [4.744991, 45.710898], [4.745057, 45.710807], [4.745023, 45.710789], [4.745035, 45.710771], [4.744992, 45.710756], [4.745043, 45.710705], [4.745101, 45.710663], [4.745178, 45.710623], [4.745195, 45.710634], [4.745226, 45.710619], [4.745132, 45.710559], [4.745112, 45.710544], [4.744959, 45.710424], [4.744808, 45.710336], [4.744755, 45.710296], [4.744357, 45.710411], [4.744252, 45.71043], [4.744021, 45.710452], [4.743906, 45.710456], [4.74387, 45.710479], [4.743579, 45.710456], [4.743066, 45.710397], [4.742927, 45.710433], [4.742965, 45.71053], [4.742847, 45.710552], [4.742814, 45.710497], [4.742842, 45.710482], [4.742862, 45.710461], [4.742872, 45.710437], [4.742869, 45.710412], [4.742832, 45.710371], [4.742774, 45.710354], [4.742816, 45.710139], [4.742789, 45.710098], [4.742772, 45.710072]]}, "properties": {"heading": 306, "length_km": 12.059, "retrace": 0.254}}, {"type": "Feature", "geometry": {"type": "LineString", "coordinates": [[4.742772, 45.710072], [4.742623, 45.709846], [4.742465, 45.709634], [4.742447, 45.709611], [4.742424, 45.709581], [4.742344, 45.709476], [4.741912, 45.708875], [4.741778, 45.708687], [4.741671, 45.708547], [4.741626, 45.708487], [4.741457, 45.708226], [4.741275, 45.708005], [4.741122, 45.707839], [4.740913, 45.707676], [4.74086, 45.707642], [4.740437, 45.707381], [4.740256, 45.707249], [4.739857, 45.706875], [4.739924, 45.706822], [4.740134, 45.706596], [4.74024, 45.706405], [4.740245, 45.706242], [4.739868, 45.706115], [4.739802, 45.706075], [4.73944, 45.705612], [4.73945, 45.705551], [4.73911, 45.705503], [4.738878, 45.70547], [4.738682, 45.705483], [4.738457, 45.70532], [4.738314, 45.705266], [4.737712, 45.705016], [4.737644, 45.704992], [4.737174, 45.704875], [4.735501, 45.704607], [4.734719, 45.7045], [4.732905, 45.704485], [4.732687, 45.704451], [4.731677, 45.703941], [4.731435, 45.703687], [4.731197, 45.70349], [4.730897, 45.703272], [4.730888, 45.703266], [4.730827, 45.703226], [4.730743, 45.703258], [4.730318, 45.703393], [4.729364, 45.703786], [4.728582, 45.704191], [4.728278, 45.704314], [4.727969, 45.7044], [4.72792, 45.70445], [4.727756, 45.704735], [4.727547, 45.705164], [4.72747, 45.705271], [4.727072, 45.705528], [4.726512, 45.70583], [4.726198, 45.705987], [4.724502, 45.706799], [4.72384, 45.707181], [4.723363, 45.707477], [4.722936, 45.707631], [4.721561, 45.707949], [4.720842, 45.708236], [4.720397, 45.708401], [4.719959, 45.708645], [4.719916, 45.708625], [4.71984, 45.708573], [4.719352, 45.708293], [4.719207, 45.708346], [4.719057, 45.708356], [4.717479, 45.708274], [4.719057, 45.708356], [4.719207, 45.708346], [4.719352, 45.708293], [4.71984, 45.708573], [4.719916, 45.708625], [4.719959, 45.708645], [4.720397, 45.708401], [4.720842, 45.708236], [4.721561, 45.707949], [4.722936, 45.707631], [4.723363, 45.707477], [4.72384, 45.707181], [4.724502, 45.706799], [4.726198, 45.705987], [4.726233, 45.706017], [4.7263, 45.706898], [4.726298, 45.706959], [4.726251, 45.706989], [4.725945, 45.707157], [4.725624, 45.707365], [4.725452, 45.70749], [4.725247, 45.707653], [4.725123, 45.707766], [4.725115, 45.707798], [4.725423, 45.708479], [4.725763, 45.709129], [4.726024, 45.709555], [4.726507, 45.710304], [4.726656, 45.710601], [4.726795, 45.71085], [4.727826, 45.711479], [4.727914, 45.711532], [4.727561, 45.711535], [4.727042, 45.711561], [4.726655, 45.71155], [4.726477, 45.71153], [4.725408, 45.711409], [4.72517, 45.711412], [4.724847, 45.711432], [4.723159, 45.711674], [4.721314, 45.71219], [4.720827, 45.712298], [4.720199, 45.712356], [4.717802, 45.712476], [4.717937, 45.712975], [4.718079, 45.71339], [4.718312, 45.71389], [4.718513, 45.714359], [4.718506, 45.714432], [4.718389, 45.71494], [4.718252, 45.715402], [4.718112, 45.715858], [4.718022, 45.715965], [4.718493, 45.716482], [4.718768, 45.71673], [4.719089, 45.716943], [4.719216, 45.717013], [4.719284, 45.717047], [4.719111, 45.71751], [4.718816, 45.718367], [4.718688, 45.718742], [4.718658, 45.718832], [4.718258, 45.720004], [4.718214, 45.720181], [4.718239, 45.720234], [4.718261, 45.720284], [4.71816, 45.720318], [4.717836, 45.720556], [4.717454, 45.720758], [4.717291, 45.720821], [4.717132, 45.720867], [4.717164, 45.720906], [4.71727, 45.720873], [4.717546, 45.720757], [4.717842, 45.720594], [4.718134, 45.72041], [4.718278, 45.72033], [4.718464, 45.720261], [4.718633, 45.720237], [4.719055, 45.720195], [4.72211, 45.719963], [4.719055, 45.720195], [4.718633, 45.720237], [4.718464, 45.720261], [4.718278, 45.72033], [4.718134, 45.72041], [4.717842, 45.720594], [4.717546, 45.720757], [4.71727, 45.720873], [4.717164, 45.720906], [4.717106, 45.720921], [4.717019, 45.720926], [4.716577, 45.721014], [4.716298, 45.72105], [4.715881, 45.721059], [4.715486, 45.72106], [4.715441, 45.721074], [4.715335, 45.721075], [4.715336, 45.721086], [4.715339, 45.721115], [4.715533, 45.721516], [4.715636, 45.721727], [4.715668, 45.721794], [4.715696, 45.721857], [4.715867, 45.722204], [4.715895, 45.722331], [4.71588, 45.722434], [4.715819, 45.72266], [4.715786, 45.722818], [4.715786, 45.722944], [4.715819, 45.723158], [4.716011, 45.723843], [4.716106, 45.724139], [4.716157, 45.724189], [4.716198, 45.724208], [4.716265, 45.724166], [4.716429, 45.724139], [4.71647, 45.724224], [4.716566, 45.724264], [4.716589, 45.724365], [4.716717, 45.724437], [4.716779, 45.724512], [4.71686, 45.724804], [4.716875, 45.724865], [4.71694, 45.725111], [4.716981, 45.725267], [4.71707, 45.725594], [4.717133, 45.725829], [4.717339, 45.726589], [4.717346, 45.726647], [4.717659, 45.726628], [4.717864, 45.726625], [4.718043, 45.726633], [4.718765, 45.726694], [4.718944, 45.726711], [4.719285, 45.726743], [4.719758, 45.726799], [4.720149, 45.726918], [4.720323, 45.72695], [4.720355, 45.726945], [4.720889, 45.727586], [4.721121, 45.727877], [4.721383, 45.728146], [4.721784, 45.728662], [4.721909, 45.728909], [4.722014, 45.729213], [4.722171, 45.729523], [4.7223, 45.729749], [4.7224, 45.729889], [4.72257, 45.730128], [4.722707, 45.730293], [4.722944, 45.730514], [4.723059, 45.730649], [4.723228, 45.730867], [4.72352, 45.731179], [4.723839, 45.731565], [4.723866, 45.731598], [4.723962, 45.731711], [4.724129, 45.731976], [4.724268, 45.732165], [4.724356, 45.7323], [4.724399, 45.732429], [4.724415, 45.732524], [4.724444, 45.732603], [4.724586, 45.732808], [4.724769, 45.733046], [4.724856, 45.733147], [4.725028, 45.733236], [4.725125, 45.733323], [4.725317, 45.73344], [4.725454, 45.733484], [4.725518, 45.733491], [4.725559, 45.733466], [4.725823, 45.733456], [4.725839, 45.733531], [4.725974, 45.733537], [4.726265, 45.733662], [4.726325, 45.733588], [4.726515, 45.733449], [4.726637, 45.733395], [4.726714, 45.733373], [4.726894, 45.733302], [4.727055, 45.733305], [4.727258, 45.73329], [4.727423, 45.733235], [4.727572, 45.733162], [4.727734, 45.733113], [4.727948, 45.733112], [4.728126, 45.733121], [4.728267, 45.733173], [4.72853, 45.733171], [4.728699, 45.733102], [4.728856, 45.732994], [4.729039, 45.732912], [4.729352, 45.732802], [4.729427, 45.732761], [4.72959, 45.732712], [4.729636, 45.732687], [4.729763, 45.732681], [4.729948, 45.732605], [4.730144, 45.732556], [4.730326, 45.732551], [4.730445, 45.732494], [4.730702, 45.732529], [4.731016, 45.732543], [4.731427, 45.732388], [4.731589, 45.732344], [4.731873, 45.732137], [4.731981, 45.731983], [4.732151, 45.731836], [4.732192, 45.73176], [4.732196, 45.731645], [4.732333, 45.731418], [4.732335, 45.73135], [4.732421, 45.731251], [4.732621, 45.731178], [4.733057, 45.730978], [4.733147, 45.730887], [4.733151, 45.730748], [4.73329, 45.730488], [4.733306, 45.730379], [4.733488, 45.7301], [4.733647, 45.729961], [4.733975, 45.729769], [4.734229, 45.729695], [4.734401, 45.729611], [4.734576, 45.729499], [4.734941, 45.729119], [4.734976, 45.729018], [4.735052, 45.728944], [4.735131, 45.728777], [4.735215, 45.728659], [4.735279, 45.728542], [4.735267, 45.728511], [4.735381, 45.72838], [4.735445, 45.728229], [4.735522, 45.728093], [4.735669, 45.727784], [4.735763, 45.72738], [4.735743, 45.72709], [4.735742, 45.727067], [4.735578, 45.726182], [4.735589, 45.725899], [4.735657, 45.725783], [4.735819, 45.725605], [4.735639, 45.725482], [4.735812, 45.725383], [4.736116, 45.725249], [4.736363, 45.725115], [4.736554, 45.724945], [4.736831, 45.724643], [4.737171, 45.724323], [4.737264, 45.724218], [4.737346, 45.724091], [4.737613, 45.723576], [4.737693, 45.723438], [4.737763, 45.723336], [4.73786, 45.723221], [4.738068, 45.723015], [4.738263, 45.722855], [4.738494, 45.722775], [4.739037, 45.722557], [4.739436, 45.722358], [4.739833, 45.722145], [4.740512, 45.721757], [4.741425, 45.721218], [4.741892, 45.720969], [4.742357, 45.720695], [4.743068, 45.720264], [4.74348, 45.720032], [4.743882, 45.719874], [4.743855, 45.719929], [4.743762, 45.719988], [4.74367, 45.720032], [4.744254, 45.720957], [4.744451, 45.721293], [4.744651, 45.721594], [4.744731, 45.72178], [4.744806, 45.722001], [4.744832, 45.72203], [4.744888, 45.722046], [4.744922, 45.722041], [4.745003, 45.722065], [4.745007, 45.722079], [4.744934, 45.722192], [4.744566, 45.72267], [4.744053, 45.723261], [4.744012, 45.723323], [4.744054, 45.723386], [4.744125, 45.723416], [4.744083, 45.723591], [4.74431, 45.723634], [4.744596, 45.723669], [4.745218, 45.723749], [4.745296, 45.723738], [4.745337, 45.723713], [4.745345, 45.723778], [4.745324, 45.723909], [4.745262, 45.724145], [4.74526, 45.724247], [4.745288, 45.724453], [4.745329, 45.724626], [4.745355, 45.724794], [4.745504, 45.725517], [4.745508, 45.725616], [4.745469, 45.725706], [4.74556, 45.72573], [4.745652, 45.725742], [4.745506, 45.725006], [4.745597, 45.724993], [4.745702, 45.724986], [4.745837, 45.724988], [4.746328, 45.725016], [4.748915, 45.725091], [4.750301, 45.725171], [4.750389, 45.725152], [4.750389, 45.725277], [4.750738, 45.726414], [4.750907, 45.727071], [4.750909, 45.727113], [4.750907, 45.727071], [4.750738, 45.726414], [4.750389, 45.725277], [4.750389, 45.725152], [4.750301, 45.725171], [4.748915, 45.725091], [4.746328, 45.725016], [4.745837, 45.724988], [4.745702, 45.724986], [4.745597, 45.724993], [4.745506, 45.725006], [4.745652, 45.725742], [4.74556, 45.72573], [4.745469, 45.725706], [4.745508, 45.725616], [4.745504, 45.725517], [4.745355, 45.724794], [4.745329, 45.724626], [4.745288, 45.724453], [4.74526, 45.724247], [4.745262, 45.724145], [4.745324, 45.723909], [4.745345, 45.723778], [4.745337, 45.723713], [4.745296, 45.723738], [4.745218, 45.723749], [4.744596, 45.723669], [4.74431, 45.723634], [4.744083, 45.723591], [4.744125, 45.723416], [4.744054, 45.723386], [4.744012, 45.723323], [4.744053, 45.723261], [4.744566, 45.72267], [4.744934, 45.722192], [4.745007, 45.722079], [4.745003, 45.722065], [4.744922, 45.722041], [4.744888, 45.722046], [4.744832, 45.72203], [4.744806, 45.722001], [4.744731, 45.72178], [4.744651, 45.721594], [4.744451, 45.721293], [4.744254, 45.720957], [4.74367, 45.720032], [4.743762, 45.719988], [4.743855, 45.719929], [4.743882, 45.719874], [4.743851, 45.719542], [4.74386, 45.719409], [4.74389, 45.718995], [4.743919, 45.718357], [4.743987, 45.717778], [4.743991, 45.717669], [4.743995, 45.717593], [4.743968, 45.717205], [4.743973, 45.716824], [4.743993, 45.716436], [4.74402, 45.716218], [4.744065, 45.716013], [4.74417, 45.715655], [4.744218, 45.715491], [4.744447, 45.7148], [4.744519, 45.714802], [4.74453, 45.714761], [4.744531, 45.71474], [4.744569, 45.713376], [4.744563, 45.713239], [4.744537, 45.713122], [4.744443, 45.712894], [4.744305, 45.712562], [4.744272, 45.712406], [4.744268, 45.712324], [4.744304, 45.712243], [4.744355, 45.712164], [4.74439, 45.712096], [4.744468, 45.711948], [4.744743, 45.711423], [4.744768, 45.711167], [4.744778, 45.71115], [4.744825, 45.711074], [4.744804, 45.711012], [4.7449, 45.710987], [4.7449, 45.71094], [4.744912, 45.710923], [4.744991, 45.710898], [4.745057, 45.710807], [4.745023, 45.710789], [4.745035, 45.710771], [4.744992, 45.710756], [4.745043, 45.710705], [4.745101, 45.710663], [4.745178, 45.710623], [4.745195, 45.710634], [4.745226, 45.710619], [4.745132, 45.710559], [4.745112, 45.710544], [4.744959, 45.710424], [4.744808, 45.710336], [4.744755, 45.710296], [4.744357, 45.710411], [4.744252, 45.71043], [4.744021, 45.710452], [4.743906, 45.710456], [4.74387, 45.710479], [4.743579, 45.710456], [4.743066, 45.710397], [4.742927, 45.710433], [4.742965, 45.71053], [4.742847, 45.710552], [4.742814, 45.710497], [4.742842, 45.710482], [4.742862, 45.710461], [4.742872, 45.710437], [4.742869, 45.710412], [4.742832, 45.710371], [4.742774, 45.710354], [4.742816, 45.710139], [4.742789, 45.710098], [4.742772, 45.710072]]}, "properties": {"heading": 324, "length_km": 15.395, "retrace": 0.349}}, {"type": "Feature", "geometry": {"type": "LineString", "coordinates": [[4.742772, 45.710072], [4.742789, 45.710098], [4.742816, 45.710139], [4.742575, 45.710223], [4.7425, 45.710229], [4.742497, 45.710121], [4.742284, 45.710123], [4.74204, 45.710131], [4.74199, 45.710155], [4.741968, 45.710338], [4.741947, 45.710474], [4.741952, 45.710532], [4.74094, 45.710644], [4.74086, 45.710662], [4.740655, 45.710714], [4.740598, 45.710725], [4.740437, 45.710757], [4.739839, 45.71083], [4.739516, 45.710857], [4.739436, 45.710864], [4.739265, 45.710904], [4.739215, 45.71092], [4.739152, 45.71094], [4.739134, 45.710928], [4.73909, 45.71092], [4.73905, 45.71093], [4.739033, 45.710943], [4.738985, 45.710924], [4.738888, 45.710886], [4.738815, 45.710857], [4.73877, 45.71084], [4.738725, 45.71086], [4.738699, 45.710861], [4.738669, 45.710853], [4.738639, 45.710827], [4.738584, 45.710845], [4.738511, 45.710865], [4.738049, 45.710846], [4.737865, 45.710856], [4.737069, 45.710937], [4.736435, 45.711006], [4.736379, 45.711013], [4.736246, 45.711029], [4.736177, 45.711037], [4.735689, 45.711095], [4.735052, 45.711176], [4.734661, 45.711269], [4.7339, 45.711535], [4.733623, 45.711618], [4.733255, 45.711702], [4.732842, 45.71176], [4.73248, 45.711786], [4.732019, 45.711799], [4.730672, 45.71178], [4.730322, 45.711757], [4.728315, 45.711549], [4.727914, 45.711532], [4.727561, 45.711535], [4.727042, 45.711561], [4.726655, 45.71155], [4.726477, 45.71153], [4.725408, 45.711409], [4.72517, 45.711412], [4.724847, 45.711432], [4.723159, 45.711674], [4.721314, 45.71219], [4.720827, 45.712298], [4.720199, 45.712356], [4.717802, 45.712476], [4.717937, 45.712975], [4.718079, 45.71339], [4.718312, 45.71389], [4.718513, 45.714359], [4.718506, 45.714432], [4.718389, 45.71494], [4.718252, 45.715402], [4.718218, 45.71551], [4.718112, 45.715858], [4.718022, 45.715965], [4.718493, 45.716482], [4.718768, 45.71673], [4.719089, 45.716943], [4.719216, 45.717013], [4.719284, 45.717047], [4.71939, 45.717087], [4.720711, 45.717587], [4.720865, 45.717645], [4.723204, 45.719108], [4.723541, 45.719372], [4.723695, 45.719525], [4.723739, 45.719568], [4.723831, 45.71966], [4.723896, 45.719724], [4.723932, 45.719762], [4.72406, 45.719891], [4.724714, 45.720461], [4.724866, 45.720577], [4.72499, 45.720662], [4.725146, 45.720756], [4.725326, 45.720841], [4.725539, 45.720928], [4.725765, 45.721002], [4.726666, 45.72125], [4.727168, 45.721409], [4.727645, 45.721578], [4.729736, 45.722367], [4.729694, 45.722447], [4.729682, 45.72247], [4.729643, 45.722715], [4.729431, 45.72416], [4.729339, 45.724682], [4.729431, 45.72416], [4.729643, 45.722715], [4.729682, 45.72247], [4.729694, 45.722447], [4.729736, 45.722367], [4.731474, 45.722983], [4.731658, 45.723101], [4.732506, 45.723634], [4.733132, 45.72399], [4.733323, 45.724089], [4.734073, 45.724471], [4.734624, 45.724697], [4.735113, 45.725085], [4.735639, 45.725482], [4.735819, 45.725605], [4.735986, 45.725717], [4.736771, 45.726113], [4.737828, 45.726631], [4.739148, 45.727277], [4.74, 45.727539], [4.741484, 45.728001], [4.741523, 45.728013], [4.741689, 45.728065], [4.741863, 45.728137], [4.741928, 45.728163], [4.742107, 45.728238], [4.742323, 45.72808], [4.742466, 45.728022], [4.742624, 45.727998], [4.742997, 45.728009], [4.742624, 45.727998], [4.742466, 45.728022], [4.742323, 45.72808], [4.742107, 45.728238], [4.742443, 45.728472], [4.743271, 45.729097], [4.743929, 45.729631], [4.743965, 45.72966], [4.744071, 45.729746], [4.744164, 45.729815], [4.744214, 45.729851], [4.744672, 45.730175], [4.745473, 45.730661], [4.745669, 45.730772], [4.745833, 45.730865], [4.746018, 45.730974], [4.746478, 45.731246], [4.74686, 45.731436], [4.747284, 45.73165], [4.747494, 45.731756], [4.747642, 45.731831], [4.748015, 45.732009], [4.748486, 45.732233], [4.748884, 45.732422], [4.749045, 45.73249], [4.749259, 45.732569], [4.749331, 45.73259], [4.749376, 45.732603], [4.749856, 45.732737], [4.750274, 45.732843], [4.750541, 45.732936], [4.750804, 45.733048], [4.750825, 45.73302], [4.750871, 45.732962], [4.750975, 45.732759], [4.751234, 45.732252], [4.751152, 45.732231], [4.751274, 45.731994], [4.751329, 45.732006], [4.751356, 45.732013], [4.751406, 45.731915], [4.751493, 45.731933], [4.751568, 45.731866], [4.751863, 45.73179], [4.752099, 45.731689], [4.752335, 45.731503], [4.75241, 45.731391], [4.75241, 45.731204], [4.752311, 45.731026], [4.752169, 45.730872], [4.752177, 45.730758], [4.752322, 45.73052], [4.752298, 45.730406], [4.752153, 45.730292], [4.752326, 45.730212], [4.752573, 45.730352], [4.753081, 45.729963], [4.753765, 45.729586], [4.754108, 45.729528], [4.754583, 45.729569], [4.75483, 45.729517], [4.755152, 45.729412], [4.75542, 45.729268], [4.755575, 45.72912], [4.755567, 45.729051], [4.755506, 45.729008], [4.755406, 45.729013], [4.755125, 45.729077], [4.754441, 45.728976], [4.754452, 45.72892], [4.755688, 45.728485], [4.755905, 45.728506], [4.756157, 45.728259], [4.755873, 45.726278], [4.755388, 45.726171], [4.755433, 45.72575], [4.755565, 45.725034], [4.755688, 45.724637], [4.756098, 45.723872], [4.756439, 45.723958], [4.75664, 45.724027], [4.757622, 45.724123], [4.757673, 45.724111], [4.757769, 45.724048], [4.757842, 45.724021], [4.758027, 45.72401], [4.75796, 45.724046], [4.757949, 45.724083], [4.757979, 45.72425], [4.757984, 45.72442], [4.757956, 45.724541], [4.757984, 45.72442], [4.757979, 45.72425], [4.757949, 45.724083], [4.75796, 45.724046], [4.758027, 45.72401], [4.757842, 45.724021], [4.757769, 45.724048], [4.757673, 45.724111], [4.757622, 45.724123], [4.75664, 45.724027], [4.756439, 45.723958], [4.756098, 45.723872], [4.756334, 45.723244], [4.75649, 45.722902], [4.75665, 45.722459], [4.755791, 45.722573], [4.754916, 45.722671], [4.754122, 45.722705], [4.753604, 45.722763], [4.753422, 45.722832], [4.753427, 45.72304], [4.753365, 45.723091], [4.7531, 45.723203], [4.752976, 45.723173], [4.752845, 45.723079], [4.75226, 45.721823], [4.751681, 45.720928], [4.751501, 45.720808], [4.750218, 45.720913], [4.750211, 45.720829], [4.750312, 45.720307], [4.750444, 45.719943], [4.750475, 45.719786], [4.750543, 45.718971], [4.750614, 45.718763], [4.7507, 45.718642], [4.750889, 45.718542], [4.751115, 45.718412], [4.751156, 45.718317], [4.751015, 45.717803], [4.750963, 45.717345], [4.750917, 45.716791], [4.750824, 45.716765], [4.750201, 45.716589], [4.749465, 45.716381], [4.748686, 45.716168], [4.748558, 45.716121], [4.74857, 45.716074], [4.748191, 45.715978], [4.747224, 45.715781], [4.74711, 45.715747], [4.746997, 45.7157], [4.746498, 45.715468], [4.746335, 45.715386], [4.746142, 45.715271], [4.745957, 45.715172], [4.745804, 45.715109], [4.745636, 45.71505], [4.745246, 45.714928], [4.744954, 45.71484], [4.744762, 45.714797], [4.744613, 45.714773], [4.744519, 45.714802], [4.74453, 45.714761], [4.744531, 45.71474], [4.744569, 45.713376], [4.744563, 45.713239], [4.744537, 45.713122], [4.744443, 45.712894], [4.744305, 45.712562], [4.744272, 45.712406], [4.744268, 45.712324], [4.744304, 45.712243], [4.744355, 45.712164], [4.74439, 45.712096], [4.744468, 45.711948], [4.744743, 45.711423], [4.744768, 45.711167], [4.744778, 45.71115], [4.744825, 45.711074], [4.744804, 45.711012], [4.7449, 45.710987], [4.7449, 45.71094], [4.744912, 45.710923], [4.744991, 45.710898], [4.745057, 45.710807], [4.745023, 45.710789], [4.745035, 45.710771], [4.744992, 45.710756], [4.745043, 45.710705], [4.745101, 45.710663], [4.745178, 45.710623], [4.745195, 45.710634], [4.745226, 45.710619], [4.745132, 45.710559], [4.745112, 45.710544], [4.744959, 45.710424], [4.744808, 45.710336], [4.744755, 45.710296], [4.744357, 45.710411], [4.744252, 45.71043], [4.744021, 45.710452], [4.743906, 45.710456], [4.74387, 45.710479], [4.743579, 45.710456], [4.743066, 45.710397], [4.742927, 45.710433], [4.742965, 45.71053], [4.742847, 45.710552], [4.742814, 45.710497], [4.742842, 45.710482], [4.742862, 45.710461], [4.742872, 45.710437], [4.742869, 45.710412], [4.742832, 45.710371], [4.742774, 45.710354], [4.742816, 45.710139], [4.742789, 45.710098], [4.742772, 45.710072]]}, "properties": {"heading": 342, "length_km": 10.979, "retrace": 0.103}}]}