{"type": "FeatureCollection", "features": [{"type": "Feature", "geometry": {"type": "LineString", "coordinates": [[4.831955, 45.75781], [4.832152, 45.758176], [4.831788, 45.758283], [4.831826, 45.758351], [4.831788, 45.758362], [4.831695, 45.758387], [4.831685, 45.75839], [4.831734, 45.758487], [4.831335, 45.758593], [4.831181, 45.758637], [4.830953, 45.758709], [4.83093, 45.758721], [4.830899, 45.758736], [4.830866, 45.758746], [4.830821, 45.758759], [4.830801, 45.758764], [4.830748, 45.75878], [4.830721, 45.758788], [4.830699, 45.758794], [4.830669, 45.758818], [4.830032, 45.759], [4.83002, 45.758998], [4.830007, 45.758996], [4.829979, 45.759004], [4.829957, 45.759012], [4.829937, 45.759019], [4.829612, 45.759141], [4.82958, 45.759143], [4.829569, 45.759147], [4.82956, 45.759151], [4.829534, 45.759162], [4.829462, 45.759192], [4.829427, 45.759207], [4.82943, 45.759245], [4.82943, 45.759262], [4.82943, 45.759301], [4.829432, 45.75933], [4.82943, 45.759344], [4.828357, 45.759653], [4.828094, 45.759751], [4.828079, 45.759757], [4.828065, 45.759803], [4.828075, 45.759826], [4.828448, 45.760504], [4.828457, 45.760536], [4.828469, 45.760584], [4.828715, 45.761277], [4.828702, 45.761279], [4.828683, 45.761282], [4.828688, 45.761295], [4.828695, 45.761315], [4.828794, 45.761588], [4.828802, 45.761608], [4.828845, 45.761728], [4.828819, 45.761733], [4.828744, 45.761746], [4.828868, 45.76211], [4.828886, 45.762159], [4.828868, 45.762198], [4.828876, 45.762217], [4.828921, 45.762328], [4.829009, 45.762584], [4.829114, 45.762893], [4.829143, 45.762979], [4.82918, 45.763215], [4.82913, 45.763215], [4.829074, 45.763214], [4.829027, 45.763214], [4.82901, 45.763214], [4.829008, 45.763315], [4.829007, 45.763328], [4.829006, 45.763349], [4.82897, 45.763482], [4.828969, 45.763811], [4.828946, 45.764054], [4.828947, 45.764427], [4.828981, 45.764474], [4.82899, 45.764586], [4.829007, 45.764623], [4.829006, 45.764764], [4.828975, 45.764773], [4.82896, 45.764777], [4.828964, 45.764785], [4.828969, 45.764803], [4.828973, 45.764825], [4.828964, 45.764866], [4.828972, 45.764889], [4.828983, 45.76492], [4.829008, 45.76498], [4.829022, 45.765125], [4.828993, 45.7654], [4.82898, 45.765409], [4.828957, 45.765489], [4.828936, 45.765505], [4.82893, 45.765524], [4.828921, 45.765549], [4.828916, 45.765561], [4.828781, 45.765946], [4.828683, 45.766166], [4.828672, 45.766189], [4.828639, 45.76624], [4.828615, 45.766278], [4.828578, 45.766306], [4.828541, 45.766347], [4.827946, 45.766761], [4.827913, 45.766779], [4.827898, 45.766787], [4.827715, 45.766906], [4.827706, 45.766917], [4.827692, 45.766936], [4.82754, 45.767036], [4.82747, 45.767077], [4.827391, 45.767085], [4.827364, 45.767097], [4.827333, 45.76711], [4.827309, 45.767121], [4.827021, 45.767223], [4.826266, 45.767385], [4.82617, 45.767396], [4.825938, 45.767391], [4.825647, 45.767367], [4.82553, 45.767348], [4.825508, 45.767344], [4.825483, 45.76734], [4.825459, 45.767338], [4.825386, 45.76733], [4.825346, 45.767323], [4.82387, 45.767257], [4.823693, 45.76726], [4.823689, 45.767322], [4.823686, 45.767357], [4.823685, 45.767371], [4.823684, 45.767378], [4.823683, 45.76739], [4.823681, 45.767401], [4.823681, 45.767416], [4.82368, 45.767431], [4.823191, 45.76741], [4.823125, 45.767408], [4.823092, 45.767407], [4.823028, 45.767405], [4.823025, 45.767435], [4.823012, 45.767434], [4.823007, 45.767434], [4.822859, 45.767431], [4.8226, 45.767402], [4.822407, 45.767364], [4.82216, 45.767292], [4.821835, 45.767206], [4.821466, 45.76711], [4.820765, 45.766927], [4.820759, 45.766913], [4.820751, 45.766895], [4.820725, 45.766889], [4.820623, 45.766856], [4.820597, 45.766847], [4.820569, 45.766839], [4.820378, 45.766785], [4.819965, 45.766681], [4.819606, 45.766597], [4.819181, 45.766528], [4.818903, 45.766504], [4.818598, 45.766492], [4.818215, 45.766501], [4.817845, 45.766541], [4.817802, 45.766546], [4.817776, 45.76655], [4.817737, 45.766556], [4.8177, 45.766563], [4.817708, 45.766591], [4.817699, 45.766592], [4.817616, 45.766608], [4.817585, 45.766614], [4.817509, 45.766629], [4.816846, 45.766755], [4.816188, 45.766877], [4.816112, 45.766892], [4.816084, 45.766897], [4.816006, 45.766913], [4.81598, 45.766918], [4.815951, 45.766928], [4.815889, 45.766949], [4.815857, 45.766961], [4.815804, 45.766979], [4.814934, 45.767293], [4.814865, 45.767316], [4.814837, 45.767325], [4.814757, 45.76735], [4.814736, 45.767357], [4.814718, 45.767331], [4.81471, 45.76732], [4.814701, 45.767308], [4.814693, 45.767296], [4.814679, 45.767276], [4.814673, 45.767267], [4.814662, 45.767252], [4.814653, 45.767239], [4.814647, 45.767212], [4.814348, 45.767267], [4.814198, 45.767296], [4.813775, 45.767378], [4.813729, 45.767387], [4.813567, 45.767446], [4.813424, 45.767514], [4.813284, 45.767603], [4.813114, 45.767764], [4.813094, 45.767785], [4.813065, 45.767805], [4.813059, 45.767817], [4.813045, 45.767832], [4.813029, 45.767846], [4.813023, 45.767852], [4.812684, 45.767512], [4.812595, 45.767467], [4.812396, 45.767394], [4.812318, 45.767385], [4.812083, 45.767431], [4.812036, 45.767457], [4.811929, 45.767583], [4.811853, 45.767695], [4.811604, 45.768087], [4.81139, 45.768308], [4.811266, 45.768383], [4.81126, 45.768377], [4.811248, 45.768363], [4.811205, 45.768376], [4.811248, 45.768363], [4.81126, 45.768377], [4.811266, 45.768383], [4.81139, 45.768308], [4.811604, 45.768087], [4.811853, 45.767695], [4.811929, 45.767583], [4.812036, 45.767457], [4.812083, 45.767431], [4.812318, 45.767385], [4.812396, 45.767394], [4.812595, 45.767467], [4.812684, 45.767512], [4.813023, 45.767852], [4.812943, 45.768007], [4.812831, 45.768171], [4.812722, 45.768358], [4.812673, 45.768525], [4.812639, 45.768721], [4.812598, 45.769012], [4.812677, 45.76902], [4.812718, 45.769024], [4.81275, 45.769027], [4.812764, 45.769029], [4.812796, 45.769032], [4.812809, 45.769034], [4.812697, 45.769721], [4.812641, 45.769913], [4.812635, 45.769935], [4.812631, 45.769948], [4.812628, 45.76996], [4.812625, 45.769972], [4.812621, 45.769989], [4.812612, 45.770022], [4.812609, 45.770034], [4.812606, 45.770043], [4.812604, 45.770051], [4.812594, 45.770089], [4.812638, 45.770082], [4.812774, 45.770089], [4.81291, 45.770109], [4.813915, 45.770285], [4.814009, 45.770353], [4.814025, 45.770391], [4.814013, 45.7705], [4.813993, 45.770578], [4.813783, 45.771321], [4.813829, 45.771328], [4.813879, 45.771335], [4.81392, 45.771342], [4.813952, 45.771345], [4.813977, 45.771347], [4.81408, 45.771353], [4.814124, 45.771342], [4.814273, 45.771233], [4.814626, 45.771428], [4.814891, 45.771611], [4.814905, 45.771602], [4.814914, 45.771591], [4.814934, 45.771531], [4.814943, 45.771465], [4.814975, 45.771427], [4.815037, 45.771405], [4.815192, 45.771413], [4.815422, 45.771559], [4.815503, 45.771583], [4.815594, 45.771516], [4.815713, 45.771455], [4.815855, 45.771403], [4.815948, 45.771385], [4.815968, 45.77138], [4.815994, 45.77138], [4.816019, 45.77138], [4.816032, 45.771377], [4.816271, 45.77135], [4.816306, 45.771357], [4.81633, 45.771362], [4.816366, 45.771373], [4.816383, 45.771378], [4.816419, 45.771397], [4.816549, 45.771465], [4.816624, 45.771563], [4.816649, 45.771564], [4.816661, 45.771602], [4.816912, 45.771779], [4.817747, 45.772043], [4.817846, 45.772075], [4.817919, 45.772098], [4.817969, 45.772114], [4.817989, 45.77212], [4.818074, 45.772143], [4.818542, 45.772273], [4.818612, 45.772291], [4.818673, 45.772309], [4.818751, 45.772332], [4.818784, 45.772342], [4.818803, 45.772347], [4.819427, 45.772537], [4.819474, 45.772552], [4.819502, 45.77256], [4.820436, 45.772845], [4.820531, 45.772878], [4.820541, 45.772883], [4.820563, 45.772891], [4.820582, 45.772902], [4.820589, 45.772905], [4.820609, 45.772911], [4.820504, 45.773034], [4.820466, 45.773098], [4.820593, 45.773134], [4.820681, 45.773145], [4.820936, 45.773213], [4.820987, 45.773261], [4.821034, 45.773279], [4.821318, 45.773367], [4.821344, 45.773247], [4.821372, 45.77325], [4.821418, 45.773255], [4.821464, 45.77326], [4.821485, 45.773262], [4.8215, 45.773251], [4.821524, 45.773239], [4.821547, 45.773227], [4.821559, 45.773221], [4.821553, 45.773178], [4.822186, 45.773386], [4.82232, 45.773426], [4.822356, 45.773436], [4.822397, 45.773449], [4.823402, 45.773753], [4.82345, 45.773768], [4.823482, 45.77388], [4.82351, 45.773931], [4.823525, 45.773957], [4.823485, 45.774042], [4.823476, 45.774074], [4.823458, 45.774097], [4.82348, 45.774114], [4.823498, 45.774145], [4.823493, 45.774187], [4.823473, 45.77422], [4.823565, 45.774253], [4.823629, 45.774263], [4.823634, 45.774277], [4.823647, 45.77431], [4.823656, 45.77434], [4.823666, 45.774373], [4.823674, 45.7744], [4.823736, 45.774419], [4.823749, 45.774419], [4.823791, 45.774417], [4.823834, 45.774416], [4.823864, 45.774415], [4.823872, 45.774436], [4.82398, 45.774698], [4.824074, 45.774858], [4.824051, 45.774872], [4.824026, 45.774888], [4.824058, 45.774912], [4.824026, 45.774888], [4.824051, 45.774872], [4.824074, 45.774858], [4.824316, 45.775043], [4.82436, 45.775063], [4.824387, 45.775075], [4.824406, 45.775092], [4.824421, 45.775105], [4.824435, 45.775125], [4.825574, 45.774796], [4.825579, 45.774802], [4.825596, 45.774796], [4.825636, 45.774782], [4.825655, 45.774776], [4.82568, 45.774765], [4.825705, 45.774743], [4.826745, 45.774549], [4.826753, 45.774547], [4.826814, 45.774489], [4.826842, 45.774462], [4.826852, 45.774453], [4.82698, 45.774382], [4.826991, 45.774382], [4.82704, 45.774382], [4.827076, 45.774382], [4.8271, 45.774382], [4.827131, 45.774427], [4.827571, 45.774429], [4.827576, 45.774391], [4.827552, 45.774345], [4.827561, 45.774278], [4.827562, 45.774269], [4.827605, 45.774177], [4.827611, 45.774136], [4.827817, 45.774151], [4.828551, 45.774206], [4.828583, 45.774209], [4.828615, 45.774211], [4.828662, 45.774216], [4.829072, 45.774252], [4.829414, 45.774282], [4.830573, 45.774372], [4.830676, 45.774368], [4.830731, 45.774379], [4.830795, 45.774395], [4.830852, 45.774409], [4.830873, 45.774416], [4.830965, 45.7744], [4.831503, 45.774426], [4.831541, 45.774428], [4.831569, 45.774429], [4.831592, 45.774431], [4.831668, 45.774437], [4.831669, 45.774452], [4.832049, 45.774502], [4.832062, 45.774469], [4.832109, 45.774469], [4.832295, 45.774495], [4.832346, 45.774507], [4.832363, 45.774523], [4.832364, 45.774544], [4.832412, 45.774545], [4.832482, 45.774547], [4.832529, 45.774548], [4.832579, 45.77455], [4.832582, 45.774526], [4.832583, 45.774512], [4.832585, 45.774495], [4.832587, 45.77448], [4.832957, 45.774507], [4.832985, 45.774517], [4.833035, 45.774546], [4.833062, 45.774562], [4.833085, 45.774575], [4.833164, 45.774616], [4.833232, 45.774656], [4.833295, 45.774694], [4.833316, 45.774708], [4.833381, 45.77474], [4.83392, 45.775051], [4.834489, 45.775381], [4.834566, 45.775451], [4.834611, 45.775482], [4.834638, 45.775502], [4.834652, 45.775516], [4.834667, 45.775531], [4.834682, 45.775554], [4.83477, 45.775582], [4.834824, 45.775637], [4.834865, 45.775613], [4.834899, 45.775611], [4.834936, 45.775609], [4.834941, 45.775609], [4.83494, 45.775848], [4.835855, 45.775852], [4.835883, 45.775852], [4.835945, 45.775811], [4.835974, 45.775812], [4.836001, 45.775811], [4.836028, 45.775811], [4.836047, 45.775811], [4.836121, 45.77585], [4.836146, 45.77585], [4.836659, 45.775853], [4.83667, 45.775853], [4.836719, 45.775851], [4.836764, 45.775851], [4.836771, 45.775851], [4.837445, 45.775853], [4.837445, 45.775849], [4.837438, 45.77574], [4.837536, 45.775737], [4.837535, 45.77572], [4.837437, 45.775722], [4.837436, 45.775699], [4.837528, 45.775695], [4.837539, 45.775695], [4.837539, 45.775676], [4.837552, 45.775641], [4.837564, 45.775606], [4.83772, 45.775603], [4.837716, 45.775549], [4.837894, 45.77554], [4.838196, 45.775527], [4.838196, 45.775582], [4.838249, 45.775574], [4.838303, 45.775555], [4.838457, 45.775448], [4.83848, 45.775395], [4.838459, 45.775346], [4.838434, 45.775327], [4.838388, 45.775311], [4.838391, 45.775347], [4.838314, 45.775354], [4.838026, 45.775379], [4.837994, 45.775365], [4.837907, 45.775367], [4.837755, 45.775336], [4.837728, 45.775298], [4.837721, 45.775266], [4.837744, 45.775228], [4.837802, 45.775199], [4.837958, 45.775152], [4.838021, 45.77512], [4.838043, 45.775086], [4.838046, 45.77504], [4.8379, 45.774704], [4.83787, 45.774591], [4.837673, 45.774174], [4.837662, 45.774153], [4.837643, 45.774116], [4.837656, 45.774099], [4.838215, 45.773928], [4.83824, 45.773907], [4.83823, 45.773901], [4.8382, 45.773885], [4.83823, 45.773863], [4.838254, 45.773848], [4.838279, 45.773831], [4.838303, 45.773817], [4.838328, 45.773803], [4.838391, 45.773791], [4.838443, 45.773782], [4.838521, 45.773767], [4.838555, 45.773761], [4.83859, 45.773754], [4.838616, 45.773749], [4.838622, 45.773748], [4.83865, 45.773743], [4.838686, 45.773736], [4.838715, 45.77373], [4.838787, 45.773889], [4.838809, 45.773883], [4.838813, 45.77389], [4.838875, 45.77401], [4.838878, 45.774015], [4.838905, 45.774008], [4.839442, 45.775041], [4.838905, 45.774008], [4.838878, 45.774015], [4.838875, 45.77401], [4.838813, 45.77389], [4.838809, 45.773883], [4.838787, 45.773889], [4.838715, 45.77373], [4.838673, 45.773545], [4.838595, 45.773075], [4.83857, 45.772931], [4.838594, 45.772737], [4.838611, 45.772677], [4.838717, 45.772619], [4.840899, 45.772451], [4.840984, 45.772461], [4.841023, 45.77249], [4.841054, 45.772488], [4.841085, 45.772487], [4.841107, 45.772485], [4.841152, 45.772483], [4.8412, 45.77248], [4.841217, 45.77248], [4.841263, 45.772477], [4.841311, 45.772475], [4.841359, 45.772472], [4.841375, 45.772439], [4.841378, 45.772425], [4.841387, 45.772375], [4.841392, 45.772343], [4.841396, 45.772322], [4.841399, 45.772301], [4.841405, 45.772268], [4.841413, 45.772243], [4.841425, 45.772207], [4.841453, 45.772087], [4.841555, 45.771542], [4.841608, 45.77129], [4.84166, 45.771298], [4.842306, 45.77136], [4.842348, 45.771359], [4.842379, 45.771361], [4.842422, 45.771364], [4.842448, 45.771363], [4.842453, 45.77134], [4.842455, 45.771331], [4.842464, 45.771295], [4.84247, 45.771273], [4.842494, 45.771276], [4.843184, 45.771337], [4.843238, 45.771322], [4.84326, 45.771323], [4.843329, 45.771329], [4.843392, 45.771336], [4.843489, 45.771346], [4.843523, 45.771172], [4.844391, 45.771251], [4.844505, 45.771228], [4.844544, 45.77123], [4.844579, 45.771235], [4.844637, 45.771242], [4.844625, 45.771279], [4.845508, 45.771357], [4.845513, 45.771299], [4.845518, 45.771266], [4.845525, 45.771226], [4.845527, 45.771221], [4.845555, 45.771185], [4.845603, 45.770916], [4.845594, 45.770885], [4.84559, 45.770872], [4.845596, 45.770841], [4.845601, 45.770817], [4.845626, 45.770786], [4.845669, 45.770784], [4.845693, 45.770786], [4.845769, 45.770794], [4.84578, 45.770798], [4.845816, 45.770805], [4.846834, 45.770906], [4.846852, 45.770904], [4.84689, 45.770902], [4.846934, 45.770905], [4.846963, 45.770907], [4.847009, 45.770913], [4.847006, 45.77087], [4.847074, 45.770549], [4.847128, 45.770547], [4.848333, 45.770661], [4.848563, 45.770684], [4.848598, 45.7707], [4.848613, 45.770692], [4.848701, 45.770694], [4.848746, 45.770696], [4.848774, 45.770699], [4.848782, 45.770659], [4.848892, 45.770033], [4.848915, 45.770007], [4.848937, 45.769981], [4.848941, 45.769963], [4.848945, 45.76994], [4.848932, 45.76991], [4.850188, 45.770037], [4.850204, 45.770039], [4.850263, 45.770044], [4.850321, 45.770049], [4.850336, 45.77005], [4.850359, 45.770053], [4.852137, 45.770219], [4.852152, 45.77019], [4.852271, 45.769528], [4.852271, 45.769502], [4.852276, 45.769471], [4.852283, 45.76944], [4.852287, 45.769421], [4.852289, 45.769416], [4.852415, 45.768795], [4.852403, 45.768757], [4.852391, 45.768729], [4.852395, 45.7687], [4.852397, 45.768683], [4.852413, 45.768653], [4.852471, 45.768648], [4.852513, 45.768651], [4.852554, 45.768654], [4.852597, 45.768665], [4.852641, 45.768647], [4.852932, 45.7685], [4.852855, 45.768385], [4.852839, 45.768361], [4.852855, 45.768385], [4.852932, 45.7685], [4.852641, 45.768647], [4.852597, 45.768665], [4.852554, 45.768654], [4.852513, 45.768651], [4.852471, 45.768648], [4.852413, 45.768653], [4.852362, 45.768658], [4.850781, 45.768509], [4.850755, 45.768509], [4.850709, 45.768505], [4.850665, 45.768501], [4.850605, 45.768496], [4.850547, 45.768491], [4.850491, 45.768486], [4.850461, 45.768482], [4.850392, 45.768471], [4.850024, 45.768436], [4.849223, 45.768366], [4.849213, 45.768354], [4.849181, 45.768353], [4.849139, 45.76835], [4.849106, 45.768349], [4.849063, 45.768347], [4.847583, 45.76821], [4.847518, 45.768199], [4.847479, 45.76819], [4.847444, 45.768187], [4.847407, 45.768183], [4.847361, 45.768184], [4.847303, 45.768183], [4.84635, 45.768094], [4.846284, 45.768082], [4.846247, 45.768075], [4.846207, 45.768072], [4.846171, 45.76807], [4.84613, 45.768071], [4.846086, 45.768071], [4.845466, 45.768013], [4.845449, 45.768007], [4.845438, 45.768004], [4.845388, 45.768], [4.845374, 45.767998], [4.845261, 45.767986], [4.845249, 45.767984], [4.845171, 45.767976], [4.845135, 45.767973], [4.845091, 45.767974], [4.844232, 45.767897], [4.844202, 45.767889], [4.844136, 45.767872], [4.844053, 45.767863], [4.844004, 45.767858], [4.843924, 45.767864], [4.843888, 45.767865], [4.843208, 45.767803], [4.843147, 45.767793], [4.843122, 45.767787], [4.843077, 45.767782], [4.843015, 45.767777], [4.843001, 45.767778], [4.843211, 45.766726], [4.843205, 45.766707], [4.843155, 45.766694], [4.842516, 45.766637], [4.842503, 45.766641], [4.842483, 45.766645], [4.84242, 45.766639], [4.842362, 45.766633], [4.842342, 45.766627], [4.84152, 45.766544], [4.841508, 45.76659], [4.841466, 45.766588], [4.841421, 45.766585], [4.841352, 45.766581], [4.841333, 45.76658], [4.841306, 45.766578], [4.841286, 45.766577], [4.84125, 45.766575], [4.841332, 45.76579], [4.841338, 45.765739], [4.841087, 45.765707], [4.838538, 45.765465], [4.838467, 45.765458], [4.83847, 45.765424], [4.838469, 45.765367], [4.838473, 45.765123], [4.838492, 45.765099], [4.838459, 45.765099], [4.838405, 45.765099], [4.838347, 45.765098], [4.838199, 45.765095], [4.838119, 45.765094], [4.83807, 45.765093], [4.838025, 45.765091], [4.838025, 45.765073], [4.838025, 45.765069], [4.838024, 45.765032], [4.838023, 45.765004], [4.838023, 45.764986], [4.837968, 45.764993], [4.837669, 45.764984], [4.837636, 45.764963], [4.83759, 45.764962], [4.837581, 45.764962], [4.837534, 45.764944], [4.837443, 45.76497], [4.837354, 45.764963], [4.837271, 45.764936], [4.837245, 45.764948], [4.837213, 45.764946], [4.837174, 45.764944], [4.837168, 45.764943], [4.837088, 45.763644], [4.837027, 45.763645], [4.836873, 45.763645], [4.83684, 45.763645], [4.836809, 45.763646], [4.836781, 45.763646], [4.836731, 45.763643], [4.836702, 45.763585], [4.836667, 45.763562], [4.83663, 45.763549], [4.836392, 45.763534], [4.835949, 45.763508], [4.835931, 45.763507], [4.835822, 45.763505], [4.835702, 45.763493], [4.835123, 45.763455], [4.835123, 45.763446], [4.835126, 45.763424], [4.835131, 45.763386], [4.835132, 45.763373], [4.835109, 45.763371], [4.835077, 45.76337], [4.835023, 45.763367], [4.835105, 45.763115], [4.83511, 45.763021], [4.83512, 45.763001], [4.835065, 45.763002], [4.834501, 45.762965], [4.834464, 45.762965], [4.834463, 45.762973], [4.834347, 45.762977], [4.834345, 45.762977], [4.834259, 45.762979], [4.834257, 45.762955], [4.834256, 45.762928], [4.834256, 45.762908], [4.834255, 45.762887], [4.83421, 45.762108], [4.834187, 45.762109], [4.83412, 45.762112], [4.834103, 45.762113], [4.834061, 45.762106], [4.834051, 45.762076], [4.834051, 45.762063], [4.834053, 45.762048], [4.834046, 45.762019], [4.834045, 45.761732], [4.83403, 45.761694], [4.833467, 45.761658], [4.833439, 45.761666], [4.83344, 45.761654], [4.833442, 45.761623], [4.833443, 45.761613], [4.833445, 45.761587], [4.833447, 45.761559], [4.833467, 45.761134], [4.833477, 45.760941], [4.83345, 45.760862], [4.833427, 45.760801], [4.833423, 45.760786], [4.833419, 45.760771], [4.833427, 45.760736], [4.833333, 45.760668], [4.833313, 45.760671], [4.83328, 45.760676], [4.833238, 45.760683], [4.833157, 45.760695], [4.833103, 45.760534], [4.833101, 45.760528], [4.833097, 45.760517], [4.833088, 45.760495], [4.833085, 45.760485], [4.833068, 45.76042], [4.833039, 45.76038], [4.832966, 45.760247], [4.832958, 45.760211], [4.832874, 45.759909], [4.832883, 45.759873], [4.832795, 45.759589], [4.832789, 45.759566], [4.832785, 45.75955], [4.832779, 45.759528], [4.832775, 45.759507], [4.832465, 45.758465], [4.832454, 45.758456], [4.832438, 45.758443], [4.832421, 45.758412], [4.832396, 45.758369], [4.83239, 45.758358], [4.832361, 45.758309], [4.831734, 45.758487], [4.831685, 45.75839], [4.831695, 45.758387], [4.831788, 45.758362], [4.831826, 45.758351], [4.831788, 45.758283], [4.832152, 45.758176], [4.831955, 45.75781]]}, "properties": {"heading": 0, "length_km": 11.082, "retrace": 0.102}}, {"type": "Feature", "geometry": {"type": "LineString", "coordinates": [[4.831955, 45.75781], [4.832152, 45.758176], [4.831788, 45.758283], [4.831826, 45.758351], [4.831788, 45.758362], [4.831695, 45.758387], [4.831685, 45.75839], [4.831734, 45.758487], [4.832361, 45.758309], [4.83239, 45.758358], [4.832396, 45.758369], [4.832421, 45.758412], [4.832438, 45.758443], [4.832454, 45.758456], [4.832465, 45.758465], [4.832775, 45.759507], [4.832779, 45.759528], [4.832785, 45.75955], [4.832789, 45.759566], [4.832795, 45.759589], [4.832883, 45.759873], [4.832874, 45.759909], [4.832958, 45.760211], [4.832966, 45.760247], [4.833039, 45.76038], [4.833068, 45.76042], [4.833085, 45.760485], [4.833088, 45.760495], [4.833097, 45.760517], [4.833101, 45.760528], [4.833103, 45.760534], [4.833157, 45.760695], [4.833238, 45.760683], [4.83328, 45.760676], [4.833313, 45.760671], [4.833333, 45.760668], [4.833427, 45.760736], [4.833419, 45.760771], [4.833423, 45.760786], [4.833427, 45.760801], [4.83345, 45.760862], [4.833477, 45.760941], [4.833467, 45.761134], [4.833447, 45.761559], [4.833445, 45.761587], [4.833443, 45.761613], [4.833442, 45.761623], [4.83344, 45.761654], [4.833439, 45.761666], [4.833416, 45.76197], [4.833417, 45.76199], [4.833416, 45.762014], [4.833414, 45.762031], [4.833413, 45.762049], [4.83341, 45.76207], [4.833374, 45.76207], [4.833338, 45.762069], [4.833299, 45.762068], [4.833289, 45.762068], [4.833236, 45.76284], [4.833237, 45.762854], [4.833235, 45.762879], [4.833233, 45.762909], [4.833232, 45.762925], [4.833208, 45.763252], [4.833198, 45.763267], [4.83319, 45.76328], [4.833185, 45.763317], [4.833181, 45.763344], [4.833193, 45.763359], [4.833199, 45.763372], [4.833184, 45.76377], [4.833157, 45.763769], [4.833156, 45.763776], [4.833156, 45.763787], [4.833154, 45.763808], [4.833159, 45.763826], [4.832673, 45.763822], [4.832634, 45.763821], [4.832637, 45.763844], [4.832639, 45.763873], [4.83243, 45.764602], [4.832405, 45.764598], [4.832391, 45.764595], [4.832371, 45.764592], [4.832343, 45.764587], [4.832333, 45.764618], [4.832286, 45.764617], [4.832283, 45.764647], [4.832279, 45.764666], [4.832277, 45.764681], [4.83227, 45.764704], [4.832266, 45.764734], [4.832263, 45.76476], [4.832242, 45.764769], [4.832258, 45.764871], [4.83226, 45.764887], [4.83228, 45.765033], [4.832268, 45.765223], [4.832266, 45.765264], [4.832263, 45.765285], [4.83226, 45.765307], [4.832167, 45.765302], [4.83216, 45.765312], [4.831993, 45.765802], [4.831941, 45.765948], [4.831943, 45.765966], [4.831955, 45.765976], [4.831946, 45.766001], [4.831937, 45.766024], [4.831931, 45.766042], [4.831923, 45.766074], [4.831905, 45.766072], [4.831894, 45.766108], [4.831853, 45.766433], [4.831852, 45.766437], [4.831848, 45.766448], [4.831842, 45.766466], [4.831829, 45.766536], [4.831839, 45.766588], [4.831852, 45.766912], [4.831857, 45.766936], [4.831836, 45.766938], [4.831826, 45.766938], [4.83179, 45.766937], [4.83175, 45.766938], [4.83174, 45.766948], [4.831725, 45.766977], [4.831711, 45.767003], [4.831708, 45.767011], [4.831692, 45.76705], [4.831527, 45.767357], [4.831516, 45.767374], [4.831495, 45.767406], [4.831483, 45.767426], [4.831488, 45.767447], [4.831345, 45.767763], [4.831337, 45.767783], [4.831336, 45.767806], [4.831255, 45.768026], [4.831242, 45.768121], [4.831152, 45.768123], [4.831151, 45.768142], [4.831149, 45.768171], [4.831147, 45.768201], [4.831116, 45.768235], [4.830655, 45.768719], [4.83062, 45.768757], [4.83043, 45.768749], [4.830421, 45.768748], [4.830405, 45.768745], [4.830382, 45.768781], [4.83036, 45.768782], [4.830384, 45.768821], [4.830385, 45.769082], [4.830386, 45.769105], [4.830427, 45.769105], [4.830427, 45.769163], [4.830385, 45.769163], [4.830376, 45.769336], [4.830377, 45.769349], [4.830377, 45.769366], [4.830379, 45.769385], [4.830381, 45.76942], [4.830382, 45.769436], [4.830385, 45.769579], [4.830386, 45.769602], [4.830387, 45.769645], [4.830386, 45.769701], [4.830294, 45.769697], [4.83029, 45.769987], [4.830304, 45.769989], [4.830301, 45.769997], [4.830289, 45.770037], [4.83028, 45.770066], [4.830278, 45.770074], [4.830278, 45.770082], [4.830232, 45.770106], [4.830187, 45.770148], [4.830173, 45.770214], [4.83024, 45.770288], [4.83001, 45.770291], [4.829731, 45.770293], [4.829508, 45.770306], [4.829225, 45.770371], [4.82917, 45.77039], [4.829017, 45.770477], [4.828959, 45.770488], [4.828904, 45.770485], [4.82884, 45.770591], [4.828602, 45.770845], [4.828527, 45.770934], [4.828413, 45.771078], [4.828378, 45.771112], [4.82837, 45.771108], [4.828362, 45.771116], [4.828345, 45.771138], [4.828335, 45.771151], [4.828341, 45.771161], [4.828341, 45.771173], [4.828188, 45.771352], [4.827945, 45.771517], [4.827873, 45.771556], [4.8278, 45.771584], [4.827638, 45.771623], [4.827554, 45.771653], [4.827066, 45.771836], [4.826967, 45.771839], [4.826658, 45.771849], [4.826633, 45.771838], [4.826602, 45.771838], [4.826583, 45.771838], [4.826552, 45.771838], [4.826523, 45.771835], [4.82645, 45.771829], [4.826305, 45.771837], [4.825917, 45.771852], [4.825824, 45.771863], [4.825791, 45.771866], [4.82575, 45.771868], [4.825723, 45.77187], [4.825691, 45.771875], [4.825258, 45.771891], [4.824674, 45.771911], [4.824675, 45.771929], [4.824675, 45.77195], [4.824676, 45.771969], [4.824677, 45.771982], [4.824581, 45.771985], [4.824583, 45.772001], [4.824564, 45.772002], [4.824544, 45.772003], [4.824521, 45.772004], [4.824506, 45.771999], [4.824468, 45.771991], [4.823572, 45.772026], [4.823497, 45.77203], [4.823273, 45.772036], [4.82319, 45.77206], [4.823025, 45.772108], [4.822815, 45.772225], [4.822196, 45.772538], [4.822059, 45.772609], [4.82201, 45.772634], [4.821923, 45.772662], [4.821835, 45.772709], [4.821603, 45.772831], [4.82154, 45.772886], [4.821483, 45.772886], [4.821454, 45.772878], [4.821422, 45.77287], [4.821384, 45.77286], [4.821299, 45.772892], [4.821274, 45.77293], [4.821238, 45.772983], [4.821205, 45.773031], [4.821176, 45.773081], [4.821021, 45.773036], [4.82094, 45.773173], [4.820936, 45.773213], [4.820681, 45.773145], [4.820593, 45.773134], [4.820466, 45.773098], [4.820504, 45.773034], [4.820609, 45.772911], [4.820589, 45.772905], [4.820582, 45.772902], [4.820563, 45.772891], [4.820541, 45.772883], [4.820531, 45.772878], [4.820436, 45.772845], [4.819502, 45.77256], [4.819474, 45.772552], [4.819427, 45.772537], [4.818803, 45.772347], [4.818784, 45.772342], [4.818751, 45.772332], [4.818673, 45.772309], [4.818612, 45.772291], [4.818542, 45.772273], [4.818074, 45.772143], [4.817989, 45.77212], [4.817969, 45.772114], [4.817919, 45.772098], [4.817846, 45.772075], [4.817747, 45.772043], [4.817712, 45.772159], [4.817493, 45.772266], [4.817386, 45.772223], [4.817302, 45.772238], [4.816964, 45.772423], [4.816964, 45.772423], [4.817302, 45.772238], [4.817386, 45.772223], [4.817493, 45.772266], [4.817712, 45.772159], [4.817747, 45.772043], [4.817846, 45.772075], [4.817919, 45.772098], [4.817969, 45.772114], [4.817989, 45.77212], [4.818074, 45.772143], [4.818542, 45.772273], [4.818612, 45.772291], [4.818673, 45.772309], [4.818751, 45.772332], [4.818784, 45.772342], [4.818803, 45.772347], [4.819427, 45.772537], [4.819474, 45.772552], [4.819502, 45.77256], [4.820436, 45.772845], [4.820531, 45.772878], [4.820541, 45.772883], [4.820563, 45.772891], [4.820582, 45.772902], [4.820589, 45.772905], [4.820609, 45.772911], [4.820504, 45.773034], [4.820466, 45.773098], [4.820593, 45.773134], [4.820681, 45.773145], [4.820936, 45.773213], [4.820987, 45.773261], [4.821034, 45.773279], [4.821318, 45.773367], [4.821344, 45.773247], [4.821372, 45.77325], [4.821418, 45.773255], [4.821464, 45.77326], [4.821485, 45.773262], [4.8215, 45.773251], [4.821524, 45.773239], [4.821547, 45.773227], [4.821559, 45.773221], [4.821553, 45.773178], [4.822186, 45.773386], [4.82232, 45.773426], [4.822356, 45.773436], [4.822397, 45.773449], [4.823402, 45.773753], [4.82345, 45.773768], [4.823497, 45.773782], [4.823572, 45.773804], [4.823636, 45.773824], [4.823714, 45.77384], [4.824809, 45.773928], [4.82503, 45.773941], [4.825041, 45.773941], [4.825082, 45.773944], [4.825116, 45.773947], [4.82517, 45.773949], [4.825175, 45.77395], [4.825179, 45.77395], [4.826908, 45.774083], [4.826932, 45.774084], [4.826984, 45.774089], [4.827042, 45.774093], [4.827122, 45.774099], [4.827611, 45.774136], [4.827817, 45.774151], [4.828551, 45.774206], [4.828583, 45.774209], [4.828615, 45.774211], [4.828662, 45.774216], [4.829072, 45.774252], [4.829414, 45.774282], [4.830573, 45.774372], [4.830676, 45.774368], [4.830731, 45.774379], [4.830795, 45.774395], [4.830852, 45.774409], [4.830873, 45.774416], [4.830865, 45.774435], [4.830852, 45.774465], [4.830841, 45.774491], [4.830828, 45.774518], [4.831515, 45.774571], [4.83178, 45.775258], [4.831828, 45.775293], [4.831882, 45.775306], [4.832207, 45.775312], [4.832221, 45.775377], [4.832214, 45.775402], [4.832233, 45.775787], [4.832247, 45.77606], [4.832323, 45.776058], [4.832347, 45.776058], [4.832371, 45.776057], [4.832397, 45.776056], [4.832397, 45.776071], [4.832409, 45.776073], [4.832464, 45.776077], [4.832867, 45.776055], [4.832891, 45.776088], [4.832914, 45.776121], [4.83295, 45.776118], [4.832959, 45.776117], [4.832987, 45.776107], [4.833016, 45.776095], [4.833034, 45.776088], [4.833085, 45.776114], [4.833611, 45.775904], [4.833744, 45.775851], [4.834587, 45.775506], [4.834611, 45.775482], [4.834662, 45.775432], [4.834688, 45.775412], [4.834723, 45.775385], [4.834733, 45.775378], [4.834748, 45.775382], [4.834824, 45.775402], [4.834919, 45.775391], [4.834946, 45.775379], [4.834958, 45.775372], [4.834991, 45.775355], [4.835193, 45.775197], [4.835606, 45.774859], [4.835638, 45.774829], [4.83572, 45.774754], [4.835765, 45.774712], [4.835792, 45.774666], [4.835806, 45.774667], [4.835857, 45.77467], [4.835895, 45.774671], [4.835919, 45.774672], [4.835925, 45.774688], [4.835975, 45.774692], [4.83599, 45.774684], [4.83601, 45.774699], [4.836023, 45.774709], [4.836037, 45.77472], [4.836039, 45.774743], [4.836307, 45.774727], [4.83633, 45.774743], [4.836319, 45.774682], [4.836317, 45.774672], [4.836315, 45.774662], [4.836278, 45.774489], [4.836268, 45.774439], [4.836395, 45.774402], [4.836429, 45.774393], [4.836439, 45.77439], [4.836542, 45.77436], [4.836563, 45.774355], [4.836736, 45.774308], [4.836476, 45.774026], [4.836501, 45.774016], [4.836507, 45.774012], [4.836543, 45.774031], [4.836592, 45.774035], [4.837138, 45.773897], [4.837148, 45.773876], [4.837117, 45.77383], [4.837126, 45.773826], [4.837139, 45.773821], [4.837192, 45.773883], [4.837208, 45.773877], [4.837163, 45.773828], [4.837166, 45.773815], [4.837112, 45.773783], [4.8371, 45.773768], [4.837118, 45.773763], [4.837123, 45.773768], [4.837159, 45.773793], [4.837207, 45.773795], [4.837476, 45.773713], [4.837645, 45.773691], [4.837826, 45.773636], [4.83785, 45.773629], [4.837809, 45.773586], [4.837686, 45.773402], [4.837701, 45.773397], [4.837724, 45.773389], [4.837748, 45.773381], [4.837851, 45.773346], [4.83796, 45.77331], [4.838032, 45.773302], [4.838071, 45.773298], [4.838105, 45.773295], [4.838194, 45.773287], [4.838152, 45.773058], [4.838126, 45.772914], [4.838117, 45.7729], [4.838109, 45.772861], [4.838105, 45.77284], [4.838099, 45.772799], [4.838089, 45.772773], [4.838106, 45.772771], [4.838432, 45.772741], [4.838476, 45.77274], [4.838546, 45.772738], [4.838594, 45.772737], [4.838611, 45.772677], [4.838717, 45.772619], [4.840899, 45.772451], [4.840984, 45.772461], [4.841023, 45.77249], [4.841054, 45.772488], [4.841085, 45.772487], [4.841107, 45.772485], [4.841152, 45.772483], [4.8412, 45.77248], [4.841217, 45.77248], [4.841263, 45.772477], [4.841311, 45.772475], [4.841359, 45.772472], [4.841323, 45.772737], [4.841359, 45.772749], [4.842029, 45.772809], [4.842021, 45.772857], [4.842008, 45.772928], [4.841967, 45.773133], [4.841947, 45.773229], [4.841943, 45.773256], [4.84197, 45.773258], [4.842009, 45.773262], [4.842074, 45.773269], [4.842093, 45.773266], [4.842099, 45.773257], [4.842104, 45.773229], [4.842113, 45.773183], [4.842112, 45.773173], [4.842804, 45.77324], [4.842811, 45.773203], [4.842866, 45.773207], [4.842937, 45.773215], [4.843006, 45.773222], [4.843068, 45.773228], [4.843076, 45.773264], [4.844044, 45.773356], [4.84407, 45.773354], [4.844054, 45.773374], [4.844048, 45.773403], [4.844043, 45.773425], [4.844049, 45.773452], [4.844092, 45.773467], [4.844131, 45.773471], [4.844172, 45.773474], [4.844215, 45.773471], [4.844292, 45.773463], [4.84455, 45.773488], [4.84504, 45.773535], [4.845091, 45.773549], [4.845131, 45.773561], [4.845164, 45.773563], [4.845207, 45.773566], [4.84525, 45.773565], [4.845313, 45.773559], [4.846336, 45.773657], [4.846337, 45.773631], [4.846341, 45.77361], [4.846346, 45.773582], [4.84635, 45.773563], [4.846466, 45.772956], [4.846458, 45.772899], [4.846485, 45.772902], [4.846559, 45.772908], [4.846609, 45.772912], [4.846639, 45.772916], [4.846653, 45.772895], [4.84666, 45.772858], [4.846665, 45.772833], [4.846668, 45.772819], [4.846673, 45.772789], [4.846679, 45.772759], [4.846673, 45.772728], [4.847344, 45.772791], [4.847373, 45.772766], [4.847411, 45.772596], [4.84746, 45.772348], [4.847144, 45.772318], [4.84746, 45.772348], [4.847483, 45.77222], [4.847551, 45.771831], [4.847564, 45.771832], [4.847624, 45.77184], [4.84767, 45.771846], [4.847683, 45.771858], [4.848394, 45.771923], [4.848394, 45.771887], [4.8484, 45.77185], [4.848404, 45.771821], [4.848419, 45.771776], [4.848463, 45.77178], [4.8485, 45.771783], [4.848536, 45.771786], [4.848583, 45.771788], [4.848637, 45.771441], [4.848673, 45.771237], [4.848704, 45.771174], [4.848719, 45.771149], [4.848722, 45.771128], [4.848726, 45.771107], [4.848709, 45.771076], [4.848702, 45.771063], [4.848774, 45.770699], [4.848782, 45.770659], [4.848892, 45.770033], [4.848915, 45.770007], [4.848937, 45.769981], [4.848941, 45.769963], [4.848945, 45.76994], [4.848932, 45.76991], [4.850188, 45.770037], [4.850204, 45.770039], [4.850263, 45.770044], [4.850321, 45.770049], [4.850336, 45.77005], [4.850359, 45.770053], [4.852137, 45.770219], [4.852152, 45.77019], [4.852271, 45.769528], [4.852271, 45.769502], [4.852276, 45.769471], [4.852283, 45.76944], [4.852287, 45.769421], [4.852289, 45.769416], [4.852415, 45.768795], [4.852403, 45.768757], [4.852391, 45.768729], [4.852395, 45.7687], [4.852397, 45.768683], [4.852413, 45.768653], [4.852431, 45.768621], [4.852543, 45.768101], [4.852543, 45.768058], [4.852583, 45.768068], [4.852631, 45.768072], [4.852667, 45.768075], [4.852706, 45.768074], [4.852777, 45.76807], [4.853152, 45.768104], [4.853155, 45.768083], [4.853159, 45.768057], [4.853163, 45.768042], [4.853167, 45.768024], [4.853294, 45.768035], [4.854367, 45.768135], [4.854386, 45.768137], [4.854388, 45.768127], [4.85441, 45.768129], [4.854445, 45.768132], [4.854462, 45.768134], [4.854488, 45.768141], [4.854548, 45.767769], [4.854581, 45.767755], [4.854584, 45.767737], [4.854589, 45.767716], [4.854593, 45.767693], [4.854583, 45.767667], [4.854576, 45.767654], [4.854582, 45.767615], [4.854683, 45.767031], [4.854695, 45.767015], [4.854717, 45.766992], [4.854722, 45.766968], [4.854727, 45.766945], [4.854731, 45.766924], [4.854708, 45.766921], [4.85471, 45.766909], [4.854872, 45.766032], [4.854885, 45.765999], [4.854899, 45.765969], [4.854905, 45.765944], [4.85491, 45.765925], [4.854915, 45.765901], [4.854894, 45.765891], [4.854983, 45.765416], [4.855041, 45.765443], [4.855062, 45.76543], [4.855092, 45.765411], [4.855111, 45.765399], [4.855124, 45.76539], [4.855114, 45.765365], [4.855119, 45.765339], [4.855124, 45.765317], [4.855126, 45.765303], [4.855131, 45.76528], [4.855135, 45.765258], [4.855162, 45.76526], [4.855909, 45.76532], [4.85593, 45.765281], [4.856048, 45.764615], [4.856043, 45.764585], [4.856079, 45.764588], [4.856105, 45.764589], [4.856136, 45.764591], [4.856164, 45.764591], [4.856179, 45.76457], [4.856181, 45.764545], [4.856183, 45.764525], [4.856179, 45.764498], [4.856178, 45.764451], [4.856297, 45.763762], [4.856312, 45.763747], [4.856363, 45.763738], [4.856364, 45.763729], [4.856365, 45.763697], [4.856366, 45.763666], [4.856367, 45.763654], [4.856367, 45.763643], [4.856367, 45.763625], [4.856369, 45.763603], [4.856369, 45.763591], [4.85633, 45.763554], [4.856333, 45.763538], [4.856365, 45.763354], [4.856384, 45.763247], [4.856354, 45.763244], [4.856327, 45.763242], [4.856302, 45.763239], [4.856282, 45.763237], [4.856164, 45.763226], [4.855444, 45.76316], [4.855397, 45.763156], [4.855352, 45.763153], [4.855332, 45.763151], [4.855297, 45.763148], [4.855265, 45.763145], [4.855197, 45.763138], [4.853753, 45.763005], [4.853677, 45.762998], [4.853635, 45.762994], [4.853605, 45.762992], [4.853582, 45.762989], [4.853542, 45.762987], [4.853468, 45.762981], [4.853474, 45.762948], [4.85348, 45.762915], [4.853486, 45.762876], [4.853491, 45.762852], [4.852114, 45.762725], [4.851965, 45.762663], [4.851903, 45.762643], [4.851852, 45.762639], [4.851814, 45.762636], [4.851766, 45.762631], [4.851714, 45.762627], [4.851656, 45.762622], [4.851623, 45.762619], [4.851598, 45.762617], [4.851567, 45.762614], [4.851517, 45.76261], [4.851486, 45.762607], [4.850949, 45.762209], [4.850855, 45.762141], [4.850554, 45.762118], [4.85053, 45.762089], [4.85052, 45.762077], [4.850524, 45.762061], [4.850527, 45.762038], [4.850533, 45.761997], [4.850538, 45.761948], [4.850539, 45.761921], [4.850309, 45.761903], [4.849575, 45.761848], [4.849561, 45.761847], [4.849518, 45.761843], [4.849462, 45.761838], [4.849449, 45.761837], [4.848716, 45.76179], [4.848674, 45.761788], [4.848645, 45.761787], [4.848622, 45.761786], [4.84858, 45.761783], [4.848495, 45.761766], [4.848437, 45.761761], [4.847493, 45.761686], [4.847447, 45.761683], [4.847417, 45.761681], [4.847397, 45.76168], [4.847341, 45.761676], [4.846527, 45.761621], [4.846466, 45.761607], [4.846441, 45.761601], [4.846383, 45.761596], [4.846316, 45.761591], [4.846301, 45.761591], [4.845566, 45.761538], [4.845539, 45.76153], [4.845477, 45.761517], [4.845398, 45.76151], [4.845328, 45.761504], [4.845279, 45.7615], [4.845244, 45.761527], [4.844442, 45.761464], [4.844417, 45.761454], [4.844372, 45.761452], [4.844343, 45.76145], [4.84429, 45.761448], [4.844199, 45.761443], [4.844179, 45.761442], [4.843854, 45.761417], [4.843504, 45.761391], [4.843323, 45.76138], [4.842276, 45.761302], [4.842208, 45.761298], [4.842118, 45.761292], [4.842039, 45.761287], [4.84198, 45.761284], [4.84158, 45.761252], [4.841628, 45.760961], [4.841262, 45.760934], [4.841237, 45.760638], [4.841181, 45.760652], [4.841137, 45.760655], [4.841061, 45.760659], [4.841037, 45.76066], [4.84096, 45.760664], [4.840899, 45.760107], [4.840893, 45.760066], [4.840798, 45.76007], [4.838263, 45.760192], [4.838181, 45.760217], [4.838097, 45.760265], [4.838074, 45.760274], [4.837967, 45.760283], [4.837894, 45.760289], [4.837835, 45.760294], [4.837743, 45.760301], [4.837652, 45.760308], [4.837587, 45.760314], [4.837583, 45.760291], [4.837553, 45.760242], [4.837153, 45.760244], [4.837124, 45.76025], [4.837104, 45.760254], [4.83703, 45.760255], [4.836951, 45.760256], [4.836919, 45.760265], [4.836854, 45.760249], [4.835933, 45.76027], [4.835912, 45.76027], [4.835628, 45.760277], [4.835461, 45.76028], [4.835453, 45.760244], [4.835424, 45.760186], [4.835342, 45.760042], [4.835119, 45.75965], [4.835103, 45.759631], [4.835061, 45.759577], [4.835051, 45.759563], [4.835044, 45.759555], [4.83505, 45.759524], [4.834946, 45.759348], [4.834921, 45.759325], [4.834914, 45.759318], [4.834898, 45.759285], [4.834881, 45.759249], [4.834875, 45.759235], [4.834557, 45.75868], [4.834554, 45.758674], [4.834536, 45.758643], [4.834522, 45.75862], [4.83452, 45.758615], [4.834241, 45.758131], [4.834176, 45.758019], [4.834213, 45.758011], [4.834207, 45.758006], [4.834201, 45.758], [4.834133, 45.757954], [4.834107, 45.757906], [4.834078, 45.757848], [4.834016, 45.757862], [4.833974, 45.757871], [4.833774, 45.757796], [4.833674, 45.757762], [4.833514, 45.757707], [4.833079, 45.757603], [4.832943, 45.757573], [4.832076, 45.757378], [4.831907, 45.757426], [4.831829, 45.75729], [4.831797, 45.757235], [4.831154, 45.757413], [4.831201, 45.757496], [4.831303, 45.757589], [4.831321, 45.757584], [4.831406, 45.75756], [4.831424, 45.757555], [4.831452, 45.757605], [4.831794, 45.757511], [4.831955, 45.75781]]}, "properties": {"heading": 18, "length_km": 10.404, "retrace": 0.079}}, {"type": "Feature", "geometry": {"type": "LineString", "coordinates": [[4.831955, 45.75781], [4.832152, 45.758176], [4.831788, 45.758283], [4.831826, 45.758351], [4.831788, 45.758362], [4.831695, 45.758387], [4.831685, 45.75839], [4.831734, 45.758487], [4.832361, 45.758309], [4.83239, 45.758358], [4.832396, 45.758369], [4.832421, 45.758412], [4.832438, 45.758443], [4.832454, 45.758456], [4.832465, 45.758465], [4.832775, 45.759507], [4.832779, 45.759528], [4.832785, 45.75955], [4.832789, 45.759566], [4.832795, 45.759589], [4.832883, 45.759873], [4.832874, 45.759909], [4.832958, 45.760211], [4.832966, 45.760247], [4.833039, 45.76038], [4.833068, 45.76042], [4.833085, 45.760485], [4.833088, 45.760495], [4.833097, 45.760517], [4.833101, 45.760528], [4.833103, 45.760534], [4.833157, 45.760695], [4.833238, 45.760683], [4.83328, 45.760676], [4.833313, 45.760671], [4.833333, 45.760668], [4.833427, 45.760736], [4.833419, 45.760771], [4.833423, 45.760786], [4.833427, 45.760801], [4.83345, 45.760862], [4.833477, 45.760941], [4.833467, 45.761134], [4.833447, 45.761559], [4.833445, 45.761587], [4.833443, 45.761613], [4.833442, 45.761623], [4.83344, 45.761654], [4.833439, 45.761666], [4.833416, 45.76197], [4.833417, 45.76199], [4.833416, 45.762014], [4.833414, 45.762031], [4.833413, 45.762049], [4.83341, 45.76207], [4.833374, 45.76207], [4.833338, 45.762069], [4.833299, 45.762068], [4.833289, 45.762068], [4.833236, 45.76284], [4.833237, 45.762854], [4.833235, 45.762879], [4.833233, 45.762909], [4.833232, 45.762925], [4.833208, 45.763252], [4.833198, 45.763267], [4.83319, 45.76328], [4.833185, 45.763317], [4.833181, 45.763344], [4.833193, 45.763359], [4.833199, 45.763372], [4.833184, 45.76377], [4.833157, 45.763769], [4.833156, 45.763776], [4.833156, 45.763787], [4.833154, 45.763808], [4.833159, 45.763826], [4.832673, 45.763822], [4.832634, 45.763821], [4.832637, 45.763844], [4.832639, 45.763873], [4.83243, 45.764602], [4.832405, 45.764598], [4.832391, 45.764595], [4.832371, 45.764592], [4.832343, 45.764587], [4.832333, 45.764618], [4.832286, 45.764617], [4.832283, 45.764647], [4.832279, 45.764666], [4.832277, 45.764681], [4.83227, 45.764704], [4.832266, 45.764734], [4.832263, 45.76476], [4.832242, 45.764769], [4.832258, 45.764871], [4.83226, 45.764887], [4.83228, 45.765033], [4.832268, 45.765223], [4.832266, 45.765264], [4.832263, 45.765285], [4.83226, 45.765307], [4.832167, 45.765302], [4.83216, 45.765312], [4.831993, 45.765802], [4.831941, 45.765948], [4.831943, 45.765966], [4.831955, 45.765976], [4.831946, 45.766001], [4.831937, 45.766024], [4.831931, 45.766042], [4.831923, 45.766074], [4.831905, 45.766072], [4.831894, 45.766108], [4.831853, 45.766433], [4.831852, 45.766437], [4.831848, 45.766448], [4.831842, 45.766466], [4.831829, 45.766536], [4.831839, 45.766588], [4.831852, 45.766912], [4.831857, 45.766936], [4.831836, 45.766938], [4.831826, 45.766938], [4.83179, 45.766937], [4.83175, 45.766938], [4.83174, 45.766948], [4.831725, 45.766977], [4.831711, 45.767003], [4.831708, 45.767011], [4.831692, 45.76705], [4.831527, 45.767357], [4.831516, 45.767374], [4.831495, 45.767406], [4.831483, 45.767426], [4.831488, 45.767447], [4.831345, 45.767763], [4.831337, 45.767783], [4.831336, 45.767806], [4.831255, 45.768026], [4.831242, 45.768121], [4.831152, 45.768123], [4.831151, 45.768142], [4.831149, 45.768171], [4.831147, 45.768201], [4.831116, 45.768235], [4.830655, 45.768719], [4.83062, 45.768757], [4.83043, 45.768749], [4.830421, 45.768748], [4.830405, 45.768745], [4.830382, 45.768781], [4.83036, 45.768782], [4.830384, 45.768821], [4.830385, 45.769082], [4.830386, 45.769105], [4.830427, 45.769105], [4.830427, 45.769163], [4.830385, 45.769163], [4.830376, 45.769336], [4.830377, 45.769349], [4.830377, 45.769366], [4.830379, 45.769385], [4.830381, 45.76942], [4.830382, 45.769436], [4.830385, 45.769579], [4.830386, 45.769602], [4.830387, 45.769645], [4.830386, 45.769701], [4.830294, 45.769697], [4.83029, 45.769987], [4.830304, 45.769989], [4.830301, 45.769997], [4.830289, 45.770037], [4.83028, 45.770066], [4.830278, 45.770074], [4.830278, 45.770082], [4.830232, 45.770106], [4.830187, 45.770148], [4.830173, 45.770214], [4.83024, 45.770288], [4.83001, 45.770291], [4.829731, 45.770293], [4.829508, 45.770306], [4.829225, 45.770371], [4.82917, 45.77039], [4.829017, 45.770477], [4.828959, 45.770488], [4.828904, 45.770485], [4.82884, 45.770591], [4.828602, 45.770845], [4.828527, 45.770934], [4.828413, 45.771078], [4.828378, 45.771112], [4.82837, 45.771108], [4.828362, 45.771116], [4.828345, 45.771138], [4.828335, 45.771151], [4.828341, 45.771161], [4.828341, 45.771173], [4.828188, 45.771352], [4.827945, 45.771517], [4.827873, 45.771556], [4.8278, 45.771584], [4.827638, 45.771623], [4.827554, 45.771653], [4.827066, 45.771836], [4.826967, 45.771839], [4.826968, 45.771864], [4.82697, 45.771878], [4.826973, 45.771892], [4.82698, 45.7719], [4.826896, 45.77192], [4.826871, 45.771928], [4.826832, 45.77194], [4.826818, 45.771945], [4.826829, 45.77196], [4.826844, 45.771975], [4.82686, 45.771992], [4.826865, 45.772005], [4.826813, 45.772015], [4.826654, 45.772079], [4.826586, 45.772107], [4.826108, 45.772389], [4.825873, 45.77245], [4.824843, 45.772711], [4.824756, 45.772784], [4.824727, 45.772809], [4.824354, 45.773059], [4.823778, 45.773463], [4.823755, 45.773614], [4.823746, 45.773688], [4.823737, 45.773726], [4.823727, 45.773771], [4.823714, 45.77384], [4.823696, 45.773897], [4.823691, 45.773945], [4.823796, 45.774248], [4.823804, 45.774269], [4.823824, 45.774279], [4.823836, 45.774311], [4.823846, 45.774344], [4.823858, 45.774384], [4.823864, 45.774415], [4.823872, 45.774436], [4.82398, 45.774698], [4.824074, 45.774858], [4.824051, 45.774872], [4.824026, 45.774888], [4.824058, 45.774912], [4.824026, 45.774888], [4.824051, 45.774872], [4.824074, 45.774858], [4.824316, 45.775043], [4.82436, 45.775063], [4.824387, 45.775075], [4.824406, 45.775092], [4.824421, 45.775105], [4.824435, 45.775125], [4.825574, 45.774796], [4.825579, 45.774802], [4.825596, 45.774796], [4.825636, 45.774782], [4.825655, 45.774776], [4.82568, 45.774765], [4.825705, 45.774743], [4.826745, 45.774549], [4.826753, 45.774547], [4.826814, 45.774489], [4.826842, 45.774462], [4.826852, 45.774453], [4.82698, 45.774382], [4.826991, 45.774382], [4.82704, 45.774382], [4.827076, 45.774382], [4.8271, 45.774382], [4.827131, 45.774427], [4.827571, 45.774429], [4.827576, 45.774391], [4.827552, 45.774345], [4.827561, 45.774278], [4.827562, 45.774269], [4.827605, 45.774177], [4.827611, 45.774136], [4.827817, 45.774151], [4.828551, 45.774206], [4.828583, 45.774209], [4.828615, 45.774211], [4.828662, 45.774216], [4.829072, 45.774252], [4.829414, 45.774282], [4.830573, 45.774372], [4.830676, 45.774368], [4.830731, 45.774379], [4.830795, 45.774395], [4.830852, 45.774409], [4.830873, 45.774416], [4.830965, 45.7744], [4.831503, 45.774426], [4.831541, 45.774428], [4.831569, 45.774429], [4.831592, 45.774431], [4.831668, 45.774437], [4.831669, 45.774452], [4.832049, 45.774502], [4.832062, 45.774469], [4.832109, 45.774469], [4.832295, 45.774495], [4.832346, 45.774507], [4.832363, 45.774523], [4.832364, 45.774544], [4.832412, 45.774545], [4.832482, 45.774547], [4.832529, 45.774548], [4.832579, 45.77455], [4.832582, 45.774526], [4.832583, 45.774512], [4.832585, 45.774495], [4.832587, 45.77448], [4.832957, 45.774507], [4.832985, 45.774517], [4.833035, 45.774546], [4.833062, 45.774562], [4.833085, 45.774575], [4.833164, 45.774616], [4.833232, 45.774656], [4.833295, 45.774694], [4.833316, 45.774708], [4.833381, 45.77474], [4.83392, 45.775051], [4.834489, 45.775381], [4.834566, 45.775451], [4.834611, 45.775482], [4.834638, 45.775502], [4.834652, 45.775516], [4.834667, 45.775531], [4.834682, 45.775554], [4.83477, 45.775582], [4.834824, 45.775637], [4.834865, 45.775613], [4.834899, 45.775611], [4.834936, 45.775609], [4.834941, 45.775609], [4.83494, 45.775848], [4.835855, 45.775852], [4.835883, 45.775852], [4.835945, 45.775811], [4.835974, 45.775812], [4.836001, 45.775811], [4.836028, 45.775811], [4.836047, 45.775811], [4.836121, 45.77585], [4.836146, 45.77585], [4.836659, 45.775853], [4.83667, 45.775853], [4.836719, 45.775851], [4.836764, 45.775851], [4.836771, 45.775851], [4.837445, 45.775853], [4.837445, 45.775849], [4.837438, 45.77574], [4.837536, 45.775737], [4.837535, 45.77572], [4.837437, 45.775722], [4.837436, 45.775699], [4.837528, 45.775695], [4.837539, 45.775695], [4.837539, 45.775676], [4.837552, 45.775641], [4.837564, 45.775606], [4.83772, 45.775603], [4.837716, 45.775549], [4.837894, 45.77554], [4.838196, 45.775527], [4.838196, 45.775582], [4.838249, 45.775574], [4.838303, 45.775555], [4.838457, 45.775448], [4.83848, 45.775395], [4.838459, 45.775346], [4.838434, 45.775327], [4.838388, 45.775311], [4.838391, 45.775347], [4.838314, 45.775354], [4.838026, 45.775379], [4.837994, 45.775365], [4.837907, 45.775367], [4.837755, 45.775336], [4.837728, 45.775298], [4.837721, 45.775266], [4.837744, 45.775228], [4.837802, 45.775199], [4.837958, 45.775152], [4.838021, 45.77512], [4.838043, 45.775086], [4.838046, 45.77504], [4.8379, 45.774704], [4.83787, 45.774591], [4.837673, 45.774174], [4.837662, 45.774153], [4.837643, 45.774116], [4.837656, 45.774099], [4.838215, 45.773928], [4.83824, 45.773907], [4.83823, 45.773901], [4.8382, 45.773885], [4.83823, 45.773863], [4.838254, 45.773848], [4.838279, 45.773831], [4.838303, 45.773817], [4.838328, 45.773803], [4.838391, 45.773791], [4.838443, 45.773782], [4.838521, 45.773767], [4.838555, 45.773761], [4.83859, 45.773754], [4.838616, 45.773749], [4.838622, 45.773748], [4.83865, 45.773743], [4.838686, 45.773736], [4.838715, 45.77373], [4.838787, 45.773889], [4.838809, 45.773883], [4.838813, 45.77389], [4.838875, 45.77401], [4.838878, 45.774015], [4.838905, 45.774008], [4.839442, 45.775041], [4.838905, 45.774008], [4.838878, 45.774015], [4.838875, 45.77401], [4.838813, 45.77389], [4.838809, 45.773883], [4.838787, 45.773889], [4.838715, 45.77373], [4.838673, 45.773545], [4.838595, 45.773075], [4.83857, 45.772931], [4.838594, 45.772737], [4.838611, 45.772677], [4.838717, 45.772619], [4.840899, 45.772451], [4.840984, 45.772461], [4.841023, 45.77249], [4.841054, 45.772488], [4.841085, 45.772487], [4.841107, 45.772485], [4.841152, 45.772483], [4.8412, 45.77248], [4.841217, 45.77248], [4.841263, 45.772477], [4.841311, 45.772475], [4.841359, 45.772472], [4.841375, 45.772439], [4.841378, 45.772425], [4.841387, 45.772375], [4.841392, 45.772343], [4.841396, 45.772322], [4.841399, 45.772301], [4.841405, 45.772268], [4.841413, 45.772243], [4.841425, 45.772207], [4.841453, 45.772087], [4.841555, 45.771542], [4.841608, 45.77129], [4.84166, 45.771298], [4.842306, 45.77136], [4.842348, 45.771359], [4.842379, 45.771361], [4.842422, 45.771364], [4.842448, 45.771363], [4.842453, 45.77134], [4.842455, 45.771331], [4.842464, 45.771295], [4.84247, 45.771273], [4.842494, 45.771276], [4.843184, 45.771337], [4.843238, 45.771322], [4.84326, 45.771323], [4.843329, 45.771329], [4.843392, 45.771336], [4.843489, 45.771346], [4.843523, 45.771172], [4.844391, 45.771251], [4.844505, 45.771228], [4.844544, 45.77123], [4.844579, 45.771235], [4.844637, 45.771242], [4.844625, 45.771279], [4.845508, 45.771357], [4.845513, 45.771299], [4.845518, 45.771266], [4.845525, 45.771226], [4.845527, 45.771221], [4.845555, 45.771185], [4.845603, 45.770916], [4.845594, 45.770885], [4.84559, 45.770872], [4.845596, 45.770841], [4.845601, 45.770817], [4.845626, 45.770786], [4.845669, 45.770784], [4.845693, 45.770786], [4.845769, 45.770794], [4.84578, 45.770798], [4.845816, 45.770805], [4.846834, 45.770906], [4.846852, 45.770904], [4.84689, 45.770902], [4.846934, 45.770905], [4.846963, 45.770907], [4.847009, 45.770913], [4.847006, 45.77087], [4.847074, 45.770549], [4.847128, 45.770547], [4.848333, 45.770661], [4.848563, 45.770684], [4.848598, 45.7707], [4.848613, 45.770692], [4.848701, 45.770694], [4.848746, 45.770696], [4.848774, 45.770699], [4.848782, 45.770659], [4.848892, 45.770033], [4.848915, 45.770007], [4.848937, 45.769981], [4.848941, 45.769963], [4.848945, 45.76994], [4.848932, 45.76991], [4.850188, 45.770037], [4.850204, 45.770039], [4.850263, 45.770044], [4.850321, 45.770049], [4.850336, 45.77005], [4.850359, 45.770053], [4.852137, 45.770219], [4.852152, 45.77019], [4.852271, 45.769528], [4.852271, 45.769502], [4.852276, 45.769471], [4.852283, 45.76944], [4.852287, 45.769421], [4.852289, 45.769416], [4.852415, 45.768795], [4.852403, 45.768757], [4.852391, 45.768729], [4.852395, 45.7687], [4.852397, 45.768683], [4.852413, 45.768653], [4.852471, 45.768648], [4.852513, 45.768651], [4.852554, 45.768654], [4.852597, 45.768665], [4.852641, 45.768647], [4.852932, 45.7685], [4.852855, 45.768385], [4.852839, 45.768361], [4.852793, 45.768291], [4.852665, 45.768266], [4.852706, 45.768074], [4.852777, 45.76807], [4.853152, 45.768104], [4.853155, 45.768083], [4.853159, 45.768057], [4.853163, 45.768042], [4.853167, 45.768024], [4.853294, 45.768035], [4.854367, 45.768135], [4.854386, 45.768137], [4.854388, 45.768127], [4.85441, 45.768129], [4.854445, 45.768132], [4.854462, 45.768134], [4.854488, 45.768141], [4.854548, 45.767769], [4.854581, 45.767755], [4.854584, 45.767737], [4.854589, 45.767716], [4.854593, 45.767693], [4.854583, 45.767667], [4.854576, 45.767654], [4.854582, 45.767615], [4.854683, 45.767031], [4.854695, 45.767015], [4.854717, 45.766992], [4.854722, 45.766968], [4.854727, 45.766945], [4.854731, 45.766924], [4.854708, 45.766921], [4.85471, 45.766909], [4.854872, 45.766032], [4.854885, 45.765999], [4.854899, 45.765969], [4.854905, 45.765944], [4.85491, 45.765925], [4.854915, 45.765901], [4.854894, 45.765891], [4.854983, 45.765416], [4.855041, 45.765443], [4.855062, 45.76543], [4.855092, 45.765411], [4.855111, 45.765399], [4.855124, 45.76539], [4.855114, 45.765365], [4.855119, 45.765339], [4.855124, 45.765317], [4.855126, 45.765303], [4.855131, 45.76528], [4.855135, 45.765258], [4.855162, 45.76526], [4.855909, 45.76532], [4.85593, 45.765281], [4.856048, 45.764615], [4.856043, 45.764585], [4.856079, 45.764588], [4.856105, 45.764589], [4.856136, 45.764591], [4.856164, 45.764591], [4.857089, 45.764627], [4.85709, 45.764618], [4.857094, 45.764585], [4.857098, 45.764551], [4.8571, 45.764539], [4.857127, 45.764529], [4.857276, 45.763759], [4.857184, 45.763745], [4.857187, 45.76373], [4.857186, 45.7637], [4.857187, 45.763669], [4.857187, 45.763662], [4.857187, 45.763649], [4.857187, 45.76363], [4.857187, 45.76361], [4.857188, 45.763598], [4.857239, 45.763598], [4.857285, 45.76358], [4.857305, 45.763557], [4.857342, 45.763385], [4.857343, 45.763349], [4.857319, 45.763323], [4.857291, 45.763286], [4.857295, 45.763261], [4.857301, 45.763227], [4.857305, 45.763188], [4.857339, 45.763064], [4.857349, 45.763026], [4.857383, 45.762817], [4.85739, 45.762713], [4.857396, 45.762671], [4.857403, 45.762629], [4.857413, 45.762602], [4.857408, 45.762552], [4.857412, 45.762515], [4.857474, 45.762204], [4.857491, 45.762096], [4.857502, 45.76202], [4.85751, 45.761968], [4.857538, 45.761787], [4.857553, 45.761691], [4.85757, 45.761577], [4.857588, 45.761507], [4.857615, 45.761394], [4.857571, 45.761304], [4.857588, 45.761206], [4.857583, 45.761143], [4.857585, 45.761117], [4.85759, 45.761083], [4.857593, 45.761054], [4.857595, 45.761045], [4.857597, 45.761032], [4.857607, 45.760983], [4.857626, 45.760984], [4.857637, 45.760926], [4.857737, 45.760935], [4.857913, 45.759983], [4.857955, 45.759897], [4.857963, 45.759858], [4.857994, 45.759702], [4.858, 45.759671], [4.858002, 45.759657], [4.858172, 45.758799], [4.858193, 45.758705], [4.858208, 45.758611], [4.858212, 45.758585], [4.858219, 45.758562], [4.858266, 45.758475], [4.858298, 45.758312], [4.858319, 45.758209], [4.858398, 45.757755], [4.857711, 45.757714], [4.857553, 45.757705], [4.856514, 45.757616], [4.856506, 45.75762], [4.85647, 45.757616], [4.856426, 45.757612], [4.856383, 45.757608], [4.85629, 45.7576], [4.856293, 45.757593], [4.856313, 45.757537], [4.856321, 45.757516], [4.856337, 45.757487], [4.856175, 45.757469], [4.856038, 45.757471], [4.855026, 45.75739], [4.854837, 45.757375], [4.854733, 45.757363], [4.854728, 45.757346], [4.854756, 45.757189], [4.854731, 45.757187], [4.854669, 45.757184], [4.854613, 45.757181], [4.85456, 45.757176], [4.85456, 45.757129], [4.853707, 45.757126], [4.853551, 45.757122], [4.853114, 45.757106], [4.852964, 45.757099], [4.852891, 45.757152], [4.852866, 45.75715], [4.85282, 45.757146], [4.852795, 45.757144], [4.852717, 45.757138], [4.852687, 45.757135], [4.852649, 45.757132], [4.852602, 45.757123], [4.852593, 45.757122], [4.852586, 45.75712], [4.852539, 45.757105], [4.852432, 45.757079], [4.852384, 45.757138], [4.851971, 45.757263], [4.851691, 45.75726], [4.851431, 45.757117], [4.851377, 45.757054], [4.851368, 45.757038], [4.851374, 45.757012], [4.851321, 45.757008], [4.851295, 45.757006], [4.851248, 45.757002], [4.851218, 45.756999], [4.85122, 45.756953], [4.851199, 45.756948], [4.850253, 45.756896], [4.850227, 45.756903], [4.850187, 45.7569], [4.850163, 45.756897], [4.850142, 45.756894], [4.850089, 45.756884], [4.849731, 45.756864], [4.849654, 45.756872], [4.8496, 45.756878], [4.849581, 45.756878], [4.849549, 45.756883], [4.849507, 45.756877], [4.849006, 45.756855], [4.849003, 45.756868], [4.848982, 45.756866], [4.848958, 45.756865], [4.848934, 45.756864], [4.848914, 45.756863], [4.848916, 45.756851], [4.848433, 45.75685], [4.848378, 45.756847], [4.848339, 45.756845], [4.848299, 45.756843], [4.848275, 45.756837], [4.848225, 45.756823], [4.847849, 45.75672], [4.847828, 45.756714], [4.847809, 45.756709], [4.847791, 45.756704], [4.847763, 45.756696], [4.847762, 45.756685], [4.847725, 45.756675], [4.847408, 45.756586], [4.847398, 45.756584], [4.847361, 45.756574], [4.847328, 45.756566], [4.847283, 45.756555], [4.846619, 45.756371], [4.846541, 45.756359], [4.846486, 45.756354], [4.846406, 45.756345], [4.846338, 45.756337], [4.846349, 45.756289], [4.846179, 45.756242], [4.846156, 45.756251], [4.846149, 45.756244], [4.846123, 45.756237], [4.846052, 45.756218], [4.846019, 45.756202], [4.844829, 45.755861], [4.843966, 45.755621], [4.84394, 45.755614], [4.843878, 45.755596], [4.843836, 45.755584], [4.84375, 45.75556], [4.843432, 45.755585], [4.843339, 45.755618], [4.843301, 45.75564], [4.843238, 45.755677], [4.843055, 45.755813], [4.842992, 45.755815], [4.842961, 45.755812], [4.842928, 45.75581], [4.842916, 45.75581], [4.842893, 45.755809], [4.84286, 45.755808], [4.842837, 45.755807], [4.842781, 45.755796], [4.842778, 45.755818], [4.842775, 45.755838], [4.842773, 45.755851], [4.842772, 45.755856], [4.842715, 45.755854], [4.842237, 45.756056], [4.842182, 45.756079], [4.842177, 45.756117], [4.842151, 45.756117], [4.842117, 45.756129], [4.842082, 45.756142], [4.842048, 45.756155], [4.842038, 45.75614], [4.842007, 45.756152], [4.841782, 45.756242], [4.841602, 45.756316], [4.841564, 45.756332], [4.841572, 45.756401], [4.841531, 45.756408], [4.841502, 45.756426], [4.841473, 45.756441], [4.841439, 45.756446], [4.841239, 45.756502], [4.841205, 45.756588], [4.841143, 45.756593], [4.84112, 45.756594], [4.841098, 45.756596], [4.841088, 45.756599], [4.841011, 45.756608], [4.840777, 45.756703], [4.840743, 45.75666], [4.840728, 45.756644], [4.840713, 45.756629], [4.840701, 45.756616], [4.840493, 45.75632], [4.840474, 45.756326], [4.840421, 45.756343], [4.840368, 45.75636], [4.840263, 45.756353], [4.840228, 45.756363], [4.839632, 45.756533], [4.837215, 45.757262], [4.837163, 45.757288], [4.837121, 45.75734], [4.837012, 45.757332], [4.836981, 45.75734], [4.836965, 45.757345], [4.836913, 45.757359], [4.83668, 45.757422], [4.836647, 45.757432], [4.8366, 45.757444], [4.836558, 45.757454], [4.83638, 45.757415], [4.835917, 45.757544], [4.835472, 45.757668], [4.835451, 45.757675], [4.835422, 45.757683], [4.835395, 45.75769], [4.835364, 45.757698], [4.835353, 45.757672], [4.835328, 45.757625], [4.8353, 45.757578], [4.835291, 45.757562], [4.834888, 45.75768], [4.83428, 45.757852], [4.83426, 45.757807], [4.83416, 45.75783], [4.834078, 45.757848], [4.834016, 45.757862], [4.833974, 45.757871], [4.833774, 45.757796], [4.833674, 45.757762], [4.833514, 45.757707], [4.833079, 45.757603], [4.832943, 45.757573], [4.832076, 45.757378], [4.831907, 45.757426], [4.831829, 45.75729], [4.831797, 45.757235], [4.831154, 45.757413], [4.831201, 45.757496], [4.831303, 45.757589], [4.831321, 45.757584], [4.831406, 45.75756], [4.831424, 45.757555], [4.831452, 45.757605], [4.831794, 45.757511], [4.831955, 45.75781]]}, "properties": {"heading": 36, "length_km": 10.298, "retrace": 0.033}}, {"type": "Feature", "geometry": {"type": "LineString", "coordinates": [[4.831955, 45.75781], [4.832152, 45.758176], [4.831788, 45.758283], [4.831826, 45.758351], [4.831788, 45.758362], [4.831695, 45.758387], [4.831685, 45.75839], [4.831734, 45.758487], [4.832361, 45.758309], [4.83239, 45.758358], [4.832396, 45.758369], [4.832421, 45.758412], [4.832438, 45.758443], [4.832454, 45.758456], [4.832465, 45.758465], [4.832775, 45.759507], [4.832779, 45.759528], [4.832785, 45.75955], [4.832789, 45.759566], [4.832795, 45.759589], [4.832883, 45.759873], [4.832874, 45.759909], [4.832958, 45.760211], [4.832966, 45.760247], [4.833039, 45.76038], [4.833068, 45.76042], [4.833085, 45.760485], [4.833088, 45.760495], [4.833097, 45.760517], [4.833101, 45.760528], [4.833103, 45.760534], [4.833157, 45.760695], [4.833238, 45.760683], [4.83328, 45.760676], [4.833313, 45.760671], [4.833333, 45.760668], [4.833427, 45.760736], [4.833419, 45.760771], [4.833423, 45.760786], [4.833427, 45.760801], [4.83345, 45.760862], [4.833477, 45.760941], [4.833467, 45.761134], [4.833447, 45.761559], [4.833445, 45.761587], [4.833443, 45.761613], [4.833442, 45.761623], [4.83344, 45.761654], [4.833439, 45.761666], [4.833416, 45.76197], [4.833417, 45.76199], [4.833416, 45.762014], [4.833414, 45.762031], [4.833413, 45.762049], [4.83341, 45.76207], [4.833374, 45.76207], [4.833338, 45.762069], [4.833299, 45.762068], [4.833289, 45.762068], [4.833236, 45.76284], [4.833237, 45.762854], [4.833235, 45.762879], [4.833233, 45.762909], [4.833232, 45.762925], [4.833208, 45.763252], [4.833198, 45.763267], [4.83319, 45.76328], [4.833185, 45.763317], [4.833181, 45.763344], [4.833193, 45.763359], [4.833199, 45.763372], [4.833184, 45.76377], [4.833157, 45.763769], [4.833156, 45.763776], [4.833156, 45.763787], [4.833154, 45.763808], [4.833159, 45.763826], [4.832673, 45.763822], [4.832634, 45.763821], [4.832637, 45.763844], [4.832639, 45.763873], [4.83243, 45.764602], [4.832405, 45.764598], [4.832391, 45.764595], [4.832371, 45.764592], [4.832343, 45.764587], [4.832333, 45.764618], [4.832286, 45.764617], [4.832283, 45.764647], [4.832279, 45.764666], [4.832277, 45.764681], [4.83227, 45.764704], [4.832266, 45.764734], [4.832263, 45.76476], [4.832242, 45.764769], [4.832258, 45.764871], [4.83226, 45.764887], [4.83228, 45.765033], [4.832268, 45.765223], [4.832266, 45.765264], [4.832263, 45.765285], [4.83226, 45.765307], [4.832167, 45.765302], [4.83216, 45.765312], [4.831993, 45.765802], [4.831941, 45.765948], [4.831943, 45.765966], [4.831955, 45.765976], [4.831946, 45.766001], [4.831937, 45.766024], [4.831931, 45.766042], [4.831923, 45.766074], [4.831905, 45.766072], [4.831894, 45.766108], [4.831853, 45.766433], [4.831852, 45.766437], [4.831848, 45.766448], [4.831842, 45.766466], [4.831829, 45.766536], [4.831839, 45.766588], [4.831852, 45.766912], [4.831857, 45.766936], [4.831836, 45.766938], [4.831826, 45.766938], [4.83179, 45.766937], [4.83175, 45.766938], [4.83174, 45.766948], [4.831725, 45.766977], [4.831711, 45.767003], [4.831708, 45.767011], [4.831692, 45.76705], [4.831527, 45.767357], [4.831516, 45.767374], [4.831495, 45.767406], [4.831483, 45.767426], [4.831488, 45.767447], [4.831345, 45.767763], [4.831337, 45.767783], [4.831336, 45.767806], [4.831255, 45.768026], [4.831242, 45.768121], [4.831152, 45.768123], [4.831151, 45.768142], [4.831149, 45.768171], [4.831147, 45.768201], [4.831116, 45.768235], [4.830655, 45.768719], [4.83062, 45.768757], [4.83043, 45.768749], [4.830421, 45.768748], [4.830405, 45.768745], [4.830382, 45.768781], [4.83036, 45.768782], [4.830384, 45.768821], [4.830385, 45.769082], [4.830386, 45.769105], [4.830427, 45.769105], [4.830427, 45.769163], [4.830385, 45.769163], [4.830376, 45.769336], [4.830377, 45.769349], [4.830377, 45.769366], [4.830379, 45.769385], [4.830381, 45.76942], [4.830382, 45.769436], [4.830385, 45.769579], [4.830386, 45.769602], [4.830387, 45.769645], [4.830386, 45.769701], [4.830294, 45.769697], [4.83029, 45.769987], [4.830304, 45.769989], [4.83046, 45.770016], [4.830868, 45.770085], [4.830948, 45.770106], [4.831579, 45.770208], [4.83224, 45.770276], [4.832825, 45.770336], [4.833075, 45.770362], [4.833332, 45.770389], [4.83333, 45.770401], [4.833326, 45.770422], [4.833321, 45.770449], [4.833318, 45.770458], [4.833329, 45.77047], [4.833328, 45.770486], [4.833248, 45.770899], [4.833236, 45.770916], [4.833232, 45.770933], [4.833227, 45.770951], [4.833224, 45.77097], [4.833296, 45.770975], [4.833291, 45.771007], [4.833234, 45.771348], [4.833233, 45.771354], [4.833254, 45.771357], [4.833261, 45.771389], [4.833293, 45.771391], [4.833293, 45.771415], [4.833293, 45.771427], [4.833293, 45.771454], [4.833292, 45.771462], [4.833274, 45.771462], [4.833265, 45.771481], [4.833252, 45.771479], [4.833212, 45.771477], [4.833173, 45.771475], [4.83316, 45.771475], [4.833118, 45.771725], [4.833104, 45.771806], [4.833088, 45.771808], [4.832895, 45.771829], [4.832654, 45.771855], [4.832644, 45.771873], [4.832465, 45.771917], [4.832321, 45.771979], [4.832232, 45.772048], [4.832183, 45.772113], [4.832109, 45.772228], [4.832083, 45.772274], [4.832027, 45.772327], [4.831921, 45.772367], [4.831807, 45.7724], [4.831811, 45.77242], [4.831817, 45.772448], [4.83183, 45.772518], [4.831868, 45.772606], [4.831873, 45.772621], [4.831952, 45.772839], [4.831957, 45.772851], [4.831964, 45.772869], [4.831972, 45.772889], [4.831878, 45.772858], [4.831869, 45.772865], [4.831857, 45.772876], [4.831843, 45.77289], [4.831828, 45.772906], [4.831841, 45.772912], [4.831832, 45.77296], [4.831793, 45.772973], [4.831806, 45.772988], [4.831816, 45.773], [4.831828, 45.773013], [4.83184, 45.773027], [4.831869, 45.773028], [4.831956, 45.77305], [4.831963, 45.773056], [4.832019, 45.773132], [4.832033, 45.773182], [4.832123, 45.773777], [4.832119, 45.773852], [4.832177, 45.774291], [4.8322, 45.774293], [4.832221, 45.774294], [4.832247, 45.774295], [4.83227, 45.774296], [4.832379, 45.774303], [4.832376, 45.774346], [4.832365, 45.774405], [4.832357, 45.774459], [4.832346, 45.774507], [4.832363, 45.774523], [4.832364, 45.774544], [4.832376, 45.77468], [4.832338, 45.774952], [4.83235, 45.775024], [4.832338, 45.775123], [4.832316, 45.775172], [4.832318, 45.775188], [4.832328, 45.77522], [4.832244, 45.77523], [4.832244, 45.775239], [4.832244, 45.775267], [4.832245, 45.775292], [4.832207, 45.775312], [4.832221, 45.775377], [4.832214, 45.775402], [4.832233, 45.775787], [4.832247, 45.77606], [4.832323, 45.776058], [4.832347, 45.776058], [4.832371, 45.776057], [4.832397, 45.776056], [4.832397, 45.776071], [4.832409, 45.776073], [4.832464, 45.776077], [4.832867, 45.776055], [4.832891, 45.776088], [4.832914, 45.776121], [4.83295, 45.776118], [4.832959, 45.776117], [4.832987, 45.776107], [4.833016, 45.776095], [4.833034, 45.776088], [4.833085, 45.776114], [4.833611, 45.775904], [4.833744, 45.775851], [4.834587, 45.775506], [4.834611, 45.775482], [4.834662, 45.775432], [4.834688, 45.775412], [4.834723, 45.775385], [4.834733, 45.775378], [4.834748, 45.775382], [4.834824, 45.775402], [4.834919, 45.775391], [4.834946, 45.775379], [4.834958, 45.775372], [4.834991, 45.775355], [4.835193, 45.775197], [4.835606, 45.774859], [4.835638, 45.774829], [4.83572, 45.774754], [4.835765, 45.774712], [4.835792, 45.774666], [4.835806, 45.774667], [4.835857, 45.77467], [4.835895, 45.774671], [4.835919, 45.774672], [4.835925, 45.774688], [4.835975, 45.774692], [4.83599, 45.774684], [4.83601, 45.774699], [4.836023, 45.774709], [4.836037, 45.77472], [4.836039, 45.774743], [4.836307, 45.774727], [4.83633, 45.774743], [4.836319, 45.774682], [4.836317, 45.774672], [4.836315, 45.774662], [4.836278, 45.774489], [4.836268, 45.774439], [4.836395, 45.774402], [4.836429, 45.774393], [4.836439, 45.77439], [4.836542, 45.77436], [4.836563, 45.774355], [4.836736, 45.774308], [4.836476, 45.774026], [4.836501, 45.774016], [4.836507, 45.774012], [4.836543, 45.774031], [4.836592, 45.774035], [4.837138, 45.773897], [4.837148, 45.773876], [4.837117, 45.77383], [4.837126, 45.773826], [4.837139, 45.773821], [4.837192, 45.773883], [4.837208, 45.773877], [4.837163, 45.773828], [4.837166, 45.773815], [4.837112, 45.773783], [4.8371, 45.773768], [4.837118, 45.773763], [4.837123, 45.773768], [4.837159, 45.773793], [4.837207, 45.773795], [4.837476, 45.773713], [4.837645, 45.773691], [4.837826, 45.773636], [4.83785, 45.773629], [4.837809, 45.773586], [4.837686, 45.773402], [4.837701, 45.773397], [4.837724, 45.773389], [4.837748, 45.773381], [4.837851, 45.773346], [4.83796, 45.77331], [4.838032, 45.773302], [4.838071, 45.773298], [4.838105, 45.773295], [4.838194, 45.773287], [4.838152, 45.773058], [4.838126, 45.772914], [4.838117, 45.7729], [4.838109, 45.772861], [4.838105, 45.77284], [4.838099, 45.772799], [4.838089, 45.772773], [4.838106, 45.772771], [4.838432, 45.772741], [4.838476, 45.77274], [4.838546, 45.772738], [4.838594, 45.772737], [4.838611, 45.772677], [4.838717, 45.772619], [4.840899, 45.772451], [4.840984, 45.772461], [4.841023, 45.77249], [4.841054, 45.772488], [4.841085, 45.772487], [4.841107, 45.772485], [4.841152, 45.772483], [4.8412, 45.77248], [4.841217, 45.77248], [4.841263, 45.772477], [4.841311, 45.772475], [4.841359, 45.772472], [4.841323, 45.772737], [4.841359, 45.772749], [4.842029, 45.772809], [4.842021, 45.772857], [4.842008, 45.772928], [4.841967, 45.773133], [4.841947, 45.773229], [4.841943, 45.773256], [4.84197, 45.773258], [4.842009, 45.773262], [4.842074, 45.773269], [4.842093, 45.773266], [4.842099, 45.773257], [4.842104, 45.773229], [4.842113, 45.773183], [4.842112, 45.773173], [4.842804, 45.77324], [4.842811, 45.773203], [4.842866, 45.773207], [4.842937, 45.773215], [4.843006, 45.773222], [4.843068, 45.773228], [4.843076, 45.773264], [4.844044, 45.773356], [4.84407, 45.773354], [4.844054, 45.773374], [4.844048, 45.773403], [4.844043, 45.773425], [4.844049, 45.773452], [4.844092, 45.773467], [4.844131, 45.773471], [4.844172, 45.773474], [4.844215, 45.773471], [4.844292, 45.773463], [4.84455, 45.773488], [4.84504, 45.773535], [4.845091, 45.773549], [4.845131, 45.773561], [4.845164, 45.773563], [4.845207, 45.773566], [4.84525, 45.773565], [4.845313, 45.773559], [4.846336, 45.773657], [4.846337, 45.773631], [4.846341, 45.77361], [4.846346, 45.773582], [4.84635, 45.773563], [4.846466, 45.772956], [4.846458, 45.772899], [4.846485, 45.772902], [4.846559, 45.772908], [4.846609, 45.772912], [4.846639, 45.772916], [4.846653, 45.772895], [4.84666, 45.772858], [4.846665, 45.772833], [4.846668, 45.772819], [4.846673, 45.772789], [4.846679, 45.772759], [4.846673, 45.772728], [4.847344, 45.772791], [4.847373, 45.772766], [4.847411, 45.772596], [4.84746, 45.772348], [4.847144, 45.772318], [4.84746, 45.772348], [4.847483, 45.77222], [4.847551, 45.771831], [4.847564, 45.771832], [4.847624, 45.77184], [4.84767, 45.771846], [4.847683, 45.771858], [4.848394, 45.771923], [4.848394, 45.771887], [4.8484, 45.77185], [4.848404, 45.771821], [4.848419, 45.771776], [4.848463, 45.77178], [4.8485, 45.771783], [4.848536, 45.771786], [4.848583, 45.771788], [4.848637, 45.771441], [4.848673, 45.771237], [4.848704, 45.771174], [4.848719, 45.771149], [4.848722, 45.771128], [4.848726, 45.771107], [4.848709, 45.771076], [4.848702, 45.771063], [4.848774, 45.770699], [4.848782, 45.770659], [4.848892, 45.770033], [4.848915, 45.770007], [4.848937, 45.769981], [4.848941, 45.769963], [4.848945, 45.76994], [4.848932, 45.76991], [4.850188, 45.770037], [4.850204, 45.770039], [4.850263, 45.770044], [4.850321, 45.770049], [4.850336, 45.77005], [4.850359, 45.770053], [4.852137, 45.770219], [4.852152, 45.77019], [4.852271, 45.769528], [4.852271, 45.769502], [4.852276, 45.769471], [4.852283, 45.76944], [4.852287, 45.769421], [4.852289, 45.769416], [4.852415, 45.768795], [4.852403, 45.768757], [4.852391, 45.768729], [4.852395, 45.7687], [4.852397, 45.768683], [4.852413, 45.768653], [4.852431, 45.768621], [4.852543, 45.768101], [4.852543, 45.768058], [4.852583, 45.768068], [4.852631, 45.768072], [4.852667, 45.768075], [4.852706, 45.768074], [4.852777, 45.76807], [4.853152, 45.768104], [4.853155, 45.768083], [4.853159, 45.768057], [4.853163, 45.768042], [4.853167, 45.768024], [4.853294, 45.768035], [4.854367, 45.768135], [4.854386, 45.768137], [4.854388, 45.768127], [4.85441, 45.768129], [4.854445, 45.768132], [4.854462, 45.768134], [4.854488, 45.768141], [4.854548, 45.767769], [4.854581, 45.767755], [4.854584, 45.767737], [4.854589, 45.767716], [4.854593, 45.767693], [4.854583, 45.767667], [4.854576, 45.767654], [4.854582, 45.767615], [4.854683, 45.767031], [4.854695, 45.767015], [4.854717, 45.766992], [4.854722, 45.766968], [4.854727, 45.766945], [4.854731, 45.766924], [4.854708, 45.766921], [4.85471, 45.766909], [4.854872, 45.766032], [4.854885, 45.765999], [4.854899, 45.765969], [4.854905, 45.765944], [4.85491, 45.765925], [4.854915, 45.765901], [4.854894, 45.765891], [4.854983, 45.765416], [4.855041, 45.765443], [4.855062, 45.76543], [4.855092, 45.765411], [4.855111, 45.765399], [4.855124, 45.76539], [4.855114, 45.765365], [4.855119, 45.765339], [4.855124, 45.765317], [4.855126, 45.765303], [4.855131, 45.76528], [4.855135, 45.765258], [4.855162, 45.76526], [4.855909, 45.76532], [4.85593, 45.765281], [4.856048, 45.764615], [4.856043, 45.764585], [4.856079, 45.764588], [4.856105, 45.764589], [4.856136, 45.764591], [4.856164, 45.764591], [4.856179, 45.76457], [4.856181, 45.764545], [4.856183, 45.764525], [4.856179, 45.764498], [4.856178, 45.764451], [4.856297, 45.763762], [4.856312, 45.763747], [4.856363, 45.763738], [4.856364, 45.763729], [4.856365, 45.763697], [4.856366, 45.763666], [4.856367, 45.763654], [4.856367, 45.763643], [4.856367, 45.763625], [4.856369, 45.763603], [4.856369, 45.763591], [4.85633, 45.763554], [4.856333, 45.763538], [4.856365, 45.763354], [4.856384, 45.763247], [4.856548, 45.763262], [4.856556, 45.76322], [4.856559, 45.763198], [4.856561, 45.763179], [4.856567, 45.763125], [4.857305, 45.763188], [4.857339, 45.763064], [4.857349, 45.763026], [4.857383, 45.762817], [4.85739, 45.762713], [4.857396, 45.762671], [4.857403, 45.762629], [4.857413, 45.762602], [4.857408, 45.762552], [4.857412, 45.762515], [4.857474, 45.762204], [4.857491, 45.762096], [4.857502, 45.76202], [4.85751, 45.761968], [4.857538, 45.761787], [4.857553, 45.761691], [4.85757, 45.761577], [4.857588, 45.761507], [4.857615, 45.761394], [4.857571, 45.761304], [4.857588, 45.761206], [4.857583, 45.761143], [4.857585, 45.761117], [4.85759, 45.761083], [4.857593, 45.761054], [4.857595, 45.761045], [4.857597, 45.761032], [4.857607, 45.760983], [4.857626, 45.760984], [4.857637, 45.760926], [4.857737, 45.760935], [4.857913, 45.759983], [4.857955, 45.759897], [4.857963, 45.759858], [4.857994, 45.759702], [4.858, 45.759671], [4.858002, 45.759657], [4.858172, 45.758799], [4.858193, 45.758705], [4.858208, 45.758611], [4.858212, 45.758585], [4.858219, 45.758562], [4.858266, 45.758475], [4.858298, 45.758312], [4.858319, 45.758209], [4.858398, 45.757755], [4.858406, 45.757712], [4.858412, 45.75769], [4.858421, 45.757655], [4.858423, 45.757636], [4.858464, 45.757207], [4.85847, 45.757143], [4.85847, 45.757074], [4.85847, 45.757031], [4.85847, 45.757017], [4.857863, 45.757005], [4.857863, 45.756995], [4.857863, 45.756944], [4.857863, 45.756879], [4.857772, 45.756842], [4.857681, 45.756805], [4.857632, 45.756785], [4.857479, 45.756787], [4.857454, 45.756791], [4.857406, 45.756794], [4.857352, 45.756796], [4.857341, 45.756794], [4.857241, 45.756784], [4.856683, 45.756478], [4.856631, 45.756449], [4.856635, 45.756419], [4.856661, 45.75624], [4.856675, 45.756208], [4.856681, 45.756194], [4.856687, 45.756159], [4.856692, 45.756127], [4.856689, 45.756108], [4.856781, 45.755587], [4.856889, 45.755047], [4.857066, 45.755049], [4.857064, 45.755042], [4.857063, 45.754996], [4.857063, 45.754964], [4.857069, 45.75495], [4.857081, 45.75492], [4.857124, 45.75486], [4.857142, 45.754847], [4.857196, 45.754807], [4.857295, 45.754769], [4.85736, 45.754756], [4.857358, 45.754164], [4.857337, 45.754121], [4.857332, 45.754104], [4.857336, 45.754071], [4.857342, 45.754029], [4.857344, 45.754013], [4.857353, 45.753956], [4.857362, 45.753517], [4.857354, 45.753484], [4.857334, 45.753476], [4.857337, 45.753463], [4.857342, 45.753442], [4.857351, 45.753398], [4.857361, 45.753349], [4.857363, 45.753337], [4.857448, 45.753346], [4.857601, 45.752736], [4.857601, 45.752718], [4.857539, 45.752711], [4.856786, 45.752624], [4.856794, 45.75259], [4.8568, 45.752564], [4.856805, 45.75254], [4.856812, 45.752509], [4.856737, 45.7525], [4.85674, 45.752484], [4.856727, 45.752482], [4.856684, 45.752477], [4.856652, 45.752473], [4.85662, 45.752469], [4.856664, 45.752262], [4.85662, 45.752469], [4.856618, 45.75248], [4.855864, 45.752398], [4.855862, 45.752391], [4.855841, 45.752388], [4.855814, 45.752385], [4.855779, 45.752381], [4.855761, 45.752379], [4.855541, 45.752356], [4.855255, 45.752325], [4.855025, 45.7523], [4.855005, 45.752298], [4.854972, 45.752293], [4.854948, 45.752288], [4.854926, 45.752284], [4.854918, 45.752297], [4.854896, 45.752306], [4.854891, 45.752317], [4.854871, 45.752347], [4.854861, 45.752364], [4.854851, 45.752383], [4.8547, 45.753016], [4.854686, 45.753015], [4.854678, 45.753043], [4.854669, 45.753077], [4.854657, 45.753121], [4.854654, 45.753138], [4.854658, 45.753168], [4.853945, 45.753082], [4.853653, 45.753035], [4.853588, 45.753046], [4.85358, 45.753045], [4.853529, 45.753039], [4.8535, 45.753036], [4.853486, 45.753035], [4.853474, 45.753033], [4.853405, 45.753027], [4.853362, 45.753022], [4.853346, 45.75302], [4.853318, 45.753017], [4.853279, 45.753012], [4.853269, 45.753012], [4.853232, 45.752992], [4.852182, 45.752862], [4.85215, 45.752862], [4.852139, 45.752887], [4.852102, 45.752883], [4.852076, 45.752881], [4.852036, 45.752877], [4.852009, 45.752875], [4.851975, 45.752835], [4.850851, 45.752694], [4.850769, 45.752705], [4.850493, 45.752802], [4.850471, 45.752773], [4.850439, 45.752729], [4.8504, 45.752673], [4.850397, 45.752669], [4.850334, 45.752681], [4.850309, 45.752686], [4.850292, 45.75269], [4.850241, 45.7527], [4.849243, 45.753037], [4.849203, 45.753053], [4.849101, 45.753092], [4.849055, 45.753098], [4.849018, 45.753103], [4.848967, 45.753125], [4.848185, 45.75339], [4.848084, 45.753427], [4.84803, 45.753447], [4.847948, 45.75347], [4.84792, 45.753479], [4.847892, 45.753481], [4.847874, 45.753501], [4.847715, 45.753554], [4.847708, 45.753556], [4.847625, 45.753584], [4.847214, 45.753726], [4.847086, 45.753771], [4.84705, 45.753783], [4.847025, 45.753792], [4.84694, 45.753819], [4.846855, 45.753848], [4.846798, 45.753865], [4.846347, 45.754021], [4.846312, 45.754034], [4.846284, 45.754046], [4.846257, 45.754056], [4.846216, 45.754069], [4.845557, 45.754295], [4.845449, 45.754332], [4.845411, 45.75435], [4.845377, 45.754365], [4.845355, 45.754375], [4.845309, 45.754399], [4.84513, 45.754474], [4.843766, 45.754927], [4.843715, 45.754944], [4.843596, 45.754985], [4.843428, 45.755038], [4.843196, 45.755092], [4.843154, 45.755104], [4.843136, 45.755111], [4.84312, 45.755108], [4.843072, 45.755099], [4.843054, 45.755097], [4.843045, 45.755095], [4.843021, 45.755091], [4.842889, 45.755066], [4.842792, 45.755049], [4.842735, 45.755068], [4.842677, 45.755088], [4.84267, 45.75509], [4.842645, 45.755099], [4.842611, 45.75511], [4.842601, 45.755114], [4.842549, 45.755131], [4.842528, 45.755138], [4.842511, 45.755144], [4.842499, 45.755148], [4.842581, 45.755269], [4.842517, 45.755288], [4.842187, 45.755395], [4.841684, 45.755566], [4.840821, 45.75585], [4.840777, 45.755864], [4.840755, 45.755871], [4.840737, 45.755876], [4.840554, 45.755936], [4.84037, 45.756049], [4.840312, 45.756036], [4.840275, 45.756046], [4.840231, 45.756061], [4.840182, 45.756078], [4.840116, 45.756099], [4.840101, 45.756104], [4.840087, 45.756109], [4.840064, 45.756117], [4.839508, 45.756325], [4.83709, 45.757051], [4.837004, 45.757064], [4.836932, 45.757049], [4.836905, 45.757056], [4.836832, 45.757078], [4.836763, 45.757096], [4.836573, 45.757151], [4.836524, 45.757165], [4.836388, 45.757205], [4.836345, 45.757217], [4.83633, 45.757221], [4.836291, 45.757272], [4.835406, 45.75753], [4.835291, 45.757562], [4.834888, 45.75768], [4.83428, 45.757852], [4.83426, 45.757807], [4.83416, 45.75783], [4.834078, 45.757848], [4.834016, 45.757862], [4.833974, 45.757871], [4.833774, 45.757796], [4.833674, 45.757762], [4.833514, 45.757707], [4.833079, 45.757603], [4.832943, 45.757573], [4.832076, 45.757378], [4.831907, 45.757426], [4.831829, 45.75729], [4.831797, 45.757235], [4.831154, 45.757413], [4.831201, 45.757496], [4.831303, 45.757589], [4.831321, 45.757584], [4.831406, 45.75756], [4.831424, 45.757555], [4.831452, 45.757605], [4.831794, 45.757511], [4.831955, 45.75781]]}, "properties": {"heading": 54, "length_km": 10.084, "retrace": 0.01}}, {"type": "Feature", "geometry": {"type": "LineString", "coordinates": [[4.831955, 45.75781], [4.832152, 45.758176], [4.831788, 45.758283], [4.831826, 45.758351], [4.831788, 45.758362], [4.831695, 45.758387], [4.831685, 45.75839], [4.831734, 45.758487], [4.832361, 45.758309], [4.83239, 45.758358], [4.832396, 45.758369], [4.832421, 45.758412], [4.832438, 45.758443], [4.832454, 45.758456], [4.832465, 45.758465], [4.832775, 45.759507], [4.832779, 45.759528], [4.832785, 45.75955], [4.832789, 45.759566], [4.832795, 45.759589], [4.832883, 45.759873], [4.832874, 45.759909], [4.832958, 45.760211], [4.832966, 45.760247], [4.833039, 45.76038], [4.833068, 45.76042], [4.833085, 45.760485], [4.833088, 45.760495], [4.833097, 45.760517], [4.833101, 45.760528], [4.833103, 45.760534], [4.833157, 45.760695], [4.833238, 45.760683], [4.83328, 45.760676], [4.833313, 45.760671], [4.833333, 45.760668], [4.833427, 45.760736], [4.833419, 45.760771], [4.833423, 45.760786], [4.833427, 45.760801], [4.83345, 45.760862], [4.833477, 45.760941], [4.833467, 45.761134], [4.833447, 45.761559], [4.833445, 45.761587], [4.833443, 45.761613], [4.833442, 45.761623], [4.83344, 45.761654], [4.833439, 45.761666], [4.833467, 45.761658], [4.83403, 45.761694], [4.834045, 45.761732], [4.834046, 45.762019], [4.834053, 45.762048], [4.834051, 45.762063], [4.834051, 45.762076], [4.834061, 45.762106], [4.834103, 45.762113], [4.83412, 45.762112], [4.834187, 45.762109], [4.83421, 45.762108], [4.834255, 45.762887], [4.834256, 45.762908], [4.834256, 45.762928], [4.834257, 45.762955], [4.834259, 45.762979], [4.834345, 45.762977], [4.834347, 45.762977], [4.834463, 45.762973], [4.834464, 45.762965], [4.834501, 45.762965], [4.835065, 45.763002], [4.83512, 45.763001], [4.83511, 45.763021], [4.835105, 45.763115], [4.835023, 45.763367], [4.835077, 45.76337], [4.835109, 45.763371], [4.835132, 45.763373], [4.835131, 45.763386], [4.835126, 45.763424], [4.835123, 45.763446], [4.835123, 45.763455], [4.835702, 45.763493], [4.835822, 45.763505], [4.835931, 45.763507], [4.835949, 45.763508], [4.836392, 45.763534], [4.83663, 45.763549], [4.836667, 45.763562], [4.836702, 45.763585], [4.836731, 45.763643], [4.836781, 45.763646], [4.836809, 45.763646], [4.83684, 45.763645], [4.836873, 45.763645], [4.837027, 45.763645], [4.837088, 45.763644], [4.837168, 45.764943], [4.837174, 45.764944], [4.837213, 45.764946], [4.837245, 45.764948], [4.837271, 45.764936], [4.837354, 45.764963], [4.837443, 45.76497], [4.837534, 45.764944], [4.837581, 45.764962], [4.83759, 45.764962], [4.837636, 45.764963], [4.837669, 45.764984], [4.837968, 45.764993], [4.838023, 45.764986], [4.838023, 45.765004], [4.838024, 45.765032], [4.838025, 45.765069], [4.838025, 45.765073], [4.838025, 45.765091], [4.83801, 45.765321], [4.838025, 45.765324], [4.838021, 45.765409], [4.838106, 45.76542], [4.838205, 45.765433], [4.83821, 45.765459], [4.83819, 45.765466], [4.838193, 45.765488], [4.83825, 45.765569], [4.838219, 45.766118], [4.838226, 45.766142], [4.838236, 45.766178], [4.838234, 45.766189], [4.838226, 45.766231], [4.838223, 45.766246], [4.838079, 45.767742], [4.838219, 45.767766], [4.838268, 45.767774], [4.838318, 45.767783], [4.838331, 45.767783], [4.83832, 45.767943], [4.83832, 45.76814], [4.838383, 45.768147], [4.83834, 45.768309], [4.838326, 45.768507], [4.838364, 45.768547], [4.838396, 45.768548], [4.838395, 45.768564], [4.838394, 45.768577], [4.838392, 45.768623], [4.83839, 45.768655], [4.838389, 45.768667], [4.838383, 45.768691], [4.838359, 45.769056], [4.838299, 45.769211], [4.83835, 45.771352], [4.83844, 45.771479], [4.838401, 45.771502], [4.838369, 45.77152], [4.838344, 45.771534], [4.838327, 45.771543], [4.838354, 45.771721], [4.838387, 45.772423], [4.838424, 45.772796], [4.838482, 45.773191], [4.838559, 45.773585], [4.838616, 45.773749], [4.838622, 45.773748], [4.83865, 45.773743], [4.838686, 45.773736], [4.838715, 45.77373], [4.838787, 45.773889], [4.838809, 45.773883], [4.838813, 45.77389], [4.838875, 45.77401], [4.838878, 45.774015], [4.838905, 45.774008], [4.839442, 45.775041], [4.838905, 45.774008], [4.838878, 45.774015], [4.838875, 45.77401], [4.838813, 45.77389], [4.838809, 45.773883], [4.838787, 45.773889], [4.838715, 45.77373], [4.838673, 45.773545], [4.838595, 45.773075], [4.83857, 45.772931], [4.838594, 45.772737], [4.838611, 45.772677], [4.838717, 45.772619], [4.840899, 45.772451], [4.840984, 45.772461], [4.841023, 45.77249], [4.841054, 45.772488], [4.841085, 45.772487], [4.841107, 45.772485], [4.841152, 45.772483], [4.8412, 45.77248], [4.841217, 45.77248], [4.841263, 45.772477], [4.841311, 45.772475], [4.841359, 45.772472], [4.841375, 45.772439], [4.841378, 45.772425], [4.841387, 45.772375], [4.841392, 45.772343], [4.841396, 45.772322], [4.841399, 45.772301], [4.841405, 45.772268], [4.841413, 45.772243], [4.841425, 45.772207], [4.841453, 45.772087], [4.841555, 45.771542], [4.841608, 45.77129], [4.84166, 45.771298], [4.842306, 45.77136], [4.842348, 45.771359], [4.842379, 45.771361], [4.842422, 45.771364], [4.842448, 45.771363], [4.842453, 45.77134], [4.842455, 45.771331], [4.842464, 45.771295], [4.84247, 45.771273], [4.842494, 45.771276], [4.843184, 45.771337], [4.843238, 45.771322], [4.84326, 45.771323], [4.843329, 45.771329], [4.843392, 45.771336], [4.843489, 45.771346], [4.843523, 45.771172], [4.844391, 45.771251], [4.844505, 45.771228], [4.844544, 45.77123], [4.844579, 45.771235], [4.844637, 45.771242], [4.844625, 45.771279], [4.845508, 45.771357], [4.845513, 45.771299], [4.845518, 45.771266], [4.845525, 45.771226], [4.845527, 45.771221], [4.845555, 45.771185], [4.845603, 45.770916], [4.845594, 45.770885], [4.84559, 45.770872], [4.845596, 45.770841], [4.845601, 45.770817], [4.845626, 45.770786], [4.845669, 45.770784], [4.845693, 45.770786], [4.845769, 45.770794], [4.84578, 45.770798], [4.845816, 45.770805], [4.846834, 45.770906], [4.846852, 45.770904], [4.84689, 45.770902], [4.846934, 45.770905], [4.846963, 45.770907], [4.847009, 45.770913], [4.847006, 45.77087], [4.847074, 45.770549], [4.847128, 45.770547], [4.848333, 45.770661], [4.848563, 45.770684], [4.848598, 45.7707], [4.848613, 45.770692], [4.848701, 45.770694], [4.848746, 45.770696], [4.848774, 45.770699], [4.848782, 45.770659], [4.848892, 45.770033], [4.848915, 45.770007], [4.848937, 45.769981], [4.848941, 45.769963], [4.848945, 45.76994], [4.848932, 45.76991], [4.850188, 45.770037], [4.850204, 45.770039], [4.850263, 45.770044], [4.850321, 45.770049], [4.850336, 45.77005], [4.850359, 45.770053], [4.852137, 45.770219], [4.852152, 45.77019], [4.852271, 45.769528], [4.852271, 45.769502], [4.852276, 45.769471], [4.852283, 45.76944], [4.852287, 45.769421], [4.852289, 45.769416], [4.852415, 45.768795], [4.852403, 45.768757], [4.852391, 45.768729], [4.852395, 45.7687], [4.852397, 45.768683], [4.852413, 45.768653], [4.852471, 45.768648], [4.852513, 45.768651], [4.852554, 45.768654], [4.852597, 45.768665], [4.852641, 45.768647], [4.852932, 45.7685], [4.852855, 45.768385], [4.852839, 45.768361], [4.852793, 45.768291], [4.852665, 45.768266], [4.852706, 45.768074], [4.852777, 45.76807], [4.853152, 45.768104], [4.853155, 45.768083], [4.853159, 45.768057], [4.853163, 45.768042], [4.853167, 45.768024], [4.853294, 45.768035], [4.854367, 45.768135], [4.854386, 45.768137], [4.854388, 45.768127], [4.85441, 45.768129], [4.854445, 45.768132], [4.854462, 45.768134], [4.854488, 45.768141], [4.854548, 45.767769], [4.854581, 45.767755], [4.854584, 45.767737], [4.854589, 45.767716], [4.854593, 45.767693], [4.854583, 45.767667], [4.854576, 45.767654], [4.854582, 45.767615], [4.854683, 45.767031], [4.854695, 45.767015], [4.854717, 45.766992], [4.854722, 45.766968], [4.854727, 45.766945], [4.854731, 45.766924], [4.854708, 45.766921], [4.85471, 45.766909], [4.854872, 45.766032], [4.854885, 45.765999], [4.854899, 45.765969], [4.854905, 45.765944], [4.85491, 45.765925], [4.854915, 45.765901], [4.854894, 45.765891], [4.854983, 45.765416], [4.855041, 45.765443], [4.855062, 45.76543], [4.855092, 45.765411], [4.855111, 45.765399], [4.855124, 45.76539], [4.855114, 45.765365], [4.855119, 45.765339], [4.855124, 45.765317], [4.855126, 45.765303], [4.855131, 45.76528], [4.855135, 45.765258], [4.855162, 45.76526], [4.855909, 45.76532], [4.85593, 45.765281], [4.856048, 45.764615], [4.856043, 45.764585], [4.856079, 45.764588], [4.856105, 45.764589], [4.856136, 45.764591], [4.856164, 45.764591], [4.857089, 45.764627], [4.85709, 45.764618], [4.857094, 45.764585], [4.857098, 45.764551], [4.8571, 45.764539], [4.857127, 45.764529], [4.857276, 45.763759], [4.857184, 45.763745], [4.857187, 45.76373], [4.857186, 45.7637], [4.857187, 45.763669], [4.857187, 45.763662], [4.857187, 45.763649], [4.857187, 45.76363], [4.857187, 45.76361], [4.857188, 45.763598], [4.857239, 45.763598], [4.857285, 45.76358], [4.857305, 45.763557], [4.857342, 45.763385], [4.857343, 45.763349], [4.857319, 45.763323], [4.857291, 45.763286], [4.857295, 45.763261], [4.857301, 45.763227], [4.857305, 45.763188], [4.857339, 45.763064], [4.857349, 45.763026], [4.857383, 45.762817], [4.85739, 45.762713], [4.857396, 45.762671], [4.857403, 45.762629], [4.857413, 45.762602], [4.857408, 45.762552], [4.857412, 45.762515], [4.857474, 45.762204], [4.857491, 45.762096], [4.857502, 45.76202], [4.85751, 45.761968], [4.857538, 45.761787], [4.857553, 45.761691], [4.85757, 45.761577], [4.857588, 45.761507], [4.857615, 45.761394], [4.857571, 45.761304], [4.857588, 45.761206], [4.857583, 45.761143], [4.857585, 45.761117], [4.85759, 45.761083], [4.857593, 45.761054], [4.857595, 45.761045], [4.857597, 45.761032], [4.857607, 45.760983], [4.857626, 45.760984], [4.857637, 45.760926], [4.857737, 45.760935], [4.857913, 45.759983], [4.857955, 45.759897], [4.857963, 45.759858], [4.857994, 45.759702], [4.858, 45.759671], [4.858002, 45.759657], [4.858172, 45.758799], [4.858193, 45.758705], [4.858208, 45.758611], [4.858212, 45.758585], [4.858219, 45.758562], [4.858266, 45.758475], [4.858298, 45.758312], [4.858319, 45.758209], [4.858398, 45.757755], [4.857711, 45.757714], [4.857553, 45.757705], [4.856514, 45.757616], [4.856524, 45.757593], [4.856528, 45.75757], [4.856535, 45.757531], [4.856541, 45.757498], [4.85653, 45.75747], [4.85655, 45.757359], [4.856586, 45.757165], [4.856658, 45.757151], [4.856654, 45.757139], [4.856654, 45.757078], [4.856654, 45.757073], [4.856593, 45.757056], [4.856595, 45.757012], [4.8566, 45.756987], [4.856606, 45.756977], [4.856608, 45.756829], [4.85661, 45.75677], [4.856568, 45.756737], [4.856569, 45.756701], [4.856612, 45.756561], [4.85661, 45.756541], [4.856626, 45.756527], [4.856645, 45.756512], [4.856662, 45.756497], [4.856683, 45.756478], [4.856631, 45.756449], [4.856635, 45.756419], [4.856661, 45.75624], [4.856675, 45.756208], [4.856681, 45.756194], [4.856687, 45.756159], [4.856692, 45.756127], [4.856689, 45.756108], [4.856781, 45.755587], [4.856889, 45.755047], [4.856868, 45.755047], [4.856832, 45.755046], [4.856796, 45.755046], [4.856781, 45.755044], [4.856145, 45.755035], [4.856095, 45.755041], [4.856105, 45.755026], [4.85611, 45.754995], [4.856117, 45.754946], [4.856117, 45.754933], [4.856113, 45.754898], [4.85628, 45.754075], [4.856323, 45.754035], [4.856318, 45.754032], [4.856305, 45.754022], [4.856237, 45.754016], [4.856196, 45.754012], [4.856171, 45.754006], [4.856171, 45.75399], [4.85618, 45.753956], [4.856192, 45.753915], [4.8562, 45.753901], [4.856213, 45.753881], [4.856314, 45.753365], [4.855775, 45.7533], [4.855781, 45.753272], [4.855785, 45.753258], [4.855796, 45.753209], [4.855802, 45.753183], [4.855809, 45.753153], [4.855774, 45.753135], [4.855869, 45.752589], [4.855881, 45.752533], [4.855895, 45.752524], [4.855891, 45.752509], [4.855879, 45.75246], [4.855869, 45.752419], [4.855864, 45.752398], [4.855862, 45.752391], [4.85587, 45.752347], [4.855866, 45.75228], [4.85583, 45.752199], [4.855762, 45.752124], [4.855676, 45.752068], [4.85556, 45.752028], [4.855551, 45.751973], [4.85553, 45.75197], [4.855474, 45.751965], [4.855434, 45.751962], [4.8554, 45.751959], [4.855537, 45.75114], [4.855516, 45.751076], [4.855377, 45.751126], [4.855352, 45.75109], [4.855317, 45.751043], [4.855274, 45.750987], [4.855252, 45.750954], [4.855232, 45.75096], [4.855106, 45.750323], [4.855048, 45.75003], [4.855032, 45.749998], [4.85497, 45.749973], [4.854951, 45.749965], [4.854908, 45.749953], [4.854895, 45.749906], [4.854894, 45.749891], [4.854889, 45.749862], [4.854872, 45.749779], [4.854878, 45.749761], [4.854793, 45.749364], [4.854644, 45.748594], [4.854648, 45.748588], [4.854643, 45.748565], [4.854636, 45.748542], [4.85462, 45.748505], [4.854622, 45.748492], [4.854619, 45.748464], [4.854609, 45.74839], [4.854609, 45.748369], [4.854608, 45.748335], [4.854614, 45.748295], [4.85462, 45.748269], [4.854641, 45.748236], [4.854718, 45.747627], [4.854719, 45.747596], [4.854552, 45.747566], [4.854391, 45.747518], [4.854146, 45.747472], [4.853406, 45.747415], [4.853307, 45.747368], [4.853289, 45.747408], [4.852852, 45.747169], [4.853289, 45.747408], [4.853307, 45.747368], [4.853374, 45.747219], [4.852914, 45.746964], [4.852566, 45.746777], [4.852022, 45.746479], [4.851675, 45.746289], [4.851243, 45.746053], [4.851051, 45.746238], [4.851022, 45.74627], [4.850543, 45.746667], [4.850521, 45.746686], [4.850422, 45.746621], [4.850291, 45.746535], [4.850163, 45.746455], [4.850059, 45.74649], [4.849983, 45.746514], [4.8499, 45.746542], [4.849869, 45.74652], [4.849843, 45.746495], [4.849818, 45.746473], [4.849783, 45.746438], [4.849627, 45.746535], [4.8489, 45.746462], [4.848507, 45.746422], [4.848118, 45.746382], [4.848116, 45.746408], [4.848115, 45.746428], [4.848078, 45.746425], [4.848006, 45.746424], [4.847999, 45.746618], [4.847938, 45.746617], [4.847923, 45.746796], [4.8478, 45.746845], [4.847611, 45.747112], [4.847544, 45.74715], [4.847491, 45.747183], [4.847483, 45.747219], [4.847476, 45.747254], [4.84746, 45.747283], [4.847418, 45.747362], [4.846967, 45.747975], [4.846947, 45.748001], [4.846925, 45.748023], [4.846904, 45.748046], [4.84687, 45.748092], [4.846825, 45.748145], [4.846489, 45.7483], [4.846389, 45.748347], [4.846373, 45.748354], [4.846335, 45.748371], [4.846273, 45.748399], [4.846266, 45.748403], [4.846063, 45.748501], [4.845593, 45.748725], [4.845564, 45.748732], [4.845547, 45.748736], [4.845517, 45.748747], [4.845453, 45.74877], [4.845438, 45.748787], [4.84543, 45.748798], [4.844799, 45.749211], [4.844758, 45.74923], [4.844731, 45.749243], [4.844713, 45.749253], [4.84469, 45.749266], [4.844677, 45.749285], [4.844562, 45.749364], [4.844491, 45.749389], [4.844481, 45.749393], [4.844467, 45.7494], [4.844382, 45.749455], [4.844326, 45.749495], [4.844273, 45.749524], [4.844279, 45.749555], [4.844072, 45.749685], [4.844045, 45.749698], [4.844025, 45.749709], [4.844002, 45.749722], [4.843978, 45.749747], [4.843934, 45.74978], [4.843566, 45.750023], [4.843355, 45.750159], [4.843338, 45.75017], [4.843312, 45.750152], [4.843302, 45.750158], [4.843279, 45.750173], [4.843264, 45.750184], [4.84324, 45.7502], [4.843257, 45.750221], [4.842467, 45.750749], [4.84244, 45.75076], [4.842422, 45.750766], [4.842395, 45.750784], [4.842384, 45.750791], [4.842358, 45.750812], [4.842338, 45.75083], [4.841813, 45.751167], [4.841759, 45.75119], [4.841704, 45.751213], [4.841073, 45.751489], [4.84109, 45.751513], [4.841102, 45.751527], [4.841117, 45.751545], [4.841136, 45.751567], [4.841101, 45.751588], [4.841088, 45.751593], [4.841054, 45.751603], [4.841013, 45.751623], [4.840742, 45.751732], [4.840701, 45.751749], [4.840669, 45.751763], [4.840395, 45.751883], [4.840401, 45.751892], [4.840373, 45.751903], [4.84034, 45.751916], [4.840312, 45.751927], [4.840288, 45.751937], [4.840259, 45.751943], [4.840228, 45.751949], [4.84017, 45.751975], [4.839467, 45.752294], [4.83944, 45.752304], [4.839401, 45.75232], [4.839382, 45.752328], [4.839362, 45.752337], [4.839351, 45.752323], [4.839336, 45.752306], [4.839321, 45.752289], [4.839306, 45.752261], [4.838724, 45.752526], [4.838674, 45.752537], [4.838618, 45.75255], [4.838578, 45.752568], [4.838558, 45.752577], [4.838517, 45.752588], [4.837884, 45.75286], [4.837896, 45.752877], [4.837843, 45.752897], [4.837808, 45.75291], [4.837773, 45.752923], [4.837748, 45.752932], [4.837724, 45.752941], [4.837698, 45.752951], [4.837653, 45.752968], [4.837866, 45.753252], [4.837903, 45.753274], [4.838016, 45.753415], [4.838108, 45.753528], [4.838408, 45.7539], [4.83871, 45.754286], [4.839158, 45.75486], [4.839554, 45.755381], [4.839567, 45.755399], [4.839695, 45.755571], [4.840008, 45.756021], [4.840064, 45.756117], [4.839508, 45.756325], [4.83709, 45.757051], [4.837004, 45.757064], [4.836932, 45.757049], [4.836905, 45.757056], [4.836832, 45.757078], [4.836763, 45.757096], [4.836573, 45.757151], [4.836524, 45.757165], [4.836388, 45.757205], [4.836345, 45.757217], [4.83633, 45.757221], [4.836291, 45.757272], [4.835406, 45.75753], [4.835291, 45.757562], [4.834888, 45.75768], [4.83428, 45.757852], [4.83426, 45.757807], [4.83416, 45.75783], [4.834078, 45.757848], [4.834016, 45.757862], [4.833974, 45.757871], [4.833774, 45.757796], [4.833674, 45.757762], [4.833514, 45.757707], [4.833079, 45.757603], [4.832943, 45.757573], [4.832076, 45.757378], [4.831907, 45.757426], [4.831829, 45.75729], [4.831797, 45.757235], [4.831154, 45.757413], [4.831201, 45.757496], [4.831303, 45.757589], [4.831321, 45.757584], [4.831406, 45.75756], [4.831424, 45.757555], [4.831452, 45.757605], [4.831794, 45.757511], [4.831955, 45.75781]]}, "properties": {"heading": 72, "length_km": 10.511, "retrace": 0.04}}, {"type": "Feature", "geometry": {"type": "LineString", "coordinates": [[4.831955, 45.75781], [4.832152, 45.758176], [4.831788, 45.758283], [4.831826, 45.758351], [4.831788, 45.758362], [4.831695, 45.758387], [4.831685, 45.75839], [4.831734, 45.758487], [4.832361, 45.758309], [4.83239, 45.758358], [4.832396, 45.758369], [4.832421, 45.758412], [4.832438, 45.758443], [4.832454, 45.758456], [4.832465, 45.758465], [4.832775, 45.759507], [4.832779, 45.759528], [4.832785, 45.75955], [4.832789, 45.759566], [4.832795, 45.759589], [4.832883, 45.759873], [4.832874, 45.759909], [4.832958, 45.760211], [4.832966, 45.760247], [4.833039, 45.76038], [4.833068, 45.76042], [4.833085, 45.760485], [4.833088, 45.760495], [4.833097, 45.760517], [4.833101, 45.760528], [4.833103, 45.760534], [4.833157, 45.760695], [4.833238, 45.760683], [4.83328, 45.760676], [4.833313, 45.760671], [4.833333, 45.760668], [4.833427, 45.760736], [4.833419, 45.760771], [4.833423, 45.760786], [4.833427, 45.760801], [4.83345, 45.760862], [4.833477, 45.760941], [4.833467, 45.761134], [4.833447, 45.761559], [4.833445, 45.761587], [4.833443, 45.761613], [4.833442, 45.761623], [4.83344, 45.761654], [4.833439, 45.761666], [4.833467, 45.761658], [4.83403, 45.761694], [4.834045, 45.761732], [4.834046, 45.762019], [4.834053, 45.762048], [4.834051, 45.762063], [4.834051, 45.762076], [4.834061, 45.762106], [4.834103, 45.762113], [4.83412, 45.762112], [4.834187, 45.762109], [4.83421, 45.762108], [4.834255, 45.762887], [4.834256, 45.762908], [4.834256, 45.762928], [4.834257, 45.762955], [4.834259, 45.762979], [4.834345, 45.762977], [4.834347, 45.762977], [4.834463, 45.762973], [4.834464, 45.762965], [4.834501, 45.762965], [4.835065, 45.763002], [4.83512, 45.763001], [4.83511, 45.763021], [4.835105, 45.763115], [4.835023, 45.763367], [4.835077, 45.76337], [4.835109, 45.763371], [4.835132, 45.763373], [4.835131, 45.763386], [4.835126, 45.763424], [4.835123, 45.763446], [4.835123, 45.763455], [4.835702, 45.763493], [4.835822, 45.763505], [4.835931, 45.763507], [4.835949, 45.763508], [4.836392, 45.763534], [4.83663, 45.763549], [4.836667, 45.763562], [4.836702, 45.763585], [4.836731, 45.763643], [4.836781, 45.763646], [4.836809, 45.763646], [4.83684, 45.763645], [4.836873, 45.763645], [4.837027, 45.763645], [4.837088, 45.763644], [4.837168, 45.764943], [4.837174, 45.764944], [4.837213, 45.764946], [4.837245, 45.764948], [4.837271, 45.764936], [4.837354, 45.764963], [4.837443, 45.76497], [4.837534, 45.764944], [4.837581, 45.764962], [4.83759, 45.764962], [4.837636, 45.764963], [4.837669, 45.764984], [4.837968, 45.764993], [4.838023, 45.764986], [4.838023, 45.765004], [4.838024, 45.765032], [4.838025, 45.765069], [4.838025, 45.765073], [4.838025, 45.765091], [4.83807, 45.765093], [4.838119, 45.765094], [4.838199, 45.765095], [4.838347, 45.765098], [4.838405, 45.765099], [4.838459, 45.765099], [4.838492, 45.765099], [4.838473, 45.765123], [4.838469, 45.765367], [4.83847, 45.765424], [4.838467, 45.765458], [4.838538, 45.765465], [4.841087, 45.765707], [4.841338, 45.765739], [4.841332, 45.76579], [4.84125, 45.766575], [4.841235, 45.7667], [4.841168, 45.767009], [4.84109, 45.767592], [4.841176, 45.767599], [4.841193, 45.7676], [4.841227, 45.767602], [4.841277, 45.767605], [4.841317, 45.767607], [4.84135, 45.767625], [4.841349, 45.767637], [4.84135, 45.76765], [4.841354, 45.767687], [4.84136, 45.767743], [4.841364, 45.767756], [4.841301, 45.768296], [4.841344, 45.768297], [4.84136, 45.768298], [4.841459, 45.768306], [4.841565, 45.768314], [4.841578, 45.768315], [4.841627, 45.768319], [4.841624, 45.768333], [4.841914, 45.768463], [4.841927, 45.768469], [4.841947, 45.768478], [4.841974, 45.768457], [4.842018, 45.768441], [4.842051, 45.768435], [4.842128, 45.768446], [4.842159, 45.768463], [4.842182, 45.768485], [4.842198, 45.768515], [4.842198, 45.768544], [4.842187, 45.768572], [4.842732, 45.768752], [4.842768, 45.768763], [4.842762, 45.768796], [4.842676, 45.769301], [4.842709, 45.769307], [4.842776, 45.769317], [4.842814, 45.769323], [4.84285, 45.769329], [4.842854, 45.769346], [4.843586, 45.769414], [4.843593, 45.769389], [4.843619, 45.769392], [4.843729, 45.769403], [4.843837, 45.769413], [4.843872, 45.769431], [4.843902, 45.769447], [4.844788, 45.76953], [4.844805, 45.769525], [4.844813, 45.769514], [4.84484, 45.769517], [4.844877, 45.76952], [4.844911, 45.769523], [4.844956, 45.769534], [4.845012, 45.769547], [4.845848, 45.769627], [4.845884, 45.769619], [4.845916, 45.769622], [4.845954, 45.769625], [4.845989, 45.769634], [4.846269, 45.769661], [4.84707, 45.769737], [4.847056, 45.769763], [4.847052, 45.769789], [4.847049, 45.769808], [4.847053, 45.769833], [4.847088, 45.769846], [4.847121, 45.769849], [4.847162, 45.769852], [4.847197, 45.769855], [4.847097, 45.770411], [4.847098, 45.770452], [4.847094, 45.770479], [4.847088, 45.770501], [4.847083, 45.770521], [4.847074, 45.770549], [4.847006, 45.77087], [4.847009, 45.770913], [4.847005, 45.770946], [4.847, 45.770967], [4.846995, 45.770986], [4.846984, 45.771018], [4.846902, 45.771434], [4.846875, 45.771577], [4.846881, 45.771624], [4.846879, 45.771631], [4.846863, 45.77171], [4.846857, 45.771737], [4.846841, 45.771763], [4.847467, 45.771817], [4.847551, 45.771831], [4.847483, 45.77222], [4.84746, 45.772348], [4.847144, 45.772318], [4.84746, 45.772348], [4.847483, 45.77222], [4.847551, 45.771831], [4.847564, 45.771832], [4.847624, 45.77184], [4.84767, 45.771846], [4.847683, 45.771858], [4.848394, 45.771923], [4.848394, 45.771887], [4.8484, 45.77185], [4.848404, 45.771821], [4.848419, 45.771776], [4.848463, 45.77178], [4.8485, 45.771783], [4.848536, 45.771786], [4.848583, 45.771788], [4.848637, 45.771441], [4.848673, 45.771237], [4.848704, 45.771174], [4.848719, 45.771149], [4.848722, 45.771128], [4.848726, 45.771107], [4.848709, 45.771076], [4.848702, 45.771063], [4.848774, 45.770699], [4.848782, 45.770659], [4.848892, 45.770033], [4.848915, 45.770007], [4.848937, 45.769981], [4.848941, 45.769963], [4.848945, 45.76994], [4.848932, 45.76991], [4.850188, 45.770037], [4.850204, 45.770039], [4.850263, 45.770044], [4.850321, 45.770049], [4.850336, 45.77005], [4.850359, 45.770053], [4.852137, 45.770219], [4.852152, 45.77019], [4.852271, 45.769528], [4.852271, 45.769502], [4.852276, 45.769471], [4.852283, 45.76944], [4.852287, 45.769421], [4.852289, 45.769416], [4.852415, 45.768795], [4.852403, 45.768757], [4.852391, 45.768729], [4.852395, 45.7687], [4.852397, 45.768683], [4.852413, 45.768653], [4.852431, 45.768621], [4.852543, 45.768101], [4.852543, 45.768058], [4.852583, 45.768068], [4.852631, 45.768072], [4.852667, 45.768075], [4.852706, 45.768074], [4.852777, 45.76807], [4.853152, 45.768104], [4.853155, 45.768083], [4.853159, 45.768057], [4.853163, 45.768042], [4.853167, 45.768024], [4.853294, 45.768035], [4.854367, 45.768135], [4.854386, 45.768137], [4.854388, 45.768127], [4.85441, 45.768129], [4.854445, 45.768132], [4.854462, 45.768134], [4.854488, 45.768141], [4.854548, 45.767769], [4.854581, 45.767755], [4.854584, 45.767737], [4.854589, 45.767716], [4.854593, 45.767693], [4.854583, 45.767667], [4.854576, 45.767654], [4.854582, 45.767615], [4.854683, 45.767031], [4.854695, 45.767015], [4.854717, 45.766992], [4.854722, 45.766968], [4.854727, 45.766945], [4.854731, 45.766924], [4.854708, 45.766921], [4.85471, 45.766909], [4.854872, 45.766032], [4.854885, 45.765999], [4.854899, 45.765969], [4.854905, 45.765944], [4.85491, 45.765925], [4.854915, 45.765901], [4.854894, 45.765891], [4.854983, 45.765416], [4.855041, 45.765443], [4.855062, 45.76543], [4.855092, 45.765411], [4.855111, 45.765399], [4.855124, 45.76539], [4.855114, 45.765365], [4.855119, 45.765339], [4.855124, 45.765317], [4.855126, 45.765303], [4.855131, 45.76528], [4.855135, 45.765258], [4.855162, 45.76526], [4.855909, 45.76532], [4.85593, 45.765281], [4.856048, 45.764615], [4.856043, 45.764585], [4.856079, 45.764588], [4.856105, 45.764589], [4.856136, 45.764591], [4.856164, 45.764591], [4.856179, 45.76457], [4.856181, 45.764545], [4.856183, 45.764525], [4.856179, 45.764498], [4.856178, 45.764451], [4.856297, 45.763762], [4.856312, 45.763747], [4.856363, 45.763738], [4.856364, 45.763729], [4.856365, 45.763697], [4.856366, 45.763666], [4.856367, 45.763654], [4.856367, 45.763643], [4.856367, 45.763625], [4.856369, 45.763603], [4.856369, 45.763591], [4.85633, 45.763554], [4.856333, 45.763538], [4.856365, 45.763354], [4.856384, 45.763247], [4.856548, 45.763262], [4.856556, 45.76322], [4.856559, 45.763198], [4.856561, 45.763179], [4.856567, 45.763125], [4.857305, 45.763188], [4.857339, 45.763064], [4.857349, 45.763026], [4.857383, 45.762817], [4.85739, 45.762713], [4.857396, 45.762671], [4.857403, 45.762629], [4.857413, 45.762602], [4.857408, 45.762552], [4.857412, 45.762515], [4.857474, 45.762204], [4.857491, 45.762096], [4.857502, 45.76202], [4.85751, 45.761968], [4.857538, 45.761787], [4.857553, 45.761691], [4.85757, 45.761577], [4.857588, 45.761507], [4.857615, 45.761394], [4.857571, 45.761304], [4.857588, 45.761206], [4.857583, 45.761143], [4.857585, 45.761117], [4.85759, 45.761083], [4.857593, 45.761054], [4.857595, 45.761045], [4.857597, 45.761032], [4.857607, 45.760983], [4.857626, 45.760984], [4.857637, 45.760926], [4.857737, 45.760935], [4.857913, 45.759983], [4.857955, 45.759897], [4.857963, 45.759858], [4.857994, 45.759702], [4.858, 45.759671], [4.858002, 45.759657], [4.858172, 45.758799], [4.858193, 45.758705], [4.858208, 45.758611], [4.858212, 45.758585], [4.858219, 45.758562], [4.858266, 45.758475], [4.858298, 45.758312], [4.858319, 45.758209], [4.858398, 45.757755], [4.858406, 45.757712], [4.858412, 45.75769], [4.858421, 45.757655], [4.858423, 45.757636], [4.858464, 45.757207], [4.85847, 45.757143], [4.85847, 45.757074], [4.85847, 45.757031], [4.85847, 45.757017], [4.857863, 45.757005], [4.857863, 45.756995], [4.857863, 45.756944], [4.857863, 45.756879], [4.857772, 45.756842], [4.857681, 45.756805], [4.857632, 45.756785], [4.857479, 45.756787], [4.857454, 45.756791], [4.857406, 45.756794], [4.857352, 45.756796], [4.857341, 45.756794], [4.857241, 45.756784], [4.856683, 45.756478], [4.856631, 45.756449], [4.856635, 45.756419], [4.856661, 45.75624], [4.856675, 45.756208], [4.856681, 45.756194], [4.856687, 45.756159], [4.856692, 45.756127], [4.856689, 45.756108], [4.856781, 45.755587], [4.856889, 45.755047], [4.857066, 45.755049], [4.857064, 45.755042], [4.857063, 45.754996], [4.857063, 45.754964], [4.857069, 45.75495], [4.857081, 45.75492], [4.857124, 45.75486], [4.857142, 45.754847], [4.857196, 45.754807], [4.857295, 45.754769], [4.85736, 45.754756], [4.857358, 45.754164], [4.857337, 45.754121], [4.857332, 45.754104], [4.857336, 45.754071], [4.857342, 45.754029], [4.857344, 45.754013], [4.857353, 45.753956], [4.857362, 45.753517], [4.857354, 45.753484], [4.857334, 45.753476], [4.857337, 45.753463], [4.857342, 45.753442], [4.857351, 45.753398], [4.857361, 45.753349], [4.857363, 45.753337], [4.857448, 45.753346], [4.857601, 45.752736], [4.857601, 45.752718], [4.857539, 45.752711], [4.856786, 45.752624], [4.856794, 45.75259], [4.8568, 45.752564], [4.856805, 45.75254], [4.856812, 45.752509], [4.856737, 45.7525], [4.85674, 45.752484], [4.856727, 45.752482], [4.856684, 45.752477], [4.856652, 45.752473], [4.85662, 45.752469], [4.856664, 45.752262], [4.85662, 45.752469], [4.856618, 45.75248], [4.855864, 45.752398], [4.855862, 45.752391], [4.855841, 45.752388], [4.855814, 45.752385], [4.855779, 45.752381], [4.855761, 45.752379], [4.855541, 45.752356], [4.855255, 45.752325], [4.855025, 45.7523], [4.855005, 45.752298], [4.854972, 45.752293], [4.854948, 45.752288], [4.854926, 45.752284], [4.854918, 45.752297], [4.854896, 45.752306], [4.854641, 45.752241], [4.853777, 45.752032], [4.853767, 45.752006], [4.853841, 45.751647], [4.854024, 45.751584], [4.854062, 45.751571], [4.85404, 45.751537], [4.854008, 45.751485], [4.853973, 45.751429], [4.853949, 45.751397], [4.853903, 45.751327], [4.853939, 45.751092], [4.854005, 45.750712], [4.853927, 45.750704], [4.853807, 45.750694], [4.853686, 45.750682], [4.85359, 45.750674], [4.853615, 45.750555], [4.853741, 45.750474], [4.853762, 45.750368], [4.853775, 45.750239], [4.853798, 45.749776], [4.85377, 45.749744], [4.853747, 45.749718], [4.853738, 45.749705], [4.853723, 45.749684], [4.853664, 45.749615], [4.853612, 45.749523], [4.853548, 45.749416], [4.853494, 45.74933], [4.85344, 45.749239], [4.853401, 45.749202], [4.853364, 45.749162], [4.853326, 45.749129], [4.853306, 45.74911], [4.853323, 45.749084], [4.852396, 45.748302], [4.85246, 45.748298], [4.852484, 45.748284], [4.852566, 45.748235], [4.8526, 45.748214], [4.852576, 45.748119], [4.852552, 45.748105], [4.852527, 45.748089], [4.85246, 45.748025], [4.852451, 45.747998], [4.852426, 45.747956], [4.852436, 45.747928], [4.852425, 45.747926], [4.852329, 45.747911], [4.851739, 45.74752], [4.851632, 45.747476], [4.851491, 45.747333], [4.850521, 45.746686], [4.850422, 45.746621], [4.850291, 45.746535], [4.850163, 45.746455], [4.850059, 45.74649], [4.849983, 45.746514], [4.8499, 45.746542], [4.849869, 45.74652], [4.849843, 45.746495], [4.849818, 45.746473], [4.849783, 45.746438], [4.849175, 45.745762], [4.84899, 45.745527], [4.848852, 45.745365], [4.848821, 45.745348], [4.848772, 45.745318], [4.848721, 45.745277], [4.84868, 45.745234], [4.848666, 45.745217], [4.84865, 45.745195], [4.848642, 45.745188], [4.848622, 45.745166], [4.848598, 45.745144], [4.848545, 45.745092], [4.848525, 45.745078], [4.848531, 45.745062], [4.847862, 45.744326], [4.847769, 45.744257], [4.847758, 45.744246], [4.84775, 45.744238], [4.847729, 45.744217], [4.847669, 45.744172], [4.847671, 45.744114], [4.847622, 45.744065], [4.847221, 45.743631], [4.847193, 45.743591], [4.847178, 45.743569], [4.847143, 45.743527], [4.847124, 45.7435], [4.84711, 45.743481], [4.847102, 45.74347], [4.847123, 45.743454], [4.847108, 45.743444], [4.847115, 45.743414], [4.847109, 45.743352], [4.84709, 45.743242], [4.847109, 45.743352], [4.847115, 45.743414], [4.847108, 45.743444], [4.847123, 45.743454], [4.847102, 45.74347], [4.84711, 45.743481], [4.847124, 45.7435], [4.847143, 45.743527], [4.847178, 45.743569], [4.847193, 45.743591], [4.847221, 45.743631], [4.847622, 45.744065], [4.847671, 45.744114], [4.847669, 45.744172], [4.847475, 45.744769], [4.847351, 45.744817], [4.847371, 45.744839], [4.847387, 45.74486], [4.847394, 45.744872], [4.84741, 45.744893], [4.847319, 45.744927], [4.846878, 45.745102], [4.84688, 45.745154], [4.846873, 45.745177], [4.846868, 45.745193], [4.846863, 45.745214], [4.846659, 45.745179], [4.846602, 45.745195], [4.846561, 45.745184], [4.846517, 45.745178], [4.846395, 45.745156], [4.84634, 45.745152], [4.846263, 45.745233], [4.845323, 45.745587], [4.845271, 45.745575], [4.845242, 45.745591], [4.845222, 45.745602], [4.845203, 45.745613], [4.845181, 45.745625], [4.845165, 45.745649], [4.844415, 45.745922], [4.84445, 45.745943], [4.844464, 45.745954], [4.844524, 45.746002], [4.844531, 45.74601], [4.844571, 45.74605], [4.844928, 45.746335], [4.845089, 45.746464], [4.845055, 45.746479], [4.845025, 45.746495], [4.844996, 45.74651], [4.844947, 45.746532], [4.844519, 45.746705], [4.84445, 45.74673], [4.844362, 45.746758], [4.844269, 45.746789], [4.844219, 45.746811], [4.843546, 45.747078], [4.843488, 45.747099], [4.843478, 45.747102], [4.843442, 45.747115], [4.843211, 45.747206], [4.843149, 45.747222], [4.843082, 45.747247], [4.843015, 45.747271], [4.842956, 45.747303], [4.842155, 45.747619], [4.842153, 45.747634], [4.842127, 45.74772], [4.842099, 45.747799], [4.84209, 45.747825], [4.842062, 45.747834], [4.842023, 45.747848], [4.842001, 45.747856], [4.841945, 45.747875], [4.841904, 45.747945], [4.841892, 45.747996], [4.841914, 45.748036], [4.841915, 45.748079], [4.841907, 45.7481], [4.841752, 45.748495], [4.841645, 45.748649], [4.84148, 45.748793], [4.841475, 45.748799], [4.841441, 45.748829], [4.841417, 45.74885], [4.841409, 45.748858], [4.841397, 45.748878], [4.841405, 45.748885], [4.841443, 45.748911], [4.841483, 45.748938], [4.841493, 45.748943], [4.841246, 45.74916], [4.841224, 45.749179], [4.841214, 45.749188], [4.841213, 45.749239], [4.841207, 45.749513], [4.841206, 45.749557], [4.84117, 45.749589], [4.84115, 45.749601], [4.841113, 45.749624], [4.841077, 45.749649], [4.841072, 45.749652], [4.841042, 45.749663], [4.841008, 45.749674], [4.840971, 45.749699], [4.840155, 45.750188], [4.840123, 45.750207], [4.840076, 45.750228], [4.840059, 45.750235], [4.84002, 45.750248], [4.839989, 45.750281], [4.839566, 45.750524], [4.839502, 45.750575], [4.83948, 45.750589], [4.839426, 45.750617], [4.839373, 45.750642], [4.839371, 45.750663], [4.839371, 45.750676], [4.839345, 45.750692], [4.83921, 45.750758], [4.838634, 45.751101], [4.838604, 45.75112], [4.838584, 45.75113], [4.838545, 45.751145], [4.838523, 45.751156], [4.838119, 45.751312], [4.837905, 45.751395], [4.837763, 45.751452], [4.837693, 45.75148], [4.837709, 45.751499], [4.837726, 45.751517], [4.837768, 45.751563], [4.837791, 45.751589], [4.837801, 45.751599], [4.837815, 45.751615], [4.837839, 45.75164], [4.837851, 45.751653], [4.837867, 45.751669], [4.837221, 45.751909], [4.837161, 45.751934], [4.83709, 45.751961], [4.837052, 45.751977], [4.837017, 45.751989], [4.83696, 45.752009], [4.836933, 45.752018], [4.836912, 45.752027], [4.836878, 45.75204], [4.836941, 45.752075], [4.837156, 45.752347], [4.837235, 45.752446], [4.837387, 45.752637], [4.837653, 45.752968], [4.837866, 45.753252], [4.837903, 45.753274], [4.838016, 45.753415], [4.838108, 45.753528], [4.838408, 45.7539], [4.83871, 45.754286], [4.839158, 45.75486], [4.839554, 45.755381], [4.839567, 45.755399], [4.839695, 45.755571], [4.840008, 45.756021], [4.840064, 45.756117], [4.839508, 45.756325], [4.83709, 45.757051], [4.837004, 45.757064], [4.836932, 45.757049], [4.836905, 45.757056], [4.836832, 45.757078], [4.836763, 45.757096], [4.836573, 45.757151], [4.836524, 45.757165], [4.836388, 45.757205], [4.836345, 45.757217], [4.83633, 45.757221], [4.836291, 45.757272], [4.835406, 45.75753], [4.835291, 45.757562], [4.834888, 45.75768], [4.83428, 45.757852], [4.83426, 45.757807], [4.83416, 45.75783], [4.834078, 45.757848], [4.834016, 45.757862], [4.833974, 45.757871], [4.833774, 45.757796], [4.833674, 45.757762], [4.833514, 45.757707], [4.833079, 45.757603], [4.832943, 45.757573], [4.832076, 45.757378], [4.831907, 45.757426], [4.831829, 45.75729], [4.831797, 45.757235], [4.831154, 45.757413], [4.831201, 45.757496], [4.831303, 45.757589], [4.831321, 45.757584], [4.831406, 45.75756], [4.831424, 45.757555], [4.831452, 45.757605], [4.831794, 45.757511], [4.831955, 45.75781]]}, "properties": {"heading": 90, "length_km": 10.461, "retrace": 0.043}}, {"type": "Feature", "geometry": {"type": "LineString", "coordinates": [[4.831955, 45.75781], [4.832152, 45.758176], [4.831788, 45.758283], [4.831826, 45.758351], [4.831788, 45.758362], [4.831695, 45.758387], [4.831685, 45.75839], [4.831734, 45.758487], [4.832361, 45.758309], [4.83239, 45.758358], [4.832396, 45.758369], [4.832421, 45.758412], [4.832438, 45.758443], [4.832454, 45.758456], [4.832465, 45.758465], [4.832775, 45.759507], [4.832779, 45.759528], [4.832785, 45.75955], [4.832789, 45.759566], [4.832795, 45.759589], [4.832883, 45.759873], [4.832874, 45.759909], [4.832958, 45.760211], [4.832966, 45.760247], [4.833039, 45.76038], [4.833068, 45.76042], [4.833085, 45.760485], [4.833088, 45.760495], [4.833097, 45.760517], [4.833101, 45.760528], [4.833103, 45.760534], [4.833157, 45.760695], [4.833238, 45.760683], [4.83328, 45.760676], [4.833313, 45.760671], [4.833333, 45.760668], [4.833427, 45.760736], [4.833419, 45.760771], [4.833423, 45.760786], [4.833427, 45.760801], [4.83345, 45.760862], [4.833477, 45.760941], [4.833467, 45.761134], [4.833447, 45.761559], [4.833445, 45.761587], [4.833443, 45.761613], [4.833442, 45.761623], [4.83344, 45.761654], [4.833439, 45.761666], [4.833467, 45.761658], [4.83403, 45.761694], [4.834045, 45.761732], [4.834046, 45.762019], [4.834053, 45.762048], [4.834051, 45.762063], [4.834051, 45.762076], [4.834061, 45.762106], [4.834103, 45.762113], [4.83412, 45.762112], [4.834187, 45.762109], [4.83421, 45.762108], [4.834255, 45.762887], [4.834256, 45.762908], [4.834256, 45.762928], [4.834257, 45.762955], [4.834259, 45.762979], [4.834345, 45.762977], [4.834347, 45.762977], [4.834463, 45.762973], [4.834464, 45.762965], [4.834501, 45.762965], [4.835065, 45.763002], [4.83512, 45.763001], [4.83511, 45.763021], [4.835105, 45.763115], [4.835023, 45.763367], [4.835077, 45.76337], [4.835109, 45.763371], [4.835132, 45.763373], [4.835131, 45.763386], [4.835126, 45.763424], [4.835123, 45.763446], [4.835123, 45.763455], [4.835702, 45.763493], [4.835822, 45.763505], [4.835931, 45.763507], [4.835949, 45.763508], [4.836392, 45.763534], [4.83663, 45.763549], [4.836667, 45.763562], [4.836702, 45.763585], [4.836731, 45.763643], [4.836781, 45.763646], [4.836809, 45.763646], [4.83684, 45.763645], [4.836873, 45.763645], [4.837027, 45.763645], [4.837088, 45.763644], [4.837168, 45.764943], [4.837174, 45.764944], [4.837213, 45.764946], [4.837245, 45.764948], [4.837271, 45.764936], [4.837354, 45.764963], [4.837443, 45.76497], [4.837534, 45.764944], [4.837581, 45.764962], [4.83759, 45.764962], [4.837636, 45.764963], [4.837669, 45.764984], [4.837968, 45.764993], [4.838023, 45.764986], [4.838023, 45.765004], [4.838024, 45.765032], [4.838025, 45.765069], [4.838025, 45.765073], [4.838025, 45.765091], [4.83807, 45.765093], [4.838119, 45.765094], [4.838199, 45.765095], [4.838347, 45.765098], [4.838405, 45.765099], [4.838459, 45.765099], [4.838492, 45.765099], [4.838473, 45.765123], [4.838469, 45.765367], [4.83847, 45.765424], [4.838467, 45.765458], [4.838538, 45.765465], [4.841087, 45.765707], [4.841338, 45.765739], [4.841332, 45.76579], [4.84125, 45.766575], [4.841286, 45.766577], [4.841306, 45.766578], [4.841333, 45.76658], [4.841352, 45.766581], [4.841421, 45.766585], [4.841466, 45.766588], [4.841508, 45.76659], [4.84152, 45.766544], [4.842342, 45.766627], [4.842362, 45.766633], [4.84242, 45.766639], [4.842483, 45.766645], [4.842503, 45.766641], [4.842516, 45.766637], [4.843155, 45.766694], [4.843205, 45.766707], [4.843211, 45.766726], [4.843001, 45.767778], [4.843015, 45.767777], [4.843077, 45.767782], [4.843122, 45.767787], [4.843147, 45.767793], [4.843208, 45.767803], [4.843888, 45.767865], [4.843924, 45.767864], [4.844004, 45.767858], [4.844053, 45.767863], [4.844136, 45.767872], [4.844202, 45.767889], [4.844232, 45.767897], [4.845091, 45.767974], [4.845135, 45.767973], [4.845171, 45.767976], [4.845249, 45.767984], [4.845261, 45.767986], [4.845374, 45.767998], [4.845388, 45.768], [4.845438, 45.768004], [4.845449, 45.768007], [4.845466, 45.768013], [4.846086, 45.768071], [4.84613, 45.768071], [4.846171, 45.76807], [4.846207, 45.768072], [4.846247, 45.768075], [4.846284, 45.768082], [4.84635, 45.768094], [4.847303, 45.768183], [4.847361, 45.768184], [4.847407, 45.768183], [4.847444, 45.768187], [4.847479, 45.76819], [4.847518, 45.768199], [4.847583, 45.76821], [4.849063, 45.768347], [4.849106, 45.768349], [4.849139, 45.76835], [4.849181, 45.768353], [4.849213, 45.768354], [4.849223, 45.768366], [4.850024, 45.768436], [4.850392, 45.768471], [4.850461, 45.768482], [4.850491, 45.768486], [4.850547, 45.768491], [4.850605, 45.768496], [4.850665, 45.768501], [4.850709, 45.768505], [4.850755, 45.768509], [4.850781, 45.768509], [4.852362, 45.768658], [4.852413, 45.768653], [4.852471, 45.768648], [4.852513, 45.768651], [4.852554, 45.768654], [4.852597, 45.768665], [4.852641, 45.768647], [4.852932, 45.7685], [4.852855, 45.768385], [4.852839, 45.768361], [4.852793, 45.768291], [4.852665, 45.768266], [4.852706, 45.768074], [4.852777, 45.76807], [4.853152, 45.768104], [4.853155, 45.768083], [4.853159, 45.768057], [4.853163, 45.768042], [4.853167, 45.768024], [4.853294, 45.768035], [4.854367, 45.768135], [4.854386, 45.768137], [4.854388, 45.768127], [4.85441, 45.768129], [4.854445, 45.768132], [4.854462, 45.768134], [4.854488, 45.768141], [4.854548, 45.767769], [4.854581, 45.767755], [4.854584, 45.767737], [4.854589, 45.767716], [4.854593, 45.767693], [4.854583, 45.767667], [4.854576, 45.767654], [4.854582, 45.767615], [4.854683, 45.767031], [4.854695, 45.767015], [4.854717, 45.766992], [4.854722, 45.766968], [4.854727, 45.766945], [4.854731, 45.766924], [4.854708, 45.766921], [4.85471, 45.766909], [4.854872, 45.766032], [4.854885, 45.765999], [4.854899, 45.765969], [4.854905, 45.765944], [4.85491, 45.765925], [4.854915, 45.765901], [4.854894, 45.765891], [4.854983, 45.765416], [4.855041, 45.765443], [4.855062, 45.76543], [4.855092, 45.765411], [4.855111, 45.765399], [4.855124, 45.76539], [4.855114, 45.765365], [4.855119, 45.765339], [4.855124, 45.765317], [4.855126, 45.765303], [4.855131, 45.76528], [4.855135, 45.765258], [4.855162, 45.76526], [4.855909, 45.76532], [4.85593, 45.765281], [4.856048, 45.764615], [4.856043, 45.764585], [4.856079, 45.764588], [4.856105, 45.764589], [4.856136, 45.764591], [4.856164, 45.764591], [4.857089, 45.764627], [4.85709, 45.764618], [4.857094, 45.764585], [4.857098, 45.764551], [4.8571, 45.764539], [4.857127, 45.764529], [4.857276, 45.763759], [4.857184, 45.763745], [4.857187, 45.76373], [4.857186, 45.7637], [4.857187, 45.763669], [4.857187, 45.763662], [4.857187, 45.763649], [4.857187, 45.76363], [4.857187, 45.76361], [4.857188, 45.763598], [4.857239, 45.763598], [4.857285, 45.76358], [4.857305, 45.763557], [4.857342, 45.763385], [4.857343, 45.763349], [4.857319, 45.763323], [4.857291, 45.763286], [4.857295, 45.763261], [4.857301, 45.763227], [4.857305, 45.763188], [4.857339, 45.763064], [4.857349, 45.763026], [4.857383, 45.762817], [4.85739, 45.762713], [4.857396, 45.762671], [4.857403, 45.762629], [4.857413, 45.762602], [4.857408, 45.762552], [4.857412, 45.762515], [4.857474, 45.762204], [4.857491, 45.762096], [4.857502, 45.76202], [4.85751, 45.761968], [4.857538, 45.761787], [4.857553, 45.761691], [4.85757, 45.761577], [4.857588, 45.761507], [4.857615, 45.761394], [4.857571, 45.761304], [4.857588, 45.761206], [4.857583, 45.761143], [4.857585, 45.761117], [4.85759, 45.761083], [4.857593, 45.761054], [4.857595, 45.761045], [4.857597, 45.761032], [4.857607, 45.760983], [4.857626, 45.760984], [4.857637, 45.760926], [4.857737, 45.760935], [4.857913, 45.759983], [4.857955, 45.759897], [4.857963, 45.759858], [4.857994, 45.759702], [4.858, 45.759671], [4.858002, 45.759657], [4.858172, 45.758799], [4.858193, 45.758705], [4.858208, 45.758611], [4.858212, 45.758585], [4.858219, 45.758562], [4.858266, 45.758475], [4.858298, 45.758312], [4.858319, 45.758209], [4.858398, 45.757755], [4.857711, 45.757714], [4.857553, 45.757705], [4.856514, 45.757616], [4.856524, 45.757593], [4.856528, 45.75757], [4.856535, 45.757531], [4.856541, 45.757498], [4.85653, 45.75747], [4.85655, 45.757359], [4.856586, 45.757165], [4.856658, 45.757151], [4.856654, 45.757139], [4.856654, 45.757078], [4.856654, 45.757073], [4.856593, 45.757056], [4.856595, 45.757012], [4.8566, 45.756987], [4.856606, 45.756977], [4.856608, 45.756829], [4.85661, 45.75677], [4.856568, 45.756737], [4.856569, 45.756701], [4.856612, 45.756561], [4.85661, 45.756541], [4.856626, 45.756527], [4.856645, 45.756512], [4.856662, 45.756497], [4.856683, 45.756478], [4.856631, 45.756449], [4.856635, 45.756419], [4.856661, 45.75624], [4.856675, 45.756208], [4.856681, 45.756194], [4.856687, 45.756159], [4.856692, 45.756127], [4.856689, 45.756108], [4.856781, 45.755587], [4.856889, 45.755047], [4.856868, 45.755047], [4.856832, 45.755046], [4.856796, 45.755046], [4.856781, 45.755044], [4.856145, 45.755035], [4.856095, 45.755041], [4.856105, 45.755026], [4.85611, 45.754995], [4.856117, 45.754946], [4.856117, 45.754933], [4.856113, 45.754898], [4.85628, 45.754075], [4.856323, 45.754035], [4.856318, 45.754032], [4.856305, 45.754022], [4.856237, 45.754016], [4.856196, 45.754012], [4.856171, 45.754006], [4.856171, 45.75399], [4.85618, 45.753956], [4.856192, 45.753915], [4.8562, 45.753901], [4.856213, 45.753881], [4.856314, 45.753365], [4.855775, 45.7533], [4.855781, 45.753272], [4.855785, 45.753258], [4.855796, 45.753209], [4.855802, 45.753183], [4.855809, 45.753153], [4.855774, 45.753135], [4.855869, 45.752589], [4.855881, 45.752533], [4.855895, 45.752524], [4.855891, 45.752509], [4.855879, 45.75246], [4.855869, 45.752419], [4.855864, 45.752398], [4.855862, 45.752391], [4.85587, 45.752347], [4.855866, 45.75228], [4.85583, 45.752199], [4.855762, 45.752124], [4.855676, 45.752068], [4.85556, 45.752028], [4.855551, 45.751973], [4.85553, 45.75197], [4.855474, 45.751965], [4.855434, 45.751962], [4.8554, 45.751959], [4.855537, 45.75114], [4.855516, 45.751076], [4.855377, 45.751126], [4.855352, 45.75109], [4.855317, 45.751043], [4.855274, 45.750987], [4.855252, 45.750954], [4.855232, 45.75096], [4.855106, 45.750323], [4.855048, 45.75003], [4.855032, 45.749998], [4.85497, 45.749973], [4.854951, 45.749965], [4.854908, 45.749953], [4.854895, 45.749906], [4.854894, 45.749891], [4.854889, 45.749862], [4.854872, 45.749779], [4.854878, 45.749761], [4.854793, 45.749364], [4.854644, 45.748594], [4.854648, 45.748588], [4.854643, 45.748565], [4.854636, 45.748542], [4.85462, 45.748505], [4.854622, 45.748492], [4.854619, 45.748464], [4.854609, 45.74839], [4.854609, 45.748369], [4.854608, 45.748335], [4.854614, 45.748295], [4.85462, 45.748269], [4.854641, 45.748236], [4.854718, 45.747627], [4.854719, 45.747596], [4.854552, 45.747566], [4.854391, 45.747518], [4.854146, 45.747472], [4.853406, 45.747415], [4.853307, 45.747368], [4.853289, 45.747408], [4.852852, 45.747169], [4.853289, 45.747408], [4.853307, 45.747368], [4.853374, 45.747219], [4.852914, 45.746964], [4.852566, 45.746777], [4.852022, 45.746479], [4.851675, 45.746289], [4.851243, 45.746053], [4.851051, 45.746238], [4.851022, 45.74627], [4.850543, 45.746667], [4.850521, 45.746686], [4.850422, 45.746621], [4.850291, 45.746535], [4.850163, 45.746455], [4.850059, 45.74649], [4.849983, 45.746514], [4.8499, 45.746542], [4.849869, 45.74652], [4.849843, 45.746495], [4.849818, 45.746473], [4.849783, 45.746438], [4.849627, 45.746535], [4.8489, 45.746462], [4.848507, 45.746422], [4.848118, 45.746382], [4.848083, 45.745822], [4.848078, 45.745789], [4.848031, 45.745734], [4.84799, 45.74569], [4.847951, 45.745708], [4.847927, 45.745719], [4.847907, 45.745725], [4.847866, 45.745743], [4.847818, 45.745567], [4.847797, 45.745557], [4.847757, 45.74557], [4.847319, 45.74574], [4.846888, 45.745924], [4.846091, 45.74624], [4.845952, 45.746296], [4.845921, 45.746261], [4.845897, 45.746233], [4.845868, 45.7462], [4.845844, 45.746173], [4.845089, 45.746464], [4.844928, 45.746335], [4.844571, 45.74605], [4.844531, 45.74601], [4.844524, 45.746002], [4.844464, 45.745954], [4.84445, 45.745943], [4.844415, 45.745922], [4.843821, 45.745453], [4.843805, 45.74544], [4.843778, 45.745421], [4.843753, 45.745401], [4.843718, 45.745373], [4.843689, 45.745379], [4.843657, 45.745385], [4.843614, 45.745391], [4.843425, 45.74546], [4.84341, 45.745465], [4.843376, 45.745477], [4.843344, 45.74549], [4.843282, 45.745511], [4.843227, 45.74554], [4.84289, 45.745647], [4.842819, 45.745662], [4.842578, 45.745258], [4.842488, 45.74515], [4.842044, 45.745279], [4.84203, 45.745257], [4.842021, 45.745243], [4.842006, 45.745219], [4.841998, 45.745206], [4.841989, 45.745192], [4.841979, 45.745176], [4.841969, 45.74516], [4.841944, 45.74512], [4.841926, 45.745085], [4.841967, 45.745069], [4.842005, 45.745058], [4.842032, 45.745049], [4.842092, 45.745029], [4.842123, 45.745057], [4.842027, 45.7449], [4.841964, 45.744796], [4.841959, 45.744734], [4.84191, 45.74458], [4.841881, 45.744471], [4.841802, 45.744507], [4.841772, 45.744436], [4.841618, 45.744513], [4.841595, 45.74448], [4.841199, 45.743828], [4.841177, 45.743793], [4.841149, 45.743747], [4.841129, 45.743714], [4.841108, 45.743677], [4.841087, 45.743641], [4.840502, 45.742651], [4.840416, 45.742505], [4.840408, 45.742492], [4.840415, 45.742471], [4.840401, 45.742452], [4.840384, 45.742422], [4.840369, 45.742397], [4.840363, 45.742375], [4.840339, 45.742363], [4.839916, 45.741635], [4.839902, 45.74161], [4.839885, 45.741589], [4.839862, 45.741553], [4.839851, 45.741535], [4.839432, 45.740834], [4.839851, 45.741535], [4.839862, 45.741553], [4.839885, 45.741589], [4.839902, 45.74161], [4.839916, 45.741635], [4.840339, 45.742363], [4.840273, 45.742371], [4.840184, 45.742371], [4.840091, 45.74237], [4.840053, 45.742368], [4.840037, 45.742387], [4.839859, 45.7424], [4.839385, 45.742437], [4.838976, 45.74247], [4.83898, 45.742501], [4.838984, 45.742524], [4.838991, 45.742584], [4.838992, 45.742595], [4.838912, 45.742588], [4.838172, 45.742654], [4.838142, 45.742656], [4.838101, 45.742657], [4.838076, 45.742658], [4.838019, 45.742661], [4.837972, 45.742664], [4.837092, 45.742739], [4.83692, 45.742751], [4.836919, 45.742733], [4.83673, 45.742748], [4.836723, 45.742753], [4.836725, 45.742765], [4.836719, 45.742765], [4.836686, 45.742768], [4.836654, 45.742771], [4.836603, 45.742777], [4.836132, 45.742809], [4.836017, 45.742838], [4.835316, 45.743084], [4.834419, 45.743389], [4.834397, 45.743402], [4.834392, 45.743387], [4.834361, 45.743355], [4.834333, 45.743319], [4.834315, 45.743306], [4.834279, 45.743318], [4.834214, 45.743344], [4.834127, 45.743374], [4.834095, 45.743384], [4.834034, 45.743415], [4.832608, 45.74398], [4.832487, 45.744028], [4.831217, 45.744536], [4.830953, 45.744641], [4.830862, 45.744611], [4.830847, 45.74462], [4.830787, 45.744656], [4.830749, 45.744678], [4.830718, 45.744697], [4.830688, 45.744716], [4.830655, 45.744737], [4.830576, 45.744784], [4.830738, 45.744923], [4.831832, 45.745865], [4.832159, 45.746232], [4.832238, 45.746319], [4.83229, 45.746393], [4.832421, 45.74655], [4.833308, 45.747677], [4.833381, 45.747733], [4.833432, 45.747739], [4.833462, 45.747742], [4.833501, 45.747746], [4.833538, 45.747739], [4.833545, 45.747736], [4.833573, 45.747781], [4.833555, 45.747824], [4.83356, 45.747835], [4.833578, 45.747859], [4.833607, 45.747898], [4.83362, 45.747915], [4.833629, 45.747926], [4.833647, 45.747952], [4.833665, 45.747977], [4.833729, 45.748066], [4.833754, 45.748099], [4.833656, 45.74814], [4.833718, 45.748204], [4.834193, 45.748799], [4.834565, 45.749269], [4.834828, 45.749511], [4.834863, 45.749543], [4.834908, 45.749582], [4.835223, 45.749909], [4.835477, 45.750233], [4.83561, 45.750403], [4.83625, 45.751222], [4.836721, 45.75183], [4.83677, 45.751916], [4.83682, 45.75197], [4.836863, 45.752022], [4.836878, 45.75204], [4.836941, 45.752075], [4.837156, 45.752347], [4.837235, 45.752446], [4.837387, 45.752637], [4.837653, 45.752968], [4.837866, 45.753252], [4.837903, 45.753274], [4.838016, 45.753415], [4.838108, 45.753528], [4.838408, 45.7539], [4.83871, 45.754286], [4.839158, 45.75486], [4.839554, 45.755381], [4.839567, 45.755399], [4.839695, 45.755571], [4.840008, 45.756021], [4.840064, 45.756117], [4.839508, 45.756325], [4.83709, 45.757051], [4.837004, 45.757064], [4.836932, 45.757049], [4.836905, 45.757056], [4.836832, 45.757078], [4.836763, 45.757096], [4.836573, 45.757151], [4.836524, 45.757165], [4.836388, 45.757205], [4.836345, 45.757217], [4.83633, 45.757221], [4.836291, 45.757272], [4.835406, 45.75753], [4.835291, 45.757562], [4.834888, 45.75768], [4.83428, 45.757852], [4.83426, 45.757807], [4.83416, 45.75783], [4.834078, 45.757848], [4.834016, 45.757862], [4.833974, 45.757871], [4.833774, 45.757796], [4.833674, 45.757762], [4.833514, 45.757707], [4.833079, 45.757603], [4.832943, 45.757573], [4.832076, 45.757378], [4.831907, 45.757426], [4.831829, 45.75729], [4.831797, 45.757235], [4.831154, 45.757413], [4.831201, 45.757496], [4.831303, 45.757589], [4.831321, 45.757584], [4.831406, 45.75756], [4.831424, 45.757555], [4.831452, 45.757605], [4.831794, 45.757511], [4.831955, 45.75781]]}, "properties": {"heading": 108, "length_km": 11.153, "retrace": 0.042}}, {"type": "Feature", "geometry": {"type": "LineString", "coordinates": [[4.831955, 45.75781], [4.831794, 45.757511], [4.831452, 45.757605], [4.831424, 45.757555], [4.831406, 45.75756], [4.831321, 45.757584], [4.831303, 45.757589], [4.831201, 45.757496], [4.831154, 45.757413], [4.831797, 45.757235], [4.831829, 45.75729], [4.831907, 45.757426], [4.832076, 45.757378], [4.832943, 45.757573], [4.833079, 45.757603], [4.833514, 45.757707], [4.833674, 45.757762], [4.833774, 45.757796], [4.833974, 45.757871], [4.834016, 45.757862], [4.834078, 45.757848], [4.834107, 45.757906], [4.834133, 45.757954], [4.834201, 45.758], [4.834207, 45.758006], [4.834213, 45.758011], [4.834176, 45.758019], [4.834241, 45.758131], [4.83452, 45.758615], [4.834522, 45.75862], [4.834536, 45.758643], [4.834554, 45.758674], [4.834557, 45.75868], [4.834875, 45.759235], [4.834881, 45.759249], [4.834898, 45.759285], [4.834914, 45.759318], [4.834921, 45.759325], [4.834946, 45.759348], [4.83505, 45.759524], [4.835044, 45.759555], [4.835051, 45.759563], [4.835061, 45.759577], [4.835103, 45.759631], [4.835119, 45.75965], [4.835342, 45.760042], [4.835424, 45.760186], [4.835453, 45.760244], [4.835461, 45.76028], [4.835628, 45.760277], [4.835912, 45.76027], [4.835933, 45.76027], [4.836854, 45.760249], [4.836919, 45.760265], [4.836951, 45.760256], [4.83703, 45.760255], [4.837104, 45.760254], [4.837124, 45.76025], [4.837153, 45.760244], [4.837553, 45.760242], [4.837583, 45.760291], [4.837587, 45.760314], [4.837652, 45.760308], [4.837743, 45.760301], [4.837835, 45.760294], [4.837894, 45.760289], [4.837967, 45.760283], [4.838074, 45.760274], [4.838097, 45.760265], [4.838181, 45.760217], [4.838263, 45.760192], [4.840798, 45.76007], [4.840893, 45.760066], [4.840899, 45.760107], [4.84096, 45.760664], [4.841037, 45.76066], [4.841061, 45.760659], [4.841137, 45.760655], [4.841181, 45.760652], [4.841237, 45.760638], [4.841262, 45.760934], [4.841628, 45.760961], [4.84158, 45.761252], [4.84198, 45.761284], [4.842039, 45.761287], [4.842118, 45.761292], [4.842208, 45.761298], [4.842276, 45.761302], [4.843323, 45.76138], [4.843504, 45.761391], [4.843854, 45.761417], [4.844179, 45.761442], [4.844199, 45.761443], [4.84429, 45.761448], [4.844343, 45.76145], [4.844372, 45.761452], [4.844417, 45.761454], [4.844442, 45.761464], [4.845244, 45.761527], [4.845279, 45.7615], [4.845328, 45.761504], [4.845398, 45.76151], [4.845477, 45.761517], [4.845539, 45.76153], [4.845566, 45.761538], [4.846301, 45.761591], [4.846316, 45.761591], [4.846383, 45.761596], [4.846441, 45.761601], [4.846466, 45.761607], [4.846527, 45.761621], [4.847341, 45.761676], [4.847397, 45.76168], [4.847417, 45.761681], [4.847447, 45.761683], [4.847493, 45.761686], [4.848437, 45.761761], [4.848495, 45.761766], [4.84858, 45.761783], [4.848622, 45.761786], [4.848645, 45.761787], [4.848674, 45.761788], [4.848716, 45.76179], [4.849449, 45.761837], [4.849462, 45.761838], [4.849518, 45.761843], [4.849561, 45.761847], [4.849575, 45.761848], [4.850309, 45.761903], [4.850539, 45.761921], [4.850538, 45.761948], [4.850533, 45.761997], [4.850527, 45.762038], [4.850524, 45.762061], [4.85052, 45.762077], [4.85053, 45.762089], [4.850554, 45.762118], [4.850855, 45.762141], [4.850949, 45.762209], [4.851486, 45.762607], [4.851517, 45.76261], [4.851567, 45.762614], [4.851598, 45.762617], [4.851623, 45.762619], [4.851656, 45.762622], [4.851714, 45.762627], [4.851766, 45.762631], [4.851814, 45.762636], [4.851852, 45.762639], [4.851903, 45.762643], [4.851965, 45.762663], [4.852114, 45.762725], [4.853491, 45.762852], [4.853486, 45.762876], [4.85348, 45.762915], [4.853474, 45.762948], [4.853468, 45.762981], [4.853542, 45.762987], [4.853582, 45.762989], [4.853605, 45.762992], [4.853635, 45.762994], [4.853677, 45.762998], [4.853753, 45.763005], [4.855197, 45.763138], [4.855265, 45.763145], [4.855297, 45.763148], [4.855332, 45.763151], [4.855352, 45.763153], [4.855397, 45.763156], [4.855444, 45.76316], [4.856164, 45.763226], [4.856282, 45.763237], [4.856302, 45.763239], [4.856327, 45.763242], [4.856354, 45.763244], [4.856384, 45.763247], [4.856365, 45.763354], [4.856384, 45.763247], [4.856548, 45.763262], [4.856556, 45.76322], [4.856559, 45.763198], [4.856561, 45.763179], [4.856567, 45.763125], [4.857305, 45.763188], [4.857339, 45.763064], [4.857349, 45.763026], [4.857383, 45.762817], [4.85739, 45.762713], [4.857396, 45.762671], [4.857403, 45.762629], [4.857413, 45.762602], [4.857408, 45.762552], [4.857412, 45.762515], [4.857474, 45.762204], [4.857491, 45.762096], [4.857502, 45.76202], [4.85751, 45.761968], [4.857538, 45.761787], [4.857553, 45.761691], [4.85757, 45.761577], [4.857588, 45.761507], [4.857615, 45.761394], [4.857571, 45.761304], [4.857588, 45.761206], [4.857583, 45.761143], [4.857585, 45.761117], [4.85759, 45.761083], [4.857593, 45.761054], [4.857595, 45.761045], [4.857597, 45.761032], [4.857607, 45.760983], [4.857626, 45.760984], [4.857637, 45.760926], [4.857737, 45.760935], [4.857913, 45.759983], [4.857955, 45.759897], [4.857963, 45.759858], [4.857994, 45.759702], [4.858, 45.759671], [4.858002, 45.759657], [4.858172, 45.758799], [4.858193, 45.758705], [4.858208, 45.758611], [4.858212, 45.758585], [4.858219, 45.758562], [4.858266, 45.758475], [4.858298, 45.758312], [4.858319, 45.758209], [4.858398, 45.757755], [4.858406, 45.757712], [4.858412, 45.75769], [4.858421, 45.757655], [4.858423, 45.757636], [4.858464, 45.757207], [4.85847, 45.757143], [4.85847, 45.757074], [4.85847, 45.757031], [4.85847, 45.757017], [4.857863, 45.757005], [4.857863, 45.756995], [4.857863, 45.756944], [4.857863, 45.756879], [4.857772, 45.756842], [4.857681, 45.756805], [4.857632, 45.756785], [4.857479, 45.756787], [4.857454, 45.756791], [4.857406, 45.756794], [4.857352, 45.756796], [4.857341, 45.756794], [4.857241, 45.756784], [4.856683, 45.756478], [4.856631, 45.756449], [4.856635, 45.756419], [4.856661, 45.75624], [4.856675, 45.756208], [4.856681, 45.756194], [4.856687, 45.756159], [4.856692, 45.756127], [4.856689, 45.756108], [4.856781, 45.755587], [4.856889, 45.755047], [4.857066, 45.755049], [4.857064, 45.755042], [4.857063, 45.754996], [4.857063, 45.754964], [4.857069, 45.75495], [4.857081, 45.75492], [4.857124, 45.75486], [4.857142, 45.754847], [4.857196, 45.754807], [4.857295, 45.754769], [4.85736, 45.754756], [4.857358, 45.754164], [4.857337, 45.754121], [4.857332, 45.754104], [4.857336, 45.754071], [4.857342, 45.754029], [4.857344, 45.754013], [4.857353, 45.753956], [4.857362, 45.753517], [4.857354, 45.753484], [4.857334, 45.753476], [4.857337, 45.753463], [4.857342, 45.753442], [4.857351, 45.753398], [4.857361, 45.753349], [4.857363, 45.753337], [4.857448, 45.753346], [4.857601, 45.752736], [4.857601, 45.752718], [4.857539, 45.752711], [4.856786, 45.752624], [4.856794, 45.75259], [4.8568, 45.752564], [4.856805, 45.75254], [4.856812, 45.752509], [4.856737, 45.7525], [4.85674, 45.752484], [4.856727, 45.752482], [4.856684, 45.752477], [4.856652, 45.752473], [4.85662, 45.752469], [4.856664, 45.752262], [4.85662, 45.752469], [4.856618, 45.75248], [4.855864, 45.752398], [4.855862, 45.752391], [4.855841, 45.752388], [4.855814, 45.752385], [4.855779, 45.752381], [4.855761, 45.752379], [4.855541, 45.752356], [4.855255, 45.752325], [4.855025, 45.7523], [4.855005, 45.752298], [4.854972, 45.752293], [4.854948, 45.752288], [4.854926, 45.752284], [4.854918, 45.752297], [4.854896, 45.752306], [4.854641, 45.752241], [4.853777, 45.752032], [4.853767, 45.752006], [4.853841, 45.751647], [4.854024, 45.751584], [4.854062, 45.751571], [4.85404, 45.751537], [4.854008, 45.751485], [4.853973, 45.751429], [4.853949, 45.751397], [4.853903, 45.751327], [4.853939, 45.751092], [4.854005, 45.750712], [4.853927, 45.750704], [4.853807, 45.750694], [4.853686, 45.750682], [4.85359, 45.750674], [4.853615, 45.750555], [4.853741, 45.750474], [4.853762, 45.750368], [4.853775, 45.750239], [4.853798, 45.749776], [4.85377, 45.749744], [4.853747, 45.749718], [4.853738, 45.749705], [4.853723, 45.749684], [4.853664, 45.749615], [4.853612, 45.749523], [4.853548, 45.749416], [4.853494, 45.74933], [4.85344, 45.749239], [4.853401, 45.749202], [4.853364, 45.749162], [4.853326, 45.749129], [4.853306, 45.74911], [4.853323, 45.749084], [4.852396, 45.748302], [4.85246, 45.748298], [4.852484, 45.748284], [4.852566, 45.748235], [4.8526, 45.748214], [4.852576, 45.748119], [4.852552, 45.748105], [4.852527, 45.748089], [4.85246, 45.748025], [4.852451, 45.747998], [4.852426, 45.747956], [4.852436, 45.747928], [4.852425, 45.747926], [4.852329, 45.747911], [4.851739, 45.74752], [4.851632, 45.747476], [4.851491, 45.747333], [4.850521, 45.746686], [4.850422, 45.746621], [4.850291, 45.746535], [4.850163, 45.746455], [4.850059, 45.74649], [4.849983, 45.746514], [4.8499, 45.746542], [4.849869, 45.74652], [4.849843, 45.746495], [4.849818, 45.746473], [4.849783, 45.746438], [4.849175, 45.745762], [4.84899, 45.745527], [4.848852, 45.745365], [4.848821, 45.745348], [4.848772, 45.745318], [4.848721, 45.745277], [4.84868, 45.745234], [4.848666, 45.745217], [4.84865, 45.745195], [4.848642, 45.745188], [4.848622, 45.745166], [4.848598, 45.745144], [4.848545, 45.745092], [4.848525, 45.745078], [4.848531, 45.745062], [4.847862, 45.744326], [4.847769, 45.744257], [4.847758, 45.744246], [4.84775, 45.744238], [4.847729, 45.744217], [4.847669, 45.744172], [4.847671, 45.744114], [4.847622, 45.744065], [4.847221, 45.743631], [4.847193, 45.743591], [4.847178, 45.743569], [4.847143, 45.743527], [4.847124, 45.7435], [4.84711, 45.743481], [4.847102, 45.74347], [4.847123, 45.743454], [4.847108, 45.743444], [4.847115, 45.743414], [4.847109, 45.743352], [4.84709, 45.743242], [4.847109, 45.743352], [4.847115, 45.743414], [4.847108, 45.743444], [4.847123, 45.743454], [4.847102, 45.74347], [4.846474, 45.743676], [4.842123, 45.745057], [4.842027, 45.7449], [4.841964, 45.744796], [4.841959, 45.744734], [4.84191, 45.74458], [4.841881, 45.744471], [4.841802, 45.744507], [4.841772, 45.744436], [4.841618, 45.744513], [4.841595, 45.74448], [4.841199, 45.743828], [4.841177, 45.743793], [4.841125, 45.743809], [4.84106, 45.743826], [4.84099, 45.743845], [4.840921, 45.74386], [4.840894, 45.743815], [4.840889, 45.743807], [4.840877, 45.74379], [4.840863, 45.743771], [4.840845, 45.74374], [4.840313, 45.743913], [4.839938, 45.744044], [4.839888, 45.744067], [4.839385, 45.74406], [4.839365, 45.744053], [4.839364, 45.744046], [4.839351, 45.744046], [4.839321, 45.744047], [4.839272, 45.744048], [4.839261, 45.744048], [4.839027, 45.744054], [4.838655, 45.74405], [4.83839, 45.744036], [4.838374, 45.744036], [4.838328, 45.744038], [4.838301, 45.744039], [4.838263, 45.74404], [4.838248, 45.744028], [4.837266, 45.744122], [4.837257, 45.744108], [4.837248, 45.74411], [4.837214, 45.744114], [4.837181, 45.744118], [4.837167, 45.744119], [4.837168, 45.744133], [4.836969, 45.744149], [4.836945, 45.744145], [4.835873, 45.744237], [4.83529, 45.74428], [4.835262, 45.744282], [4.835182, 45.744211], [4.834813, 45.743833], [4.834537, 45.743571], [4.834398, 45.743418], [4.834397, 45.743402], [4.834392, 45.743387], [4.834361, 45.743355], [4.834333, 45.743319], [4.834315, 45.743306], [4.834279, 45.743318], [4.834214, 45.743344], [4.834127, 45.743374], [4.834095, 45.743384], [4.834032, 45.743251], [4.833316, 45.742441], [4.833178, 45.742285], [4.832303, 45.741295], [4.831726, 45.740629], [4.831791, 45.740597], [4.831832, 45.740582], [4.831873, 45.740567], [4.831891, 45.740559], [4.831915, 45.740547], [4.831938, 45.740536], [4.831973, 45.740522], [4.831885, 45.740417], [4.831918, 45.740371], [4.831889, 45.740337], [4.831854, 45.740292], [4.831797, 45.740221], [4.831786, 45.740203], [4.831894, 45.740188], [4.8322, 45.740076], [4.831894, 45.740188], [4.831786, 45.740203], [4.831797, 45.740221], [4.831854, 45.740292], [4.831889, 45.740337], [4.831918, 45.740371], [4.831885, 45.740417], [4.831973, 45.740522], [4.831938, 45.740536], [4.831915, 45.740547], [4.831891, 45.740559], [4.831873, 45.740567], [4.831832, 45.740582], [4.831791, 45.740597], [4.831726, 45.740629], [4.832303, 45.741295], [4.833178, 45.742285], [4.833316, 45.742441], [4.834032, 45.743251], [4.834095, 45.743384], [4.834034, 45.743415], [4.832608, 45.74398], [4.832487, 45.744028], [4.831217, 45.744536], [4.830953, 45.744641], [4.830862, 45.744611], [4.830847, 45.74462], [4.830787, 45.744656], [4.830749, 45.744678], [4.830718, 45.744697], [4.830688, 45.744716], [4.830655, 45.744737], [4.830576, 45.744784], [4.830738, 45.744923], [4.831832, 45.745865], [4.832159, 45.746232], [4.832238, 45.746319], [4.83229, 45.746393], [4.832421, 45.74655], [4.833308, 45.747677], [4.833381, 45.747733], [4.833432, 45.747739], [4.833462, 45.747742], [4.833501, 45.747746], [4.833538, 45.747739], [4.833545, 45.747736], [4.833573, 45.747781], [4.833555, 45.747824], [4.83356, 45.747835], [4.833578, 45.747859], [4.833607, 45.747898], [4.83362, 45.747915], [4.833629, 45.747926], [4.833647, 45.747952], [4.833665, 45.747977], [4.833729, 45.748066], [4.833754, 45.748099], [4.833656, 45.74814], [4.833718, 45.748204], [4.834193, 45.748799], [4.834565, 45.749269], [4.834828, 45.749511], [4.834863, 45.749543], [4.834908, 45.749582], [4.835223, 45.749909], [4.835477, 45.750233], [4.83561, 45.750403], [4.83625, 45.751222], [4.836721, 45.75183], [4.83677, 45.751916], [4.83682, 45.75197], [4.836863, 45.752022], [4.836878, 45.75204], [4.836941, 45.752075], [4.837156, 45.752347], [4.837235, 45.752446], [4.837387, 45.752637], [4.837653, 45.752968], [4.837866, 45.753252], [4.837903, 45.753274], [4.838016, 45.753415], [4.838108, 45.753528], [4.838408, 45.7539], [4.83871, 45.754286], [4.839158, 45.75486], [4.839554, 45.755381], [4.839567, 45.755399], [4.839695, 45.755571], [4.840008, 45.756021], [4.840064, 45.756117], [4.839508, 45.756325], [4.83709, 45.757051], [4.837004, 45.757064], [4.836932, 45.757049], [4.836905, 45.757056], [4.836832, 45.757078], [4.836763, 45.757096], [4.836573, 45.757151], [4.836524, 45.757165], [4.836388, 45.757205], [4.836345, 45.757217], [4.83633, 45.757221], [4.836291, 45.757272], [4.835406, 45.75753], [4.835291, 45.757562], [4.834888, 45.75768], [4.83428, 45.757852], [4.83426, 45.757807], [4.83416, 45.75783], [4.834078, 45.757848], [4.834016, 45.757862], [4.833974, 45.757871], [4.833774, 45.757796], [4.833674, 45.757762], [4.833514, 45.757707], [4.833079, 45.757603], [4.832943, 45.757573], [4.832076, 45.757378], [4.831907, 45.757426], [4.831829, 45.75729], [4.831797, 45.757235], [4.831154, 45.757413], [4.831201, 45.757496], [4.831303, 45.757589], [4.831321, 45.757584], [4.831406, 45.75756], [4.831424, 45.757555], [4.831452, 45.757605], [4.831794, 45.757511], [4.831955, 45.75781]]}, "properties": {"heading": 126, "length_km": 10.435, "retrace": 0.169}}, {"type": "Feature", "geometry": {"type": "LineString", "coordinates": [[4.831955, 45.75781], [4.831794, 45.757511], [4.831452, 45.757605], [4.831424, 45.757555], [4.831406, 45.75756], [4.831321, 45.757584], [4.831303, 45.757589], [4.831201, 45.757496], [4.831154, 45.757413], [4.831797, 45.757235], [4.831829, 45.75729], [4.831907, 45.757426], [4.832076, 45.757378], [4.832943, 45.757573], [4.833079, 45.757603], [4.833514, 45.757707], [4.833674, 45.757762], [4.833774, 45.757796], [4.833974, 45.757871], [4.834016, 45.757862], [4.834078, 45.757848], [4.83416, 45.75783], [4.83426, 45.757807], [4.83428, 45.757852], [4.834888, 45.75768], [4.835291, 45.757562], [4.8353, 45.757578], [4.835328, 45.757625], [4.835353, 45.757672], [4.835364, 45.757698], [4.835395, 45.75769], [4.835422, 45.757683], [4.835451, 45.757675], [4.835472, 45.757668], [4.835917, 45.757544], [4.83638, 45.757415], [4.836558, 45.757454], [4.8366, 45.757444], [4.836647, 45.757432], [4.83668, 45.757422], [4.836913, 45.757359], [4.836965, 45.757345], [4.836981, 45.75734], [4.837012, 45.757332], [4.837121, 45.75734], [4.837163, 45.757288], [4.837215, 45.757262], [4.839632, 45.756533], [4.840228, 45.756363], [4.840263, 45.756353], [4.840368, 45.75636], [4.840421, 45.756343], [4.840474, 45.756326], [4.840493, 45.75632], [4.840701, 45.756616], [4.840713, 45.756629], [4.840728, 45.756644], [4.840743, 45.75666], [4.840777, 45.756703], [4.841011, 45.756608], [4.841088, 45.756599], [4.841098, 45.756596], [4.84112, 45.756594], [4.841143, 45.756593], [4.841205, 45.756588], [4.841239, 45.756502], [4.841439, 45.756446], [4.841473, 45.756441], [4.841502, 45.756426], [4.841531, 45.756408], [4.841572, 45.756401], [4.841564, 45.756332], [4.841602, 45.756316], [4.841782, 45.756242], [4.842007, 45.756152], [4.842038, 45.75614], [4.842048, 45.756155], [4.842082, 45.756142], [4.842117, 45.756129], [4.842151, 45.756117], [4.842177, 45.756117], [4.842182, 45.756079], [4.842237, 45.756056], [4.842715, 45.755854], [4.842772, 45.755856], [4.842773, 45.755851], [4.842775, 45.755838], [4.842778, 45.755818], [4.842781, 45.755796], [4.842837, 45.755807], [4.84286, 45.755808], [4.842893, 45.755809], [4.842916, 45.75581], [4.842928, 45.75581], [4.842961, 45.755812], [4.842992, 45.755815], [4.843055, 45.755813], [4.843238, 45.755677], [4.843301, 45.75564], [4.843339, 45.755618], [4.843432, 45.755585], [4.84375, 45.75556], [4.843836, 45.755584], [4.843878, 45.755596], [4.84394, 45.755614], [4.843966, 45.755621], [4.844829, 45.755861], [4.846019, 45.756202], [4.846052, 45.756218], [4.846123, 45.756237], [4.846149, 45.756244], [4.846156, 45.756251], [4.846179, 45.756242], [4.846349, 45.756289], [4.846338, 45.756337], [4.846406, 45.756345], [4.846486, 45.756354], [4.846541, 45.756359], [4.846619, 45.756371], [4.847283, 45.756555], [4.847328, 45.756566], [4.847361, 45.756574], [4.847398, 45.756584], [4.847408, 45.756586], [4.847725, 45.756675], [4.847762, 45.756685], [4.847763, 45.756696], [4.847791, 45.756704], [4.847809, 45.756709], [4.847828, 45.756714], [4.847849, 45.75672], [4.848225, 45.756823], [4.848275, 45.756837], [4.848299, 45.756843], [4.848339, 45.756845], [4.848378, 45.756847], [4.848433, 45.75685], [4.848916, 45.756851], [4.848914, 45.756863], [4.848934, 45.756864], [4.848958, 45.756865], [4.848982, 45.756866], [4.849003, 45.756868], [4.849006, 45.756855], [4.849507, 45.756877], [4.849549, 45.756883], [4.849581, 45.756878], [4.8496, 45.756878], [4.849654, 45.756872], [4.849731, 45.756864], [4.850089, 45.756884], [4.850142, 45.756894], [4.850163, 45.756897], [4.850187, 45.7569], [4.850227, 45.756903], [4.850253, 45.756896], [4.851199, 45.756948], [4.85122, 45.756953], [4.851218, 45.756999], [4.851248, 45.757002], [4.851295, 45.757006], [4.851321, 45.757008], [4.851374, 45.757012], [4.851368, 45.757038], [4.851377, 45.757054], [4.851431, 45.757117], [4.851691, 45.75726], [4.851971, 45.757263], [4.852384, 45.757138], [4.852432, 45.757079], [4.852539, 45.757105], [4.852586, 45.75712], [4.852593, 45.757122], [4.852602, 45.757123], [4.852649, 45.757132], [4.852687, 45.757135], [4.852717, 45.757138], [4.852795, 45.757144], [4.85282, 45.757146], [4.852866, 45.75715], [4.852891, 45.757152], [4.852964, 45.757099], [4.853114, 45.757106], [4.853551, 45.757122], [4.853707, 45.757126], [4.85456, 45.757129], [4.85456, 45.757176], [4.854613, 45.757181], [4.854669, 45.757184], [4.854731, 45.757187], [4.854756, 45.757189], [4.854728, 45.757346], [4.854733, 45.757363], [4.854837, 45.757375], [4.855026, 45.75739], [4.856038, 45.757471], [4.856175, 45.757469], [4.856337, 45.757487], [4.856321, 45.757516], [4.856313, 45.757537], [4.856293, 45.757593], [4.85629, 45.7576], [4.856383, 45.757608], [4.856426, 45.757612], [4.85647, 45.757616], [4.856506, 45.75762], [4.856514, 45.757616], [4.857553, 45.757705], [4.857711, 45.757714], [4.857553, 45.757705], [4.856514, 45.757616], [4.856524, 45.757593], [4.856528, 45.75757], [4.856535, 45.757531], [4.856541, 45.757498], [4.85653, 45.75747], [4.85655, 45.757359], [4.856586, 45.757165], [4.856658, 45.757151], [4.856654, 45.757139], [4.856654, 45.757078], [4.856654, 45.757073], [4.856593, 45.757056], [4.856595, 45.757012], [4.8566, 45.756987], [4.856606, 45.756977], [4.856608, 45.756829], [4.85661, 45.75677], [4.856568, 45.756737], [4.856569, 45.756701], [4.856612, 45.756561], [4.85661, 45.756541], [4.856626, 45.756527], [4.856645, 45.756512], [4.856662, 45.756497], [4.856683, 45.756478], [4.856631, 45.756449], [4.856635, 45.756419], [4.856661, 45.75624], [4.856675, 45.756208], [4.856681, 45.756194], [4.856687, 45.756159], [4.856692, 45.756127], [4.856689, 45.756108], [4.856781, 45.755587], [4.856889, 45.755047], [4.856868, 45.755047], [4.856832, 45.755046], [4.856796, 45.755046], [4.856781, 45.755044], [4.856145, 45.755035], [4.856095, 45.755041], [4.856105, 45.755026], [4.85611, 45.754995], [4.856117, 45.754946], [4.856117, 45.754933], [4.856113, 45.754898], [4.85628, 45.754075], [4.856323, 45.754035], [4.856318, 45.754032], [4.856305, 45.754022], [4.856237, 45.754016], [4.856196, 45.754012], [4.856171, 45.754006], [4.856171, 45.75399], [4.85618, 45.753956], [4.856192, 45.753915], [4.8562, 45.753901], [4.856213, 45.753881], [4.856314, 45.753365], [4.855775, 45.7533], [4.855781, 45.753272], [4.855785, 45.753258], [4.855796, 45.753209], [4.855802, 45.753183], [4.855809, 45.753153], [4.855774, 45.753135], [4.855869, 45.752589], [4.855881, 45.752533], [4.855895, 45.752524], [4.855891, 45.752509], [4.855879, 45.75246], [4.855869, 45.752419], [4.855864, 45.752398], [4.855862, 45.752391], [4.85587, 45.752347], [4.855866, 45.75228], [4.85583, 45.752199], [4.855762, 45.752124], [4.855676, 45.752068], [4.85556, 45.752028], [4.855551, 45.751973], [4.85553, 45.75197], [4.855474, 45.751965], [4.855434, 45.751962], [4.8554, 45.751959], [4.855537, 45.75114], [4.855516, 45.751076], [4.855377, 45.751126], [4.855352, 45.75109], [4.855317, 45.751043], [4.855274, 45.750987], [4.855252, 45.750954], [4.855232, 45.75096], [4.855106, 45.750323], [4.855048, 45.75003], [4.855032, 45.749998], [4.85497, 45.749973], [4.854951, 45.749965], [4.854908, 45.749953], [4.854895, 45.749906], [4.854894, 45.749891], [4.854889, 45.749862], [4.854872, 45.749779], [4.854878, 45.749761], [4.854793, 45.749364], [4.854644, 45.748594], [4.854648, 45.748588], [4.854643, 45.748565], [4.854636, 45.748542], [4.85462, 45.748505], [4.854622, 45.748492], [4.854619, 45.748464], [4.854609, 45.74839], [4.854609, 45.748369], [4.854608, 45.748335], [4.854614, 45.748295], [4.85462, 45.748269], [4.854641, 45.748236], [4.854718, 45.747627], [4.854719, 45.747596], [4.854552, 45.747566], [4.854391, 45.747518], [4.854146, 45.747472], [4.853406, 45.747415], [4.853307, 45.747368], [4.853289, 45.747408], [4.852852, 45.747169], [4.853289, 45.747408], [4.853307, 45.747368], [4.853374, 45.747219], [4.852914, 45.746964], [4.852566, 45.746777], [4.852022, 45.746479], [4.851675, 45.746289], [4.851243, 45.746053], [4.851051, 45.746238], [4.851022, 45.74627], [4.850543, 45.746667], [4.850521, 45.746686], [4.850422, 45.746621], [4.850291, 45.746535], [4.850163, 45.746455], [4.850059, 45.74649], [4.849983, 45.746514], [4.8499, 45.746542], [4.849869, 45.74652], [4.849843, 45.746495], [4.849818, 45.746473], [4.849783, 45.746438], [4.849627, 45.746535], [4.8489, 45.746462], [4.848507, 45.746422], [4.848118, 45.746382], [4.848083, 45.745822], [4.848078, 45.745789], [4.848031, 45.745734], [4.84799, 45.74569], [4.847951, 45.745708], [4.847927, 45.745719], [4.847907, 45.745725], [4.847866, 45.745743], [4.847818, 45.745567], [4.847797, 45.745557], [4.847757, 45.74557], [4.847319, 45.74574], [4.846888, 45.745924], [4.846091, 45.74624], [4.845952, 45.746296], [4.845921, 45.746261], [4.845897, 45.746233], [4.845868, 45.7462], [4.845844, 45.746173], [4.845089, 45.746464], [4.844928, 45.746335], [4.844571, 45.74605], [4.844531, 45.74601], [4.844524, 45.746002], [4.844464, 45.745954], [4.84445, 45.745943], [4.844415, 45.745922], [4.843821, 45.745453], [4.843805, 45.74544], [4.843778, 45.745421], [4.843753, 45.745401], [4.843718, 45.745373], [4.843689, 45.745379], [4.843657, 45.745385], [4.843614, 45.745391], [4.843425, 45.74546], [4.84341, 45.745465], [4.843376, 45.745477], [4.843344, 45.74549], [4.843282, 45.745511], [4.843227, 45.74554], [4.84289, 45.745647], [4.842819, 45.745662], [4.842578, 45.745258], [4.842488, 45.74515], [4.842044, 45.745279], [4.84203, 45.745257], [4.842021, 45.745243], [4.842006, 45.745219], [4.841998, 45.745206], [4.841989, 45.745192], [4.841979, 45.745176], [4.841969, 45.74516], [4.841944, 45.74512], [4.841926, 45.745085], [4.841967, 45.745069], [4.842005, 45.745058], [4.842032, 45.745049], [4.842092, 45.745029], [4.842123, 45.745057], [4.842027, 45.7449], [4.841964, 45.744796], [4.841959, 45.744734], [4.84191, 45.74458], [4.841881, 45.744471], [4.841802, 45.744507], [4.841772, 45.744436], [4.841618, 45.744513], [4.841595, 45.74448], [4.841199, 45.743828], [4.841177, 45.743793], [4.841149, 45.743747], [4.841129, 45.743714], [4.841108, 45.743677], [4.841087, 45.743641], [4.840502, 45.742651], [4.840416, 45.742505], [4.840408, 45.742492], [4.840415, 45.742471], [4.840401, 45.742452], [4.840384, 45.742422], [4.840369, 45.742397], [4.840363, 45.742375], [4.840339, 45.742363], [4.839916, 45.741635], [4.839902, 45.74161], [4.839885, 45.741589], [4.839862, 45.741553], [4.839851, 45.741535], [4.839432, 45.740834], [4.839851, 45.741535], [4.839862, 45.741553], [4.839885, 45.741589], [4.839902, 45.74161], [4.839916, 45.741635], [4.840339, 45.742363], [4.840273, 45.742371], [4.840184, 45.742371], [4.840091, 45.74237], [4.840053, 45.742368], [4.840037, 45.742387], [4.839859, 45.7424], [4.839385, 45.742437], [4.838976, 45.74247], [4.83898, 45.742501], [4.838984, 45.742524], [4.838991, 45.742584], [4.838992, 45.742595], [4.838912, 45.742588], [4.838172, 45.742654], [4.838142, 45.742656], [4.838101, 45.742657], [4.838076, 45.742658], [4.838019, 45.742661], [4.837972, 45.742664], [4.837092, 45.742739], [4.83692, 45.742751], [4.836919, 45.742733], [4.83673, 45.742748], [4.836723, 45.742753], [4.836725, 45.742765], [4.836719, 45.742765], [4.836686, 45.742768], [4.836654, 45.742771], [4.836603, 45.742777], [4.836132, 45.742809], [4.836017, 45.742838], [4.835316, 45.743084], [4.834419, 45.743389], [4.834397, 45.743402], [4.834392, 45.743387], [4.834361, 45.743355], [4.834333, 45.743319], [4.834315, 45.743306], [4.834279, 45.743318], [4.834214, 45.743344], [4.834127, 45.743374], [4.834095, 45.743384], [4.834034, 45.743415], [4.832608, 45.74398], [4.832487, 45.744028], [4.831217, 45.744536], [4.830953, 45.744641], [4.830862, 45.744611], [4.830847, 45.74462], [4.830787, 45.744656], [4.830749, 45.744678], [4.830718, 45.744697], [4.830688, 45.744716], [4.830655, 45.744737], [4.830576, 45.744784], [4.830738, 45.744923], [4.831832, 45.745865], [4.832159, 45.746232], [4.832238, 45.746319], [4.83229, 45.746393], [4.832421, 45.74655], [4.833308, 45.747677], [4.833381, 45.747733], [4.833359, 45.747769], [4.833317, 45.747802], [4.831063, 45.748532], [4.831002, 45.748536], [4.830931, 45.748527], [4.830862, 45.748491], [4.830762, 45.748377], [4.830609, 45.74843], [4.830704, 45.748549], [4.830757, 45.748604], [4.830755, 45.748632], [4.830323, 45.74875], [4.830276, 45.748737], [4.830159, 45.74877], [4.830097, 45.748703], [4.830067, 45.74868], [4.830021, 45.748659], [4.829684, 45.748646], [4.829292, 45.748208], [4.82913, 45.748259], [4.829116, 45.748234], [4.829306, 45.748174], [4.829336, 45.74821], [4.829352, 45.748228], [4.828683, 45.74844], [4.828618, 45.748362], [4.828642, 45.748354], [4.828679, 45.748342], [4.828276, 45.747866], [4.829225, 45.747475], [4.829216, 45.747467], [4.829197, 45.747445], [4.829176, 45.747421], [4.829172, 45.747418], [4.828418, 45.746533], [4.828393, 45.746525], [4.828373, 45.746502], [4.828363, 45.746491], [4.828346, 45.746471], [4.828327, 45.746451], [4.828329, 45.746431], [4.827533, 45.745496], [4.827495, 45.745444], [4.827458, 45.745402], [4.827418, 45.745357], [4.827385, 45.745312], [4.826648, 45.744434], [4.826626, 45.74441], [4.826613, 45.744397], [4.826597, 45.744379], [4.826579, 45.744361], [4.825794, 45.743444], [4.825761, 45.743406], [4.82574, 45.743381], [4.825728, 45.743368], [4.82571, 45.743347], [4.82569, 45.743323], [4.825664, 45.743293], [4.824949, 45.742452], [4.8249, 45.742394], [4.824876, 45.742366], [4.824859, 45.742346], [4.824807, 45.742285], [4.823992, 45.741336], [4.823902, 45.741354], [4.823879, 45.741329], [4.823857, 45.741306], [4.823834, 45.741282], [4.823816, 45.741262], [4.823873, 45.741238], [4.823882, 45.741204], [4.823791, 45.741095], [4.823592, 45.740855], [4.823577, 45.740812], [4.823622, 45.740793], [4.823649, 45.740782], [4.823702, 45.740761], [4.823751, 45.740816], [4.823702, 45.740761], [4.823649, 45.740782], [4.823622, 45.740793], [4.823577, 45.740812], [4.823525, 45.740813], [4.823259, 45.740919], [4.822586, 45.741199], [4.822642, 45.741266], [4.82275, 45.741395], [4.822943, 45.741627], [4.822914, 45.74164], [4.822884, 45.741652], [4.822847, 45.741668], [4.822827, 45.741676], [4.822796, 45.741689], [4.82247, 45.741826], [4.822287, 45.741902], [4.821945, 45.742046], [4.821962, 45.742065], [4.821983, 45.742089], [4.822004, 45.742115], [4.822024, 45.742138], [4.821998, 45.74215], [4.821987, 45.742172], [4.822001, 45.74219], [4.822778, 45.743094], [4.822812, 45.743125], [4.822857, 45.743166], [4.822883, 45.743197], [4.822903, 45.743222], [4.822932, 45.743272], [4.822953, 45.743309], [4.823389, 45.743818], [4.823373, 45.743825], [4.823334, 45.743841], [4.823299, 45.743856], [4.823278, 45.743865], [4.823565, 45.744205], [4.823587, 45.744231], [4.823605, 45.744252], [4.823612, 45.744261], [4.82364, 45.744316], [4.8236, 45.744351], [4.823449, 45.74441], [4.823507, 45.74448], [4.823419, 45.744735], [4.823364, 45.744894], [4.823351, 45.744931], [4.823343, 45.744954], [4.823354, 45.745059], [4.823483, 45.745113], [4.823559, 45.745128], [4.823661, 45.74524], [4.823623, 45.745255], [4.823815, 45.745481], [4.823516, 45.745604], [4.823544, 45.745648], [4.82356, 45.745665], [4.823584, 45.745693], [4.823608, 45.745715], [4.823678, 45.745772], [4.824358, 45.746584], [4.824382, 45.746613], [4.824424, 45.746663], [4.824459, 45.746705], [4.824465, 45.746712], [4.824497, 45.746751], [4.824972, 45.747322], [4.82504, 45.747403], [4.825103, 45.747469], [4.825124, 45.747495], [4.825184, 45.747565], [4.825238, 45.747629], [4.825209, 45.747642], [4.825176, 45.747656], [4.824973, 45.747714], [4.824798, 45.747771], [4.824703, 45.747827], [4.824784, 45.747922], [4.824758, 45.747933], [4.824117, 45.748203], [4.824066, 45.748218], [4.824045, 45.748223], [4.824013, 45.748235], [4.823988, 45.748245], [4.823958, 45.748256], [4.823951, 45.748278], [4.823777, 45.748347], [4.823399, 45.748505], [4.822799, 45.748755], [4.822494, 45.748879], [4.821976, 45.749094], [4.821992, 45.749118], [4.822004, 45.749134], [4.822018, 45.749151], [4.82204, 45.749174], [4.822011, 45.749188], [4.821983, 45.749198], [4.821955, 45.749207], [4.821926, 45.749217], [4.822282, 45.74965], [4.822537, 45.749948], [4.82275, 45.750199], [4.822743, 45.750214], [4.822761, 45.750244], [4.822773, 45.750264], [4.822787, 45.750287], [4.822813, 45.750366], [4.822844, 45.750373], [4.822893, 45.750386], [4.822918, 45.750393], [4.82293, 45.750396], [4.823008, 45.750417], [4.823005, 45.750427], [4.822996, 45.750454], [4.822986, 45.750485], [4.822984, 45.750491], [4.823113, 45.750549], [4.823185, 45.750527], [4.823212, 45.750532], [4.823283, 45.750546], [4.823347, 45.750558], [4.823359, 45.750561], [4.823373, 45.750689], [4.823421, 45.750764], [4.82349, 45.750812], [4.823661, 45.750841], [4.82369, 45.750834], [4.823773, 45.750808], [4.82383, 45.750792], [4.823853, 45.750785], [4.823906, 45.750769], [4.823956, 45.750755], [4.824013, 45.750738], [4.824022, 45.750747], [4.824051, 45.750785], [4.824078, 45.750817], [4.824089, 45.75083], [4.8241, 45.750844], [4.82411, 45.750859], [4.824118, 45.750869], [4.824126, 45.750882], [4.824151, 45.750926], [4.824159, 45.75094], [4.824173, 45.750962], [4.824162, 45.750973], [4.824578, 45.751574], [4.824627, 45.751638], [4.824638, 45.75166], [4.824646, 45.751671], [4.824658, 45.751689], [4.824676, 45.751711], [4.825198, 45.752452], [4.825213, 45.752471], [4.825226, 45.752487], [4.825235, 45.7525], [4.825251, 45.752521], [4.825494, 45.752866], [4.825511, 45.752895], [4.825527, 45.752923], [4.82554, 45.752944], [4.825554, 45.752968], [4.8258, 45.753316], [4.825816, 45.753334], [4.825827, 45.753348], [4.825843, 45.753366], [4.825852, 45.753378], [4.826115, 45.753745], [4.826132, 45.753766], [4.826144, 45.753787], [4.826156, 45.753806], [4.826162, 45.753812], [4.826161, 45.753832], [4.826278, 45.753983], [4.826241, 45.753999], [4.826219, 45.754008], [4.826194, 45.754017], [4.826171, 45.75404], [4.826183, 45.754059], [4.826193, 45.754073], [4.826201, 45.754087], [4.826213, 45.754103], [4.826603, 45.75466], [4.827233, 45.75555], [4.827242, 45.755558], [4.827257, 45.75557], [4.827308, 45.755631], [4.827338, 45.755666], [4.827416, 45.755758], [4.827436, 45.755782], [4.827483, 45.755839], [4.827491, 45.755851], [4.8275, 45.755864], [4.827899, 45.75638], [4.827913, 45.756405], [4.827926, 45.756418], [4.827938, 45.756434], [4.827967, 45.75646], [4.827989, 45.756479], [4.828224, 45.756778], [4.828729, 45.757425], [4.828733, 45.757442], [4.828783, 45.757496], [4.828823, 45.757541], [4.828828, 45.757554], [4.828855, 45.757546], [4.828884, 45.757536], [4.828911, 45.757528], [4.828936, 45.75752], [4.828941, 45.757518], [4.829303, 45.757997], [4.829311, 45.758005], [4.82933, 45.75803], [4.829353, 45.75806], [4.829358, 45.758064], [4.830081, 45.75785], [4.830096, 45.757875], [4.830126, 45.757866], [4.830158, 45.757858], [4.830188, 45.75785], [4.830227, 45.75784], [4.830266, 45.757829], [4.830304, 45.757818], [4.830341, 45.757806], [4.830354, 45.757801], [4.830337, 45.757732], [4.830292, 45.757652], [4.831154, 45.757413], [4.831201, 45.757496], [4.831303, 45.757589], [4.831321, 45.757584], [4.831406, 45.75756], [4.831424, 45.757555], [4.831452, 45.757605], [4.831794, 45.757511], [4.831955, 45.75781]]}, "properties": {"heading": 144, "length_km": 11.691, "retrace": 0.077}}, {"type": "Feature", "geometry": {"type": "LineString", "coordinates": [[4.831955, 45.75781], [4.831794, 45.757511], [4.831452, 45.757605], [4.831424, 45.757555], [4.831406, 45.75756], [4.831321, 45.757584], [4.831303, 45.757589], [4.831201, 45.757496], [4.831154, 45.757413], [4.831797, 45.757235], [4.831829, 45.75729], [4.831907, 45.757426], [4.832076, 45.757378], [4.832943, 45.757573], [4.833079, 45.757603], [4.833514, 45.757707], [4.833674, 45.757762], [4.833774, 45.757796], [4.833974, 45.757871], [4.834016, 45.757862], [4.834078, 45.757848], [4.83416, 45.75783], [4.83426, 45.757807], [4.83428, 45.757852], [4.834888, 45.75768], [4.835291, 45.757562], [4.835406, 45.75753], [4.836291, 45.757272], [4.83633, 45.757221], [4.836345, 45.757217], [4.836388, 45.757205], [4.836524, 45.757165], [4.836573, 45.757151], [4.836763, 45.757096], [4.836832, 45.757078], [4.836905, 45.757056], [4.836932, 45.757049], [4.837004, 45.757064], [4.83709, 45.757051], [4.839508, 45.756325], [4.840064, 45.756117], [4.840087, 45.756109], [4.840101, 45.756104], [4.840116, 45.756099], [4.840182, 45.756078], [4.840231, 45.756061], [4.840275, 45.756046], [4.840312, 45.756036], [4.84037, 45.756049], [4.840554, 45.755936], [4.840737, 45.755876], [4.840755, 45.755871], [4.840777, 45.755864], [4.840821, 45.75585], [4.841684, 45.755566], [4.842187, 45.755395], [4.842517, 45.755288], [4.842581, 45.755269], [4.842499, 45.755148], [4.842511, 45.755144], [4.842528, 45.755138], [4.842549, 45.755131], [4.842601, 45.755114], [4.842611, 45.75511], [4.842645, 45.755099], [4.84267, 45.75509], [4.842677, 45.755088], [4.842735, 45.755068], [4.842792, 45.755049], [4.842889, 45.755066], [4.843021, 45.755091], [4.843045, 45.755095], [4.843054, 45.755097], [4.843072, 45.755099], [4.84312, 45.755108], [4.843136, 45.755111], [4.843154, 45.755104], [4.843196, 45.755092], [4.843428, 45.755038], [4.843596, 45.754985], [4.843715, 45.754944], [4.843766, 45.754927], [4.84513, 45.754474], [4.845309, 45.754399], [4.845355, 45.754375], [4.845377, 45.754365], [4.845411, 45.75435], [4.845449, 45.754332], [4.845557, 45.754295], [4.846216, 45.754069], [4.846257, 45.754056], [4.846284, 45.754046], [4.846312, 45.754034], [4.846347, 45.754021], [4.846798, 45.753865], [4.846855, 45.753848], [4.84694, 45.753819], [4.847025, 45.753792], [4.84705, 45.753783], [4.847086, 45.753771], [4.847214, 45.753726], [4.847625, 45.753584], [4.847708, 45.753556], [4.847715, 45.753554], [4.847874, 45.753501], [4.847892, 45.753481], [4.84792, 45.753479], [4.847948, 45.75347], [4.84803, 45.753447], [4.848084, 45.753427], [4.848185, 45.75339], [4.848967, 45.753125], [4.849018, 45.753103], [4.849055, 45.753098], [4.849101, 45.753092], [4.849203, 45.753053], [4.849243, 45.753037], [4.850241, 45.7527], [4.850292, 45.75269], [4.850309, 45.752686], [4.850334, 45.752681], [4.850397, 45.752669], [4.8504, 45.752673], [4.850439, 45.752729], [4.850471, 45.752773], [4.850493, 45.752802], [4.850769, 45.752705], [4.850851, 45.752694], [4.851975, 45.752835], [4.852009, 45.752875], [4.852036, 45.752877], [4.852076, 45.752881], [4.852102, 45.752883], [4.852139, 45.752887], [4.85215, 45.752862], [4.852182, 45.752862], [4.853232, 45.752992], [4.853269, 45.753012], [4.853279, 45.753012], [4.853318, 45.753017], [4.853346, 45.75302], [4.853362, 45.753022], [4.853405, 45.753027], [4.853474, 45.753033], [4.853486, 45.753035], [4.8535, 45.753036], [4.853529, 45.753039], [4.85358, 45.753045], [4.853588, 45.753046], [4.853653, 45.753035], [4.853945, 45.753082], [4.854658, 45.753168], [4.854654, 45.753138], [4.854657, 45.753121], [4.854669, 45.753077], [4.854678, 45.753043], [4.854686, 45.753015], [4.8547, 45.753016], [4.854851, 45.752383], [4.854861, 45.752364], [4.854871, 45.752347], [4.854891, 45.752317], [4.854896, 45.752306], [4.854918, 45.752297], [4.854926, 45.752284], [4.854948, 45.752288], [4.854972, 45.752293], [4.855005, 45.752298], [4.855025, 45.7523], [4.855255, 45.752325], [4.855541, 45.752356], [4.855761, 45.752379], [4.855779, 45.752381], [4.855814, 45.752385], [4.855841, 45.752388], [4.855862, 45.752391], [4.855864, 45.752398], [4.856618, 45.75248], [4.85662, 45.752469], [4.856664, 45.752262], [4.85662, 45.752469], [4.856618, 45.75248], [4.855864, 45.752398], [4.855862, 45.752391], [4.855841, 45.752388], [4.855814, 45.752385], [4.855779, 45.752381], [4.855761, 45.752379], [4.855541, 45.752356], [4.855255, 45.752325], [4.855025, 45.7523], [4.855005, 45.752298], [4.854972, 45.752293], [4.854948, 45.752288], [4.854926, 45.752284], [4.854918, 45.752297], [4.854896, 45.752306], [4.854641, 45.752241], [4.853777, 45.752032], [4.853767, 45.752006], [4.853841, 45.751647], [4.854024, 45.751584], [4.854062, 45.751571], [4.85404, 45.751537], [4.854008, 45.751485], [4.853973, 45.751429], [4.853949, 45.751397], [4.853903, 45.751327], [4.853939, 45.751092], [4.854005, 45.750712], [4.853927, 45.750704], [4.853807, 45.750694], [4.853686, 45.750682], [4.85359, 45.750674], [4.853615, 45.750555], [4.853741, 45.750474], [4.853762, 45.750368], [4.853775, 45.750239], [4.853798, 45.749776], [4.85377, 45.749744], [4.853747, 45.749718], [4.853738, 45.749705], [4.853723, 45.749684], [4.853664, 45.749615], [4.853612, 45.749523], [4.853548, 45.749416], [4.853494, 45.74933], [4.85344, 45.749239], [4.853401, 45.749202], [4.853364, 45.749162], [4.853326, 45.749129], [4.853306, 45.74911], [4.853323, 45.749084], [4.852396, 45.748302], [4.85246, 45.748298], [4.852484, 45.748284], [4.852566, 45.748235], [4.8526, 45.748214], [4.852576, 45.748119], [4.852552, 45.748105], [4.852527, 45.748089], [4.85246, 45.748025], [4.852451, 45.747998], [4.852426, 45.747956], [4.852436, 45.747928], [4.852425, 45.747926], [4.852329, 45.747911], [4.851739, 45.74752], [4.851632, 45.747476], [4.851491, 45.747333], [4.850521, 45.746686], [4.850422, 45.746621], [4.850291, 45.746535], [4.850163, 45.746455], [4.850059, 45.74649], [4.849983, 45.746514], [4.8499, 45.746542], [4.849869, 45.74652], [4.849843, 45.746495], [4.849818, 45.746473], [4.849783, 45.746438], [4.849175, 45.745762], [4.84899, 45.745527], [4.848852, 45.745365], [4.848821, 45.745348], [4.848772, 45.745318], [4.848721, 45.745277], [4.84868, 45.745234], [4.848666, 45.745217], [4.84865, 45.745195], [4.848642, 45.745188], [4.848622, 45.745166], [4.848598, 45.745144], [4.848545, 45.745092], [4.848525, 45.745078], [4.848531, 45.745062], [4.847862, 45.744326], [4.847769, 45.744257], [4.847758, 45.744246], [4.84775, 45.744238], [4.847729, 45.744217], [4.847669, 45.744172], [4.847671, 45.744114], [4.847622, 45.744065], [4.847221, 45.743631], [4.847193, 45.743591], [4.847178, 45.743569], [4.847143, 45.743527], [4.847124, 45.7435], [4.84711, 45.743481], [4.847102, 45.74347], [4.847123, 45.743454], [4.847108, 45.743444], [4.847115, 45.743414], [4.847109, 45.743352], [4.84709, 45.743242], [4.847109, 45.743352], [4.847115, 45.743414], [4.847108, 45.743444], [4.847123, 45.743454], [4.847102, 45.74347], [4.846474, 45.743676], [4.842123, 45.745057], [4.842027, 45.7449], [4.841964, 45.744796], [4.841959, 45.744734], [4.84191, 45.74458], [4.841881, 45.744471], [4.841802, 45.744507], [4.841772, 45.744436], [4.841618, 45.744513], [4.841595, 45.74448], [4.841199, 45.743828], [4.841177, 45.743793], [4.841125, 45.743809], [4.84106, 45.743826], [4.84099, 45.743845], [4.840921, 45.74386], [4.840894, 45.743815], [4.840889, 45.743807], [4.840877, 45.74379], [4.840863, 45.743771], [4.840845, 45.74374], [4.840313, 45.743913], [4.839938, 45.744044], [4.839888, 45.744067], [4.839385, 45.74406], [4.839365, 45.744053], [4.839364, 45.744046], [4.839351, 45.744046], [4.839321, 45.744047], [4.839272, 45.744048], [4.839261, 45.744048], [4.839027, 45.744054], [4.838655, 45.74405], [4.83839, 45.744036], [4.838374, 45.744036], [4.838328, 45.744038], [4.838301, 45.744039], [4.838263, 45.74404], [4.838248, 45.744028], [4.837266, 45.744122], [4.837257, 45.744108], [4.837248, 45.74411], [4.837214, 45.744114], [4.837181, 45.744118], [4.837167, 45.744119], [4.837168, 45.744133], [4.836969, 45.744149], [4.836945, 45.744145], [4.835873, 45.744237], [4.83529, 45.74428], [4.835262, 45.744282], [4.835182, 45.744211], [4.834813, 45.743833], [4.834537, 45.743571], [4.834398, 45.743418], [4.834397, 45.743402], [4.834392, 45.743387], [4.834361, 45.743355], [4.834333, 45.743319], [4.834315, 45.743306], [4.834279, 45.743318], [4.834214, 45.743344], [4.834127, 45.743374], [4.834095, 45.743384], [4.834032, 45.743251], [4.833316, 45.742441], [4.833178, 45.742285], [4.832303, 45.741295], [4.831726, 45.740629], [4.831791, 45.740597], [4.831832, 45.740582], [4.831873, 45.740567], [4.831891, 45.740559], [4.831915, 45.740547], [4.831938, 45.740536], [4.831973, 45.740522], [4.831885, 45.740417], [4.831918, 45.740371], [4.831889, 45.740337], [4.831854, 45.740292], [4.831797, 45.740221], [4.831786, 45.740203], [4.831894, 45.740188], [4.8322, 45.740076], [4.831894, 45.740188], [4.831786, 45.740203], [4.831797, 45.740221], [4.831854, 45.740292], [4.831889, 45.740337], [4.831918, 45.740371], [4.831885, 45.740417], [4.831973, 45.740522], [4.831938, 45.740536], [4.831915, 45.740547], [4.831891, 45.740559], [4.831873, 45.740567], [4.831832, 45.740582], [4.831791, 45.740597], [4.831726, 45.740629], [4.832303, 45.741295], [4.833178, 45.742285], [4.833316, 45.742441], [4.834032, 45.743251], [4.834095, 45.743384], [4.834034, 45.743415], [4.832608, 45.74398], [4.832487, 45.744028], [4.831217, 45.744536], [4.830953, 45.744641], [4.830862, 45.744611], [4.830847, 45.74462], [4.830787, 45.744656], [4.830749, 45.744678], [4.830718, 45.744697], [4.830688, 45.744716], [4.830655, 45.744737], [4.830576, 45.744784], [4.830738, 45.744923], [4.831832, 45.745865], [4.832159, 45.746232], [4.832238, 45.746319], [4.83229, 45.746393], [4.832421, 45.74655], [4.833308, 45.747677], [4.833381, 45.747733], [4.833359, 45.747769], [4.833317, 45.747802], [4.831063, 45.748532], [4.831002, 45.748536], [4.830931, 45.748527], [4.830862, 45.748491], [4.830762, 45.748377], [4.830609, 45.74843], [4.830704, 45.748549], [4.830757, 45.748604], [4.830755, 45.748632], [4.830323, 45.74875], [4.830276, 45.748737], [4.830159, 45.74877], [4.830097, 45.748703], [4.830067, 45.74868], [4.830021, 45.748659], [4.829684, 45.748646], [4.829292, 45.748208], [4.82913, 45.748259], [4.829116, 45.748234], [4.829306, 45.748174], [4.829336, 45.74821], [4.829352, 45.748228], [4.828683, 45.74844], [4.828618, 45.748362], [4.828571, 45.748379], [4.828555, 45.748384], [4.827544, 45.748699], [4.827506, 45.748711], [4.82747, 45.74872], [4.827357, 45.748578], [4.827298, 45.748599], [4.827255, 45.748589], [4.82725, 45.748579], [4.827212, 45.748524], [4.827189, 45.748501], [4.827096, 45.748449], [4.827018, 45.748422], [4.826938, 45.748406], [4.826877, 45.748401], [4.826802, 45.748398], [4.826769, 45.74836], [4.826735, 45.748375], [4.826728, 45.748363], [4.826674, 45.748299], [4.826654, 45.748275], [4.826625, 45.748247], [4.826584, 45.748212], [4.82651, 45.748123], [4.826642, 45.748071], [4.826671, 45.748059], [4.826646, 45.748029], [4.826529, 45.747891], [4.826443, 45.747791], [4.826348, 45.74768], [4.826259, 45.747576], [4.826162, 45.747462], [4.826152, 45.74745], [4.825981, 45.747525], [4.825922, 45.747551], [4.825898, 45.747524], [4.825854, 45.747472], [4.825769, 45.747506], [4.825704, 45.747434], [4.825571, 45.74749], [4.825384, 45.747568], [4.825238, 45.747629], [4.825209, 45.747642], [4.825176, 45.747656], [4.824973, 45.747714], [4.824798, 45.747771], [4.824703, 45.747827], [4.824784, 45.747922], [4.824758, 45.747933], [4.824117, 45.748203], [4.824066, 45.748218], [4.824045, 45.748223], [4.824013, 45.748235], [4.823988, 45.748245], [4.823958, 45.748256], [4.823951, 45.748278], [4.823777, 45.748347], [4.823399, 45.748505], [4.822799, 45.748755], [4.822494, 45.748879], [4.821976, 45.749094], [4.821947, 45.74911], [4.821919, 45.749123], [4.821889, 45.749134], [4.821861, 45.749147], [4.821713, 45.749197], [4.821282, 45.749377], [4.821247, 45.749351], [4.821219, 45.749371], [4.821171, 45.749403], [4.821147, 45.74942], [4.821126, 45.749434], [4.821111, 45.749444], [4.821096, 45.749455], [4.821038, 45.749495], [4.819974, 45.74875], [4.819901, 45.748699], [4.819672, 45.748532], [4.818661, 45.747796], [4.818527, 45.747702], [4.818515, 45.747692], [4.818589, 45.747645], [4.818599, 45.747641], [4.817715, 45.746596], [4.817572, 45.746428], [4.817051, 45.745813], [4.817013, 45.745769], [4.817045, 45.745757], [4.81706, 45.745748], [4.8171, 45.745731], [4.817128, 45.745719], [4.81717, 45.745701], [4.817189, 45.745693], [4.817234, 45.745674], [4.817258, 45.745664], [4.817594, 45.745526], [4.818195, 45.745271], [4.818145, 45.745213], [4.81812, 45.745184], [4.8181, 45.745161], [4.818046, 45.7451], [4.818084, 45.745084], [4.818099, 45.745078], [4.818128, 45.745066], [4.818161, 45.745052], [4.818189, 45.74504], [4.818033, 45.744849], [4.817507, 45.744237], [4.817416, 45.744113], [4.817513, 45.744065], [4.817476, 45.744027], [4.817455, 45.744005], [4.817431, 45.743981], [4.81741, 45.743961], [4.81735, 45.743986], [4.81734, 45.743975], [4.817097, 45.74369], [4.817048, 45.743628], [4.816998, 45.743574], [4.81709, 45.743536], [4.817127, 45.743521], [4.816909, 45.743263], [4.81691, 45.743262], [4.816909, 45.743263], [4.817127, 45.743521], [4.81709, 45.743536], [4.816998, 45.743574], [4.817048, 45.743628], [4.817097, 45.74369], [4.81734, 45.743975], [4.81735, 45.743986], [4.81741, 45.743961], [4.817431, 45.743981], [4.817455, 45.744005], [4.817476, 45.744027], [4.817513, 45.744065], [4.817416, 45.744113], [4.817507, 45.744237], [4.818033, 45.744849], [4.818189, 45.74504], [4.818161, 45.745052], [4.818128, 45.745066], [4.818099, 45.745078], [4.818084, 45.745084], [4.818046, 45.7451], [4.8181, 45.745161], [4.81812, 45.745184], [4.818145, 45.745213], [4.818195, 45.745271], [4.817594, 45.745526], [4.817258, 45.745664], [4.817234, 45.745674], [4.817189, 45.745693], [4.81717, 45.745701], [4.817128, 45.745719], [4.8171, 45.745731], [4.81706, 45.745748], [4.817045, 45.745757], [4.817013, 45.745769], [4.817051, 45.745813], [4.817572, 45.746428], [4.817715, 45.746596], [4.818599, 45.747641], [4.818589, 45.747645], [4.818515, 45.747692], [4.818527, 45.747702], [4.818661, 45.747796], [4.819672, 45.748532], [4.819901, 45.748699], [4.819974, 45.74875], [4.821038, 45.749495], [4.821197, 45.749606], [4.821256, 45.749566], [4.82127, 45.749557], [4.821285, 45.749547], [4.821308, 45.749532], [4.821328, 45.749518], [4.821378, 45.749484], [4.821406, 45.749466], [4.822498, 45.750233], [4.822551, 45.750261], [4.822603, 45.750256], [4.822743, 45.750214], [4.822761, 45.750244], [4.822773, 45.750264], [4.822787, 45.750287], [4.822813, 45.750366], [4.822844, 45.750373], [4.822893, 45.750386], [4.822918, 45.750393], [4.82293, 45.750396], [4.823008, 45.750417], [4.823005, 45.750427], [4.822996, 45.750454], [4.822986, 45.750485], [4.822984, 45.750491], [4.823113, 45.750549], [4.823185, 45.750527], [4.823212, 45.750532], [4.823283, 45.750546], [4.823347, 45.750558], [4.823359, 45.750561], [4.823373, 45.750689], [4.823421, 45.750764], [4.82349, 45.750812], [4.823661, 45.750841], [4.82369, 45.750834], [4.823773, 45.750808], [4.82383, 45.750792], [4.823853, 45.750785], [4.823906, 45.750769], [4.823956, 45.750755], [4.824013, 45.750738], [4.824022, 45.750747], [4.824051, 45.750785], [4.824078, 45.750817], [4.824089, 45.75083], [4.8241, 45.750844], [4.82411, 45.750859], [4.824118, 45.750869], [4.824126, 45.750882], [4.824151, 45.750926], [4.824159, 45.75094], [4.824173, 45.750962], [4.824162, 45.750973], [4.824578, 45.751574], [4.824627, 45.751638], [4.824638, 45.75166], [4.824646, 45.751671], [4.824658, 45.751689], [4.824676, 45.751711], [4.825198, 45.752452], [4.825213, 45.752471], [4.825226, 45.752487], [4.825235, 45.7525], [4.825251, 45.752521], [4.825494, 45.752866], [4.825511, 45.752895], [4.825527, 45.752923], [4.82554, 45.752944], [4.825554, 45.752968], [4.8258, 45.753316], [4.825816, 45.753334], [4.825827, 45.753348], [4.825843, 45.753366], [4.825852, 45.753378], [4.826115, 45.753745], [4.826132, 45.753766], [4.826144, 45.753787], [4.826156, 45.753806], [4.826162, 45.753812], [4.826161, 45.753832], [4.826278, 45.753983], [4.826241, 45.753999], [4.826219, 45.754008], [4.826194, 45.754017], [4.826171, 45.75404], [4.826183, 45.754059], [4.826193, 45.754073], [4.826201, 45.754087], [4.826213, 45.754103], [4.826603, 45.75466], [4.827233, 45.75555], [4.827242, 45.755558], [4.827257, 45.75557], [4.827308, 45.755631], [4.827338, 45.755666], [4.827416, 45.755758], [4.827436, 45.755782], [4.827483, 45.755839], [4.827491, 45.755851], [4.8275, 45.755864], [4.827899, 45.75638], [4.827913, 45.756405], [4.827926, 45.756418], [4.827938, 45.756434], [4.827967, 45.75646], [4.827989, 45.756479], [4.828224, 45.756778], [4.828729, 45.757425], [4.828733, 45.757442], [4.828783, 45.757496], [4.828823, 45.757541], [4.828828, 45.757554], [4.828855, 45.757546], [4.828884, 45.757536], [4.828911, 45.757528], [4.828936, 45.75752], [4.828941, 45.757518], [4.829303, 45.757997], [4.829311, 45.758005], [4.82933, 45.75803], [4.829353, 45.75806], [4.829358, 45.758064], [4.830081, 45.75785], [4.830096, 45.757875], [4.830126, 45.757866], [4.830158, 45.757858], [4.830188, 45.75785], [4.830227, 45.75784], [4.830266, 45.757829], [4.830304, 45.757818], [4.830341, 45.757806], [4.830354, 45.757801], [4.830337, 45.757732], [4.830292, 45.757652], [4.831154, 45.757413], [4.831201, 45.757496], [4.831303, 45.757589], [4.831321, 45.757584], [4.831406, 45.75756], [4.831424, 45.757555], [4.831452, 45.757605], [4.831794, 45.757511], [4.831955, 45.75781]]}, "properties": {"heading": 162, "length_km": 11.528, "retrace": 0.29}}, {"type": "Feature", "geometry": {"type": "LineString", "coordinates": [[4.831955, 45.75781], [4.831794, 45.757511], [4.831452, 45.757605], [4.831424, 45.757555], [4.831406, 45.75756], [4.831321, 45.757584], [4.831303, 45.757589], [4.831201, 45.757496], [4.831154, 45.757413], [4.831797, 45.757235], [4.831829, 45.75729], [4.831907, 45.757426], [4.832076, 45.757378], [4.832943, 45.757573], [4.833079, 45.757603], [4.833514, 45.757707], [4.833674, 45.757762], [4.833774, 45.757796], [4.833974, 45.757871], [4.834016, 45.757862], [4.834078, 45.757848], [4.83416, 45.75783], [4.83426, 45.757807], [4.83428, 45.757852], [4.834888, 45.75768], [4.835291, 45.757562], [4.835406, 45.75753], [4.836291, 45.757272], [4.83633, 45.757221], [4.836345, 45.757217], [4.836388, 45.757205], [4.836524, 45.757165], [4.836573, 45.757151], [4.836763, 45.757096], [4.836832, 45.757078], [4.836905, 45.757056], [4.836932, 45.757049], [4.837004, 45.757064], [4.83709, 45.757051], [4.839508, 45.756325], [4.840064, 45.756117], [4.840008, 45.756021], [4.839695, 45.755571], [4.839567, 45.755399], [4.839554, 45.755381], [4.839158, 45.75486], [4.83871, 45.754286], [4.838408, 45.7539], [4.838108, 45.753528], [4.838016, 45.753415], [4.837903, 45.753274], [4.837866, 45.753252], [4.837653, 45.752968], [4.837698, 45.752951], [4.837724, 45.752941], [4.837748, 45.752932], [4.837773, 45.752923], [4.837808, 45.75291], [4.837843, 45.752897], [4.837896, 45.752877], [4.837884, 45.75286], [4.838517, 45.752588], [4.838558, 45.752577], [4.838578, 45.752568], [4.838618, 45.75255], [4.838674, 45.752537], [4.838724, 45.752526], [4.839306, 45.752261], [4.839321, 45.752289], [4.839336, 45.752306], [4.839351, 45.752323], [4.839362, 45.752337], [4.839382, 45.752328], [4.839401, 45.75232], [4.83944, 45.752304], [4.839467, 45.752294], [4.84017, 45.751975], [4.840228, 45.751949], [4.840259, 45.751943], [4.840288, 45.751937], [4.840312, 45.751927], [4.84034, 45.751916], [4.840373, 45.751903], [4.840401, 45.751892], [4.840395, 45.751883], [4.840669, 45.751763], [4.840701, 45.751749], [4.840742, 45.751732], [4.841013, 45.751623], [4.841054, 45.751603], [4.841088, 45.751593], [4.841101, 45.751588], [4.841136, 45.751567], [4.841117, 45.751545], [4.841102, 45.751527], [4.84109, 45.751513], [4.841073, 45.751489], [4.841704, 45.751213], [4.841759, 45.75119], [4.841813, 45.751167], [4.842338, 45.75083], [4.842358, 45.750812], [4.842384, 45.750791], [4.842395, 45.750784], [4.842422, 45.750766], [4.84244, 45.75076], [4.842467, 45.750749], [4.843257, 45.750221], [4.84324, 45.7502], [4.843264, 45.750184], [4.843279, 45.750173], [4.843302, 45.750158], [4.843312, 45.750152], [4.843338, 45.75017], [4.843355, 45.750159], [4.843566, 45.750023], [4.843934, 45.74978], [4.843978, 45.749747], [4.844002, 45.749722], [4.844025, 45.749709], [4.844045, 45.749698], [4.844072, 45.749685], [4.844279, 45.749555], [4.844273, 45.749524], [4.844326, 45.749495], [4.844382, 45.749455], [4.844467, 45.7494], [4.844481, 45.749393], [4.844491, 45.749389], [4.844562, 45.749364], [4.844677, 45.749285], [4.84469, 45.749266], [4.844713, 45.749253], [4.844731, 45.749243], [4.844758, 45.74923], [4.844799, 45.749211], [4.84543, 45.748798], [4.845438, 45.748787], [4.845453, 45.74877], [4.845517, 45.748747], [4.845547, 45.748736], [4.845564, 45.748732], [4.845593, 45.748725], [4.846063, 45.748501], [4.846266, 45.748403], [4.846273, 45.748399], [4.846335, 45.748371], [4.846373, 45.748354], [4.846389, 45.748347], [4.846489, 45.7483], [4.846825, 45.748145], [4.84687, 45.748092], [4.846904, 45.748046], [4.846925, 45.748023], [4.846947, 45.748001], [4.846967, 45.747975], [4.847418, 45.747362], [4.84746, 45.747283], [4.847476, 45.747254], [4.847483, 45.747219], [4.847491, 45.747183], [4.847544, 45.74715], [4.847611, 45.747112], [4.8478, 45.746845], [4.847923, 45.746796], [4.847938, 45.746617], [4.847999, 45.746618], [4.848006, 45.746424], [4.848078, 45.746425], [4.848115, 45.746428], [4.848116, 45.746408], [4.848118, 45.746382], [4.848507, 45.746422], [4.8489, 45.746462], [4.849627, 45.746535], [4.849783, 45.746438], [4.849818, 45.746473], [4.849843, 45.746495], [4.849869, 45.74652], [4.8499, 45.746542], [4.849983, 45.746514], [4.850059, 45.74649], [4.850163, 45.746455], [4.850291, 45.746535], [4.850422, 45.746621], [4.850521, 45.746686], [4.850543, 45.746667], [4.851022, 45.74627], [4.851051, 45.746238], [4.851243, 45.746053], [4.851675, 45.746289], [4.852022, 45.746479], [4.852566, 45.746777], [4.852914, 45.746964], [4.853374, 45.747219], [4.853307, 45.747368], [4.853289, 45.747408], [4.852852, 45.747169], [4.853289, 45.747408], [4.853307, 45.747368], [4.853374, 45.747219], [4.852914, 45.746964], [4.852566, 45.746777], [4.852022, 45.746479], [4.851675, 45.746289], [4.851243, 45.746053], [4.851051, 45.746238], [4.851022, 45.74627], [4.850543, 45.746667], [4.850521, 45.746686], [4.850422, 45.746621], [4.850291, 45.746535], [4.850163, 45.746455], [4.850059, 45.74649], [4.849983, 45.746514], [4.8499, 45.746542], [4.849869, 45.74652], [4.849843, 45.746495], [4.849818, 45.746473], [4.849783, 45.746438], [4.849627, 45.746535], [4.8489, 45.746462], [4.848507, 45.746422], [4.848118, 45.746382], [4.848083, 45.745822], [4.848078, 45.745789], [4.848031, 45.745734], [4.84799, 45.74569], [4.847951, 45.745708], [4.847927, 45.745719], [4.847907, 45.745725], [4.847866, 45.745743], [4.847818, 45.745567], [4.847797, 45.745557], [4.847757, 45.74557], [4.847319, 45.74574], [4.846888, 45.745924], [4.846091, 45.74624], [4.845952, 45.746296], [4.845921, 45.746261], [4.845897, 45.746233], [4.845868, 45.7462], [4.845844, 45.746173], [4.845089, 45.746464], [4.844928, 45.746335], [4.844571, 45.74605], [4.844531, 45.74601], [4.844524, 45.746002], [4.844464, 45.745954], [4.84445, 45.745943], [4.844415, 45.745922], [4.843821, 45.745453], [4.843805, 45.74544], [4.843778, 45.745421], [4.843753, 45.745401], [4.843718, 45.745373], [4.843689, 45.745379], [4.843657, 45.745385], [4.843614, 45.745391], [4.843425, 45.74546], [4.84341, 45.745465], [4.843376, 45.745477], [4.843344, 45.74549], [4.843282, 45.745511], [4.843227, 45.74554], [4.84289, 45.745647], [4.842819, 45.745662], [4.842578, 45.745258], [4.842488, 45.74515], [4.842044, 45.745279], [4.84203, 45.745257], [4.842021, 45.745243], [4.842006, 45.745219], [4.841998, 45.745206], [4.841989, 45.745192], [4.841979, 45.745176], [4.841969, 45.74516], [4.841944, 45.74512], [4.841926, 45.745085], [4.841967, 45.745069], [4.842005, 45.745058], [4.842032, 45.745049], [4.842092, 45.745029], [4.842123, 45.745057], [4.842027, 45.7449], [4.841964, 45.744796], [4.841959, 45.744734], [4.84191, 45.74458], [4.841881, 45.744471], [4.841802, 45.744507], [4.841772, 45.744436], [4.841618, 45.744513], [4.841595, 45.74448], [4.841199, 45.743828], [4.841177, 45.743793], [4.841149, 45.743747], [4.841129, 45.743714], [4.841108, 45.743677], [4.841087, 45.743641], [4.840502, 45.742651], [4.840416, 45.742505], [4.840408, 45.742492], [4.840415, 45.742471], [4.840401, 45.742452], [4.840384, 45.742422], [4.840369, 45.742397], [4.840363, 45.742375], [4.840339, 45.742363], [4.839916, 45.741635], [4.839902, 45.74161], [4.839885, 45.741589], [4.839862, 45.741553], [4.839851, 45.741535], [4.839432, 45.740834], [4.839851, 45.741535], [4.839862, 45.741553], [4.839885, 45.741589], [4.839902, 45.74161], [4.839916, 45.741635], [4.840339, 45.742363], [4.840273, 45.742371], [4.840184, 45.742371], [4.840091, 45.74237], [4.840053, 45.742368], [4.840037, 45.742387], [4.839859, 45.7424], [4.839385, 45.742437], [4.838976, 45.74247], [4.83898, 45.742501], [4.838984, 45.742524], [4.838991, 45.742584], [4.838992, 45.742595], [4.838912, 45.742588], [4.838172, 45.742654], [4.838142, 45.742656], [4.838101, 45.742657], [4.838076, 45.742658], [4.838019, 45.742661], [4.837972, 45.742664], [4.837092, 45.742739], [4.83692, 45.742751], [4.836919, 45.742733], [4.83673, 45.742748], [4.836723, 45.742753], [4.836725, 45.742765], [4.836719, 45.742765], [4.836686, 45.742768], [4.836654, 45.742771], [4.836603, 45.742777], [4.836132, 45.742809], [4.836017, 45.742838], [4.835316, 45.743084], [4.834419, 45.743389], [4.834397, 45.743402], [4.834392, 45.743387], [4.834361, 45.743355], [4.834333, 45.743319], [4.834315, 45.743306], [4.834279, 45.743318], [4.834214, 45.743344], [4.834127, 45.743374], [4.834095, 45.743384], [4.834034, 45.743415], [4.832608, 45.74398], [4.832487, 45.744028], [4.831217, 45.744536], [4.830953, 45.744641], [4.830862, 45.744611], [4.830847, 45.74462], [4.830787, 45.744656], [4.830749, 45.744678], [4.830718, 45.744697], [4.830688, 45.744716], [4.830655, 45.744737], [4.830576, 45.744784], [4.830738, 45.744923], [4.831832, 45.745865], [4.832159, 45.746232], [4.832238, 45.746319], [4.83229, 45.746393], [4.832421, 45.74655], [4.833308, 45.747677], [4.833381, 45.747733], [4.833359, 45.747769], [4.833317, 45.747802], [4.831063, 45.748532], [4.831002, 45.748536], [4.830931, 45.748527], [4.830862, 45.748491], [4.830762, 45.748377], [4.830609, 45.74843], [4.830704, 45.748549], [4.830757, 45.748604], [4.830755, 45.748632], [4.830323, 45.74875], [4.830276, 45.748737], [4.830159, 45.74877], [4.830097, 45.748703], [4.830067, 45.74868], [4.830021, 45.748659], [4.829684, 45.748646], [4.829292, 45.748208], [4.82913, 45.748259], [4.829116, 45.748234], [4.829306, 45.748174], [4.829336, 45.74821], [4.829352, 45.748228], [4.828683, 45.74844], [4.828618, 45.748362], [4.828642, 45.748354], [4.828679, 45.748342], [4.828276, 45.747866], [4.829225, 45.747475], [4.829216, 45.747467], [4.829197, 45.747445], [4.829176, 45.747421], [4.829172, 45.747418], [4.828418, 45.746533], [4.828393, 45.746525], [4.828373, 45.746502], [4.828363, 45.746491], [4.828346, 45.746471], [4.828327, 45.746451], [4.828329, 45.746431], [4.827533, 45.745496], [4.827495, 45.745444], [4.827458, 45.745402], [4.827418, 45.745357], [4.827385, 45.745312], [4.826648, 45.744434], [4.826626, 45.74441], [4.826613, 45.744397], [4.826597, 45.744379], [4.826579, 45.744361], [4.825794, 45.743444], [4.825761, 45.743406], [4.82574, 45.743381], [4.825728, 45.743368], [4.82571, 45.743347], [4.82569, 45.743323], [4.825664, 45.743293], [4.824949, 45.742452], [4.8249, 45.742394], [4.824876, 45.742366], [4.824859, 45.742346], [4.824807, 45.742285], [4.823992, 45.741336], [4.823902, 45.741354], [4.823879, 45.741329], [4.823857, 45.741306], [4.823834, 45.741282], [4.823816, 45.741262], [4.823873, 45.741238], [4.823882, 45.741204], [4.823791, 45.741095], [4.823592, 45.740855], [4.823577, 45.740812], [4.823622, 45.740793], [4.823649, 45.740782], [4.823702, 45.740761], [4.823751, 45.740816], [4.823702, 45.740761], [4.823649, 45.740782], [4.823622, 45.740793], [4.823577, 45.740812], [4.823525, 45.740813], [4.823259, 45.740919], [4.822586, 45.741199], [4.822642, 45.741266], [4.82275, 45.741395], [4.822943, 45.741627], [4.822914, 45.74164], [4.822884, 45.741652], [4.822847, 45.741668], [4.822827, 45.741676], [4.822796, 45.741689], [4.82247, 45.741826], [4.822287, 45.741902], [4.821945, 45.742046], [4.821962, 45.742065], [4.821983, 45.742089], [4.822004, 45.742115], [4.822024, 45.742138], [4.821998, 45.74215], [4.821987, 45.742172], [4.822001, 45.74219], [4.822778, 45.743094], [4.822812, 45.743125], [4.822857, 45.743166], [4.822883, 45.743197], [4.822903, 45.743222], [4.822932, 45.743272], [4.822953, 45.743309], [4.823389, 45.743818], [4.823373, 45.743825], [4.823334, 45.743841], [4.823299, 45.743856], [4.823278, 45.743865], [4.823565, 45.744205], [4.823587, 45.744231], [4.823605, 45.744252], [4.823612, 45.744261], [4.82364, 45.744316], [4.8236, 45.744351], [4.823449, 45.74441], [4.823507, 45.74448], [4.823419, 45.744735], [4.823364, 45.744894], [4.823351, 45.744931], [4.823343, 45.744954], [4.823354, 45.745059], [4.823483, 45.745113], [4.823559, 45.745128], [4.823661, 45.74524], [4.823623, 45.745255], [4.823815, 45.745481], [4.823516, 45.745604], [4.823544, 45.745648], [4.82356, 45.745665], [4.823584, 45.745693], [4.823608, 45.745715], [4.823678, 45.745772], [4.824358, 45.746584], [4.824382, 45.746613], [4.824424, 45.746663], [4.824459, 45.746705], [4.824465, 45.746712], [4.824497, 45.746751], [4.824972, 45.747322], [4.82504, 45.747403], [4.825103, 45.747469], [4.825124, 45.747495], [4.825184, 45.747565], [4.825238, 45.747629], [4.825209, 45.747642], [4.825176, 45.747656], [4.824973, 45.747714], [4.824798, 45.747771], [4.824703, 45.747827], [4.824784, 45.747922], [4.824758, 45.747933], [4.824117, 45.748203], [4.824066, 45.748218], [4.824045, 45.748223], [4.824013, 45.748235], [4.823988, 45.748245], [4.823958, 45.748256], [4.823951, 45.748278], [4.823777, 45.748347], [4.823399, 45.748505], [4.822799, 45.748755], [4.822494, 45.748879], [4.821976, 45.749094], [4.821992, 45.749118], [4.822004, 45.749134], [4.822018, 45.749151], [4.82204, 45.749174], [4.822011, 45.749188], [4.821983, 45.749198], [4.821955, 45.749207], [4.821926, 45.749217], [4.822282, 45.74965], [4.822537, 45.749948], [4.82275, 45.750199], [4.822743, 45.750214], [4.822761, 45.750244], [4.822773, 45.750264], [4.822787, 45.750287], [4.822813, 45.750366], [4.822816, 45.750379], [4.82281, 45.750416], [4.822805, 45.750442], [4.822804, 45.750458], [4.822908, 45.750527], [4.82297, 45.750569], [4.823107, 45.750692], [4.823262, 45.750869], [4.823277, 45.750911], [4.823236, 45.750907], [4.823201, 45.750915], [4.823158, 45.750925], [4.82314, 45.750932], [4.823152, 45.750953], [4.823155, 45.751005], [4.823123, 45.751076], [4.823086, 45.751094], [4.821771, 45.75152], [4.821706, 45.75152], [4.821677, 45.75152], [4.82104, 45.75124], [4.820974, 45.751289], [4.820941, 45.751305], [4.820876, 45.751305], [4.820709, 45.751313], [4.820655, 45.751309], [4.820629, 45.751357], [4.820449, 45.751429], [4.820311, 45.751507], [4.82017, 45.751603], [4.820101, 45.751672], [4.820046, 45.75174], [4.819958, 45.75189], [4.819922, 45.75198], [4.819898, 45.752103], [4.819925, 45.752208], [4.819875, 45.752251], [4.819741, 45.752154], [4.819678, 45.75207], [4.819657, 45.751975], [4.819628, 45.751913], [4.819531, 45.751859], [4.819495, 45.751874], [4.819466, 45.751851], [4.819319, 45.751812], [4.819178, 45.751773], [4.818856, 45.751665], [4.818236, 45.751242], [4.817997, 45.751117], [4.817146, 45.75112], [4.817032, 45.751098], [4.816953, 45.751056], [4.816518, 45.750909], [4.816431, 45.750898], [4.816363, 45.750876], [4.816131, 45.750802], [4.815872, 45.750666], [4.815802, 45.750633], [4.815701, 45.750632], [4.81558, 45.750604], [4.815572, 45.750621], [4.815571, 45.750625], [4.815519, 45.750617], [4.815416, 45.750614], [4.815237, 45.750622], [4.814999, 45.750642], [4.814746, 45.750698], [4.814745, 45.750703], [4.814748, 45.750717], [4.814582, 45.750741], [4.814471, 45.750734], [4.814364, 45.750697], [4.814296, 45.750643], [4.814247, 45.750573], [4.814234, 45.750523], [4.81424, 45.750474], [4.814224, 45.750473], [4.814182, 45.750472], [4.814183, 45.750421], [4.814189, 45.750134], [4.814216, 45.74981], [4.814211, 45.749695], [4.814179, 45.74958], [4.814121, 45.749459], [4.813885, 45.74916], [4.813826, 45.749088], [4.813693, 45.748956], [4.813581, 45.748871], [4.813466, 45.748797], [4.813371, 45.748751], [4.812969, 45.748614], [4.812876, 45.748572], [4.81281, 45.74852], [4.812756, 45.748461], [4.812637, 45.74832], [4.812515, 45.748139], [4.812424, 45.74806], [4.812284, 45.748022], [4.812043, 45.748017], [4.811918, 45.747996], [4.811823, 45.747963], [4.811746, 45.747916], [4.811674, 45.747846], [4.811629, 45.747775], [4.811335, 45.74719], [4.811629, 45.747775], [4.811674, 45.747846], [4.811746, 45.747916], [4.811823, 45.747963], [4.811918, 45.747996], [4.812043, 45.748017], [4.812284, 45.748022], [4.812424, 45.74806], [4.812515, 45.748139], [4.812637, 45.74832], [4.812756, 45.748461], [4.81281, 45.74852], [4.812876, 45.748572], [4.812969, 45.748614], [4.813371, 45.748751], [4.813466, 45.748797], [4.813581, 45.748871], [4.813693, 45.748956], [4.813826, 45.749088], [4.813885, 45.74916], [4.814121, 45.749459], [4.814179, 45.74958], [4.814211, 45.749695], [4.814216, 45.74981], [4.814189, 45.750134], [4.814183, 45.750421], [4.814182, 45.750472], [4.814224, 45.750473], [4.81424, 45.750474], [4.814234, 45.750523], [4.814247, 45.750573], [4.814296, 45.750643], [4.814364, 45.750697], [4.814471, 45.750734], [4.814582, 45.750741], [4.814748, 45.750717], [4.814745, 45.750703], [4.814746, 45.750698], [4.814999, 45.750642], [4.815237, 45.750622], [4.815416, 45.750614], [4.815519, 45.750617], [4.815571, 45.750625], [4.815572, 45.750621], [4.81558, 45.750604], [4.815701, 45.750632], [4.815802, 45.750633], [4.815872, 45.750666], [4.816131, 45.750802], [4.816363, 45.750876], [4.816431, 45.750898], [4.816518, 45.750909], [4.816953, 45.751056], [4.817032, 45.751098], [4.817146, 45.75112], [4.817997, 45.751117], [4.818236, 45.751242], [4.818856, 45.751665], [4.819178, 45.751773], [4.819319, 45.751812], [4.819466, 45.751851], [4.819495, 45.751874], [4.819531, 45.751859], [4.819628, 45.751913], [4.819657, 45.751975], [4.819678, 45.75207], [4.819741, 45.752154], [4.819875, 45.752251], [4.819925, 45.752208], [4.819898, 45.752103], [4.819922, 45.75198], [4.819958, 45.75189], [4.820046, 45.75174], [4.820101, 45.751672], [4.82017, 45.751603], [4.820311, 45.751507], [4.820449, 45.751429], [4.820629, 45.751357], [4.820655, 45.751309], [4.820709, 45.751313], [4.820876, 45.751305], [4.820941, 45.751305], [4.820974, 45.751289], [4.82104, 45.75124], [4.821677, 45.75152], [4.821706, 45.75152], [4.821771, 45.75152], [4.823086, 45.751094], [4.823123, 45.751076], [4.823155, 45.751005], [4.823152, 45.750953], [4.82314, 45.750932], [4.823158, 45.750925], [4.823201, 45.750915], [4.823236, 45.750907], [4.823277, 45.750911], [4.823302, 45.750931], [4.823337, 45.750967], [4.823371, 45.751002], [4.823421, 45.751052], [4.823461, 45.751097], [4.823507, 45.751148], [4.823519, 45.751163], [4.82354, 45.751156], [4.823566, 45.751147], [4.823585, 45.751139], [4.823995, 45.751003], [4.824016, 45.751018], [4.824035, 45.751011], [4.82408, 45.750995], [4.824116, 45.750983], [4.824162, 45.750973], [4.824578, 45.751574], [4.824627, 45.751638], [4.824638, 45.75166], [4.824646, 45.751671], [4.824658, 45.751689], [4.824676, 45.751711], [4.825198, 45.752452], [4.825213, 45.752471], [4.825226, 45.752487], [4.825235, 45.7525], [4.825251, 45.752521], [4.825494, 45.752866], [4.825511, 45.752895], [4.825527, 45.752923], [4.82554, 45.752944], [4.825554, 45.752968], [4.8258, 45.753316], [4.825816, 45.753334], [4.825827, 45.753348], [4.825843, 45.753366], [4.825852, 45.753378], [4.826115, 45.753745], [4.826132, 45.753766], [4.826144, 45.753787], [4.826156, 45.753806], [4.826162, 45.753812], [4.826161, 45.753832], [4.826278, 45.753983], [4.826241, 45.753999], [4.826219, 45.754008], [4.826194, 45.754017], [4.826171, 45.75404], [4.826183, 45.754059], [4.826193, 45.754073], [4.826201, 45.754087], [4.826213, 45.754103], [4.826603, 45.75466], [4.827233, 45.75555], [4.827242, 45.755558], [4.827257, 45.75557], [4.827308, 45.755631], [4.827338, 45.755666], [4.827416, 45.755758], [4.827436, 45.755782], [4.827483, 45.755839], [4.827491, 45.755851], [4.8275, 45.755864], [4.827899, 45.75638], [4.827913, 45.756405], [4.827926, 45.756418], [4.827938, 45.756434], [4.827967, 45.75646], [4.827989, 45.756479], [4.828224, 45.756778], [4.828729, 45.757425], [4.828733, 45.757442], [4.828783, 45.757496], [4.828823, 45.757541], [4.828828, 45.757554], [4.828855, 45.757546], [4.828884, 45.757536], [4.828911, 45.757528], [4.828936, 45.75752], [4.828941, 45.757518], [4.829303, 45.757997], [4.829311, 45.758005], [4.82933, 45.75803], [4.829353, 45.75806], [4.829358, 45.758064], [4.830081, 45.75785], [4.830096, 45.757875], [4.830126, 45.757866], [4.830158, 45.757858], [4.830188, 45.75785], [4.830227, 45.75784], [4.830266, 45.757829], [4.830304, 45.757818], [4.830341, 45.757806], [4.830354, 45.757801], [4.830337, 45.757732], [4.830292, 45.757652], [4.831154, 45.757413], [4.831201, 45.757496], [4.831303, 45.757589], [4.831321, 45.757584], [4.831406, 45.75756], [4.831424, 45.757555], [4.831452, 45.757605], [4.831794, 45.757511], [4.831955, 45.75781]]}, "properties": {"heading": 180, "length_km": 13.467, "retrace": 0.336}}, {"type": "Feature", "geometry": {"type": "LineString", "coordinates": [[4.831955, 45.75781], [4.831794, 45.757511], [4.831452, 45.757605], [4.831424, 45.757555], [4.831406, 45.75756], [4.831321, 45.757584], [4.831303, 45.757589], [4.831201, 45.757496], [4.831154, 45.757413], [4.831797, 45.757235], [4.831829, 45.75729], [4.831907, 45.757426], [4.832076, 45.757378], [4.832943, 45.757573], [4.833079, 45.757603], [4.833514, 45.757707], [4.833674, 45.757762], [4.833774, 45.757796], [4.833974, 45.757871], [4.834016, 45.757862], [4.834078, 45.757848], [4.83416, 45.75783], [4.83426, 45.757807], [4.83428, 45.757852], [4.834888, 45.75768], [4.835291, 45.757562], [4.835406, 45.75753], [4.836291, 45.757272], [4.83633, 45.757221], [4.836345, 45.757217], [4.836388, 45.757205], [4.836524, 45.757165], [4.836573, 45.757151], [4.836763, 45.757096], [4.836832, 45.757078], [4.836905, 45.757056], [4.836932, 45.757049], [4.837004, 45.757064], [4.83709, 45.757051], [4.839508, 45.756325], [4.840064, 45.756117], [4.840008, 45.756021], [4.839695, 45.755571], [4.839567, 45.755399], [4.839554, 45.755381], [4.839158, 45.75486], [4.83871, 45.754286], [4.838408, 45.7539], [4.838108, 45.753528], [4.838016, 45.753415], [4.837903, 45.753274], [4.837866, 45.753252], [4.837653, 45.752968], [4.837387, 45.752637], [4.837235, 45.752446], [4.837156, 45.752347], [4.836941, 45.752075], [4.836878, 45.75204], [4.836912, 45.752027], [4.836933, 45.752018], [4.83696, 45.752009], [4.837017, 45.751989], [4.837052, 45.751977], [4.83709, 45.751961], [4.837161, 45.751934], [4.837221, 45.751909], [4.837867, 45.751669], [4.837851, 45.751653], [4.837839, 45.75164], [4.837815, 45.751615], [4.837801, 45.751599], [4.837791, 45.751589], [4.837768, 45.751563], [4.837726, 45.751517], [4.837709, 45.751499], [4.837693, 45.75148], [4.837763, 45.751452], [4.837905, 45.751395], [4.838119, 45.751312], [4.838523, 45.751156], [4.838545, 45.751145], [4.838584, 45.75113], [4.838604, 45.75112], [4.838634, 45.751101], [4.83921, 45.750758], [4.839345, 45.750692], [4.839371, 45.750676], [4.839371, 45.750663], [4.839373, 45.750642], [4.839426, 45.750617], [4.83948, 45.750589], [4.839502, 45.750575], [4.839566, 45.750524], [4.839989, 45.750281], [4.84002, 45.750248], [4.840059, 45.750235], [4.840076, 45.750228], [4.840123, 45.750207], [4.840155, 45.750188], [4.840971, 45.749699], [4.841008, 45.749674], [4.841042, 45.749663], [4.841072, 45.749652], [4.841077, 45.749649], [4.841113, 45.749624], [4.84115, 45.749601], [4.84117, 45.749589], [4.841206, 45.749557], [4.841207, 45.749513], [4.841213, 45.749239], [4.841214, 45.749188], [4.841224, 45.749179], [4.841246, 45.74916], [4.841493, 45.748943], [4.841483, 45.748938], [4.841443, 45.748911], [4.841405, 45.748885], [4.841397, 45.748878], [4.841409, 45.748858], [4.841417, 45.74885], [4.841441, 45.748829], [4.841475, 45.748799], [4.84148, 45.748793], [4.841645, 45.748649], [4.841752, 45.748495], [4.841907, 45.7481], [4.841915, 45.748079], [4.841914, 45.748036], [4.841892, 45.747996], [4.841904, 45.747945], [4.841945, 45.747875], [4.842001, 45.747856], [4.842023, 45.747848], [4.842062, 45.747834], [4.84209, 45.747825], [4.842099, 45.747799], [4.842127, 45.74772], [4.842153, 45.747634], [4.842155, 45.747619], [4.842956, 45.747303], [4.843015, 45.747271], [4.843082, 45.747247], [4.843149, 45.747222], [4.843211, 45.747206], [4.843442, 45.747115], [4.843478, 45.747102], [4.843488, 45.747099], [4.843546, 45.747078], [4.844219, 45.746811], [4.844269, 45.746789], [4.844362, 45.746758], [4.84445, 45.74673], [4.844519, 45.746705], [4.844947, 45.746532], [4.844996, 45.74651], [4.845025, 45.746495], [4.845055, 45.746479], [4.845089, 45.746464], [4.844928, 45.746335], [4.844571, 45.74605], [4.844531, 45.74601], [4.844524, 45.746002], [4.844464, 45.745954], [4.84445, 45.745943], [4.844415, 45.745922], [4.845165, 45.745649], [4.845181, 45.745625], [4.845203, 45.745613], [4.845222, 45.745602], [4.845242, 45.745591], [4.845271, 45.745575], [4.845323, 45.745587], [4.846263, 45.745233], [4.84634, 45.745152], [4.846395, 45.745156], [4.846517, 45.745178], [4.846561, 45.745184], [4.846602, 45.745195], [4.846659, 45.745179], [4.846863, 45.745214], [4.846868, 45.745193], [4.846873, 45.745177], [4.84688, 45.745154], [4.846878, 45.745102], [4.847319, 45.744927], [4.84741, 45.744893], [4.847394, 45.744872], [4.847387, 45.74486], [4.847371, 45.744839], [4.847351, 45.744817], [4.847475, 45.744769], [4.847669, 45.744172], [4.847671, 45.744114], [4.847622, 45.744065], [4.847221, 45.743631], [4.847193, 45.743591], [4.847178, 45.743569], [4.847143, 45.743527], [4.847124, 45.7435], [4.84711, 45.743481], [4.847102, 45.74347], [4.847123, 45.743454], [4.847108, 45.743444], [4.847115, 45.743414], [4.847109, 45.743352], [4.84709, 45.743242], [4.847109, 45.743352], [4.847115, 45.743414], [4.847108, 45.743444], [4.847123, 45.743454], [4.847102, 45.74347], [4.846474, 45.743676], [4.842123, 45.745057], [4.842027, 45.7449], [4.841964, 45.744796], [4.841959, 45.744734], [4.84191, 45.74458], [4.841881, 45.744471], [4.841802, 45.744507], [4.841772, 45.744436], [4.841618, 45.744513], [4.841595, 45.74448], [4.841199, 45.743828], [4.841177, 45.743793], [4.841125, 45.743809], [4.84106, 45.743826], [4.84099, 45.743845], [4.840921, 45.74386], [4.840894, 45.743815], [4.840889, 45.743807], [4.840877, 45.74379], [4.840863, 45.743771], [4.840845, 45.74374], [4.840313, 45.743913], [4.839938, 45.744044], [4.839888, 45.744067], [4.839385, 45.74406], [4.839365, 45.744053], [4.839364, 45.744046], [4.839351, 45.744046], [4.839321, 45.744047], [4.839272, 45.744048], [4.839261, 45.744048], [4.839027, 45.744054], [4.838655, 45.74405], [4.83839, 45.744036], [4.838374, 45.744036], [4.838328, 45.744038], [4.838301, 45.744039], [4.838263, 45.74404], [4.838248, 45.744028], [4.837266, 45.744122], [4.837257, 45.744108], [4.837248, 45.74411], [4.837214, 45.744114], [4.837181, 45.744118], [4.837167, 45.744119], [4.837168, 45.744133], [4.836969, 45.744149], [4.836945, 45.744145], [4.835873, 45.744237], [4.83529, 45.74428], [4.835262, 45.744282], [4.835182, 45.744211], [4.834813, 45.743833], [4.834537, 45.743571], [4.834398, 45.743418], [4.834397, 45.743402], [4.834392, 45.743387], [4.834361, 45.743355], [4.834333, 45.743319], [4.834315, 45.743306], [4.834279, 45.743318], [4.834214, 45.743344], [4.834127, 45.743374], [4.834095, 45.743384], [4.834032, 45.743251], [4.833316, 45.742441], [4.833178, 45.742285], [4.832303, 45.741295], [4.831726, 45.740629], [4.831791, 45.740597], [4.831832, 45.740582], [4.831873, 45.740567], [4.831891, 45.740559], [4.831915, 45.740547], [4.831938, 45.740536], [4.831973, 45.740522], [4.831885, 45.740417], [4.831918, 45.740371], [4.831889, 45.740337], [4.831854, 45.740292], [4.831797, 45.740221], [4.831786, 45.740203], [4.831894, 45.740188], [4.8322, 45.740076], [4.831894, 45.740188], [4.831786, 45.740203], [4.831797, 45.740221], [4.831854, 45.740292], [4.831889, 45.740337], [4.831918, 45.740371], [4.831885, 45.740417], [4.831973, 45.740522], [4.831938, 45.740536], [4.831915, 45.740547], [4.831891, 45.740559], [4.831873, 45.740567], [4.831832, 45.740582], [4.831791, 45.740597], [4.831726, 45.740629], [4.832303, 45.741295], [4.833178, 45.742285], [4.833316, 45.742441], [4.834032, 45.743251], [4.834095, 45.743384], [4.834034, 45.743415], [4.832608, 45.74398], [4.832487, 45.744028], [4.831217, 45.744536], [4.830953, 45.744641], [4.830862, 45.744611], [4.830847, 45.74462], [4.830787, 45.744656], [4.830749, 45.744678], [4.830718, 45.744697], [4.830688, 45.744716], [4.830655, 45.744737], [4.830576, 45.744784], [4.830738, 45.744923], [4.831832, 45.745865], [4.832159, 45.746232], [4.832238, 45.746319], [4.83229, 45.746393], [4.832421, 45.74655], [4.833308, 45.747677], [4.833381, 45.747733], [4.833359, 45.747769], [4.833317, 45.747802], [4.831063, 45.748532], [4.831002, 45.748536], [4.830931, 45.748527], [4.830862, 45.748491], [4.830762, 45.748377], [4.830609, 45.74843], [4.830704, 45.748549], [4.830757, 45.748604], [4.830755, 45.748632], [4.830323, 45.74875], [4.830276, 45.748737], [4.830159, 45.74877], [4.830097, 45.748703], [4.830067, 45.74868], [4.830021, 45.748659], [4.829684, 45.748646], [4.829292, 45.748208], [4.82913, 45.748259], [4.829116, 45.748234], [4.829306, 45.748174], [4.829336, 45.74821], [4.829352, 45.748228], [4.828683, 45.74844], [4.828618, 45.748362], [4.828571, 45.748379], [4.828555, 45.748384], [4.827544, 45.748699], [4.827506, 45.748711], [4.82747, 45.74872], [4.827357, 45.748578], [4.827298, 45.748599], [4.827255, 45.748589], [4.82725, 45.748579], [4.827212, 45.748524], [4.827189, 45.748501], [4.827096, 45.748449], [4.827018, 45.748422], [4.826938, 45.748406], [4.826877, 45.748401], [4.826802, 45.748398], [4.826769, 45.74836], [4.826735, 45.748375], [4.826728, 45.748363], [4.826674, 45.748299], [4.826654, 45.748275], [4.826625, 45.748247], [4.826584, 45.748212], [4.82651, 45.748123], [4.826642, 45.748071], [4.826671, 45.748059], [4.826646, 45.748029], [4.826529, 45.747891], [4.826443, 45.747791], [4.826348, 45.74768], [4.826259, 45.747576], [4.826162, 45.747462], [4.826152, 45.74745], [4.825981, 45.747525], [4.825922, 45.747551], [4.825898, 45.747524], [4.825854, 45.747472], [4.825769, 45.747506], [4.825704, 45.747434], [4.825571, 45.74749], [4.825384, 45.747568], [4.825238, 45.747629], [4.825209, 45.747642], [4.825176, 45.747656], [4.824973, 45.747714], [4.824798, 45.747771], [4.824703, 45.747827], [4.824784, 45.747922], [4.824758, 45.747933], [4.824117, 45.748203], [4.824066, 45.748218], [4.824045, 45.748223], [4.824013, 45.748235], [4.823988, 45.748245], [4.823958, 45.748256], [4.823951, 45.748278], [4.823777, 45.748347], [4.823399, 45.748505], [4.822799, 45.748755], [4.822494, 45.748879], [4.821976, 45.749094], [4.821947, 45.74911], [4.821919, 45.749123], [4.821889, 45.749134], [4.821861, 45.749147], [4.821713, 45.749197], [4.821282, 45.749377], [4.821247, 45.749351], [4.821219, 45.749371], [4.821171, 45.749403], [4.821147, 45.74942], [4.821126, 45.749434], [4.821111, 45.749444], [4.821096, 45.749455], [4.821038, 45.749495], [4.819974, 45.74875], [4.819901, 45.748699], [4.819672, 45.748532], [4.818661, 45.747796], [4.818527, 45.747702], [4.818515, 45.747692], [4.818589, 45.747645], [4.818599, 45.747641], [4.817715, 45.746596], [4.817572, 45.746428], [4.817051, 45.745813], [4.817013, 45.745769], [4.817045, 45.745757], [4.81706, 45.745748], [4.8171, 45.745731], [4.817128, 45.745719], [4.81717, 45.745701], [4.817189, 45.745693], [4.817234, 45.745674], [4.817258, 45.745664], [4.817594, 45.745526], [4.818195, 45.745271], [4.818145, 45.745213], [4.81812, 45.745184], [4.8181, 45.745161], [4.818046, 45.7451], [4.818084, 45.745084], [4.818099, 45.745078], [4.818128, 45.745066], [4.818161, 45.745052], [4.818189, 45.74504], [4.818033, 45.744849], [4.817507, 45.744237], [4.817416, 45.744113], [4.817513, 45.744065], [4.817476, 45.744027], [4.817455, 45.744005], [4.817431, 45.743981], [4.81741, 45.743961], [4.81735, 45.743986], [4.81734, 45.743975], [4.817097, 45.74369], [4.817048, 45.743628], [4.816998, 45.743574], [4.81709, 45.743536], [4.817127, 45.743521], [4.816909, 45.743263], [4.81691, 45.743262], [4.816909, 45.743263], [4.817127, 45.743521], [4.81709, 45.743536], [4.816998, 45.743574], [4.817048, 45.743628], [4.817097, 45.74369], [4.81734, 45.743975], [4.81735, 45.743986], [4.81741, 45.743961], [4.817431, 45.743981], [4.817455, 45.744005], [4.817476, 45.744027], [4.817513, 45.744065], [4.817416, 45.744113], [4.817507, 45.744237], [4.818033, 45.744849], [4.818189, 45.74504], [4.818161, 45.745052], [4.818128, 45.745066], [4.818099, 45.745078], [4.818084, 45.745084], [4.818046, 45.7451], [4.8181, 45.745161], [4.81812, 45.745184], [4.818145, 45.745213], [4.818195, 45.745271], [4.817594, 45.745526], [4.817258, 45.745664], [4.817234, 45.745674], [4.817189, 45.745693], [4.81717, 45.745701], [4.817128, 45.745719], [4.8171, 45.745731], [4.81706, 45.745748], [4.817045, 45.745757], [4.817013, 45.745769], [4.817051, 45.745813], [4.817572, 45.746428], [4.817715, 45.746596], [4.818599, 45.747641], [4.818589, 45.747645], [4.818515, 45.747692], [4.818527, 45.747702], [4.818661, 45.747796], [4.819672, 45.748532], [4.819901, 45.748699], [4.819974, 45.74875], [4.821038, 45.749495], [4.821197, 45.749606], [4.821717, 45.749978], [4.822028, 45.750195], [4.822054, 45.7502], [4.822115, 45.750211], [4.822466, 45.750454], [4.822732, 45.750644], [4.823126, 45.75091], [4.82314, 45.750932], [4.823152, 45.750953], [4.823155, 45.751005], [4.823123, 45.751076], [4.823086, 45.751094], [4.821771, 45.75152], [4.821706, 45.75152], [4.821677, 45.75152], [4.82104, 45.75124], [4.820974, 45.751289], [4.820941, 45.751305], [4.820876, 45.751305], [4.820709, 45.751313], [4.820655, 45.751309], [4.820629, 45.751357], [4.820449, 45.751429], [4.820311, 45.751507], [4.82017, 45.751603], [4.820101, 45.751672], [4.820046, 45.75174], [4.819958, 45.75189], [4.819922, 45.75198], [4.819898, 45.752103], [4.819925, 45.752208], [4.819875, 45.752251], [4.819741, 45.752154], [4.819678, 45.75207], [4.819657, 45.751975], [4.81955, 45.751987], [4.819534, 45.751986], [4.819509, 45.751987], [4.819508, 45.751971], [4.819508, 45.751932], [4.81947, 45.751934], [4.819445, 45.751948], [4.81916, 45.752201], [4.819104, 45.752235], [4.819037, 45.752252], [4.818893, 45.752318], [4.818765, 45.752439], [4.818736, 45.752457], [4.818687, 45.752468], [4.818448, 45.752462], [4.818366, 45.752476], [4.817816, 45.752706], [4.817381, 45.752871], [4.817344, 45.752909], [4.817338, 45.752905], [4.817338, 45.752864], [4.817321, 45.75286], [4.817309, 45.752917], [4.817291, 45.752915], [4.817253, 45.752911], [4.817219, 45.752907], [4.817186, 45.752903], [4.817149, 45.752899], [4.817113, 45.752894], [4.817104, 45.752893], [4.817079, 45.752967], [4.817032, 45.752983], [4.817031, 45.753003], [4.816497, 45.753179], [4.816276, 45.753233], [4.816226, 45.75322], [4.816214, 45.753225], [4.816201, 45.753242], [4.816169, 45.753242], [4.816178, 45.753356], [4.816168, 45.753356], [4.816124, 45.753359], [4.816081, 45.753361], [4.816057, 45.753363], [4.816093, 45.753566], [4.816096, 45.753763], [4.816139, 45.754151], [4.816203, 45.754848], [4.816197, 45.754869], [4.816188, 45.754897], [4.816195, 45.754923], [4.816201, 45.754951], [4.816239, 45.754995], [4.816259, 45.755023], [4.81631, 45.755102], [4.816307, 45.755139], [4.816001, 45.755439], [4.815974, 45.755525], [4.815924, 45.755575], [4.81589, 45.75561], [4.815862, 45.755637], [4.815814, 45.755641], [4.815363, 45.755682], [4.815313, 45.755681], [4.815266, 45.755668], [4.814979, 45.755492], [4.814976, 45.755479], [4.814909, 45.755436], [4.81452, 45.755185], [4.814472, 45.755175], [4.814407, 45.755175], [4.81402, 45.755267], [4.813885, 45.755292], [4.813892, 45.755311], [4.813807, 45.755328], [4.813776, 45.755334], [4.813799, 45.755393], [4.81376, 45.75539], [4.813747, 45.755391], [4.813718, 45.755384], [4.813296, 45.755468], [4.813287, 45.755448], [4.813281, 45.755432], [4.813277, 45.755421], [4.813273, 45.75541], [4.812924, 45.755477], [4.812877, 45.755447], [4.81278, 45.755279], [4.812786, 45.755269], [4.812799, 45.755252], [4.812537, 45.754851], [4.812525, 45.754833], [4.812511, 45.754829], [4.812502, 45.754827], [4.812487, 45.754834], [4.812451, 45.754851], [4.812408, 45.75487], [4.81236, 45.754894], [4.812312, 45.754878], [4.812131, 45.754932], [4.812112, 45.754961], [4.812089, 45.754962], [4.812044, 45.754971], [4.811993, 45.754981], [4.811977, 45.754985], [4.81195, 45.754984], [4.811733, 45.75504], [4.811003, 45.755291], [4.810343, 45.755442], [4.81034, 45.755434], [4.81032, 45.755388], [4.810304, 45.755352], [4.810297, 45.755336], [4.809633, 45.755479], [4.809074, 45.755517], [4.808939, 45.755476], [4.808921, 45.75545], [4.808893, 45.75544], [4.808775, 45.755389], [4.808757, 45.755386], [4.808684, 45.755362], [4.808629, 45.755345], [4.808614, 45.75534], [4.808607, 45.755357], [4.808573, 45.755362], [4.808511, 45.755338], [4.808453, 45.755312], [4.808066, 45.755162], [4.808043, 45.755132], [4.807961, 45.7551], [4.807905, 45.755099], [4.807513, 45.754935], [4.807305, 45.754822], [4.807419, 45.754512], [4.807525, 45.75443], [4.808016, 45.753718], [4.807997, 45.753712], [4.807982, 45.753707], [4.807905, 45.753683], [4.807834, 45.753662], [4.807819, 45.753657], [4.807804, 45.753653], [4.808002, 45.75334], [4.808316, 45.752775], [4.808643, 45.752097], [4.80859, 45.752109], [4.808294, 45.752661], [4.80795, 45.752783], [4.808294, 45.752661], [4.80859, 45.752109], [4.808643, 45.752097], [4.808316, 45.752775], [4.808002, 45.75334], [4.807804, 45.753653], [4.807819, 45.753657], [4.807834, 45.753662], [4.807905, 45.753683], [4.807982, 45.753707], [4.807997, 45.753712], [4.808016, 45.753718], [4.807525, 45.75443], [4.807419, 45.754512], [4.807305, 45.754822], [4.807513, 45.754935], [4.807905, 45.755099], [4.807961, 45.7551], [4.808043, 45.755132], [4.808066, 45.755162], [4.808453, 45.755312], [4.808511, 45.755338], [4.808573, 45.755362], [4.808607, 45.755357], [4.808614, 45.75534], [4.808629, 45.755345], [4.808684, 45.755362], [4.808757, 45.755386], [4.808775, 45.755389], [4.808893, 45.75544], [4.808921, 45.75545], [4.808939, 45.755476], [4.809074, 45.755517], [4.809633, 45.755479], [4.810297, 45.755336], [4.810304, 45.755352], [4.81032, 45.755388], [4.81034, 45.755434], [4.810343, 45.755442], [4.811003, 45.755291], [4.811733, 45.75504], [4.81195, 45.754984], [4.811977, 45.754985], [4.811993, 45.754981], [4.812044, 45.754971], [4.812089, 45.754962], [4.812112, 45.754961], [4.812131, 45.754932], [4.812312, 45.754878], [4.81236, 45.754894], [4.812408, 45.75487], [4.812451, 45.754851], [4.812487, 45.754834], [4.812502, 45.754827], [4.812511, 45.754829], [4.812525, 45.754833], [4.812537, 45.754851], [4.812799, 45.755252], [4.812786, 45.755269], [4.81278, 45.755279], [4.812877, 45.755447], [4.812924, 45.755477], [4.813273, 45.75541], [4.813277, 45.755421], [4.813281, 45.755432], [4.813287, 45.755448], [4.813296, 45.755468], [4.813718, 45.755384], [4.813747, 45.755391], [4.81376, 45.75539], [4.813799, 45.755393], [4.813776, 45.755334], [4.813807, 45.755328], [4.813892, 45.755311], [4.813885, 45.755292], [4.81402, 45.755267], [4.814407, 45.755175], [4.814472, 45.755175], [4.81452, 45.755185], [4.814909, 45.755436], [4.814976, 45.755479], [4.814979, 45.755492], [4.815266, 45.755668], [4.815313, 45.755681], [4.815363, 45.755682], [4.815814, 45.755641], [4.815862, 45.755637], [4.81589, 45.75561], [4.815896, 45.755613], [4.815936, 45.755631], [4.815974, 45.755649], [4.815992, 45.755664], [4.816017, 45.755691], [4.816125, 45.755739], [4.816372, 45.755824], [4.816426, 45.755824], [4.816597, 45.755873], [4.816816, 45.755937], [4.817482, 45.75613], [4.817561, 45.756182], [4.817662, 45.756176], [4.818498, 45.755991], [4.818512, 45.755988], [4.818536, 45.755984], [4.818572, 45.755976], [4.818637, 45.755963], [4.818678, 45.755967], [4.819, 45.755997], [4.819038, 45.755996], [4.819067, 45.756006], [4.819114, 45.756022], [4.819165, 45.756039], [4.819195, 45.756049], [4.819268, 45.756091], [4.819826, 45.756276], [4.820151, 45.756402], [4.820523, 45.756619], [4.820845, 45.75686], [4.820923, 45.756882], [4.821121, 45.757018], [4.821438, 45.757254], [4.821574, 45.757385], [4.821592, 45.757377], [4.821602, 45.757386], [4.821708, 45.757484], [4.821745, 45.7575], [4.821781, 45.757531], [4.821814, 45.757561], [4.82192, 45.757629], [4.822018, 45.757678], [4.822124, 45.757714], [4.822335, 45.757758], [4.822435, 45.757767], [4.822598, 45.757766], [4.822715, 45.757755], [4.823138, 45.757706], [4.823137, 45.757687], [4.82328, 45.757456], [4.823557, 45.757158], [4.823609, 45.757155], [4.823642, 45.757171], [4.823691, 45.757216], [4.824012, 45.757435], [4.824492, 45.757749], [4.824954, 45.757631], [4.824938, 45.757604], [4.824946, 45.757602], [4.824968, 45.757595], [4.824989, 45.757589], [4.824999, 45.757586], [4.825446, 45.757431], [4.82553, 45.757381], [4.825533, 45.75738], [4.825567, 45.757364], [4.825599, 45.757349], [4.825636, 45.757325], [4.825652, 45.757319], [4.825666, 45.757314], [4.825673, 45.757312], [4.825712, 45.757331], [4.825728, 45.757324], [4.826833, 45.756871], [4.826863, 45.756858], [4.826899, 45.756887], [4.826907, 45.756895], [4.826915, 45.756891], [4.826926, 45.756886], [4.826981, 45.756859], [4.82701, 45.756846], [4.827037, 45.756836], [4.827981, 45.757652], [4.828033, 45.757666], [4.828081, 45.757678], [4.828119, 45.757718], [4.828141, 45.757743], [4.828148, 45.757752], [4.828157, 45.757758], [4.828167, 45.757765], [4.828177, 45.757774], [4.828194, 45.757761], [4.828828, 45.757554], [4.828855, 45.757546], [4.828884, 45.757536], [4.828911, 45.757528], [4.828936, 45.75752], [4.828941, 45.757518], [4.829303, 45.757997], [4.829311, 45.758005], [4.82933, 45.75803], [4.829353, 45.75806], [4.829358, 45.758064], [4.830081, 45.75785], [4.830096, 45.757875], [4.830126, 45.757866], [4.830158, 45.757858], [4.830188, 45.75785], [4.830227, 45.75784], [4.830266, 45.757829], [4.830304, 45.757818], [4.830341, 45.757806], [4.830354, 45.757801], [4.830337, 45.757732], [4.830292, 45.757652], [4.831154, 45.757413], [4.831201, 45.757496], [4.831303, 45.757589], [4.831321, 45.757584], [4.831406, 45.75756], [4.831424, 45.757555], [4.831452, 45.757605], [4.831794, 45.757511], [4.831955, 45.75781]]}, "properties": {"heading": 198, "length_km": 14.368, "retrace": 0.384}}, {"type": "Feature", "geometry": {"type": "LineString", "coordinates": [[4.831955, 45.75781], [4.831794, 45.757511], [4.831452, 45.757605], [4.831424, 45.757555], [4.831406, 45.75756], [4.831321, 45.757584], [4.831303, 45.757589], [4.831201, 45.757496], [4.831154, 45.757413], [4.831797, 45.757235], [4.831829, 45.75729], [4.831907, 45.757426], [4.832076, 45.757378], [4.832943, 45.757573], [4.833079, 45.757603], [4.833514, 45.757707], [4.833674, 45.757762], [4.833774, 45.757796], [4.833974, 45.757871], [4.834016, 45.757862], [4.834078, 45.757848], [4.83416, 45.75783], [4.83426, 45.757807], [4.83428, 45.757852], [4.834888, 45.75768], [4.835291, 45.757562], [4.835406, 45.75753], [4.836291, 45.757272], [4.83633, 45.757221], [4.836345, 45.757217], [4.836388, 45.757205], [4.836524, 45.757165], [4.836573, 45.757151], [4.836763, 45.757096], [4.836832, 45.757078], [4.836905, 45.757056], [4.836932, 45.757049], [4.837004, 45.757064], [4.83709, 45.757051], [4.839508, 45.756325], [4.840064, 45.756117], [4.840008, 45.756021], [4.839695, 45.755571], [4.839567, 45.755399], [4.839554, 45.755381], [4.839158, 45.75486], [4.83871, 45.754286], [4.838408, 45.7539], [4.838108, 45.753528], [4.838016, 45.753415], [4.837903, 45.753274], [4.837866, 45.753252], [4.837653, 45.752968], [4.837387, 45.752637], [4.837235, 45.752446], [4.837156, 45.752347], [4.836941, 45.752075], [4.836878, 45.75204], [4.836863, 45.752022], [4.83682, 45.75197], [4.83677, 45.751916], [4.836721, 45.75183], [4.83625, 45.751222], [4.83561, 45.750403], [4.835477, 45.750233], [4.835223, 45.749909], [4.834908, 45.749582], [4.834863, 45.749543], [4.834828, 45.749511], [4.834565, 45.749269], [4.834193, 45.748799], [4.833718, 45.748204], [4.833656, 45.74814], [4.833754, 45.748099], [4.833729, 45.748066], [4.833665, 45.747977], [4.833647, 45.747952], [4.833629, 45.747926], [4.83362, 45.747915], [4.833607, 45.747898], [4.833578, 45.747859], [4.83356, 45.747835], [4.833555, 45.747824], [4.833573, 45.747781], [4.833545, 45.747736], [4.833538, 45.747739], [4.833501, 45.747746], [4.833462, 45.747742], [4.833432, 45.747739], [4.833381, 45.747733], [4.833308, 45.747677], [4.832421, 45.74655], [4.83229, 45.746393], [4.832238, 45.746319], [4.832159, 45.746232], [4.831832, 45.745865], [4.830738, 45.744923], [4.830576, 45.744784], [4.830655, 45.744737], [4.830688, 45.744716], [4.830718, 45.744697], [4.830749, 45.744678], [4.830787, 45.744656], [4.830847, 45.74462], [4.830862, 45.744611], [4.830953, 45.744641], [4.831217, 45.744536], [4.832487, 45.744028], [4.832608, 45.74398], [4.834034, 45.743415], [4.834095, 45.743384], [4.834127, 45.743374], [4.834214, 45.743344], [4.834279, 45.743318], [4.834315, 45.743306], [4.834333, 45.743319], [4.834361, 45.743355], [4.834392, 45.743387], [4.834397, 45.743402], [4.834419, 45.743389], [4.835316, 45.743084], [4.836017, 45.742838], [4.836132, 45.742809], [4.836603, 45.742777], [4.836654, 45.742771], [4.836686, 45.742768], [4.836719, 45.742765], [4.836725, 45.742765], [4.836723, 45.742753], [4.83673, 45.742748], [4.836919, 45.742733], [4.83692, 45.742751], [4.837092, 45.742739], [4.837972, 45.742664], [4.838019, 45.742661], [4.838076, 45.742658], [4.838101, 45.742657], [4.838142, 45.742656], [4.838172, 45.742654], [4.838912, 45.742588], [4.838992, 45.742595], [4.838991, 45.742584], [4.838984, 45.742524], [4.83898, 45.742501], [4.838976, 45.74247], [4.839385, 45.742437], [4.839859, 45.7424], [4.840037, 45.742387], [4.840053, 45.742368], [4.840091, 45.74237], [4.840184, 45.742371], [4.840273, 45.742371], [4.840339, 45.742363], [4.839916, 45.741635], [4.839902, 45.74161], [4.839885, 45.741589], [4.839862, 45.741553], [4.839851, 45.741535], [4.839432, 45.740834], [4.839851, 45.741535], [4.839862, 45.741553], [4.839885, 45.741589], [4.839902, 45.74161], [4.839916, 45.741635], [4.840339, 45.742363], [4.840273, 45.742371], [4.840184, 45.742371], [4.840091, 45.74237], [4.840053, 45.742368], [4.840037, 45.742387], [4.839859, 45.7424], [4.839385, 45.742437], [4.838976, 45.74247], [4.83898, 45.742501], [4.838984, 45.742524], [4.838991, 45.742584], [4.838992, 45.742595], [4.838912, 45.742588], [4.838172, 45.742654], [4.838142, 45.742656], [4.838101, 45.742657], [4.838076, 45.742658], [4.838019, 45.742661], [4.837972, 45.742664], [4.837092, 45.742739], [4.83692, 45.742751], [4.836919, 45.742733], [4.83673, 45.742748], [4.836723, 45.742753], [4.836725, 45.742765], [4.836719, 45.742765], [4.836686, 45.742768], [4.836654, 45.742771], [4.836603, 45.742777], [4.836132, 45.742809], [4.836017, 45.742838], [4.835316, 45.743084], [4.834419, 45.743389], [4.834397, 45.743402], [4.834392, 45.743387], [4.834361, 45.743355], [4.834333, 45.743319], [4.834315, 45.743306], [4.834279, 45.743318], [4.834214, 45.743344], [4.834127, 45.743374], [4.834095, 45.743384], [4.834034, 45.743415], [4.832608, 45.74398], [4.832487, 45.744028], [4.831217, 45.744536], [4.830953, 45.744641], [4.830862, 45.744611], [4.830847, 45.74462], [4.830787, 45.744656], [4.830749, 45.744678], [4.830718, 45.744697], [4.830688, 45.744716], [4.830655, 45.744737], [4.830576, 45.744784], [4.830738, 45.744923], [4.831832, 45.745865], [4.832159, 45.746232], [4.832238, 45.746319], [4.83229, 45.746393], [4.832421, 45.74655], [4.833308, 45.747677], [4.833381, 45.747733], [4.833359, 45.747769], [4.833317, 45.747802], [4.831063, 45.748532], [4.831002, 45.748536], [4.830931, 45.748527], [4.830862, 45.748491], [4.830762, 45.748377], [4.830609, 45.74843], [4.830704, 45.748549], [4.830757, 45.748604], [4.830755, 45.748632], [4.830323, 45.74875], [4.830276, 45.748737], [4.830159, 45.74877], [4.830097, 45.748703], [4.830067, 45.74868], [4.830021, 45.748659], [4.829684, 45.748646], [4.829292, 45.748208], [4.82913, 45.748259], [4.829116, 45.748234], [4.829306, 45.748174], [4.829336, 45.74821], [4.829352, 45.748228], [4.828683, 45.74844], [4.828618, 45.748362], [4.828642, 45.748354], [4.828679, 45.748342], [4.828276, 45.747866], [4.829225, 45.747475], [4.829216, 45.747467], [4.829197, 45.747445], [4.829176, 45.747421], [4.829172, 45.747418], [4.828418, 45.746533], [4.828393, 45.746525], [4.828373, 45.746502], [4.828363, 45.746491], [4.828346, 45.746471], [4.828327, 45.746451], [4.828329, 45.746431], [4.827533, 45.745496], [4.827495, 45.745444], [4.827458, 45.745402], [4.827418, 45.745357], [4.827385, 45.745312], [4.826648, 45.744434], [4.826626, 45.74441], [4.826613, 45.744397], [4.826597, 45.744379], [4.826579, 45.744361], [4.825794, 45.743444], [4.825761, 45.743406], [4.82574, 45.743381], [4.825728, 45.743368], [4.82571, 45.743347], [4.82569, 45.743323], [4.825664, 45.743293], [4.824949, 45.742452], [4.8249, 45.742394], [4.824876, 45.742366], [4.824859, 45.742346], [4.824807, 45.742285], [4.823992, 45.741336], [4.823902, 45.741354], [4.823879, 45.741329], [4.823857, 45.741306], [4.823834, 45.741282], [4.823816, 45.741262], [4.823873, 45.741238], [4.823882, 45.741204], [4.823791, 45.741095], [4.823592, 45.740855], [4.823577, 45.740812], [4.823622, 45.740793], [4.823649, 45.740782], [4.823702, 45.740761], [4.823751, 45.740816], [4.823702, 45.740761], [4.823649, 45.740782], [4.823622, 45.740793], [4.823577, 45.740812], [4.823525, 45.740813], [4.823259, 45.740919], [4.822586, 45.741199], [4.822642, 45.741266], [4.82275, 45.741395], [4.822943, 45.741627], [4.822914, 45.74164], [4.822884, 45.741652], [4.822847, 45.741668], [4.822827, 45.741676], [4.822796, 45.741689], [4.82247, 45.741826], [4.822287, 45.741902], [4.821945, 45.742046], [4.821962, 45.742065], [4.821983, 45.742089], [4.822004, 45.742115], [4.822024, 45.742138], [4.821998, 45.74215], [4.821987, 45.742172], [4.822001, 45.74219], [4.822778, 45.743094], [4.822812, 45.743125], [4.822857, 45.743166], [4.822883, 45.743197], [4.822903, 45.743222], [4.822932, 45.743272], [4.822953, 45.743309], [4.823389, 45.743818], [4.823373, 45.743825], [4.823334, 45.743841], [4.823299, 45.743856], [4.823278, 45.743865], [4.823565, 45.744205], [4.823587, 45.744231], [4.823605, 45.744252], [4.823612, 45.744261], [4.82364, 45.744316], [4.8236, 45.744351], [4.823449, 45.74441], [4.823507, 45.74448], [4.823419, 45.744735], [4.823364, 45.744894], [4.823351, 45.744931], [4.823343, 45.744954], [4.823354, 45.745059], [4.823483, 45.745113], [4.823559, 45.745128], [4.823661, 45.74524], [4.823623, 45.745255], [4.823815, 45.745481], [4.823516, 45.745604], [4.823544, 45.745648], [4.82356, 45.745665], [4.823584, 45.745693], [4.823608, 45.745715], [4.823678, 45.745772], [4.824358, 45.746584], [4.824382, 45.746613], [4.824424, 45.746663], [4.824459, 45.746705], [4.824465, 45.746712], [4.824497, 45.746751], [4.824972, 45.747322], [4.82504, 45.747403], [4.825103, 45.747469], [4.825124, 45.747495], [4.825184, 45.747565], [4.825238, 45.747629], [4.825209, 45.747642], [4.825176, 45.747656], [4.824973, 45.747714], [4.824798, 45.747771], [4.824703, 45.747827], [4.824784, 45.747922], [4.824758, 45.747933], [4.824117, 45.748203], [4.824066, 45.748218], [4.824045, 45.748223], [4.824013, 45.748235], [4.823988, 45.748245], [4.823958, 45.748256], [4.823951, 45.748278], [4.823777, 45.748347], [4.823399, 45.748505], [4.822799, 45.748755], [4.822494, 45.748879], [4.821976, 45.749094], [4.821992, 45.749118], [4.822004, 45.749134], [4.822018, 45.749151], [4.82204, 45.749174], [4.822011, 45.749188], [4.821983, 45.749198], [4.821955, 45.749207], [4.821926, 45.749217], [4.822282, 45.74965], [4.822537, 45.749948], [4.82275, 45.750199], [4.822743, 45.750214], [4.822761, 45.750244], [4.822773, 45.750264], [4.822787, 45.750287], [4.822813, 45.750366], [4.822816, 45.750379], [4.82281, 45.750416], [4.822805, 45.750442], [4.822804, 45.750458], [4.822908, 45.750527], [4.82297, 45.750569], [4.823107, 45.750692], [4.823262, 45.750869], [4.823277, 45.750911], [4.823236, 45.750907], [4.823201, 45.750915], [4.823158, 45.750925], [4.82314, 45.750932], [4.823152, 45.750953], [4.823155, 45.751005], [4.823123, 45.751076], [4.823086, 45.751094], [4.821771, 45.75152], [4.821706, 45.75152], [4.821677, 45.75152], [4.82104, 45.75124], [4.820974, 45.751289], [4.820941, 45.751305], [4.820876, 45.751305], [4.820709, 45.751313], [4.820655, 45.751309], [4.820629, 45.751357], [4.820449, 45.751429], [4.820311, 45.751507], [4.82017, 45.751603], [4.820101, 45.751672], [4.820046, 45.75174], [4.819958, 45.75189], [4.819922, 45.75198], [4.819898, 45.752103], [4.819925, 45.752208], [4.819875, 45.752251], [4.819741, 45.752154], [4.819678, 45.75207], [4.819657, 45.751975], [4.819628, 45.751913], [4.819531, 45.751859], [4.819495, 45.751874], [4.819466, 45.751851], [4.819319, 45.751812], [4.819178, 45.751773], [4.818856, 45.751665], [4.818236, 45.751242], [4.817997, 45.751117], [4.817146, 45.75112], [4.817032, 45.751098], [4.816953, 45.751056], [4.816518, 45.750909], [4.816431, 45.750898], [4.816363, 45.750876], [4.816131, 45.750802], [4.815872, 45.750666], [4.815802, 45.750633], [4.815701, 45.750632], [4.81558, 45.750604], [4.815572, 45.750621], [4.815571, 45.750625], [4.815519, 45.750617], [4.815416, 45.750614], [4.815237, 45.750622], [4.814999, 45.750642], [4.814746, 45.750698], [4.814745, 45.750703], [4.814748, 45.750717], [4.814582, 45.750741], [4.814471, 45.750734], [4.814364, 45.750697], [4.814296, 45.750643], [4.814247, 45.750573], [4.814234, 45.750523], [4.81424, 45.750474], [4.814224, 45.750473], [4.814182, 45.750472], [4.814183, 45.750421], [4.814189, 45.750134], [4.814216, 45.74981], [4.814211, 45.749695], [4.814179, 45.74958], [4.814121, 45.749459], [4.813885, 45.74916], [4.813826, 45.749088], [4.813693, 45.748956], [4.813581, 45.748871], [4.813466, 45.748797], [4.813371, 45.748751], [4.812969, 45.748614], [4.812876, 45.748572], [4.81281, 45.74852], [4.812756, 45.748461], [4.812637, 45.74832], [4.812515, 45.748139], [4.812424, 45.74806], [4.812284, 45.748022], [4.812043, 45.748017], [4.811918, 45.747996], [4.811823, 45.747963], [4.811746, 45.747916], [4.811674, 45.747846], [4.811629, 45.747775], [4.811335, 45.74719], [4.811629, 45.747775], [4.811674, 45.747846], [4.811746, 45.747916], [4.811823, 45.747963], [4.811918, 45.747996], [4.812043, 45.748017], [4.812284, 45.748022], [4.812424, 45.74806], [4.812515, 45.748139], [4.812637, 45.74832], [4.812756, 45.748461], [4.81281, 45.74852], [4.812876, 45.748572], [4.812969, 45.748614], [4.813371, 45.748751], [4.813466, 45.748797], [4.813581, 45.748871], [4.813693, 45.748956], [4.813826, 45.749088], [4.813885, 45.74916], [4.814121, 45.749459], [4.814179, 45.74958], [4.814211, 45.749695], [4.814216, 45.74981], [4.814189, 45.750134], [4.814183, 45.750421], [4.814182, 45.750472], [4.814224, 45.750473], [4.81424, 45.750474], [4.814234, 45.750523], [4.814247, 45.750573], [4.814296, 45.750643], [4.814364, 45.750697], [4.814471, 45.750734], [4.814582, 45.750741], [4.814748, 45.750717], [4.814745, 45.750703], [4.814746, 45.750698], [4.814999, 45.750642], [4.815237, 45.750622], [4.815416, 45.750614], [4.815519, 45.750617], [4.815571, 45.750625], [4.815572, 45.750621], [4.81558, 45.750604], [4.815701, 45.750632], [4.815788, 45.750701], [4.816083, 45.751037], [4.816394, 45.751369], [4.816482, 45.751532], [4.816492, 45.751562], [4.816493, 45.75159], [4.816532, 45.751622], [4.81655, 45.75166], [4.816642, 45.751775], [4.816633, 45.751779], [4.816593, 45.751796], [4.816554, 45.751812], [4.816543, 45.751819], [4.816518, 45.751844], [4.816488, 45.751875], [4.816485, 45.751903], [4.816493, 45.751937], [4.8165, 45.751973], [4.816503, 45.752], [4.816512, 45.752035], [4.816519, 45.752058], [4.816531, 45.752067], [4.816441, 45.752119], [4.816384, 45.752174], [4.816335, 45.752342], [4.816255, 45.752845], [4.816241, 45.752897], [4.816194, 45.752993], [4.816165, 45.753144], [4.816169, 45.753242], [4.816178, 45.753356], [4.816168, 45.753356], [4.816124, 45.753359], [4.816081, 45.753361], [4.816057, 45.753363], [4.816093, 45.753566], [4.816096, 45.753763], [4.816139, 45.754151], [4.816203, 45.754848], [4.816197, 45.754869], [4.816188, 45.754897], [4.816195, 45.754923], [4.816201, 45.754951], [4.816239, 45.754995], [4.816259, 45.755023], [4.81631, 45.755102], [4.816307, 45.755139], [4.816001, 45.755439], [4.815974, 45.755525], [4.815924, 45.755575], [4.81589, 45.75561], [4.815862, 45.755637], [4.815814, 45.755641], [4.815818, 45.755654], [4.815798, 45.755673], [4.815758, 45.755712], [4.815746, 45.755735], [4.815736, 45.755753], [4.815505, 45.755968], [4.815363, 45.756084], [4.815357, 45.756089], [4.815327, 45.756108], [4.815309, 45.75612], [4.815296, 45.756129], [4.815303, 45.756151], [4.815296, 45.756179], [4.815256, 45.756212], [4.815228, 45.756219], [4.814786, 45.756625], [4.814701, 45.756673], [4.814705, 45.756681], [4.81468, 45.75671], [4.81465, 45.756745], [4.814604, 45.756806], [4.814501, 45.756899], [4.814363, 45.757001], [4.813889, 45.757428], [4.813876, 45.75744], [4.813863, 45.757455], [4.813845, 45.757473], [4.813832, 45.757486], [4.813822, 45.757495], [4.813782, 45.757537], [4.813704, 45.757615], [4.813474, 45.757812], [4.813323, 45.757931], [4.813214, 45.757946], [4.813213, 45.757954], [4.81321, 45.757979], [4.813206, 45.758011], [4.813177, 45.758048], [4.813151, 45.758076], [4.8131, 45.758129], [4.813085, 45.758141], [4.813007, 45.758212], [4.812998, 45.75822], [4.812969, 45.758249], [4.812949, 45.758268], [4.812944, 45.758279], [4.812967, 45.758327], [4.812937, 45.758356], [4.812854, 45.758424], [4.812457, 45.758571], [4.812322, 45.758622], [4.81227, 45.758634], [4.811873, 45.758671], [4.811706, 45.758686], [4.811684, 45.758673], [4.811677, 45.758673], [4.81164, 45.758675], [4.811597, 45.758678], [4.811581, 45.758679], [4.811582, 45.75869], [4.811467, 45.7587], [4.811087, 45.758731], [4.810725, 45.75876], [4.810711, 45.758756], [4.8107, 45.758757], [4.810675, 45.75876], [4.810637, 45.758764], [4.810627, 45.75876], [4.810616, 45.758772], [4.810178, 45.758815], [4.810065, 45.758833], [4.809952, 45.758861], [4.808769, 45.759215], [4.808734, 45.75922], [4.808723, 45.759214], [4.8087, 45.759217], [4.808678, 45.759223], [4.808658, 45.759228], [4.808643, 45.759229], [4.808645, 45.759254], [4.808619, 45.759262], [4.807386, 45.759631], [4.806683, 45.759881], [4.806146, 45.760059], [4.806015, 45.760085], [4.805856, 45.760097], [4.80571, 45.760099], [4.80568, 45.760101], [4.805658, 45.760102], [4.80564, 45.760103], [4.805585, 45.759167], [4.805585, 45.759156], [4.805572, 45.759141], [4.805539, 45.759131], [4.805501, 45.759134], [4.805494, 45.759105], [4.805488, 45.759079], [4.805617, 45.759058], [4.806174, 45.758838], [4.80625, 45.758807], [4.806837, 45.758601], [4.806837, 45.758601], [4.80625, 45.758807], [4.806174, 45.758838], [4.805617, 45.759058], [4.805488, 45.759079], [4.805494, 45.759105], [4.805501, 45.759134], [4.805539, 45.759131], [4.805572, 45.759141], [4.805585, 45.759156], [4.805585, 45.759167], [4.80564, 45.760103], [4.805658, 45.760102], [4.80568, 45.760101], [4.80571, 45.760099], [4.805856, 45.760097], [4.806015, 45.760085], [4.806146, 45.760059], [4.806683, 45.759881], [4.807386, 45.759631], [4.808619, 45.759262], [4.808645, 45.759254], [4.808643, 45.759229], [4.808658, 45.759228], [4.808678, 45.759223], [4.8087, 45.759217], [4.808723, 45.759214], [4.808734, 45.75922], [4.808769, 45.759215], [4.809952, 45.758861], [4.810065, 45.758833], [4.810178, 45.758815], [4.810616, 45.758772], [4.810627, 45.75876], [4.810637, 45.758764], [4.810675, 45.75876], [4.8107, 45.758757], [4.810711, 45.758756], [4.810725, 45.75876], [4.811087, 45.758731], [4.811467, 45.7587], [4.811582, 45.75869], [4.811581, 45.758679], [4.811597, 45.758678], [4.81164, 45.758675], [4.811677, 45.758673], [4.811684, 45.758673], [4.811706, 45.758686], [4.811873, 45.758671], [4.81227, 45.758634], [4.812322, 45.758622], [4.812457, 45.758571], [4.812854, 45.758424], [4.812937, 45.758356], [4.812967, 45.758327], [4.812944, 45.758279], [4.812949, 45.758268], [4.812969, 45.758249], [4.812998, 45.75822], [4.813007, 45.758212], [4.813085, 45.758141], [4.8131, 45.758129], [4.813151, 45.758076], [4.813177, 45.758048], [4.813206, 45.758011], [4.81321, 45.757979], [4.813213, 45.757954], [4.813214, 45.757946], [4.813323, 45.757931], [4.813474, 45.757812], [4.813704, 45.757615], [4.813782, 45.757537], [4.813822, 45.757495], [4.813832, 45.757486], [4.813845, 45.757473], [4.813863, 45.757455], [4.813876, 45.75744], [4.813889, 45.757428], [4.814363, 45.757001], [4.814501, 45.756899], [4.814604, 45.756806], [4.81465, 45.756745], [4.81468, 45.75671], [4.814705, 45.756681], [4.814701, 45.756673], [4.814786, 45.756625], [4.815228, 45.756219], [4.815256, 45.756212], [4.815296, 45.756179], [4.815303, 45.756183], [4.815336, 45.756202], [4.815375, 45.756225], [4.815384, 45.756229], [4.815397, 45.756218], [4.815424, 45.756186], [4.815439, 45.756169], [4.815443, 45.756164], [4.815881, 45.755758], [4.815905, 45.755738], [4.815928, 45.755744], [4.815931, 45.755739], [4.815953, 45.755714], [4.815982, 45.755683], [4.815992, 45.755664], [4.816017, 45.755691], [4.816125, 45.755739], [4.816372, 45.755824], [4.816426, 45.755824], [4.816597, 45.755873], [4.816816, 45.755937], [4.817482, 45.75613], [4.817561, 45.756182], [4.817662, 45.756176], [4.818498, 45.755991], [4.818512, 45.755988], [4.818536, 45.755984], [4.818572, 45.755976], [4.818637, 45.755963], [4.818678, 45.755967], [4.819, 45.755997], [4.819038, 45.755996], [4.819067, 45.756006], [4.819114, 45.756022], [4.819165, 45.756039], [4.819195, 45.756049], [4.819268, 45.756091], [4.819826, 45.756276], [4.820151, 45.756402], [4.820523, 45.756619], [4.820845, 45.75686], [4.820923, 45.756882], [4.821121, 45.757018], [4.821438, 45.757254], [4.821574, 45.757385], [4.821592, 45.757377], [4.821602, 45.757386], [4.821708, 45.757484], [4.821745, 45.7575], [4.821781, 45.757531], [4.821814, 45.757561], [4.82192, 45.757629], [4.822018, 45.757678], [4.822124, 45.757714], [4.822335, 45.757758], [4.822435, 45.757767], [4.822598, 45.757766], [4.822715, 45.757755], [4.823138, 45.757706], [4.823137, 45.757687], [4.82328, 45.757456], [4.823557, 45.757158], [4.823609, 45.757155], [4.823642, 45.757171], [4.823691, 45.757216], [4.824012, 45.757435], [4.824492, 45.757749], [4.824954, 45.757631], [4.824938, 45.757604], [4.824946, 45.757602], [4.824968, 45.757595], [4.824989, 45.757589], [4.824999, 45.757586], [4.825446, 45.757431], [4.82553, 45.757381], [4.825533, 45.75738], [4.825567, 45.757364], [4.825599, 45.757349], [4.825636, 45.757325], [4.825652, 45.757319], [4.825666, 45.757314], [4.825673, 45.757312], [4.825712, 45.757331], [4.825728, 45.757324], [4.826833, 45.756871], [4.826863, 45.756858], [4.826899, 45.756887], [4.826907, 45.756895], [4.826915, 45.756891], [4.826926, 45.756886], [4.826981, 45.756859], [4.82701, 45.756846], [4.827037, 45.756836], [4.827981, 45.757652], [4.828033, 45.757666], [4.828081, 45.757678], [4.828119, 45.757718], [4.828141, 45.757743], [4.828148, 45.757752], [4.828157, 45.757758], [4.828167, 45.757765], [4.828177, 45.757774], [4.828194, 45.757761], [4.828828, 45.757554], [4.828855, 45.757546], [4.828884, 45.757536], [4.828911, 45.757528], [4.828936, 45.75752], [4.828941, 45.757518], [4.829303, 45.757997], [4.829311, 45.758005], [4.82933, 45.75803], [4.829353, 45.75806], [4.829358, 45.758064], [4.830081, 45.75785], [4.830096, 45.757875], [4.830126, 45.757866], [4.830158, 45.757858], [4.830188, 45.75785], [4.830227, 45.75784], [4.830266, 45.757829], [4.830304, 45.757818], [4.830341, 45.757806], [4.830354, 45.757801], [4.830337, 45.757732], [4.830292, 45.757652], [4.831154, 45.757413], [4.831201, 45.757496], [4.831303, 45.757589], [4.831321, 45.757584], [4.831406, 45.75756], [4.831424, 45.757555], [4.831452, 45.757605], [4.831794, 45.757511], [4.831955, 45.75781]]}, "properties": {"heading": 216, "length_km": 14.65, "retrace": 0.454}}, {"type": "Feature", "geometry": {"type": "LineString", "coordinates": [[4.831955, 45.75781], [4.831794, 45.757511], [4.831452, 45.757605], [4.831424, 45.757555], [4.831406, 45.75756], [4.831321, 45.757584], [4.831303, 45.757589], [4.831201, 45.757496], [4.831154, 45.757413], [4.831797, 45.757235], [4.831829, 45.75729], [4.831907, 45.757426], [4.832076, 45.757378], [4.832943, 45.757573], [4.833079, 45.757603], [4.833514, 45.757707], [4.833674, 45.757762], [4.833774, 45.757796], [4.833974, 45.757871], [4.834016, 45.757862], [4.834078, 45.757848], [4.83416, 45.75783], [4.83426, 45.757807], [4.83428, 45.757852], [4.834888, 45.75768], [4.835291, 45.757562], [4.835406, 45.75753], [4.836291, 45.757272], [4.83633, 45.757221], [4.836345, 45.757217], [4.836388, 45.757205], [4.836524, 45.757165], [4.836573, 45.757151], [4.836763, 45.757096], [4.836832, 45.757078], [4.836905, 45.757056], [4.836932, 45.757049], [4.837004, 45.757064], [4.83709, 45.757051], [4.839508, 45.756325], [4.840064, 45.756117], [4.840008, 45.756021], [4.839695, 45.755571], [4.839567, 45.755399], [4.839554, 45.755381], [4.839158, 45.75486], [4.83871, 45.754286], [4.838408, 45.7539], [4.838108, 45.753528], [4.838016, 45.753415], [4.837903, 45.753274], [4.837866, 45.753252], [4.837653, 45.752968], [4.837387, 45.752637], [4.837235, 45.752446], [4.837156, 45.752347], [4.836941, 45.752075], [4.836878, 45.75204], [4.836863, 45.752022], [4.83682, 45.75197], [4.83677, 45.751916], [4.836721, 45.75183], [4.83625, 45.751222], [4.83561, 45.750403], [4.835477, 45.750233], [4.835223, 45.749909], [4.834908, 45.749582], [4.834863, 45.749543], [4.834828, 45.749511], [4.834565, 45.749269], [4.834193, 45.748799], [4.833718, 45.748204], [4.833656, 45.74814], [4.833754, 45.748099], [4.833729, 45.748066], [4.833665, 45.747977], [4.833647, 45.747952], [4.833629, 45.747926], [4.83362, 45.747915], [4.833607, 45.747898], [4.833578, 45.747859], [4.83356, 45.747835], [4.833555, 45.747824], [4.833573, 45.747781], [4.833545, 45.747736], [4.833538, 45.747739], [4.833501, 45.747746], [4.833462, 45.747742], [4.833432, 45.747739], [4.833381, 45.747733], [4.833308, 45.747677], [4.832421, 45.74655], [4.83229, 45.746393], [4.832238, 45.746319], [4.832159, 45.746232], [4.831832, 45.745865], [4.830738, 45.744923], [4.830576, 45.744784], [4.830655, 45.744737], [4.830688, 45.744716], [4.830718, 45.744697], [4.830749, 45.744678], [4.830787, 45.744656], [4.830847, 45.74462], [4.830862, 45.744611], [4.830953, 45.744641], [4.831217, 45.744536], [4.832487, 45.744028], [4.832608, 45.74398], [4.834034, 45.743415], [4.834095, 45.743384], [4.834032, 45.743251], [4.833316, 45.742441], [4.833178, 45.742285], [4.832303, 45.741295], [4.831726, 45.740629], [4.831791, 45.740597], [4.831832, 45.740582], [4.831873, 45.740567], [4.831891, 45.740559], [4.831915, 45.740547], [4.831938, 45.740536], [4.831973, 45.740522], [4.831885, 45.740417], [4.831918, 45.740371], [4.831889, 45.740337], [4.831854, 45.740292], [4.831797, 45.740221], [4.831786, 45.740203], [4.831894, 45.740188], [4.8322, 45.740076], [4.831894, 45.740188], [4.831786, 45.740203], [4.831797, 45.740221], [4.831854, 45.740292], [4.831889, 45.740337], [4.831918, 45.740371], [4.831885, 45.740417], [4.831973, 45.740522], [4.831938, 45.740536], [4.831915, 45.740547], [4.831891, 45.740559], [4.831873, 45.740567], [4.831832, 45.740582], [4.831791, 45.740597], [4.831726, 45.740629], [4.832303, 45.741295], [4.833178, 45.742285], [4.833316, 45.742441], [4.834032, 45.743251], [4.834095, 45.743384], [4.834034, 45.743415], [4.832608, 45.74398], [4.832487, 45.744028], [4.831217, 45.744536], [4.830953, 45.744641], [4.830862, 45.744611], [4.830847, 45.74462], [4.830787, 45.744656], [4.830749, 45.744678], [4.830718, 45.744697], [4.830688, 45.744716], [4.830655, 45.744737], [4.830576, 45.744784], [4.830738, 45.744923], [4.831832, 45.745865], [4.832159, 45.746232], [4.832238, 45.746319], [4.83229, 45.746393], [4.832421, 45.74655], [4.833308, 45.747677], [4.833381, 45.747733], [4.833359, 45.747769], [4.833317, 45.747802], [4.831063, 45.748532], [4.831002, 45.748536], [4.830931, 45.748527], [4.830862, 45.748491], [4.830762, 45.748377], [4.830609, 45.74843], [4.830704, 45.748549], [4.830757, 45.748604], [4.830755, 45.748632], [4.830323, 45.74875], [4.830276, 45.748737], [4.830159, 45.74877], [4.830097, 45.748703], [4.830067, 45.74868], [4.830021, 45.748659], [4.829684, 45.748646], [4.829292, 45.748208], [4.82913, 45.748259], [4.829116, 45.748234], [4.829306, 45.748174], [4.829336, 45.74821], [4.829352, 45.748228], [4.828683, 45.74844], [4.828618, 45.748362], [4.828571, 45.748379], [4.828555, 45.748384], [4.827544, 45.748699], [4.827506, 45.748711], [4.82747, 45.74872], [4.827357, 45.748578], [4.827298, 45.748599], [4.827255, 45.748589], [4.82725, 45.748579], [4.827212, 45.748524], [4.827189, 45.748501], [4.827096, 45.748449], [4.827018, 45.748422], [4.826938, 45.748406], [4.826877, 45.748401], [4.826802, 45.748398], [4.826769, 45.74836], [4.826735, 45.748375], [4.826728, 45.748363], [4.826674, 45.748299], [4.826654, 45.748275], [4.826625, 45.748247], [4.826584, 45.748212], [4.82651, 45.748123], [4.826642, 45.748071], [4.826671, 45.748059], [4.826646, 45.748029], [4.826529, 45.747891], [4.826443, 45.747791], [4.826348, 45.74768], [4.826259, 45.747576], [4.826162, 45.747462], [4.826152, 45.74745], [4.825981, 45.747525], [4.825922, 45.747551], [4.825898, 45.747524], [4.825854, 45.747472], [4.825769, 45.747506], [4.825704, 45.747434], [4.825571, 45.74749], [4.825384, 45.747568], [4.825238, 45.747629], [4.825209, 45.747642], [4.825176, 45.747656], [4.824973, 45.747714], [4.824798, 45.747771], [4.824703, 45.747827], [4.824784, 45.747922], [4.824758, 45.747933], [4.824117, 45.748203], [4.824066, 45.748218], [4.824045, 45.748223], [4.824013, 45.748235], [4.823988, 45.748245], [4.823958, 45.748256], [4.823951, 45.748278], [4.823777, 45.748347], [4.823399, 45.748505], [4.822799, 45.748755], [4.822494, 45.748879], [4.821976, 45.749094], [4.821947, 45.74911], [4.821919, 45.749123], [4.821889, 45.749134], [4.821861, 45.749147], [4.821713, 45.749197], [4.821282, 45.749377], [4.821247, 45.749351], [4.821219, 45.749371], [4.821171, 45.749403], [4.821147, 45.74942], [4.821126, 45.749434], [4.821111, 45.749444], [4.821096, 45.749455], [4.821038, 45.749495], [4.819974, 45.74875], [4.819901, 45.748699], [4.819672, 45.748532], [4.818661, 45.747796], [4.818527, 45.747702], [4.818515, 45.747692], [4.818589, 45.747645], [4.818599, 45.747641], [4.817715, 45.746596], [4.817572, 45.746428], [4.817051, 45.745813], [4.817013, 45.745769], [4.817045, 45.745757], [4.81706, 45.745748], [4.8171, 45.745731], [4.817128, 45.745719], [4.81717, 45.745701], [4.817189, 45.745693], [4.817234, 45.745674], [4.817258, 45.745664], [4.817594, 45.745526], [4.818195, 45.745271], [4.818145, 45.745213], [4.81812, 45.745184], [4.8181, 45.745161], [4.818046, 45.7451], [4.818084, 45.745084], [4.818099, 45.745078], [4.818128, 45.745066], [4.818161, 45.745052], [4.818189, 45.74504], [4.818033, 45.744849], [4.817507, 45.744237], [4.817416, 45.744113], [4.817513, 45.744065], [4.817476, 45.744027], [4.817455, 45.744005], [4.817431, 45.743981], [4.81741, 45.743961], [4.81735, 45.743986], [4.81734, 45.743975], [4.817097, 45.74369], [4.817048, 45.743628], [4.816998, 45.743574], [4.81709, 45.743536], [4.817127, 45.743521], [4.816909, 45.743263], [4.81691, 45.743262], [4.816909, 45.743263], [4.817127, 45.743521], [4.81709, 45.743536], [4.816998, 45.743574], [4.817048, 45.743628], [4.817097, 45.74369], [4.81734, 45.743975], [4.81735, 45.743986], [4.81741, 45.743961], [4.817431, 45.743981], [4.817455, 45.744005], [4.817476, 45.744027], [4.817513, 45.744065], [4.817416, 45.744113], [4.817507, 45.744237], [4.818033, 45.744849], [4.818189, 45.74504], [4.818161, 45.745052], [4.818128, 45.745066], [4.818099, 45.745078], [4.818084, 45.745084], [4.818046, 45.7451], [4.8181, 45.745161], [4.81812, 45.745184], [4.818145, 45.745213], [4.818195, 45.745271], [4.817594, 45.745526], [4.817258, 45.745664], [4.817234, 45.745674], [4.817189, 45.745693], [4.81717, 45.745701], [4.817128, 45.745719], [4.8171, 45.745731], [4.81706, 45.745748], [4.817045, 45.745757], [4.817013, 45.745769], [4.817051, 45.745813], [4.817572, 45.746428], [4.817715, 45.746596], [4.818599, 45.747641], [4.818589, 45.747645], [4.818515, 45.747692], [4.818527, 45.747702], [4.818661, 45.747796], [4.819672, 45.748532], [4.819901, 45.748699], [4.819974, 45.74875], [4.821038, 45.749495], [4.821197, 45.749606], [4.821717, 45.749978], [4.822028, 45.750195], [4.822054, 45.7502], [4.822115, 45.750211], [4.822466, 45.750454], [4.822732, 45.750644], [4.823126, 45.75091], [4.82314, 45.750932], [4.823152, 45.750953], [4.823155, 45.751005], [4.823123, 45.751076], [4.823086, 45.751094], [4.821771, 45.75152], [4.821706, 45.75152], [4.821677, 45.75152], [4.82104, 45.75124], [4.820974, 45.751289], [4.820941, 45.751305], [4.820876, 45.751305], [4.820709, 45.751313], [4.820655, 45.751309], [4.820629, 45.751357], [4.820449, 45.751429], [4.820311, 45.751507], [4.82017, 45.751603], [4.820101, 45.751672], [4.820046, 45.75174], [4.819958, 45.75189], [4.819922, 45.75198], [4.819898, 45.752103], [4.819925, 45.752208], [4.819875, 45.752251], [4.819741, 45.752154], [4.819678, 45.75207], [4.819657, 45.751975], [4.81955, 45.751987], [4.819534, 45.751986], [4.819509, 45.751987], [4.819508, 45.751971], [4.819508, 45.751932], [4.81947, 45.751934], [4.819445, 45.751948], [4.81916, 45.752201], [4.819104, 45.752235], [4.819037, 45.752252], [4.818893, 45.752318], [4.818765, 45.752439], [4.818736, 45.752457], [4.818687, 45.752468], [4.818448, 45.752462], [4.818366, 45.752476], [4.817816, 45.752706], [4.817381, 45.752871], [4.817344, 45.752909], [4.817338, 45.752905], [4.817338, 45.752864], [4.817321, 45.75286], [4.817309, 45.752917], [4.817291, 45.752915], [4.817253, 45.752911], [4.817219, 45.752907], [4.817186, 45.752903], [4.817149, 45.752899], [4.817113, 45.752894], [4.817104, 45.752893], [4.817079, 45.752967], [4.817032, 45.752983], [4.817031, 45.753003], [4.816497, 45.753179], [4.816276, 45.753233], [4.816226, 45.75322], [4.816214, 45.753225], [4.816201, 45.753242], [4.816169, 45.753242], [4.816178, 45.753356], [4.816168, 45.753356], [4.816124, 45.753359], [4.816081, 45.753361], [4.816057, 45.753363], [4.816093, 45.753566], [4.816096, 45.753763], [4.816139, 45.754151], [4.816203, 45.754848], [4.816197, 45.754869], [4.816188, 45.754897], [4.816195, 45.754923], [4.816201, 45.754951], [4.816239, 45.754995], [4.816259, 45.755023], [4.81631, 45.755102], [4.816307, 45.755139], [4.816001, 45.755439], [4.815974, 45.755525], [4.815924, 45.755575], [4.81589, 45.75561], [4.815862, 45.755637], [4.815814, 45.755641], [4.815363, 45.755682], [4.815313, 45.755681], [4.815266, 45.755668], [4.814979, 45.755492], [4.814976, 45.755479], [4.814909, 45.755436], [4.81452, 45.755185], [4.814472, 45.755175], [4.814407, 45.755175], [4.81402, 45.755267], [4.813885, 45.755292], [4.813892, 45.755311], [4.813807, 45.755328], [4.813776, 45.755334], [4.813799, 45.755393], [4.81376, 45.75539], [4.813747, 45.755391], [4.813718, 45.755384], [4.813296, 45.755468], [4.813287, 45.755448], [4.813281, 45.755432], [4.813277, 45.755421], [4.813273, 45.75541], [4.812924, 45.755477], [4.812877, 45.755447], [4.81278, 45.755279], [4.812786, 45.755269], [4.812799, 45.755252], [4.812537, 45.754851], [4.812525, 45.754833], [4.812511, 45.754829], [4.812502, 45.754827], [4.812487, 45.754834], [4.812451, 45.754851], [4.812408, 45.75487], [4.81236, 45.754894], [4.812312, 45.754878], [4.812131, 45.754932], [4.812112, 45.754961], [4.812089, 45.754962], [4.812044, 45.754971], [4.811993, 45.754981], [4.811977, 45.754985], [4.81195, 45.754984], [4.811733, 45.75504], [4.811003, 45.755291], [4.810343, 45.755442], [4.81034, 45.755434], [4.81032, 45.755388], [4.810304, 45.755352], [4.810297, 45.755336], [4.809633, 45.755479], [4.809074, 45.755517], [4.808939, 45.755476], [4.808921, 45.75545], [4.808893, 45.75544], [4.808775, 45.755389], [4.808757, 45.755386], [4.808684, 45.755362], [4.808629, 45.755345], [4.808614, 45.75534], [4.808607, 45.755357], [4.808573, 45.755362], [4.808511, 45.755338], [4.808453, 45.755312], [4.808066, 45.755162], [4.808043, 45.755132], [4.807961, 45.7551], [4.807905, 45.755099], [4.807513, 45.754935], [4.807305, 45.754822], [4.807419, 45.754512], [4.807525, 45.75443], [4.808016, 45.753718], [4.807997, 45.753712], [4.807982, 45.753707], [4.807905, 45.753683], [4.807834, 45.753662], [4.807819, 45.753657], [4.807804, 45.753653], [4.808002, 45.75334], [4.808316, 45.752775], [4.808643, 45.752097], [4.80859, 45.752109], [4.808294, 45.752661], [4.80795, 45.752783], [4.808294, 45.752661], [4.80859, 45.752109], [4.808643, 45.752097], [4.808316, 45.752775], [4.808002, 45.75334], [4.807804, 45.753653], [4.807697, 45.753821], [4.807415, 45.754225], [4.807227, 45.754481], [4.807028, 45.754726], [4.806947, 45.754712], [4.806941, 45.754718], [4.806903, 45.754765], [4.806897, 45.754771], [4.806892, 45.754778], [4.806864, 45.754813], [4.806856, 45.754823], [4.806935, 45.754861], [4.807073, 45.754932], [4.807044, 45.754966], [4.806955, 45.755011], [4.806918, 45.75518], [4.807079, 45.755832], [4.807103, 45.755923], [4.806784, 45.755979], [4.806679, 45.755973], [4.806173, 45.756029], [4.806178, 45.756053], [4.806186, 45.756082], [4.806194, 45.756111], [4.806199, 45.756141], [4.806065, 45.756156], [4.806016, 45.756209], [4.806018, 45.756264], [4.806075, 45.756348], [4.80617, 45.756407], [4.807157, 45.756527], [4.807633, 45.756585], [4.807781, 45.7566], [4.808606, 45.756689], [4.80885, 45.75675], [4.80935, 45.756891], [4.809655, 45.756965], [4.809925, 45.75704], [4.810339, 45.757066], [4.810339, 45.757081], [4.810337, 45.757113], [4.810333, 45.757145], [4.810331, 45.757158], [4.810573, 45.757227], [4.810747, 45.757329], [4.810991, 45.757442], [4.811013, 45.757477], [4.811051, 45.757468], [4.811084, 45.757473], [4.8111, 45.757475], [4.811142, 45.757486], [4.811214, 45.757674], [4.811223, 45.757694], [4.811228, 45.757705], [4.811231, 45.757713], [4.811245, 45.757744], [4.811684, 45.758673], [4.811706, 45.758686], [4.811873, 45.758671], [4.811875, 45.758678], [4.811891, 45.758724], [4.811908, 45.758779], [4.81191, 45.758786], [4.811872, 45.758826], [4.811867, 45.758831], [4.811852, 45.758871], [4.811867, 45.759069], [4.811385, 45.75947], [4.811078, 45.759724], [4.810736, 45.760009], [4.810682, 45.760031], [4.810604, 45.760094], [4.810572, 45.760125], [4.810571, 45.76015], [4.810562, 45.760158], [4.810533, 45.760184], [4.810509, 45.760205], [4.810499, 45.760213], [4.810477, 45.760211], [4.810424, 45.760239], [4.810341, 45.760308], [4.810246, 45.760388], [4.809735, 45.760769], [4.809468, 45.760964], [4.809338, 45.761101], [4.808896, 45.761576], [4.808844, 45.761631], [4.808747, 45.761767], [4.80851, 45.762109], [4.808344, 45.762368], [4.808144, 45.762615], [4.808086, 45.76269], [4.808006, 45.762789], [4.807935, 45.762877], [4.807539, 45.763354], [4.807935, 45.762877], [4.808006, 45.762789], [4.808086, 45.76269], [4.808144, 45.762615], [4.808344, 45.762368], [4.80851, 45.762109], [4.808747, 45.761767], [4.808844, 45.761631], [4.808896, 45.761576], [4.809338, 45.761101], [4.809468, 45.760964], [4.809735, 45.760769], [4.810246, 45.760388], [4.810341, 45.760308], [4.810424, 45.760239], [4.810477, 45.760211], [4.810499, 45.760213], [4.810509, 45.760205], [4.810533, 45.760184], [4.810562, 45.760158], [4.810571, 45.76015], [4.810572, 45.760125], [4.810604, 45.760094], [4.810682, 45.760031], [4.810736, 45.760009], [4.811078, 45.759724], [4.811385, 45.75947], [4.811867, 45.759069], [4.811852, 45.758871], [4.811867, 45.758831], [4.811872, 45.758826], [4.81191, 45.758786], [4.811908, 45.758779], [4.811891, 45.758724], [4.811875, 45.758678], [4.811873, 45.758671], [4.81227, 45.758634], [4.812322, 45.758622], [4.812457, 45.758571], [4.812854, 45.758424], [4.812937, 45.758356], [4.812967, 45.758327], [4.812944, 45.758279], [4.812949, 45.758268], [4.812969, 45.758249], [4.812998, 45.75822], [4.813007, 45.758212], [4.813085, 45.758141], [4.8131, 45.758129], [4.813151, 45.758076], [4.813177, 45.758048], [4.813206, 45.758011], [4.81321, 45.757979], [4.813213, 45.757954], [4.813214, 45.757946], [4.813323, 45.757931], [4.813474, 45.757812], [4.813704, 45.757615], [4.813782, 45.757537], [4.813822, 45.757495], [4.813832, 45.757486], [4.813845, 45.757473], [4.813863, 45.757455], [4.813876, 45.75744], [4.813889, 45.757428], [4.814363, 45.757001], [4.814501, 45.756899], [4.814604, 45.756806], [4.81465, 45.756745], [4.81468, 45.75671], [4.814705, 45.756681], [4.814701, 45.756673], [4.814786, 45.756625], [4.815228, 45.756219], [4.815256, 45.756212], [4.815296, 45.756179], [4.815303, 45.756183], [4.815336, 45.756202], [4.815375, 45.756225], [4.815384, 45.756229], [4.815397, 45.756218], [4.815424, 45.756186], [4.815439, 45.756169], [4.815443, 45.756164], [4.815881, 45.755758], [4.815905, 45.755738], [4.815928, 45.755744], [4.815931, 45.755739], [4.815953, 45.755714], [4.815982, 45.755683], [4.815992, 45.755664], [4.816017, 45.755691], [4.816125, 45.755739], [4.816372, 45.755824], [4.816426, 45.755824], [4.816597, 45.755873], [4.816816, 45.755937], [4.817482, 45.75613], [4.817561, 45.756182], [4.817662, 45.756176], [4.818498, 45.755991], [4.818512, 45.755988], [4.818536, 45.755984], [4.818572, 45.755976], [4.818637, 45.755963], [4.818678, 45.755967], [4.819, 45.755997], [4.819038, 45.755996], [4.819067, 45.756006], [4.819114, 45.756022], [4.819165, 45.756039], [4.819195, 45.756049], [4.819268, 45.756091], [4.819826, 45.756276], [4.820151, 45.756402], [4.820523, 45.756619], [4.820845, 45.75686], [4.820923, 45.756882], [4.821121, 45.757018], [4.821438, 45.757254], [4.821574, 45.757385], [4.821592, 45.757377], [4.821602, 45.757386], [4.821708, 45.757484], [4.821745, 45.7575], [4.821781, 45.757531], [4.821814, 45.757561], [4.82192, 45.757629], [4.822018, 45.757678], [4.822124, 45.757714], [4.822335, 45.757758], [4.822435, 45.757767], [4.822598, 45.757766], [4.822715, 45.757755], [4.823138, 45.757706], [4.823137, 45.757687], [4.82328, 45.757456], [4.823557, 45.757158], [4.823609, 45.757155], [4.823642, 45.757171], [4.823691, 45.757216], [4.824012, 45.757435], [4.824492, 45.757749], [4.824954, 45.757631], [4.824938, 45.757604], [4.824946, 45.757602], [4.824968, 45.757595], [4.824989, 45.757589], [4.824999, 45.757586], [4.825446, 45.757431], [4.82553, 45.757381], [4.825533, 45.75738], [4.825567, 45.757364], [4.825599, 45.757349], [4.825636, 45.757325], [4.825652, 45.757319], [4.825666, 45.757314], [4.825673, 45.757312], [4.825712, 45.757331], [4.825728, 45.757324], [4.826833, 45.756871], [4.826863, 45.756858], [4.826899, 45.756887], [4.826907, 45.756895], [4.826915, 45.756891], [4.826926, 45.756886], [4.826981, 45.756859], [4.82701, 45.756846], [4.827037, 45.756836], [4.827981, 45.757652], [4.828033, 45.757666], [4.828081, 45.757678], [4.828119, 45.757718], [4.828141, 45.757743], [4.828148, 45.757752], [4.828157, 45.757758], [4.828167, 45.757765], [4.828177, 45.757774], [4.828194, 45.757761], [4.828828, 45.757554], [4.828855, 45.757546], [4.828884, 45.757536], [4.828911, 45.757528], [4.828936, 45.75752], [4.828941, 45.757518], [4.829303, 45.757997], [4.829311, 45.758005], [4.82933, 45.75803], [4.829353, 45.75806], [4.829358, 45.758064], [4.830081, 45.75785], [4.830096, 45.757875], [4.830126, 45.757866], [4.830158, 45.757858], [4.830188, 45.75785], [4.830227, 45.75784], [4.830266, 45.757829], [4.830304, 45.757818], [4.830341, 45.757806], [4.830354, 45.757801], [4.830337, 45.757732], [4.830292, 45.757652], [4.831154, 45.757413], [4.831201, 45.757496], [4.831303, 45.757589], [4.831321, 45.757584], [4.831406, 45.75756], [4.831424, 45.757555], [4.831452, 45.757605], [4.831794, 45.757511], [4.831955, 45.75781]]}, "properties": {"heading": 234, "length_km": 14.624, "retrace": 0.426}}, {"type": "Feature", "geometry": {"type": "LineString", "coordinates": [[4.831955, 45.75781], [4.831794, 45.757511], [4.831452, 45.757605], [4.831424, 45.757555], [4.831406, 45.75756], [4.831321, 45.757584], [4.831303, 45.757589], [4.831201, 45.757496], [4.831154, 45.757413], [4.830292, 45.757652], [4.830337, 45.757732], [4.830354, 45.757801], [4.830341, 45.757806], [4.830304, 45.757818], [4.830266, 45.757829], [4.830227, 45.75784], [4.830188, 45.75785], [4.830158, 45.757858], [4.830126, 45.757866], [4.830096, 45.757875], [4.830081, 45.75785], [4.829358, 45.758064], [4.829353, 45.75806], [4.82933, 45.75803], [4.829311, 45.758005], [4.829303, 45.757997], [4.828941, 45.757518], [4.828936, 45.75752], [4.828911, 45.757528], [4.828884, 45.757536], [4.828855, 45.757546], [4.828828, 45.757554], [4.828823, 45.757541], [4.828783, 45.757496], [4.828733, 45.757442], [4.828729, 45.757425], [4.828224, 45.756778], [4.827989, 45.756479], [4.827967, 45.75646], [4.827938, 45.756434], [4.827926, 45.756418], [4.827913, 45.756405], [4.827899, 45.75638], [4.8275, 45.755864], [4.827491, 45.755851], [4.827483, 45.755839], [4.827436, 45.755782], [4.827416, 45.755758], [4.827338, 45.755666], [4.827308, 45.755631], [4.827257, 45.75557], [4.827242, 45.755558], [4.827233, 45.75555], [4.826603, 45.75466], [4.826213, 45.754103], [4.826201, 45.754087], [4.826193, 45.754073], [4.826183, 45.754059], [4.826171, 45.75404], [4.826194, 45.754017], [4.826219, 45.754008], [4.826241, 45.753999], [4.826278, 45.753983], [4.826161, 45.753832], [4.826162, 45.753812], [4.826156, 45.753806], [4.826144, 45.753787], [4.826132, 45.753766], [4.826115, 45.753745], [4.825852, 45.753378], [4.825843, 45.753366], [4.825827, 45.753348], [4.825816, 45.753334], [4.8258, 45.753316], [4.825554, 45.752968], [4.82554, 45.752944], [4.825527, 45.752923], [4.825511, 45.752895], [4.825494, 45.752866], [4.825251, 45.752521], [4.825235, 45.7525], [4.825226, 45.752487], [4.825213, 45.752471], [4.825198, 45.752452], [4.824676, 45.751711], [4.824658, 45.751689], [4.824646, 45.751671], [4.824638, 45.75166], [4.824627, 45.751638], [4.824578, 45.751574], [4.824162, 45.750973], [4.824173, 45.750962], [4.824159, 45.75094], [4.824151, 45.750926], [4.824126, 45.750882], [4.824118, 45.750869], [4.82411, 45.750859], [4.8241, 45.750844], [4.824089, 45.75083], [4.824078, 45.750817], [4.824051, 45.750785], [4.824022, 45.750747], [4.824013, 45.750738], [4.823956, 45.750755], [4.823906, 45.750769], [4.823853, 45.750785], [4.82383, 45.750792], [4.823773, 45.750808], [4.82369, 45.750834], [4.823661, 45.750841], [4.82349, 45.750812], [4.823421, 45.750764], [4.823373, 45.750689], [4.823359, 45.750561], [4.823347, 45.750558], [4.823283, 45.750546], [4.823212, 45.750532], [4.823185, 45.750527], [4.823113, 45.750549], [4.822984, 45.750491], [4.822986, 45.750485], [4.822996, 45.750454], [4.823005, 45.750427], [4.823008, 45.750417], [4.82293, 45.750396], [4.822918, 45.750393], [4.822893, 45.750386], [4.822844, 45.750373], [4.822813, 45.750366], [4.822787, 45.750287], [4.822773, 45.750264], [4.822761, 45.750244], [4.822743, 45.750214], [4.82275, 45.750199], [4.822537, 45.749948], [4.822282, 45.74965], [4.821926, 45.749217], [4.821955, 45.749207], [4.821983, 45.749198], [4.822011, 45.749188], [4.82204, 45.749174], [4.822018, 45.749151], [4.822004, 45.749134], [4.821992, 45.749118], [4.821976, 45.749094], [4.822494, 45.748879], [4.822799, 45.748755], [4.823399, 45.748505], [4.823777, 45.748347], [4.823951, 45.748278], [4.823958, 45.748256], [4.823988, 45.748245], [4.824013, 45.748235], [4.824045, 45.748223], [4.824066, 45.748218], [4.824117, 45.748203], [4.824758, 45.747933], [4.824784, 45.747922], [4.824703, 45.747827], [4.824798, 45.747771], [4.824973, 45.747714], [4.825176, 45.747656], [4.825209, 45.747642], [4.825238, 45.747629], [4.825184, 45.747565], [4.825124, 45.747495], [4.825103, 45.747469], [4.82504, 45.747403], [4.824972, 45.747322], [4.824497, 45.746751], [4.824465, 45.746712], [4.824459, 45.746705], [4.824424, 45.746663], [4.824382, 45.746613], [4.824358, 45.746584], [4.823678, 45.745772], [4.823608, 45.745715], [4.823584, 45.745693], [4.82356, 45.745665], [4.823544, 45.745648], [4.823516, 45.745604], [4.823815, 45.745481], [4.823623, 45.745255], [4.823661, 45.74524], [4.823559, 45.745128], [4.823483, 45.745113], [4.823354, 45.745059], [4.823343, 45.744954], [4.823351, 45.744931], [4.823364, 45.744894], [4.823419, 45.744735], [4.823507, 45.74448], [4.823449, 45.74441], [4.8236, 45.744351], [4.82364, 45.744316], [4.823612, 45.744261], [4.823605, 45.744252], [4.823587, 45.744231], [4.823565, 45.744205], [4.823278, 45.743865], [4.823299, 45.743856], [4.823334, 45.743841], [4.823373, 45.743825], [4.823389, 45.743818], [4.822953, 45.743309], [4.822932, 45.743272], [4.822903, 45.743222], [4.822883, 45.743197], [4.822857, 45.743166], [4.822812, 45.743125], [4.822778, 45.743094], [4.822001, 45.74219], [4.821987, 45.742172], [4.821998, 45.74215], [4.822024, 45.742138], [4.822004, 45.742115], [4.821983, 45.742089], [4.821962, 45.742065], [4.821945, 45.742046], [4.822287, 45.741902], [4.82247, 45.741826], [4.822796, 45.741689], [4.822827, 45.741676], [4.822847, 45.741668], [4.822884, 45.741652], [4.822914, 45.74164], [4.822943, 45.741627], [4.82275, 45.741395], [4.822642, 45.741266], [4.822586, 45.741199], [4.823259, 45.740919], [4.823525, 45.740813], [4.823577, 45.740812], [4.823622, 45.740793], [4.823649, 45.740782], [4.823702, 45.740761], [4.823751, 45.740816], [4.823702, 45.740761], [4.823649, 45.740782], [4.823622, 45.740793], [4.823577, 45.740812], [4.823525, 45.740813], [4.823259, 45.740919], [4.822586, 45.741199], [4.822642, 45.741266], [4.82275, 45.741395], [4.822943, 45.741627], [4.822914, 45.74164], [4.822884, 45.741652], [4.822847, 45.741668], [4.822827, 45.741676], [4.822796, 45.741689], [4.82247, 45.741826], [4.822287, 45.741902], [4.821945, 45.742046], [4.821962, 45.742065], [4.821983, 45.742089], [4.822004, 45.742115], [4.822024, 45.742138], [4.821998, 45.74215], [4.821987, 45.742172], [4.822001, 45.74219], [4.822778, 45.743094], [4.822812, 45.743125], [4.822857, 45.743166], [4.822883, 45.743197], [4.822903, 45.743222], [4.822932, 45.743272], [4.822953, 45.743309], [4.823389, 45.743818], [4.823373, 45.743825], [4.823334, 45.743841], [4.823299, 45.743856], [4.823278, 45.743865], [4.823565, 45.744205], [4.823587, 45.744231], [4.823605, 45.744252], [4.823612, 45.744261], [4.82364, 45.744316], [4.8236, 45.744351], [4.823449, 45.74441], [4.823507, 45.74448], [4.823419, 45.744735], [4.823364, 45.744894], [4.823351, 45.744931], [4.823343, 45.744954], [4.823354, 45.745059], [4.823483, 45.745113], [4.823559, 45.745128], [4.823661, 45.74524], [4.823623, 45.745255], [4.823815, 45.745481], [4.823516, 45.745604], [4.823544, 45.745648], [4.82356, 45.745665], [4.823584, 45.745693], [4.823608, 45.745715], [4.823678, 45.745772], [4.824358, 45.746584], [4.824382, 45.746613], [4.824424, 45.746663], [4.824459, 45.746705], [4.824465, 45.746712], [4.824497, 45.746751], [4.824972, 45.747322], [4.82504, 45.747403], [4.825103, 45.747469], [4.825124, 45.747495], [4.825184, 45.747565], [4.825238, 45.747629], [4.825209, 45.747642], [4.825176, 45.747656], [4.824973, 45.747714], [4.824798, 45.747771], [4.824703, 45.747827], [4.824784, 45.747922], [4.824758, 45.747933], [4.824117, 45.748203], [4.824066, 45.748218], [4.824045, 45.748223], [4.824013, 45.748235], [4.823988, 45.748245], [4.823958, 45.748256], [4.823951, 45.748278], [4.823777, 45.748347], [4.823399, 45.748505], [4.822799, 45.748755], [4.822494, 45.748879], [4.821976, 45.749094], [4.821992, 45.749118], [4.822004, 45.749134], [4.822018, 45.749151], [4.82204, 45.749174], [4.822011, 45.749188], [4.821983, 45.749198], [4.821955, 45.749207], [4.821926, 45.749217], [4.822282, 45.74965], [4.822537, 45.749948], [4.82275, 45.750199], [4.822743, 45.750214], [4.822761, 45.750244], [4.822773, 45.750264], [4.822787, 45.750287], [4.822813, 45.750366], [4.822816, 45.750379], [4.82281, 45.750416], [4.822805, 45.750442], [4.822804, 45.750458], [4.822908, 45.750527], [4.82297, 45.750569], [4.823107, 45.750692], [4.823262, 45.750869], [4.823277, 45.750911], [4.823236, 45.750907], [4.823201, 45.750915], [4.823158, 45.750925], [4.82314, 45.750932], [4.823152, 45.750953], [4.823155, 45.751005], [4.823123, 45.751076], [4.823086, 45.751094], [4.821771, 45.75152], [4.821706, 45.75152], [4.821677, 45.75152], [4.82104, 45.75124], [4.820974, 45.751289], [4.820941, 45.751305], [4.820876, 45.751305], [4.820709, 45.751313], [4.820655, 45.751309], [4.820629, 45.751357], [4.820449, 45.751429], [4.820311, 45.751507], [4.82017, 45.751603], [4.820101, 45.751672], [4.820046, 45.75174], [4.819958, 45.75189], [4.819922, 45.75198], [4.819898, 45.752103], [4.819925, 45.752208], [4.819875, 45.752251], [4.819741, 45.752154], [4.819678, 45.75207], [4.819657, 45.751975], [4.819628, 45.751913], [4.819531, 45.751859], [4.819495, 45.751874], [4.819466, 45.751851], [4.819319, 45.751812], [4.819178, 45.751773], [4.818856, 45.751665], [4.818236, 45.751242], [4.817997, 45.751117], [4.817146, 45.75112], [4.817032, 45.751098], [4.816953, 45.751056], [4.816518, 45.750909], [4.816431, 45.750898], [4.816363, 45.750876], [4.816131, 45.750802], [4.815872, 45.750666], [4.815802, 45.750633], [4.815701, 45.750632], [4.81558, 45.750604], [4.815572, 45.750621], [4.815571, 45.750625], [4.815519, 45.750617], [4.815416, 45.750614], [4.815237, 45.750622], [4.814999, 45.750642], [4.814746, 45.750698], [4.814745, 45.750703], [4.814748, 45.750717], [4.814582, 45.750741], [4.814471, 45.750734], [4.814364, 45.750697], [4.814296, 45.750643], [4.814247, 45.750573], [4.814234, 45.750523], [4.81424, 45.750474], [4.814224, 45.750473], [4.814182, 45.750472], [4.814183, 45.750421], [4.814189, 45.750134], [4.814216, 45.74981], [4.814211, 45.749695], [4.814179, 45.74958], [4.814121, 45.749459], [4.813885, 45.74916], [4.813826, 45.749088], [4.813693, 45.748956], [4.813581, 45.748871], [4.813466, 45.748797], [4.813371, 45.748751], [4.812969, 45.748614], [4.812876, 45.748572], [4.81281, 45.74852], [4.812756, 45.748461], [4.812637, 45.74832], [4.812515, 45.748139], [4.812424, 45.74806], [4.812284, 45.748022], [4.812043, 45.748017], [4.811918, 45.747996], [4.811823, 45.747963], [4.811746, 45.747916], [4.811674, 45.747846], [4.811629, 45.747775], [4.811335, 45.74719], [4.811629, 45.747775], [4.811674, 45.747846], [4.811746, 45.747916], [4.811823, 45.747963], [4.811918, 45.747996], [4.812043, 45.748017], [4.812284, 45.748022], [4.812424, 45.74806], [4.812515, 45.748139], [4.812637, 45.74832], [4.812756, 45.748461], [4.81281, 45.74852], [4.812876, 45.748572], [4.812969, 45.748614], [4.813371, 45.748751], [4.813466, 45.748797], [4.813581, 45.748871], [4.813693, 45.748956], [4.813826, 45.749088], [4.813885, 45.74916], [4.814121, 45.749459], [4.814179, 45.74958], [4.814211, 45.749695], [4.814216, 45.74981], [4.814189, 45.750134], [4.814183, 45.750421], [4.814182, 45.750472], [4.814224, 45.750473], [4.81424, 45.750474], [4.814234, 45.750523], [4.814247, 45.750573], [4.814296, 45.750643], [4.814364, 45.750697], [4.814471, 45.750734], [4.814582, 45.750741], [4.814748, 45.750717], [4.814745, 45.750703], [4.814746, 45.750698], [4.814999, 45.750642], [4.815237, 45.750622], [4.815416, 45.750614], [4.815519, 45.750617], [4.815571, 45.750625], [4.815572, 45.750621], [4.81558, 45.750604], [4.815701, 45.750632], [4.815788, 45.750701], [4.816083, 45.751037], [4.816394, 45.751369], [4.816482, 45.751532], [4.816492, 45.751562], [4.816493, 45.75159], [4.816532, 45.751622], [4.81655, 45.75166], [4.816642, 45.751775], [4.816633, 45.751779], [4.816593, 45.751796], [4.816554, 45.751812], [4.816543, 45.751819], [4.816518, 45.751844], [4.816488, 45.751875], [4.816485, 45.751903], [4.816493, 45.751937], [4.8165, 45.751973], [4.816503, 45.752], [4.816512, 45.752035], [4.816519, 45.752058], [4.816531, 45.752067], [4.816441, 45.752119], [4.816384, 45.752174], [4.816335, 45.752342], [4.816255, 45.752845], [4.816241, 45.752897], [4.816194, 45.752993], [4.816165, 45.753144], [4.816169, 45.753242], [4.816178, 45.753356], [4.816168, 45.753356], [4.816124, 45.753359], [4.816081, 45.753361], [4.816057, 45.753363], [4.816093, 45.753566], [4.816096, 45.753763], [4.816139, 45.754151], [4.816203, 45.754848], [4.816197, 45.754869], [4.816188, 45.754897], [4.816195, 45.754923], [4.816201, 45.754951], [4.816239, 45.754995], [4.816259, 45.755023], [4.81631, 45.755102], [4.816307, 45.755139], [4.816001, 45.755439], [4.815974, 45.755525], [4.815924, 45.755575], [4.81589, 45.75561], [4.815862, 45.755637], [4.815814, 45.755641], [4.815818, 45.755654], [4.815798, 45.755673], [4.815758, 45.755712], [4.815746, 45.755735], [4.815736, 45.755753], [4.815505, 45.755968], [4.815363, 45.756084], [4.815357, 45.756089], [4.815327, 45.756108], [4.815309, 45.75612], [4.815296, 45.756129], [4.815303, 45.756151], [4.815296, 45.756179], [4.815256, 45.756212], [4.815228, 45.756219], [4.814786, 45.756625], [4.814701, 45.756673], [4.814705, 45.756681], [4.81468, 45.75671], [4.81465, 45.756745], [4.814604, 45.756806], [4.814501, 45.756899], [4.814363, 45.757001], [4.813889, 45.757428], [4.813876, 45.75744], [4.813863, 45.757455], [4.813845, 45.757473], [4.813832, 45.757486], [4.813822, 45.757495], [4.813782, 45.757537], [4.813704, 45.757615], [4.813474, 45.757812], [4.813323, 45.757931], [4.813214, 45.757946], [4.813213, 45.757954], [4.81321, 45.757979], [4.813206, 45.758011], [4.813177, 45.758048], [4.813151, 45.758076], [4.8131, 45.758129], [4.813085, 45.758141], [4.813007, 45.758212], [4.812998, 45.75822], [4.812969, 45.758249], [4.812949, 45.758268], [4.812944, 45.758279], [4.812967, 45.758327], [4.812937, 45.758356], [4.812854, 45.758424], [4.812457, 45.758571], [4.812322, 45.758622], [4.81227, 45.758634], [4.811873, 45.758671], [4.811706, 45.758686], [4.811684, 45.758673], [4.811677, 45.758673], [4.81164, 45.758675], [4.811597, 45.758678], [4.811581, 45.758679], [4.811582, 45.75869], [4.811467, 45.7587], [4.811087, 45.758731], [4.810725, 45.75876], [4.810711, 45.758756], [4.8107, 45.758757], [4.810675, 45.75876], [4.810637, 45.758764], [4.810627, 45.75876], [4.810616, 45.758772], [4.810178, 45.758815], [4.810065, 45.758833], [4.809952, 45.758861], [4.808769, 45.759215], [4.808734, 45.75922], [4.808723, 45.759214], [4.8087, 45.759217], [4.808678, 45.759223], [4.808658, 45.759228], [4.808643, 45.759229], [4.808645, 45.759254], [4.808619, 45.759262], [4.807386, 45.759631], [4.806683, 45.759881], [4.806146, 45.760059], [4.806015, 45.760085], [4.805856, 45.760097], [4.80571, 45.760099], [4.80568, 45.760101], [4.805658, 45.760102], [4.80564, 45.760103], [4.805585, 45.759167], [4.805585, 45.759156], [4.805572, 45.759141], [4.805539, 45.759131], [4.805501, 45.759134], [4.805494, 45.759105], [4.805488, 45.759079], [4.805617, 45.759058], [4.806174, 45.758838], [4.80625, 45.758807], [4.806837, 45.758601], [4.806837, 45.758601], [4.80625, 45.758807], [4.806174, 45.758838], [4.805617, 45.759058], [4.805488, 45.759079], [4.805494, 45.759105], [4.805501, 45.759134], [4.805539, 45.759131], [4.805572, 45.759141], [4.805585, 45.759156], [4.805585, 45.759167], [4.80564, 45.760103], [4.805658, 45.760102], [4.80568, 45.760101], [4.80571, 45.760099], [4.805856, 45.760097], [4.806015, 45.760085], [4.806146, 45.760059], [4.806683, 45.759881], [4.807386, 45.759631], [4.808619, 45.759262], [4.808645, 45.759254], [4.808643, 45.759229], [4.808658, 45.759228], [4.808678, 45.759223], [4.8087, 45.759217], [4.808723, 45.759214], [4.808734, 45.75922], [4.808769, 45.759215], [4.809952, 45.758861], [4.810065, 45.758833], [4.810178, 45.758815], [4.810616, 45.758772], [4.810627, 45.75876], [4.810637, 45.758764], [4.810675, 45.75876], [4.8107, 45.758757], [4.810711, 45.758756], [4.810725, 45.75876], [4.811087, 45.758731], [4.811467, 45.7587], [4.811582, 45.75869], [4.811581, 45.758679], [4.811597, 45.758678], [4.81164, 45.758675], [4.811677, 45.758673], [4.811684, 45.758673], [4.811706, 45.758686], [4.811873, 45.758671], [4.81227, 45.758634], [4.812322, 45.758622], [4.812457, 45.758571], [4.812854, 45.758424], [4.812937, 45.758356], [4.812967, 45.758327], [4.812944, 45.758279], [4.812949, 45.758268], [4.812969, 45.758249], [4.812998, 45.75822], [4.813007, 45.758212], [4.813085, 45.758141], [4.8131, 45.758129], [4.813151, 45.758076], [4.813177, 45.758048], [4.813231, 45.758049], [4.813282, 45.758071], [4.813325, 45.758088], [4.813335, 45.758095], [4.813346, 45.758127], [4.813376, 45.75814], [4.813415, 45.758142], [4.813522, 45.758103], [4.813529, 45.758108], [4.813559, 45.758132], [4.813595, 45.758161], [4.813602, 45.758167], [4.813832, 45.758048], [4.813841, 45.758045], [4.813862, 45.758035], [4.813892, 45.758021], [4.813902, 45.758016], [4.814223, 45.758298], [4.814254, 45.758281], [4.814277, 45.758299], [4.814301, 45.758318], [4.814328, 45.75834], [4.814341, 45.75835], [4.814297, 45.758385], [4.814291, 45.758426], [4.814301, 45.758492], [4.814289, 45.758557], [4.81426, 45.758636], [4.814275, 45.75865], [4.814304, 45.758652], [4.814438, 45.75862], [4.814476, 45.758597], [4.814479, 45.758599], [4.814489, 45.758605], [4.814524, 45.758631], [4.814561, 45.758658], [4.814572, 45.758663], [4.81459, 45.758671], [4.814611, 45.758665], [4.814726, 45.758763], [4.814698, 45.758781], [4.81471, 45.758791], [4.814749, 45.758826], [4.814757, 45.758849], [4.81464, 45.758881], [4.814395, 45.758985], [4.814261, 45.759106], [4.814225, 45.759173], [4.814191, 45.759235], [4.814091, 45.759386], [4.814068, 45.759397], [4.814076, 45.759404], [4.814107, 45.759438], [4.814139, 45.759472], [4.814145, 45.759479], [4.813137, 45.759947], [4.812892, 45.760368], [4.812871, 45.760405], [4.812892, 45.760411], [4.812887, 45.76042], [4.812867, 45.760449], [4.812846, 45.76048], [4.812833, 45.760498], [4.812517, 45.761038], [4.812371, 45.761292], [4.812381, 45.761331], [4.812461, 45.761378], [4.812605, 45.761445], [4.812971, 45.761612], [4.813046, 45.761711], [4.813035, 45.761768], [4.81296, 45.761995], [4.812894, 45.762513], [4.812915, 45.76258], [4.81297, 45.762625], [4.813212, 45.762673], [4.813593, 45.762622], [4.813603, 45.76263], [4.813628, 45.762663], [4.813654, 45.762694], [4.813688, 45.762716], [4.813609, 45.762794], [4.814235, 45.762888], [4.81429, 45.762898], [4.814954, 45.762982], [4.81494, 45.763029], [4.815105, 45.763064], [4.81517, 45.763104], [4.815193, 45.763134], [4.81509, 45.763247], [4.815064, 45.763316], [4.81495, 45.763645], [4.815018, 45.763686], [4.815022, 45.763687], [4.815077, 45.763719], [4.815148, 45.763739], [4.815228, 45.763738], [4.815283, 45.763766], [4.815514, 45.763803], [4.815656, 45.763838], [4.815778, 45.763902], [4.815836, 45.763989], [4.815865, 45.764135], [4.816033, 45.764382], [4.816086, 45.764437], [4.816307, 45.764666], [4.816459, 45.764844], [4.816683, 45.765042], [4.816763, 45.765139], [4.816906, 45.765221], [4.816816, 45.765276], [4.816862, 45.76533], [4.817007, 45.765504], [4.817213, 45.765373], [4.81727, 45.765365], [4.817295, 45.765393], [4.817271, 45.765427], [4.817044, 45.76555], [4.817064, 45.765571], [4.817066, 45.765573], [4.816879, 45.765678], [4.816838, 45.765695], [4.816802, 45.765706], [4.816493, 45.765753], [4.81632, 45.765778], [4.815982, 45.765825], [4.815577, 45.765878], [4.81558, 45.765894], [4.815481, 45.765894], [4.815246, 45.765854], [4.815186, 45.765814], [4.815082, 45.765773], [4.814916, 45.765668], [4.814572, 45.765375], [4.814148, 45.765274], [4.814056, 45.765263], [4.813861, 45.765253], [4.813754, 45.765246], [4.813685, 45.765253], [4.813304, 45.765427], [4.813225, 45.765502], [4.813231, 45.765505], [4.813253, 45.765516], [4.81327, 45.765525], [4.813281, 45.76553], [4.813159, 45.765654], [4.812876, 45.765814], [4.812499, 45.766013], [4.812442, 45.766098], [4.812326, 45.766268], [4.812242, 45.766331], [4.811501, 45.766467], [4.81128, 45.766566], [4.811038, 45.766792], [4.810908, 45.766952], [4.810649, 45.767425], [4.810651, 45.767434], [4.810663, 45.767438], [4.810677, 45.767432], [4.810691, 45.767411], [4.810711, 45.767419], [4.810734, 45.767427], [4.810755, 45.767435], [4.810767, 45.76744], [4.810778, 45.767443], [4.811051, 45.767158], [4.811292, 45.766934], [4.811448, 45.766845], [4.811563, 45.766794], [4.811685, 45.766788], [4.81178, 45.766804], [4.811877, 45.766841], [4.811939, 45.766891], [4.81198, 45.76696], [4.811984, 45.767036], [4.811969, 45.767082], [4.811932, 45.767142], [4.811866, 45.767168], [4.811781, 45.76718], [4.811528, 45.76719], [4.811444, 45.76722], [4.81138, 45.767254], [4.811332, 45.767297], [4.811231, 45.767493], [4.810964, 45.768221], [4.810955, 45.768271], [4.810971, 45.768317], [4.811005, 45.768356], [4.811073, 45.768387], [4.811145, 45.768405], [4.811176, 45.768405], [4.811266, 45.768383], [4.81126, 45.768377], [4.811248, 45.768363], [4.811205, 45.768376], [4.811248, 45.768363], [4.81126, 45.768377], [4.811266, 45.768383], [4.81139, 45.768308], [4.811604, 45.768087], [4.811853, 45.767695], [4.811929, 45.767583], [4.812036, 45.767457], [4.812083, 45.767431], [4.812318, 45.767385], [4.812396, 45.767394], [4.812595, 45.767467], [4.812684, 45.767512], [4.813023, 45.767852], [4.813029, 45.767846], [4.813045, 45.767832], [4.813059, 45.767817], [4.813065, 45.767805], [4.813094, 45.767785], [4.813114, 45.767764], [4.813284, 45.767603], [4.813424, 45.767514], [4.813567, 45.767446], [4.813729, 45.767387], [4.813775, 45.767378], [4.814198, 45.767296], [4.814348, 45.767267], [4.814647, 45.767212], [4.814653, 45.767239], [4.814662, 45.767252], [4.814673, 45.767267], [4.814679, 45.767276], [4.814693, 45.767296], [4.814701, 45.767308], [4.81471, 45.76732], [4.814718, 45.767331], [4.814736, 45.767357], [4.814757, 45.76735], [4.814837, 45.767325], [4.814865, 45.767316], [4.814934, 45.767293], [4.815804, 45.766979], [4.815857, 45.766961], [4.815889, 45.766949], [4.815951, 45.766928], [4.81598, 45.766918], [4.816006, 45.766913], [4.816084, 45.766897], [4.816112, 45.766892], [4.816188, 45.766877], [4.816846, 45.766755], [4.817509, 45.766629], [4.817585, 45.766614], [4.817616, 45.766608], [4.817699, 45.766592], [4.817708, 45.766591], [4.8177, 45.766563], [4.817737, 45.766556], [4.817776, 45.76655], [4.817802, 45.766546], [4.817845, 45.766541], [4.818215, 45.766501], [4.818598, 45.766492], [4.818903, 45.766504], [4.819181, 45.766528], [4.819606, 45.766597], [4.819965, 45.766681], [4.820378, 45.766785], [4.820569, 45.766839], [4.820597, 45.766847], [4.820623, 45.766856], [4.820725, 45.766889], [4.820751, 45.766895], [4.820759, 45.766913], [4.820765, 45.766927], [4.821466, 45.76711], [4.821835, 45.767206], [4.82216, 45.767292], [4.822407, 45.767364], [4.8226, 45.767402], [4.822859, 45.767431], [4.823007, 45.767434], [4.823012, 45.767434], [4.823025, 45.767435], [4.823028, 45.767405], [4.823092, 45.767407], [4.823125, 45.767408], [4.823191, 45.76741], [4.82368, 45.767431], [4.823681, 45.767416], [4.823681, 45.767401], [4.823683, 45.76739], [4.823684, 45.767378], [4.823685, 45.767371], [4.823686, 45.767357], [4.823689, 45.767322], [4.823693, 45.76726], [4.82387, 45.767257], [4.825346, 45.767323], [4.825386, 45.76733], [4.825459, 45.767338], [4.825483, 45.76734], [4.825508, 45.767344], [4.82553, 45.767348], [4.825647, 45.767367], [4.825938, 45.767391], [4.82617, 45.767396], [4.826266, 45.767385], [4.827021, 45.767223], [4.827309, 45.767121], [4.827333, 45.76711], [4.827364, 45.767097], [4.827391, 45.767085], [4.82747, 45.767077], [4.82754, 45.767036], [4.827692, 45.766936], [4.827706, 45.766917], [4.827715, 45.766906], [4.827898, 45.766787], [4.827913, 45.766779], [4.827946, 45.766761], [4.828541, 45.766347], [4.828578, 45.766306], [4.828615, 45.766278], [4.828639, 45.76624], [4.828672, 45.766189], [4.828683, 45.766166], [4.828781, 45.765946], [4.828916, 45.765561], [4.828921, 45.765549], [4.82893, 45.765524], [4.828936, 45.765505], [4.828957, 45.765489], [4.82898, 45.765409], [4.828993, 45.7654], [4.829022, 45.765125], [4.829008, 45.76498], [4.828983, 45.76492], [4.828972, 45.764889], [4.828964, 45.764866], [4.828973, 45.764825], [4.828969, 45.764803], [4.828964, 45.764785], [4.82896, 45.764777], [4.828975, 45.764773], [4.829006, 45.764764], [4.829007, 45.764623], [4.82899, 45.764586], [4.828981, 45.764474], [4.828947, 45.764427], [4.828946, 45.764054], [4.828969, 45.763811], [4.82897, 45.763482], [4.829006, 45.763349], [4.829007, 45.763328], [4.829008, 45.763315], [4.82901, 45.763214], [4.829027, 45.763214], [4.829074, 45.763214], [4.82913, 45.763215], [4.82918, 45.763215], [4.829143, 45.762979], [4.829114, 45.762893], [4.829009, 45.762584], [4.828921, 45.762328], [4.828876, 45.762217], [4.828868, 45.762198], [4.828886, 45.762159], [4.828868, 45.76211], [4.828744, 45.761746], [4.828819, 45.761733], [4.828845, 45.761728], [4.828802, 45.761608], [4.828794, 45.761588], [4.828695, 45.761315], [4.828688, 45.761295], [4.828683, 45.761282], [4.828702, 45.761279], [4.828715, 45.761277], [4.828469, 45.760584], [4.828457, 45.760536], [4.828448, 45.760504], [4.828075, 45.759826], [4.828065, 45.759803], [4.828079, 45.759757], [4.828094, 45.759751], [4.828357, 45.759653], [4.82943, 45.759344], [4.829432, 45.75933], [4.82943, 45.759301], [4.82943, 45.759262], [4.82943, 45.759245], [4.829427, 45.759207], [4.829462, 45.759192], [4.829534, 45.759162], [4.82956, 45.759151], [4.829569, 45.759147], [4.82958, 45.759143], [4.829612, 45.759141], [4.829937, 45.759019], [4.829957, 45.759012], [4.829979, 45.759004], [4.830007, 45.758996], [4.83002, 45.758998], [4.830032, 45.759], [4.830669, 45.758818], [4.830699, 45.758794], [4.830721, 45.758788], [4.830748, 45.75878], [4.830801, 45.758764], [4.830821, 45.758759], [4.830866, 45.758746], [4.830899, 45.758736], [4.83093, 45.758721], [4.830953, 45.758709], [4.831181, 45.758637], [4.831335, 45.758593], [4.831734, 45.758487], [4.831685, 45.75839], [4.831695, 45.758387], [4.831788, 45.758362], [4.831826, 45.758351], [4.831788, 45.758283], [4.832152, 45.758176], [4.831955, 45.75781]]}, "properties": {"heading": 252, "length_km": 14.292, "retrace": 0.418}}, {"type": "Feature", "geometry": {"type": "LineString", "coordinates": [[4.831955, 45.75781], [4.831794, 45.757511], [4.831452, 45.757605], [4.831424, 45.757555], [4.831406, 45.75756], [4.831321, 45.757584], [4.831303, 45.757589], [4.831201, 45.757496], [4.831154, 45.757413], [4.830292, 45.757652], [4.830337, 45.757732], [4.830354, 45.757801], [4.830341, 45.757806], [4.830304, 45.757818], [4.830266, 45.757829], [4.830227, 45.75784], [4.830188, 45.75785], [4.830158, 45.757858], [4.830126, 45.757866], [4.830096, 45.757875], [4.830081, 45.75785], [4.829358, 45.758064], [4.829353, 45.75806], [4.82933, 45.75803], [4.829311, 45.758005], [4.829303, 45.757997], [4.828941, 45.757518], [4.828936, 45.75752], [4.828911, 45.757528], [4.828884, 45.757536], [4.828855, 45.757546], [4.828828, 45.757554], [4.828823, 45.757541], [4.828783, 45.757496], [4.828733, 45.757442], [4.828729, 45.757425], [4.828224, 45.756778], [4.827989, 45.756479], [4.827967, 45.75646], [4.827938, 45.756434], [4.827926, 45.756418], [4.827913, 45.756405], [4.827899, 45.75638], [4.8275, 45.755864], [4.827491, 45.755851], [4.827483, 45.755839], [4.827436, 45.755782], [4.827416, 45.755758], [4.827338, 45.755666], [4.827308, 45.755631], [4.827257, 45.75557], [4.827242, 45.755558], [4.827233, 45.75555], [4.826603, 45.75466], [4.826213, 45.754103], [4.826201, 45.754087], [4.826193, 45.754073], [4.826183, 45.754059], [4.826171, 45.75404], [4.826194, 45.754017], [4.826219, 45.754008], [4.826241, 45.753999], [4.826278, 45.753983], [4.826161, 45.753832], [4.826162, 45.753812], [4.826156, 45.753806], [4.826144, 45.753787], [4.826132, 45.753766], [4.826115, 45.753745], [4.825852, 45.753378], [4.825843, 45.753366], [4.825827, 45.753348], [4.825816, 45.753334], [4.8258, 45.753316], [4.825554, 45.752968], [4.82554, 45.752944], [4.825527, 45.752923], [4.825511, 45.752895], [4.825494, 45.752866], [4.825251, 45.752521], [4.825235, 45.7525], [4.825226, 45.752487], [4.825213, 45.752471], [4.825198, 45.752452], [4.824676, 45.751711], [4.824658, 45.751689], [4.824646, 45.751671], [4.824638, 45.75166], [4.824627, 45.751638], [4.824578, 45.751574], [4.824162, 45.750973], [4.824173, 45.750962], [4.824159, 45.75094], [4.824151, 45.750926], [4.824126, 45.750882], [4.824118, 45.750869], [4.82411, 45.750859], [4.8241, 45.750844], [4.824089, 45.75083], [4.824078, 45.750817], [4.824051, 45.750785], [4.824022, 45.750747], [4.824013, 45.750738], [4.823956, 45.750755], [4.823906, 45.750769], [4.823853, 45.750785], [4.82383, 45.750792], [4.823773, 45.750808], [4.82369, 45.750834], [4.823661, 45.750841], [4.82349, 45.750812], [4.823421, 45.750764], [4.823373, 45.750689], [4.823359, 45.750561], [4.823347, 45.750558], [4.823283, 45.750546], [4.823212, 45.750532], [4.823185, 45.750527], [4.823113, 45.750549], [4.822984, 45.750491], [4.822986, 45.750485], [4.822996, 45.750454], [4.823005, 45.750427], [4.823008, 45.750417], [4.82293, 45.750396], [4.822918, 45.750393], [4.822893, 45.750386], [4.822844, 45.750373], [4.822813, 45.750366], [4.822787, 45.750287], [4.822773, 45.750264], [4.822761, 45.750244], [4.822743, 45.750214], [4.822603, 45.750256], [4.822551, 45.750261], [4.822498, 45.750233], [4.821406, 45.749466], [4.821378, 45.749484], [4.821328, 45.749518], [4.821308, 45.749532], [4.821285, 45.749547], [4.82127, 45.749557], [4.821256, 45.749566], [4.821197, 45.749606], [4.821038, 45.749495], [4.819974, 45.74875], [4.819901, 45.748699], [4.819672, 45.748532], [4.818661, 45.747796], [4.818527, 45.747702], [4.818515, 45.747692], [4.818589, 45.747645], [4.818599, 45.747641], [4.817715, 45.746596], [4.817572, 45.746428], [4.817051, 45.745813], [4.817013, 45.745769], [4.817045, 45.745757], [4.81706, 45.745748], [4.8171, 45.745731], [4.817128, 45.745719], [4.81717, 45.745701], [4.817189, 45.745693], [4.817234, 45.745674], [4.817258, 45.745664], [4.817594, 45.745526], [4.818195, 45.745271], [4.818145, 45.745213], [4.81812, 45.745184], [4.8181, 45.745161], [4.818046, 45.7451], [4.818084, 45.745084], [4.818099, 45.745078], [4.818128, 45.745066], [4.818161, 45.745052], [4.818189, 45.74504], [4.818033, 45.744849], [4.817507, 45.744237], [4.817416, 45.744113], [4.817513, 45.744065], [4.817476, 45.744027], [4.817455, 45.744005], [4.817431, 45.743981], [4.81741, 45.743961], [4.81735, 45.743986], [4.81734, 45.743975], [4.817097, 45.74369], [4.817048, 45.743628], [4.816998, 45.743574], [4.81709, 45.743536], [4.817127, 45.743521], [4.816909, 45.743263], [4.81691, 45.743262], [4.816909, 45.743263], [4.817127, 45.743521], [4.81709, 45.743536], [4.816998, 45.743574], [4.817048, 45.743628], [4.817097, 45.74369], [4.81734, 45.743975], [4.81735, 45.743986], [4.81741, 45.743961], [4.817431, 45.743981], [4.817455, 45.744005], [4.817476, 45.744027], [4.817513, 45.744065], [4.817416, 45.744113], [4.817507, 45.744237], [4.818033, 45.744849], [4.818189, 45.74504], [4.818161, 45.745052], [4.818128, 45.745066], [4.818099, 45.745078], [4.818084, 45.745084], [4.818046, 45.7451], [4.8181, 45.745161], [4.81812, 45.745184], [4.818145, 45.745213], [4.818195, 45.745271], [4.817594, 45.745526], [4.817258, 45.745664], [4.817234, 45.745674], [4.817189, 45.745693], [4.81717, 45.745701], [4.817128, 45.745719], [4.8171, 45.745731], [4.81706, 45.745748], [4.817045, 45.745757], [4.817013, 45.745769], [4.817051, 45.745813], [4.817572, 45.746428], [4.817715, 45.746596], [4.818599, 45.747641], [4.818589, 45.747645], [4.818515, 45.747692], [4.818527, 45.747702], [4.818661, 45.747796], [4.819672, 45.748532], [4.819901, 45.748699], [4.819974, 45.74875], [4.821038, 45.749495], [4.821197, 45.749606], [4.821717, 45.749978], [4.822028, 45.750195], [4.822054, 45.7502], [4.822115, 45.750211], [4.822466, 45.750454], [4.822732, 45.750644], [4.823126, 45.75091], [4.82314, 45.750932], [4.823152, 45.750953], [4.823155, 45.751005], [4.823123, 45.751076], [4.823086, 45.751094], [4.821771, 45.75152], [4.821706, 45.75152], [4.821677, 45.75152], [4.82104, 45.75124], [4.820974, 45.751289], [4.820941, 45.751305], [4.820876, 45.751305], [4.820709, 45.751313], [4.820655, 45.751309], [4.820629, 45.751357], [4.820449, 45.751429], [4.820311, 45.751507], [4.82017, 45.751603], [4.820101, 45.751672], [4.820046, 45.75174], [4.819958, 45.75189], [4.819922, 45.75198], [4.819898, 45.752103], [4.819925, 45.752208], [4.819875, 45.752251], [4.819741, 45.752154], [4.819678, 45.75207], [4.819657, 45.751975], [4.81955, 45.751987], [4.819534, 45.751986], [4.819509, 45.751987], [4.819508, 45.751971], [4.819508, 45.751932], [4.81947, 45.751934], [4.819445, 45.751948], [4.81916, 45.752201], [4.819104, 45.752235], [4.819037, 45.752252], [4.818893, 45.752318], [4.818765, 45.752439], [4.818736, 45.752457], [4.818687, 45.752468], [4.818448, 45.752462], [4.818366, 45.752476], [4.817816, 45.752706], [4.817381, 45.752871], [4.817344, 45.752909], [4.817338, 45.752905], [4.817338, 45.752864], [4.817321, 45.75286], [4.817309, 45.752917], [4.817291, 45.752915], [4.817253, 45.752911], [4.817219, 45.752907], [4.817186, 45.752903], [4.817149, 45.752899], [4.817113, 45.752894], [4.817104, 45.752893], [4.817079, 45.752967], [4.817032, 45.752983], [4.817031, 45.753003], [4.816497, 45.753179], [4.816276, 45.753233], [4.816226, 45.75322], [4.816214, 45.753225], [4.816201, 45.753242], [4.816169, 45.753242], [4.816178, 45.753356], [4.816168, 45.753356], [4.816124, 45.753359], [4.816081, 45.753361], [4.816057, 45.753363], [4.816093, 45.753566], [4.816096, 45.753763], [4.816139, 45.754151], [4.816203, 45.754848], [4.816197, 45.754869], [4.816188, 45.754897], [4.816195, 45.754923], [4.816201, 45.754951], [4.816239, 45.754995], [4.816259, 45.755023], [4.81631, 45.755102], [4.816307, 45.755139], [4.816001, 45.755439], [4.815974, 45.755525], [4.815924, 45.755575], [4.81589, 45.75561], [4.815862, 45.755637], [4.815814, 45.755641], [4.815363, 45.755682], [4.815313, 45.755681], [4.815266, 45.755668], [4.814979, 45.755492], [4.814976, 45.755479], [4.814909, 45.755436], [4.81452, 45.755185], [4.814472, 45.755175], [4.814407, 45.755175], [4.81402, 45.755267], [4.813885, 45.755292], [4.813892, 45.755311], [4.813807, 45.755328], [4.813776, 45.755334], [4.813799, 45.755393], [4.81376, 45.75539], [4.813747, 45.755391], [4.813718, 45.755384], [4.813296, 45.755468], [4.813287, 45.755448], [4.813281, 45.755432], [4.813277, 45.755421], [4.813273, 45.75541], [4.812924, 45.755477], [4.812877, 45.755447], [4.81278, 45.755279], [4.812786, 45.755269], [4.812799, 45.755252], [4.812537, 45.754851], [4.812525, 45.754833], [4.812511, 45.754829], [4.812502, 45.754827], [4.812487, 45.754834], [4.812451, 45.754851], [4.812408, 45.75487], [4.81236, 45.754894], [4.812312, 45.754878], [4.812131, 45.754932], [4.812112, 45.754961], [4.812089, 45.754962], [4.812044, 45.754971], [4.811993, 45.754981], [4.811977, 45.754985], [4.81195, 45.754984], [4.811733, 45.75504], [4.811003, 45.755291], [4.810343, 45.755442], [4.81034, 45.755434], [4.81032, 45.755388], [4.810304, 45.755352], [4.810297, 45.755336], [4.809633, 45.755479], [4.809074, 45.755517], [4.808939, 45.755476], [4.808921, 45.75545], [4.808893, 45.75544], [4.808775, 45.755389], [4.808757, 45.755386], [4.808684, 45.755362], [4.808629, 45.755345], [4.808614, 45.75534], [4.808607, 45.755357], [4.808573, 45.755362], [4.808511, 45.755338], [4.808453, 45.755312], [4.808066, 45.755162], [4.808043, 45.755132], [4.807961, 45.7551], [4.807905, 45.755099], [4.807513, 45.754935], [4.807305, 45.754822], [4.807419, 45.754512], [4.807525, 45.75443], [4.808016, 45.753718], [4.807997, 45.753712], [4.807982, 45.753707], [4.807905, 45.753683], [4.807834, 45.753662], [4.807819, 45.753657], [4.807804, 45.753653], [4.808002, 45.75334], [4.808316, 45.752775], [4.808643, 45.752097], [4.80859, 45.752109], [4.808294, 45.752661], [4.80795, 45.752783], [4.808294, 45.752661], [4.80859, 45.752109], [4.808643, 45.752097], [4.808316, 45.752775], [4.808002, 45.75334], [4.807804, 45.753653], [4.807697, 45.753821], [4.807415, 45.754225], [4.807227, 45.754481], [4.807028, 45.754726], [4.806947, 45.754712], [4.806941, 45.754718], [4.806903, 45.754765], [4.806897, 45.754771], [4.806892, 45.754778], [4.806864, 45.754813], [4.806856, 45.754823], [4.806935, 45.754861], [4.807073, 45.754932], [4.807044, 45.754966], [4.806955, 45.755011], [4.806918, 45.75518], [4.807079, 45.755832], [4.807103, 45.755923], [4.806784, 45.755979], [4.806679, 45.755973], [4.806173, 45.756029], [4.806178, 45.756053], [4.806186, 45.756082], [4.806194, 45.756111], [4.806199, 45.756141], [4.806065, 45.756156], [4.806016, 45.756209], [4.806018, 45.756264], [4.806075, 45.756348], [4.80617, 45.756407], [4.807157, 45.756527], [4.807633, 45.756585], [4.807781, 45.7566], [4.808606, 45.756689], [4.80885, 45.75675], [4.80935, 45.756891], [4.809655, 45.756965], [4.809925, 45.75704], [4.810339, 45.757066], [4.810339, 45.757081], [4.810337, 45.757113], [4.810333, 45.757145], [4.810331, 45.757158], [4.810573, 45.757227], [4.810747, 45.757329], [4.810991, 45.757442], [4.811013, 45.757477], [4.811051, 45.757468], [4.811084, 45.757473], [4.8111, 45.757475], [4.811142, 45.757486], [4.811214, 45.757674], [4.811223, 45.757694], [4.811228, 45.757705], [4.811231, 45.757713], [4.811245, 45.757744], [4.811684, 45.758673], [4.811706, 45.758686], [4.811873, 45.758671], [4.811875, 45.758678], [4.811891, 45.758724], [4.811908, 45.758779], [4.81191, 45.758786], [4.811872, 45.758826], [4.811867, 45.758831], [4.811852, 45.758871], [4.811867, 45.759069], [4.811385, 45.75947], [4.811078, 45.759724], [4.810736, 45.760009], [4.810682, 45.760031], [4.810604, 45.760094], [4.810572, 45.760125], [4.810571, 45.76015], [4.810562, 45.760158], [4.810533, 45.760184], [4.810509, 45.760205], [4.810499, 45.760213], [4.810477, 45.760211], [4.810424, 45.760239], [4.810341, 45.760308], [4.810246, 45.760388], [4.809735, 45.760769], [4.809468, 45.760964], [4.809338, 45.761101], [4.808896, 45.761576], [4.808844, 45.761631], [4.808747, 45.761767], [4.80851, 45.762109], [4.808344, 45.762368], [4.808144, 45.762615], [4.808086, 45.76269], [4.808006, 45.762789], [4.807935, 45.762877], [4.807539, 45.763354], [4.807339, 45.763597], [4.806755, 45.764433], [4.806606, 45.764669], [4.806197, 45.765384], [4.806163, 45.765428], [4.806018, 45.765567], [4.805672, 45.765837], [4.805632, 45.765895], [4.805607, 45.765971], [4.805595, 45.76605], [4.805584, 45.76615], [4.805581, 45.766164], [4.805577, 45.766197], [4.805588, 45.766322], [4.805541, 45.766527], [4.80553, 45.766575], [4.805524, 45.766678], [4.805537, 45.767056], [4.805542, 45.767081], [4.805532, 45.767305], [4.805511, 45.76764], [4.80554, 45.76764], [4.805569, 45.76764], [4.80567, 45.76764], [4.805755, 45.767642], [4.805749, 45.76777], [4.805745, 45.767835], [4.80574, 45.767919], [4.805748, 45.767919], [4.805736, 45.76813], [4.806212, 45.768152], [4.80629, 45.768163], [4.806348, 45.768184], [4.806393, 45.768208], [4.80642, 45.768227], [4.806444, 45.768245], [4.806516, 45.768315], [4.806609, 45.768405], [4.806683, 45.768477], [4.806709, 45.768501], [4.806733, 45.768523], [4.807302, 45.769087], [4.80733, 45.769188], [4.807324, 45.769305], [4.80732, 45.769384], [4.807312, 45.769484], [4.807281, 45.770244], [4.807303, 45.770313], [4.80732, 45.770362], [4.807318, 45.770382], [4.807317, 45.770405], [4.807328, 45.770466], [4.807333, 45.770508], [4.807296, 45.770837], [4.807364, 45.77089], [4.80743, 45.770944], [4.807477, 45.770981], [4.80748, 45.771034], [4.80748, 45.771055], [4.807479, 45.771073], [4.807479, 45.771094], [4.807756, 45.771101], [4.807786, 45.771153], [4.807846, 45.771381], [4.807837, 45.771527], [4.807827, 45.771684], [4.807833, 45.772], [4.807815, 45.77208], [4.807807, 45.772117], [4.807791, 45.772152], [4.807783, 45.77217], [4.807771, 45.77219], [4.807854, 45.772218], [4.807874, 45.772257], [4.807809, 45.772488], [4.807786, 45.772566], [4.807701, 45.772762], [4.807712, 45.772765], [4.807763, 45.772778], [4.807798, 45.772787], [4.807806, 45.772789], [4.80777, 45.772858], [4.807709, 45.772981], [4.807693, 45.773014], [4.807688, 45.773053], [4.8077, 45.773071], [4.807698, 45.773075], [4.807686, 45.773088], [4.807675, 45.773102], [4.807666, 45.773126], [4.807905, 45.773235], [4.807927, 45.773254], [4.807972, 45.773274], [4.80804, 45.773304], [4.808043, 45.773306], [4.808072, 45.773311], [4.80807, 45.773363], [4.808274, 45.773457], [4.808278, 45.773468], [4.808284, 45.773488], [4.808667, 45.773655], [4.808743, 45.773688], [4.808923, 45.773604], [4.809597, 45.773282], [4.809867, 45.773145], [4.81039, 45.772701], [4.81095, 45.772213], [4.811263, 45.771941], [4.811419, 45.771743], [4.811514, 45.771582], [4.81168, 45.771246], [4.811794, 45.770994], [4.811847, 45.770877], [4.81202, 45.77049], [4.812232, 45.770119], [4.812264, 45.770128], [4.812324, 45.770145], [4.812351, 45.770152], [4.812364, 45.770156], [4.812387, 45.770162], [4.812402, 45.770166], [4.812425, 45.770173], [4.812451, 45.77018], [4.812463, 45.770163], [4.812543, 45.770109], [4.812594, 45.770089], [4.812638, 45.770082], [4.812774, 45.770089], [4.81291, 45.770109], [4.813915, 45.770285], [4.814009, 45.770353], [4.814025, 45.770391], [4.814013, 45.7705], [4.813993, 45.770578], [4.813783, 45.771321], [4.813829, 45.771328], [4.813879, 45.771335], [4.81392, 45.771342], [4.813952, 45.771345], [4.813977, 45.771347], [4.81408, 45.771353], [4.814124, 45.771342], [4.814273, 45.771233], [4.814626, 45.771428], [4.814891, 45.771611], [4.814905, 45.771602], [4.814914, 45.771591], [4.814934, 45.771531], [4.814943, 45.771465], [4.814975, 45.771427], [4.815037, 45.771405], [4.815192, 45.771413], [4.815422, 45.771559], [4.815503, 45.771583], [4.815594, 45.771516], [4.815713, 45.771455], [4.815855, 45.771403], [4.815948, 45.771385], [4.815968, 45.77138], [4.815994, 45.77138], [4.816019, 45.77138], [4.816032, 45.771377], [4.816271, 45.77135], [4.816306, 45.771357], [4.81633, 45.771362], [4.816366, 45.771373], [4.816383, 45.771378], [4.816419, 45.771397], [4.816549, 45.771465], [4.816624, 45.771563], [4.816649, 45.771564], [4.816661, 45.771602], [4.816912, 45.771779], [4.817747, 45.772043], [4.817712, 45.772159], [4.817493, 45.772266], [4.817386, 45.772223], [4.817302, 45.772238], [4.816964, 45.772423], [4.816964, 45.772423], [4.817302, 45.772238], [4.817386, 45.772223], [4.817493, 45.772266], [4.817712, 45.772159], [4.817747, 45.772043], [4.817846, 45.772075], [4.817919, 45.772098], [4.817969, 45.772114], [4.817989, 45.77212], [4.818074, 45.772143], [4.818542, 45.772273], [4.818612, 45.772291], [4.818673, 45.772309], [4.818751, 45.772332], [4.818784, 45.772342], [4.818803, 45.772347], [4.819427, 45.772537], [4.819474, 45.772552], [4.819502, 45.77256], [4.820436, 45.772845], [4.820531, 45.772878], [4.820541, 45.772883], [4.820563, 45.772891], [4.820582, 45.772902], [4.820589, 45.772905], [4.820609, 45.772911], [4.820504, 45.773034], [4.820466, 45.773098], [4.820593, 45.773134], [4.820681, 45.773145], [4.820936, 45.773213], [4.82094, 45.773173], [4.821021, 45.773036], [4.821176, 45.773081], [4.821205, 45.773031], [4.821238, 45.772983], [4.821274, 45.77293], [4.821299, 45.772892], [4.821384, 45.77286], [4.821422, 45.77287], [4.821454, 45.772878], [4.821483, 45.772886], [4.82154, 45.772886], [4.821603, 45.772831], [4.821835, 45.772709], [4.821923, 45.772662], [4.82201, 45.772634], [4.822059, 45.772609], [4.822196, 45.772538], [4.822815, 45.772225], [4.823025, 45.772108], [4.82319, 45.77206], [4.823273, 45.772036], [4.823497, 45.77203], [4.823572, 45.772026], [4.824468, 45.771991], [4.824506, 45.771999], [4.824521, 45.772004], [4.824544, 45.772003], [4.824564, 45.772002], [4.824583, 45.772001], [4.824581, 45.771985], [4.824677, 45.771982], [4.824676, 45.771969], [4.824675, 45.77195], [4.824675, 45.771929], [4.824674, 45.771911], [4.825258, 45.771891], [4.825691, 45.771875], [4.825723, 45.77187], [4.82575, 45.771868], [4.825791, 45.771866], [4.825824, 45.771863], [4.825917, 45.771852], [4.826305, 45.771837], [4.82645, 45.771829], [4.826523, 45.771835], [4.826552, 45.771838], [4.826583, 45.771838], [4.826602, 45.771838], [4.826633, 45.771838], [4.826658, 45.771849], [4.826967, 45.771839], [4.827066, 45.771836], [4.827554, 45.771653], [4.827638, 45.771623], [4.8278, 45.771584], [4.827873, 45.771556], [4.827945, 45.771517], [4.828188, 45.771352], [4.828341, 45.771173], [4.828341, 45.771161], [4.828335, 45.771151], [4.828345, 45.771138], [4.828362, 45.771116], [4.82837, 45.771108], [4.828378, 45.771112], [4.828413, 45.771078], [4.828527, 45.770934], [4.828602, 45.770845], [4.82884, 45.770591], [4.828904, 45.770485], [4.828959, 45.770488], [4.829017, 45.770477], [4.82917, 45.77039], [4.829225, 45.770371], [4.829508, 45.770306], [4.829731, 45.770293], [4.83001, 45.770291], [4.83024, 45.770288], [4.830173, 45.770214], [4.830187, 45.770148], [4.830232, 45.770106], [4.830278, 45.770082], [4.830278, 45.770074], [4.83028, 45.770066], [4.830289, 45.770037], [4.830301, 45.769997], [4.830304, 45.769989], [4.83029, 45.769987], [4.830294, 45.769697], [4.830386, 45.769701], [4.830387, 45.769645], [4.830386, 45.769602], [4.830385, 45.769579], [4.830382, 45.769436], [4.830381, 45.76942], [4.830379, 45.769385], [4.830377, 45.769366], [4.830377, 45.769349], [4.830376, 45.769336], [4.830385, 45.769163], [4.830427, 45.769163], [4.830427, 45.769105], [4.830386, 45.769105], [4.830385, 45.769082], [4.830384, 45.768821], [4.83036, 45.768782], [4.830382, 45.768781], [4.830405, 45.768745], [4.830421, 45.768748], [4.83043, 45.768749], [4.83062, 45.768757], [4.830655, 45.768719], [4.831116, 45.768235], [4.831147, 45.768201], [4.831149, 45.768171], [4.831151, 45.768142], [4.831152, 45.768123], [4.831242, 45.768121], [4.831255, 45.768026], [4.831336, 45.767806], [4.831337, 45.767783], [4.831345, 45.767763], [4.831488, 45.767447], [4.831483, 45.767426], [4.831495, 45.767406], [4.831516, 45.767374], [4.831527, 45.767357], [4.831692, 45.76705], [4.831708, 45.767011], [4.831711, 45.767003], [4.831725, 45.766977], [4.83174, 45.766948], [4.83175, 45.766938], [4.83179, 45.766937], [4.831826, 45.766938], [4.831836, 45.766938], [4.831857, 45.766936], [4.831852, 45.766912], [4.831839, 45.766588], [4.831829, 45.766536], [4.831842, 45.766466], [4.831848, 45.766448], [4.831852, 45.766437], [4.831853, 45.766433], [4.831894, 45.766108], [4.831905, 45.766072], [4.831923, 45.766074], [4.831931, 45.766042], [4.831937, 45.766024], [4.831946, 45.766001], [4.831955, 45.765976], [4.831943, 45.765966], [4.831941, 45.765948], [4.831993, 45.765802], [4.83216, 45.765312], [4.832167, 45.765302], [4.83226, 45.765307], [4.832263, 45.765285], [4.832266, 45.765264], [4.832268, 45.765223], [4.83228, 45.765033], [4.83226, 45.764887], [4.832258, 45.764871], [4.832242, 45.764769], [4.832263, 45.76476], [4.832266, 45.764734], [4.83227, 45.764704], [4.832277, 45.764681], [4.832279, 45.764666], [4.832283, 45.764647], [4.832286, 45.764617], [4.832333, 45.764618], [4.832343, 45.764587], [4.832371, 45.764592], [4.832391, 45.764595], [4.832405, 45.764598], [4.83243, 45.764602], [4.832639, 45.763873], [4.832637, 45.763844], [4.832634, 45.763821], [4.832673, 45.763822], [4.833159, 45.763826], [4.833154, 45.763808], [4.833156, 45.763787], [4.833156, 45.763776], [4.833157, 45.763769], [4.833184, 45.76377], [4.833199, 45.763372], [4.833193, 45.763359], [4.833181, 45.763344], [4.833185, 45.763317], [4.83319, 45.76328], [4.833198, 45.763267], [4.833208, 45.763252], [4.833232, 45.762925], [4.833233, 45.762909], [4.833235, 45.762879], [4.833237, 45.762854], [4.833236, 45.76284], [4.833289, 45.762068], [4.833299, 45.762068], [4.833338, 45.762069], [4.833374, 45.76207], [4.83341, 45.76207], [4.833413, 45.762049], [4.833414, 45.762031], [4.833416, 45.762014], [4.833417, 45.76199], [4.833416, 45.76197], [4.833439, 45.761666], [4.83344, 45.761654], [4.833442, 45.761623], [4.833443, 45.761613], [4.833445, 45.761587], [4.833447, 45.761559], [4.833467, 45.761134], [4.833477, 45.760941], [4.83345, 45.760862], [4.833427, 45.760801], [4.833423, 45.760786], [4.833419, 45.760771], [4.833427, 45.760736], [4.833333, 45.760668], [4.833313, 45.760671], [4.83328, 45.760676], [4.833238, 45.760683], [4.833157, 45.760695], [4.833103, 45.760534], [4.833101, 45.760528], [4.833097, 45.760517], [4.833088, 45.760495], [4.833085, 45.760485], [4.833068, 45.76042], [4.833039, 45.76038], [4.832966, 45.760247], [4.832958, 45.760211], [4.832874, 45.759909], [4.832883, 45.759873], [4.832795, 45.759589], [4.832789, 45.759566], [4.832785, 45.75955], [4.832779, 45.759528], [4.832775, 45.759507], [4.832465, 45.758465], [4.832454, 45.758456], [4.832438, 45.758443], [4.832421, 45.758412], [4.832396, 45.758369], [4.83239, 45.758358], [4.832361, 45.758309], [4.831734, 45.758487], [4.831685, 45.75839], [4.831695, 45.758387], [4.831788, 45.758362], [4.831826, 45.758351], [4.831788, 45.758283], [4.832152, 45.758176], [4.831955, 45.75781]]}, "properties": {"heading": 270, "length_km": 13.329, "retrace": 0.196}}, {"type": "Feature", "geometry": {"type": "LineString", "coordinates": [[4.831955, 45.75781], [4.831794, 45.757511], [4.831452, 45.757605], [4.831424, 45.757555], [4.831406, 45.75756], [4.831321, 45.757584], [4.831303, 45.757589], [4.831201, 45.757496], [4.831154, 45.757413], [4.830292, 45.757652], [4.830337, 45.757732], [4.830354, 45.757801], [4.830341, 45.757806], [4.830304, 45.757818], [4.830266, 45.757829], [4.830227, 45.75784], [4.830188, 45.75785], [4.830158, 45.757858], [4.830126, 45.757866], [4.830096, 45.757875], [4.830081, 45.75785], [4.829358, 45.758064], [4.829353, 45.75806], [4.82933, 45.75803], [4.829311, 45.758005], [4.829303, 45.757997], [4.828941, 45.757518], [4.828936, 45.75752], [4.828911, 45.757528], [4.828884, 45.757536], [4.828855, 45.757546], [4.828828, 45.757554], [4.828823, 45.757541], [4.828783, 45.757496], [4.828733, 45.757442], [4.828729, 45.757425], [4.828224, 45.756778], [4.827989, 45.756479], [4.827967, 45.75646], [4.827938, 45.756434], [4.827926, 45.756418], [4.827913, 45.756405], [4.827899, 45.75638], [4.8275, 45.755864], [4.827491, 45.755851], [4.827483, 45.755839], [4.827436, 45.755782], [4.827416, 45.755758], [4.827338, 45.755666], [4.827308, 45.755631], [4.827257, 45.75557], [4.827242, 45.755558], [4.827233, 45.75555], [4.826603, 45.75466], [4.826213, 45.754103], [4.826201, 45.754087], [4.826193, 45.754073], [4.826183, 45.754059], [4.826171, 45.75404], [4.826194, 45.754017], [4.826219, 45.754008], [4.826241, 45.753999], [4.826278, 45.753983], [4.826161, 45.753832], [4.826162, 45.753812], [4.826156, 45.753806], [4.826144, 45.753787], [4.826132, 45.753766], [4.826115, 45.753745], [4.825852, 45.753378], [4.825843, 45.753366], [4.825827, 45.753348], [4.825816, 45.753334], [4.8258, 45.753316], [4.825554, 45.752968], [4.82554, 45.752944], [4.825527, 45.752923], [4.825511, 45.752895], [4.825494, 45.752866], [4.825251, 45.752521], [4.825235, 45.7525], [4.825226, 45.752487], [4.825213, 45.752471], [4.825198, 45.752452], [4.824676, 45.751711], [4.824658, 45.751689], [4.824646, 45.751671], [4.824638, 45.75166], [4.824627, 45.751638], [4.824578, 45.751574], [4.824162, 45.750973], [4.824116, 45.750983], [4.82408, 45.750995], [4.824035, 45.751011], [4.824016, 45.751018], [4.823995, 45.751003], [4.823585, 45.751139], [4.823566, 45.751147], [4.82354, 45.751156], [4.823519, 45.751163], [4.823507, 45.751148], [4.823461, 45.751097], [4.823421, 45.751052], [4.823371, 45.751002], [4.823337, 45.750967], [4.823302, 45.750931], [4.823277, 45.750911], [4.823236, 45.750907], [4.823201, 45.750915], [4.823158, 45.750925], [4.82314, 45.750932], [4.823152, 45.750953], [4.823155, 45.751005], [4.823123, 45.751076], [4.823086, 45.751094], [4.821771, 45.75152], [4.821706, 45.75152], [4.821677, 45.75152], [4.82104, 45.75124], [4.820974, 45.751289], [4.820941, 45.751305], [4.820876, 45.751305], [4.820709, 45.751313], [4.820655, 45.751309], [4.820629, 45.751357], [4.820449, 45.751429], [4.820311, 45.751507], [4.82017, 45.751603], [4.820101, 45.751672], [4.820046, 45.75174], [4.819958, 45.75189], [4.819922, 45.75198], [4.819898, 45.752103], [4.819925, 45.752208], [4.819875, 45.752251], [4.819741, 45.752154], [4.819678, 45.75207], [4.819657, 45.751975], [4.819628, 45.751913], [4.819531, 45.751859], [4.819495, 45.751874], [4.819466, 45.751851], [4.819319, 45.751812], [4.819178, 45.751773], [4.818856, 45.751665], [4.818236, 45.751242], [4.817997, 45.751117], [4.817146, 45.75112], [4.817032, 45.751098], [4.816953, 45.751056], [4.816518, 45.750909], [4.816431, 45.750898], [4.816363, 45.750876], [4.816131, 45.750802], [4.815872, 45.750666], [4.815802, 45.750633], [4.815701, 45.750632], [4.81558, 45.750604], [4.815572, 45.750621], [4.815571, 45.750625], [4.815519, 45.750617], [4.815416, 45.750614], [4.815237, 45.750622], [4.814999, 45.750642], [4.814746, 45.750698], [4.814745, 45.750703], [4.814748, 45.750717], [4.814582, 45.750741], [4.814471, 45.750734], [4.814364, 45.750697], [4.814296, 45.750643], [4.814247, 45.750573], [4.814234, 45.750523], [4.81424, 45.750474], [4.814224, 45.750473], [4.814182, 45.750472], [4.814183, 45.750421], [4.814189, 45.750134], [4.814216, 45.74981], [4.814211, 45.749695], [4.814179, 45.74958], [4.814121, 45.749459], [4.813885, 45.74916], [4.813826, 45.749088], [4.813693, 45.748956], [4.813581, 45.748871], [4.813466, 45.748797], [4.813371, 45.748751], [4.812969, 45.748614], [4.812876, 45.748572], [4.81281, 45.74852], [4.812756, 45.748461], [4.812637, 45.74832], [4.812515, 45.748139], [4.812424, 45.74806], [4.812284, 45.748022], [4.812043, 45.748017], [4.811918, 45.747996], [4.811823, 45.747963], [4.811746, 45.747916], [4.811674, 45.747846], [4.811629, 45.747775], [4.811335, 45.74719], [4.811629, 45.747775], [4.811674, 45.747846], [4.811746, 45.747916], [4.811823, 45.747963], [4.811918, 45.747996], [4.812043, 45.748017], [4.812284, 45.748022], [4.812424, 45.74806], [4.812515, 45.748139], [4.812637, 45.74832], [4.812756, 45.748461], [4.81281, 45.74852], [4.812876, 45.748572], [4.812969, 45.748614], [4.813371, 45.748751], [4.813466, 45.748797], [4.813581, 45.748871], [4.813693, 45.748956], [4.813826, 45.749088], [4.813885, 45.74916], [4.814121, 45.749459], [4.814179, 45.74958], [4.814211, 45.749695], [4.814216, 45.74981], [4.814189, 45.750134], [4.814183, 45.750421], [4.814182, 45.750472], [4.814224, 45.750473], [4.81424, 45.750474], [4.814234, 45.750523], [4.814247, 45.750573], [4.814296, 45.750643], [4.814364, 45.750697], [4.814471, 45.750734], [4.814582, 45.750741], [4.814748, 45.750717], [4.814745, 45.750703], [4.814746, 45.750698], [4.814999, 45.750642], [4.815237, 45.750622], [4.815416, 45.750614], [4.815519, 45.750617], [4.815571, 45.750625], [4.815572, 45.750621], [4.81558, 45.750604], [4.815701, 45.750632], [4.815788, 45.750701], [4.816083, 45.751037], [4.816394, 45.751369], [4.816482, 45.751532], [4.816492, 45.751562], [4.816493, 45.75159], [4.816532, 45.751622], [4.81655, 45.75166], [4.816642, 45.751775], [4.816633, 45.751779], [4.816593, 45.751796], [4.816554, 45.751812], [4.816543, 45.751819], [4.816518, 45.751844], [4.816488, 45.751875], [4.816485, 45.751903], [4.816493, 45.751937], [4.8165, 45.751973], [4.816503, 45.752], [4.816512, 45.752035], [4.816519, 45.752058], [4.816531, 45.752067], [4.816441, 45.752119], [4.816384, 45.752174], [4.816335, 45.752342], [4.816255, 45.752845], [4.816241, 45.752897], [4.816194, 45.752993], [4.816165, 45.753144], [4.816169, 45.753242], [4.816178, 45.753356], [4.816168, 45.753356], [4.816124, 45.753359], [4.816081, 45.753361], [4.816057, 45.753363], [4.816093, 45.753566], [4.816096, 45.753763], [4.816139, 45.754151], [4.816203, 45.754848], [4.816197, 45.754869], [4.816188, 45.754897], [4.816195, 45.754923], [4.816201, 45.754951], [4.816239, 45.754995], [4.816259, 45.755023], [4.81631, 45.755102], [4.816307, 45.755139], [4.816001, 45.755439], [4.815974, 45.755525], [4.815924, 45.755575], [4.81589, 45.75561], [4.815862, 45.755637], [4.815814, 45.755641], [4.815818, 45.755654], [4.815798, 45.755673], [4.815758, 45.755712], [4.815746, 45.755735], [4.815736, 45.755753], [4.815505, 45.755968], [4.815363, 45.756084], [4.815357, 45.756089], [4.815327, 45.756108], [4.815309, 45.75612], [4.815296, 45.756129], [4.815303, 45.756151], [4.815296, 45.756179], [4.815256, 45.756212], [4.815228, 45.756219], [4.814786, 45.756625], [4.814701, 45.756673], [4.814705, 45.756681], [4.81468, 45.75671], [4.81465, 45.756745], [4.814604, 45.756806], [4.814501, 45.756899], [4.814363, 45.757001], [4.813889, 45.757428], [4.813876, 45.75744], [4.813863, 45.757455], [4.813845, 45.757473], [4.813832, 45.757486], [4.813822, 45.757495], [4.813782, 45.757537], [4.813704, 45.757615], [4.813474, 45.757812], [4.813323, 45.757931], [4.813214, 45.757946], [4.813213, 45.757954], [4.81321, 45.757979], [4.813206, 45.758011], [4.813177, 45.758048], [4.813151, 45.758076], [4.8131, 45.758129], [4.813085, 45.758141], [4.813007, 45.758212], [4.812998, 45.75822], [4.812969, 45.758249], [4.812949, 45.758268], [4.812944, 45.758279], [4.812967, 45.758327], [4.812937, 45.758356], [4.812854, 45.758424], [4.812457, 45.758571], [4.812322, 45.758622], [4.81227, 45.758634], [4.811873, 45.758671], [4.811706, 45.758686], [4.811684, 45.758673], [4.811677, 45.758673], [4.81164, 45.758675], [4.811597, 45.758678], [4.811581, 45.758679], [4.811582, 45.75869], [4.811467, 45.7587], [4.811087, 45.758731], [4.810725, 45.75876], [4.810711, 45.758756], [4.8107, 45.758757], [4.810675, 45.75876], [4.810637, 45.758764], [4.810627, 45.75876], [4.810616, 45.758772], [4.810178, 45.758815], [4.810065, 45.758833], [4.809952, 45.758861], [4.808769, 45.759215], [4.808734, 45.75922], [4.808723, 45.759214], [4.8087, 45.759217], [4.808678, 45.759223], [4.808658, 45.759228], [4.808643, 45.759229], [4.808645, 45.759254], [4.808619, 45.759262], [4.807386, 45.759631], [4.806683, 45.759881], [4.806146, 45.760059], [4.806015, 45.760085], [4.805856, 45.760097], [4.80571, 45.760099], [4.80568, 45.760101], [4.805658, 45.760102], [4.80564, 45.760103], [4.805585, 45.759167], [4.805585, 45.759156], [4.805572, 45.759141], [4.805539, 45.759131], [4.805501, 45.759134], [4.805494, 45.759105], [4.805488, 45.759079], [4.805617, 45.759058], [4.806174, 45.758838], [4.80625, 45.758807], [4.806837, 45.758601], [4.806837, 45.758601], [4.80625, 45.758807], [4.806174, 45.758838], [4.805617, 45.759058], [4.805488, 45.759079], [4.805494, 45.759105], [4.805501, 45.759134], [4.805539, 45.759131], [4.805572, 45.759141], [4.805585, 45.759156], [4.805585, 45.759167], [4.80564, 45.760103], [4.805658, 45.760102], [4.80568, 45.760101], [4.80571, 45.760099], [4.805856, 45.760097], [4.806015, 45.760085], [4.806146, 45.760059], [4.806683, 45.759881], [4.807386, 45.759631], [4.808619, 45.759262], [4.808645, 45.759254], [4.808643, 45.759229], [4.808658, 45.759228], [4.808678, 45.759223], [4.8087, 45.759217], [4.808723, 45.759214], [4.808734, 45.75922], [4.808769, 45.759215], [4.809952, 45.758861], [4.810065, 45.758833], [4.810178, 45.758815], [4.810616, 45.758772], [4.810627, 45.75876], [4.810637, 45.758764], [4.810675, 45.75876], [4.8107, 45.758757], [4.810711, 45.758756], [4.810725, 45.75876], [4.811087, 45.758731], [4.811467, 45.7587], [4.811582, 45.75869], [4.811581, 45.758679], [4.811597, 45.758678], [4.81164, 45.758675], [4.811677, 45.758673], [4.811684, 45.758673], [4.811706, 45.758686], [4.811873, 45.758671], [4.81227, 45.758634], [4.812322, 45.758622], [4.812457, 45.758571], [4.812854, 45.758424], [4.812937, 45.758356], [4.812967, 45.758327], [4.812944, 45.758279], [4.812949, 45.758268], [4.812969, 45.758249], [4.812998, 45.75822], [4.813007, 45.758212], [4.813085, 45.758141], [4.8131, 45.758129], [4.813151, 45.758076], [4.813177, 45.758048], [4.813231, 45.758049], [4.813282, 45.758071], [4.813325, 45.758088], [4.813335, 45.758095], [4.813346, 45.758127], [4.813376, 45.75814], [4.813415, 45.758142], [4.813522, 45.758103], [4.813529, 45.758108], [4.813559, 45.758132], [4.813595, 45.758161], [4.813602, 45.758167], [4.813832, 45.758048], [4.813841, 45.758045], [4.813862, 45.758035], [4.813892, 45.758021], [4.813902, 45.758016], [4.814223, 45.758298], [4.814254, 45.758281], [4.814277, 45.758299], [4.814301, 45.758318], [4.814328, 45.75834], [4.814341, 45.75835], [4.814297, 45.758385], [4.814291, 45.758426], [4.814301, 45.758492], [4.814289, 45.758557], [4.81426, 45.758636], [4.814275, 45.75865], [4.814304, 45.758652], [4.814438, 45.75862], [4.814476, 45.758597], [4.814479, 45.758599], [4.814489, 45.758605], [4.814524, 45.758631], [4.814561, 45.758658], [4.814572, 45.758663], [4.81459, 45.758671], [4.814611, 45.758665], [4.814726, 45.758763], [4.814698, 45.758781], [4.81471, 45.758791], [4.814749, 45.758826], [4.814757, 45.758849], [4.81464, 45.758881], [4.814395, 45.758985], [4.814261, 45.759106], [4.814225, 45.759173], [4.814191, 45.759235], [4.814091, 45.759386], [4.814068, 45.759397], [4.814076, 45.759404], [4.814107, 45.759438], [4.814139, 45.759472], [4.814145, 45.759479], [4.813137, 45.759947], [4.812892, 45.760368], [4.812871, 45.760405], [4.812892, 45.760411], [4.812887, 45.76042], [4.812867, 45.760449], [4.812846, 45.76048], [4.812833, 45.760498], [4.812517, 45.761038], [4.812371, 45.761292], [4.812381, 45.761331], [4.812461, 45.761378], [4.812605, 45.761445], [4.812971, 45.761612], [4.813046, 45.761711], [4.813035, 45.761768], [4.81296, 45.761995], [4.812894, 45.762513], [4.812915, 45.76258], [4.81297, 45.762625], [4.813212, 45.762673], [4.813593, 45.762622], [4.813603, 45.76263], [4.813628, 45.762663], [4.813654, 45.762694], [4.813688, 45.762716], [4.813609, 45.762794], [4.814235, 45.762888], [4.81429, 45.762898], [4.814954, 45.762982], [4.81494, 45.763029], [4.815105, 45.763064], [4.81517, 45.763104], [4.815193, 45.763134], [4.81509, 45.763247], [4.815064, 45.763316], [4.81495, 45.763645], [4.815018, 45.763686], [4.815022, 45.763687], [4.815077, 45.763719], [4.815148, 45.763739], [4.815228, 45.763738], [4.815283, 45.763766], [4.815514, 45.763803], [4.815656, 45.763838], [4.815778, 45.763902], [4.815836, 45.763989], [4.815865, 45.764135], [4.816033, 45.764382], [4.816086, 45.764437], [4.816307, 45.764666], [4.816459, 45.764844], [4.816683, 45.765042], [4.816763, 45.765139], [4.816906, 45.765221], [4.816816, 45.765276], [4.816862, 45.76533], [4.817007, 45.765504], [4.817213, 45.765373], [4.81727, 45.765365], [4.817295, 45.765393], [4.817271, 45.765427], [4.817044, 45.76555], [4.817064, 45.765571], [4.817066, 45.765573], [4.816879, 45.765678], [4.816838, 45.765695], [4.816802, 45.765706], [4.816493, 45.765753], [4.81632, 45.765778], [4.815982, 45.765825], [4.815577, 45.765878], [4.81558, 45.765894], [4.815481, 45.765894], [4.815246, 45.765854], [4.815186, 45.765814], [4.815082, 45.765773], [4.814916, 45.765668], [4.814572, 45.765375], [4.814148, 45.765274], [4.814056, 45.765263], [4.813861, 45.765253], [4.813754, 45.765246], [4.813685, 45.765253], [4.813304, 45.765427], [4.813225, 45.765502], [4.813231, 45.765505], [4.813253, 45.765516], [4.81327, 45.765525], [4.813281, 45.76553], [4.813159, 45.765654], [4.812876, 45.765814], [4.812499, 45.766013], [4.812442, 45.766098], [4.812326, 45.766268], [4.812242, 45.766331], [4.811501, 45.766467], [4.81128, 45.766566], [4.811038, 45.766792], [4.810908, 45.766952], [4.810649, 45.767425], [4.810651, 45.767434], [4.810663, 45.767438], [4.810677, 45.767432], [4.810691, 45.767411], [4.810711, 45.767419], [4.810734, 45.767427], [4.810755, 45.767435], [4.810767, 45.76744], [4.810778, 45.767443], [4.811051, 45.767158], [4.811292, 45.766934], [4.811448, 45.766845], [4.811563, 45.766794], [4.811685, 45.766788], [4.81178, 45.766804], [4.811877, 45.766841], [4.811939, 45.766891], [4.81198, 45.76696], [4.811984, 45.767036], [4.811969, 45.767082], [4.811932, 45.767142], [4.811866, 45.767168], [4.811781, 45.76718], [4.811528, 45.76719], [4.811444, 45.76722], [4.81138, 45.767254], [4.811332, 45.767297], [4.811231, 45.767493], [4.810964, 45.768221], [4.810955, 45.768271], [4.810971, 45.768317], [4.811005, 45.768356], [4.811073, 45.768387], [4.811145, 45.768405], [4.811176, 45.768405], [4.811266, 45.768383], [4.81126, 45.768377], [4.811248, 45.768363], [4.811205, 45.768376], [4.811248, 45.768363], [4.81126, 45.768377], [4.811266, 45.768383], [4.81139, 45.768308], [4.811604, 45.768087], [4.811853, 45.767695], [4.811929, 45.767583], [4.812036, 45.767457], [4.812083, 45.767431], [4.812318, 45.767385], [4.812396, 45.767394], [4.812595, 45.767467], [4.812684, 45.767512], [4.813023, 45.767852], [4.812943, 45.768007], [4.812831, 45.768171], [4.812722, 45.768358], [4.812673, 45.768525], [4.812639, 45.768721], [4.812598, 45.769012], [4.812677, 45.76902], [4.812718, 45.769024], [4.81275, 45.769027], [4.812764, 45.769029], [4.812796, 45.769032], [4.812809, 45.769034], [4.812697, 45.769721], [4.812641, 45.769913], [4.812635, 45.769935], [4.812631, 45.769948], [4.812628, 45.76996], [4.812625, 45.769972], [4.812621, 45.769989], [4.812612, 45.770022], [4.812609, 45.770034], [4.812606, 45.770043], [4.812604, 45.770051], [4.812594, 45.770089], [4.812638, 45.770082], [4.812774, 45.770089], [4.81291, 45.770109], [4.813915, 45.770285], [4.814009, 45.770353], [4.814025, 45.770391], [4.814013, 45.7705], [4.813993, 45.770578], [4.813783, 45.771321], [4.813829, 45.771328], [4.813879, 45.771335], [4.81392, 45.771342], [4.813952, 45.771345], [4.813977, 45.771347], [4.81408, 45.771353], [4.814124, 45.771342], [4.814273, 45.771233], [4.814626, 45.771428], [4.814891, 45.771611], [4.814905, 45.771602], [4.814914, 45.771591], [4.814934, 45.771531], [4.814943, 45.771465], [4.814975, 45.771427], [4.815037, 45.771405], [4.815192, 45.771413], [4.815422, 45.771559], [4.815503, 45.771583], [4.815594, 45.771516], [4.815713, 45.771455], [4.815855, 45.771403], [4.815948, 45.771385], [4.815968, 45.77138], [4.815994, 45.77138], [4.816019, 45.77138], [4.816032, 45.771377], [4.816271, 45.77135], [4.816306, 45.771357], [4.81633, 45.771362], [4.816366, 45.771373], [4.816383, 45.771378], [4.816419, 45.771397], [4.816549, 45.771465], [4.816624, 45.771563], [4.816649, 45.771564], [4.816661, 45.771602], [4.816912, 45.771779], [4.817747, 45.772043], [4.817846, 45.772075], [4.817919, 45.772098], [4.817969, 45.772114], [4.817989, 45.77212], [4.818074, 45.772143], [4.818542, 45.772273], [4.818612, 45.772291], [4.818673, 45.772309], [4.818751, 45.772332], [4.818784, 45.772342], [4.818803, 45.772347], [4.819427, 45.772537], [4.819474, 45.772552], [4.819502, 45.77256], [4.820436, 45.772845], [4.820531, 45.772878], [4.820541, 45.772883], [4.820563, 45.772891], [4.820582, 45.772902], [4.820589, 45.772905], [4.820609, 45.772911], [4.820504, 45.773034], [4.820466, 45.773098], [4.820593, 45.773134], [4.820681, 45.773145], [4.820936, 45.773213], [4.820987, 45.773261], [4.821034, 45.773279], [4.821318, 45.773367], [4.821344, 45.773247], [4.821372, 45.77325], [4.821418, 45.773255], [4.821464, 45.77326], [4.821485, 45.773262], [4.8215, 45.773251], [4.821524, 45.773239], [4.821547, 45.773227], [4.821559, 45.773221], [4.821553, 45.773178], [4.822186, 45.773386], [4.82232, 45.773426], [4.822356, 45.773436], [4.822397, 45.773449], [4.823402, 45.773753], [4.82345, 45.773768], [4.823482, 45.77388], [4.82351, 45.773931], [4.823525, 45.773957], [4.823485, 45.774042], [4.823476, 45.774074], [4.823458, 45.774097], [4.82348, 45.774114], [4.823498, 45.774145], [4.823493, 45.774187], [4.823473, 45.77422], [4.823565, 45.774253], [4.823629, 45.774263], [4.823634, 45.774277], [4.823647, 45.77431], [4.823656, 45.77434], [4.823666, 45.774373], [4.823674, 45.7744], [4.823736, 45.774419], [4.823749, 45.774419], [4.823791, 45.774417], [4.823834, 45.774416], [4.823864, 45.774415], [4.823872, 45.774436], [4.82398, 45.774698], [4.824074, 45.774858], [4.824051, 45.774872], [4.824026, 45.774888], [4.824058, 45.774912], [4.824026, 45.774888], [4.824051, 45.774872], [4.824074, 45.774858], [4.82398, 45.774698], [4.823872, 45.774436], [4.823864, 45.774415], [4.823858, 45.774384], [4.823846, 45.774344], [4.823836, 45.774311], [4.823824, 45.774279], [4.823804, 45.774269], [4.823796, 45.774248], [4.823691, 45.773945], [4.823696, 45.773897], [4.823714, 45.77384], [4.823727, 45.773771], [4.823737, 45.773726], [4.823746, 45.773688], [4.823755, 45.773614], [4.823778, 45.773463], [4.824354, 45.773059], [4.824727, 45.772809], [4.824756, 45.772784], [4.824843, 45.772711], [4.825873, 45.77245], [4.826108, 45.772389], [4.826586, 45.772107], [4.826654, 45.772079], [4.826813, 45.772015], [4.826865, 45.772005], [4.82686, 45.771992], [4.826844, 45.771975], [4.826829, 45.77196], [4.826818, 45.771945], [4.826832, 45.77194], [4.826871, 45.771928], [4.826896, 45.77192], [4.82698, 45.7719], [4.826973, 45.771892], [4.82697, 45.771878], [4.826968, 45.771864], [4.826967, 45.771839], [4.827066, 45.771836], [4.827554, 45.771653], [4.827638, 45.771623], [4.8278, 45.771584], [4.827873, 45.771556], [4.827945, 45.771517], [4.828188, 45.771352], [4.828341, 45.771173], [4.828341, 45.771161], [4.828335, 45.771151], [4.828345, 45.771138], [4.828362, 45.771116], [4.82837, 45.771108], [4.828378, 45.771112], [4.828413, 45.771078], [4.828527, 45.770934], [4.828602, 45.770845], [4.82884, 45.770591], [4.828904, 45.770485], [4.828959, 45.770488], [4.829017, 45.770477], [4.82917, 45.77039], [4.829225, 45.770371], [4.829508, 45.770306], [4.829731, 45.770293], [4.83001, 45.770291], [4.83024, 45.770288], [4.830173, 45.770214], [4.830187, 45.770148], [4.830232, 45.770106], [4.830278, 45.770082], [4.830278, 45.770074], [4.83028, 45.770066], [4.830289, 45.770037], [4.830301, 45.769997], [4.830304, 45.769989], [4.83029, 45.769987], [4.830294, 45.769697], [4.830386, 45.769701], [4.830387, 45.769645], [4.830386, 45.769602], [4.830385, 45.769579], [4.830382, 45.769436], [4.830381, 45.76942], [4.830379, 45.769385], [4.830377, 45.769366], [4.830377, 45.769349], [4.830376, 45.769336], [4.830385, 45.769163], [4.830427, 45.769163], [4.830427, 45.769105], [4.830386, 45.769105], [4.830385, 45.769082], [4.830384, 45.768821], [4.83036, 45.768782], [4.830382, 45.768781], [4.830405, 45.768745], [4.830421, 45.768748], [4.83043, 45.768749], [4.83062, 45.768757], [4.830655, 45.768719], [4.831116, 45.768235], [4.831147, 45.768201], [4.831149, 45.768171], [4.831151, 45.768142], [4.831152, 45.768123], [4.831242, 45.768121], [4.831255, 45.768026], [4.831336, 45.767806], [4.831337, 45.767783], [4.831345, 45.767763], [4.831488, 45.767447], [4.831483, 45.767426], [4.831495, 45.767406], [4.831516, 45.767374], [4.831527, 45.767357], [4.831692, 45.76705], [4.831708, 45.767011], [4.831711, 45.767003], [4.831725, 45.766977], [4.83174, 45.766948], [4.83175, 45.766938], [4.83179, 45.766937], [4.831826, 45.766938], [4.831836, 45.766938], [4.831857, 45.766936], [4.831852, 45.766912], [4.831839, 45.766588], [4.831829, 45.766536], [4.831842, 45.766466], [4.831848, 45.766448], [4.831852, 45.766437], [4.831853, 45.766433], [4.831894, 45.766108], [4.831905, 45.766072], [4.831923, 45.766074], [4.831931, 45.766042], [4.831937, 45.766024], [4.831946, 45.766001], [4.831955, 45.765976], [4.831943, 45.765966], [4.831941, 45.765948], [4.831993, 45.765802], [4.83216, 45.765312], [4.832167, 45.765302], [4.83226, 45.765307], [4.832263, 45.765285], [4.832266, 45.765264], [4.832268, 45.765223], [4.83228, 45.765033], [4.83226, 45.764887], [4.832258, 45.764871], [4.832242, 45.764769], [4.832263, 45.76476], [4.832266, 45.764734], [4.83227, 45.764704], [4.832277, 45.764681], [4.832279, 45.764666], [4.832283, 45.764647], [4.832286, 45.764617], [4.832333, 45.764618], [4.832343, 45.764587], [4.832371, 45.764592], [4.832391, 45.764595], [4.832405, 45.764598], [4.83243, 45.764602], [4.832639, 45.763873], [4.832637, 45.763844], [4.832634, 45.763821], [4.832673, 45.763822], [4.833159, 45.763826], [4.833154, 45.763808], [4.833156, 45.763787], [4.833156, 45.763776], [4.833157, 45.763769], [4.833184, 45.76377], [4.833199, 45.763372], [4.833193, 45.763359], [4.833181, 45.763344], [4.833185, 45.763317], [4.83319, 45.76328], [4.833198, 45.763267], [4.833208, 45.763252], [4.833232, 45.762925], [4.833233, 45.762909], [4.833235, 45.762879], [4.833237, 45.762854], [4.833236, 45.76284], [4.833289, 45.762068], [4.833299, 45.762068], [4.833338, 45.762069], [4.833374, 45.76207], [4.83341, 45.76207], [4.833413, 45.762049], [4.833414, 45.762031], [4.833416, 45.762014], [4.833417, 45.76199], [4.833416, 45.76197], [4.833439, 45.761666], [4.83344, 45.761654], [4.833442, 45.761623], [4.833443, 45.761613], [4.833445, 45.761587], [4.833447, 45.761559], [4.833467, 45.761134], [4.833477, 45.760941], [4.83345, 45.760862], [4.833427, 45.760801], [4.833423, 45.760786], [4.833419, 45.760771], [4.833427, 45.760736], [4.833333, 45.760668], [4.833313, 45.760671], [4.83328, 45.760676], [4.833238, 45.760683], [4.833157, 45.760695], [4.833103, 45.760534], [4.833101, 45.760528], [4.833097, 45.760517], [4.833088, 45.760495], [4.833085, 45.760485], [4.833068, 45.76042], [4.833039, 45.76038], [4.832966, 45.760247], [4.832958, 45.760211], [4.832874, 45.759909], [4.832883, 45.759873], [4.832795, 45.759589], [4.832789, 45.759566], [4.832785, 45.75955], [4.832779, 45.759528], [4.832775, 45.759507], [4.832465, 45.758465], [4.832454, 45.758456], [4.832438, 45.758443], [4.832421, 45.758412], [4.832396, 45.758369], [4.83239, 45.758358], [4.832361, 45.758309], [4.831734, 45.758487], [4.831685, 45.75839], [4.831695, 45.758387], [4.831788, 45.758362], [4.831826, 45.758351], [4.831788, 45.758283], [4.832152, 45.758176], [4.831955, 45.75781]]}, "properties": {"heading": 288, "length_km": 12.72, "retrace": 0.247}}, {"type": "Feature", "geometry": {"type": "LineString", "coordinates": [[4.831955, 45.75781], [4.831794, 45.757511], [4.831452, 45.757605], [4.831424, 45.757555], [4.831406, 45.75756], [4.831321, 45.757584], [4.831303, 45.757589], [4.831201, 45.757496], [4.831154, 45.757413], [4.830292, 45.757652], [4.830337, 45.757732], [4.830354, 45.757801], [4.830341, 45.757806], [4.830304, 45.757818], [4.830266, 45.757829], [4.830227, 45.75784], [4.830188, 45.75785], [4.830158, 45.757858], [4.830126, 45.757866], [4.830096, 45.757875], [4.830081, 45.75785], [4.829358, 45.758064], [4.829353, 45.75806], [4.82933, 45.75803], [4.829311, 45.758005], [4.829303, 45.757997], [4.828941, 45.757518], [4.828936, 45.75752], [4.828911, 45.757528], [4.828884, 45.757536], [4.828855, 45.757546], [4.828828, 45.757554], [4.828194, 45.757761], [4.828177, 45.757774], [4.828167, 45.757765], [4.828157, 45.757758], [4.828148, 45.757752], [4.828141, 45.757743], [4.828119, 45.757718], [4.828081, 45.757678], [4.828033, 45.757666], [4.827981, 45.757652], [4.827037, 45.756836], [4.82701, 45.756846], [4.826981, 45.756859], [4.826926, 45.756886], [4.826915, 45.756891], [4.826907, 45.756895], [4.826899, 45.756887], [4.826863, 45.756858], [4.826833, 45.756871], [4.825728, 45.757324], [4.825712, 45.757331], [4.825673, 45.757312], [4.825666, 45.757314], [4.825652, 45.757319], [4.825636, 45.757325], [4.825599, 45.757349], [4.825567, 45.757364], [4.825533, 45.75738], [4.82553, 45.757381], [4.825446, 45.757431], [4.824999, 45.757586], [4.824989, 45.757589], [4.824968, 45.757595], [4.824946, 45.757602], [4.824938, 45.757604], [4.824954, 45.757631], [4.824492, 45.757749], [4.824012, 45.757435], [4.823691, 45.757216], [4.823642, 45.757171], [4.823609, 45.757155], [4.823557, 45.757158], [4.82328, 45.757456], [4.823137, 45.757687], [4.823138, 45.757706], [4.822715, 45.757755], [4.822598, 45.757766], [4.822435, 45.757767], [4.822335, 45.757758], [4.822124, 45.757714], [4.822018, 45.757678], [4.82192, 45.757629], [4.821814, 45.757561], [4.821781, 45.757531], [4.821745, 45.7575], [4.821708, 45.757484], [4.821602, 45.757386], [4.821592, 45.757377], [4.821574, 45.757385], [4.821438, 45.757254], [4.821121, 45.757018], [4.820923, 45.756882], [4.820845, 45.75686], [4.820523, 45.756619], [4.820151, 45.756402], [4.819826, 45.756276], [4.819268, 45.756091], [4.819195, 45.756049], [4.819165, 45.756039], [4.819114, 45.756022], [4.819067, 45.756006], [4.819038, 45.755996], [4.819, 45.755997], [4.818678, 45.755967], [4.818637, 45.755963], [4.818572, 45.755976], [4.818536, 45.755984], [4.818512, 45.755988], [4.818498, 45.755991], [4.817662, 45.756176], [4.817561, 45.756182], [4.817482, 45.75613], [4.816816, 45.755937], [4.816597, 45.755873], [4.816426, 45.755824], [4.816372, 45.755824], [4.816125, 45.755739], [4.816017, 45.755691], [4.815992, 45.755664], [4.815974, 45.755649], [4.815936, 45.755631], [4.815896, 45.755613], [4.81589, 45.75561], [4.815862, 45.755637], [4.815814, 45.755641], [4.815363, 45.755682], [4.815313, 45.755681], [4.815266, 45.755668], [4.814979, 45.755492], [4.814976, 45.755479], [4.814909, 45.755436], [4.81452, 45.755185], [4.814472, 45.755175], [4.814407, 45.755175], [4.81402, 45.755267], [4.813885, 45.755292], [4.813892, 45.755311], [4.813807, 45.755328], [4.813776, 45.755334], [4.813799, 45.755393], [4.81376, 45.75539], [4.813747, 45.755391], [4.813718, 45.755384], [4.813296, 45.755468], [4.813287, 45.755448], [4.813281, 45.755432], [4.813277, 45.755421], [4.813273, 45.75541], [4.812924, 45.755477], [4.812877, 45.755447], [4.81278, 45.755279], [4.812786, 45.755269], [4.812799, 45.755252], [4.812537, 45.754851], [4.812525, 45.754833], [4.812511, 45.754829], [4.812502, 45.754827], [4.812487, 45.754834], [4.812451, 45.754851], [4.812408, 45.75487], [4.81236, 45.754894], [4.812312, 45.754878], [4.812131, 45.754932], [4.812112, 45.754961], [4.812089, 45.754962], [4.812044, 45.754971], [4.811993, 45.754981], [4.811977, 45.754985], [4.81195, 45.754984], [4.811733, 45.75504], [4.811003, 45.755291], [4.810343, 45.755442], [4.81034, 45.755434], [4.81032, 45.755388], [4.810304, 45.755352], [4.810297, 45.755336], [4.809633, 45.755479], [4.809074, 45.755517], [4.808939, 45.755476], [4.808921, 45.75545], [4.808893, 45.75544], [4.808775, 45.755389], [4.808757, 45.755386], [4.808684, 45.755362], [4.808629, 45.755345], [4.808614, 45.75534], [4.808607, 45.755357], [4.808573, 45.755362], [4.808511, 45.755338], [4.808453, 45.755312], [4.808066, 45.755162], [4.808043, 45.755132], [4.807961, 45.7551], [4.807905, 45.755099], [4.807513, 45.754935], [4.807305, 45.754822], [4.807419, 45.754512], [4.807525, 45.75443], [4.808016, 45.753718], [4.807997, 45.753712], [4.807982, 45.753707], [4.807905, 45.753683], [4.807834, 45.753662], [4.807819, 45.753657], [4.807804, 45.753653], [4.808002, 45.75334], [4.808316, 45.752775], [4.808643, 45.752097], [4.80859, 45.752109], [4.808294, 45.752661], [4.80795, 45.752783], [4.808294, 45.752661], [4.80859, 45.752109], [4.808643, 45.752097], [4.808316, 45.752775], [4.808002, 45.75334], [4.807804, 45.753653], [4.807697, 45.753821], [4.807415, 45.754225], [4.807227, 45.754481], [4.807028, 45.754726], [4.806947, 45.754712], [4.806941, 45.754718], [4.806903, 45.754765], [4.806897, 45.754771], [4.806892, 45.754778], [4.806864, 45.754813], [4.806856, 45.754823], [4.806935, 45.754861], [4.807073, 45.754932], [4.807044, 45.754966], [4.806955, 45.755011], [4.806918, 45.75518], [4.807079, 45.755832], [4.807103, 45.755923], [4.806784, 45.755979], [4.806679, 45.755973], [4.806173, 45.756029], [4.806178, 45.756053], [4.806186, 45.756082], [4.806194, 45.756111], [4.806199, 45.756141], [4.806065, 45.756156], [4.806016, 45.756209], [4.806018, 45.756264], [4.806075, 45.756348], [4.80617, 45.756407], [4.807157, 45.756527], [4.807633, 45.756585], [4.807781, 45.7566], [4.808606, 45.756689], [4.80885, 45.75675], [4.80935, 45.756891], [4.809655, 45.756965], [4.809925, 45.75704], [4.810339, 45.757066], [4.810339, 45.757081], [4.810337, 45.757113], [4.810333, 45.757145], [4.810331, 45.757158], [4.810573, 45.757227], [4.810747, 45.757329], [4.810991, 45.757442], [4.811013, 45.757477], [4.811051, 45.757468], [4.811084, 45.757473], [4.8111, 45.757475], [4.811142, 45.757486], [4.811214, 45.757674], [4.811223, 45.757694], [4.811228, 45.757705], [4.811231, 45.757713], [4.811245, 45.757744], [4.811684, 45.758673], [4.811706, 45.758686], [4.811873, 45.758671], [4.811875, 45.758678], [4.811891, 45.758724], [4.811908, 45.758779], [4.81191, 45.758786], [4.811872, 45.758826], [4.811867, 45.758831], [4.811852, 45.758871], [4.811867, 45.759069], [4.811385, 45.75947], [4.811078, 45.759724], [4.810736, 45.760009], [4.810682, 45.760031], [4.810604, 45.760094], [4.810572, 45.760125], [4.810571, 45.76015], [4.810562, 45.760158], [4.810533, 45.760184], [4.810509, 45.760205], [4.810499, 45.760213], [4.810477, 45.760211], [4.810424, 45.760239], [4.810341, 45.760308], [4.810246, 45.760388], [4.809735, 45.760769], [4.809468, 45.760964], [4.809338, 45.761101], [4.808896, 45.761576], [4.808844, 45.761631], [4.808747, 45.761767], [4.80851, 45.762109], [4.808344, 45.762368], [4.808144, 45.762615], [4.808086, 45.76269], [4.808006, 45.762789], [4.807935, 45.762877], [4.807539, 45.763354], [4.807339, 45.763597], [4.806755, 45.764433], [4.806606, 45.764669], [4.806197, 45.765384], [4.806163, 45.765428], [4.806018, 45.765567], [4.805672, 45.765837], [4.805632, 45.765895], [4.805607, 45.765971], [4.805595, 45.76605], [4.805584, 45.76615], [4.805581, 45.766164], [4.805577, 45.766197], [4.805588, 45.766322], [4.805541, 45.766527], [4.80553, 45.766575], [4.805524, 45.766678], [4.805537, 45.767056], [4.805542, 45.767081], [4.805532, 45.767305], [4.805511, 45.76764], [4.80554, 45.76764], [4.805569, 45.76764], [4.80567, 45.76764], [4.805755, 45.767642], [4.805749, 45.76777], [4.805745, 45.767835], [4.80574, 45.767919], [4.805748, 45.767919], [4.805736, 45.76813], [4.806212, 45.768152], [4.80629, 45.768163], [4.806348, 45.768184], [4.806393, 45.768208], [4.80642, 45.768227], [4.806444, 45.768245], [4.806516, 45.768315], [4.806609, 45.768405], [4.806683, 45.768477], [4.806709, 45.768501], [4.806733, 45.768523], [4.807302, 45.769087], [4.80733, 45.769188], [4.807324, 45.769305], [4.80732, 45.769384], [4.807312, 45.769484], [4.807281, 45.770244], [4.807303, 45.770313], [4.80732, 45.770362], [4.807318, 45.770382], [4.807317, 45.770405], [4.807328, 45.770466], [4.807333, 45.770508], [4.807296, 45.770837], [4.807364, 45.77089], [4.80743, 45.770944], [4.807477, 45.770981], [4.80748, 45.771034], [4.80748, 45.771055], [4.807479, 45.771073], [4.807479, 45.771094], [4.807756, 45.771101], [4.807786, 45.771153], [4.807846, 45.771381], [4.807837, 45.771527], [4.807827, 45.771684], [4.807833, 45.772], [4.807815, 45.77208], [4.807807, 45.772117], [4.807791, 45.772152], [4.807783, 45.77217], [4.807771, 45.77219], [4.807854, 45.772218], [4.807874, 45.772257], [4.807809, 45.772488], [4.807786, 45.772566], [4.807701, 45.772762], [4.807712, 45.772765], [4.807763, 45.772778], [4.807798, 45.772787], [4.807806, 45.772789], [4.80777, 45.772858], [4.807709, 45.772981], [4.807693, 45.773014], [4.807688, 45.773053], [4.8077, 45.773071], [4.807698, 45.773075], [4.807686, 45.773088], [4.807675, 45.773102], [4.807666, 45.773126], [4.807905, 45.773235], [4.807927, 45.773254], [4.807972, 45.773274], [4.80804, 45.773304], [4.808043, 45.773306], [4.808072, 45.773311], [4.80807, 45.773363], [4.808274, 45.773457], [4.808278, 45.773468], [4.808284, 45.773488], [4.808667, 45.773655], [4.808743, 45.773688], [4.808923, 45.773604], [4.809597, 45.773282], [4.809867, 45.773145], [4.81039, 45.772701], [4.81095, 45.772213], [4.811263, 45.771941], [4.811419, 45.771743], [4.811514, 45.771582], [4.81168, 45.771246], [4.811794, 45.770994], [4.811847, 45.770877], [4.81202, 45.77049], [4.812232, 45.770119], [4.812264, 45.770128], [4.812324, 45.770145], [4.812351, 45.770152], [4.812364, 45.770156], [4.812387, 45.770162], [4.812402, 45.770166], [4.812425, 45.770173], [4.812451, 45.77018], [4.812463, 45.770163], [4.812543, 45.770109], [4.812594, 45.770089], [4.812638, 45.770082], [4.812774, 45.770089], [4.81291, 45.770109], [4.813915, 45.770285], [4.814009, 45.770353], [4.814025, 45.770391], [4.814013, 45.7705], [4.813993, 45.770578], [4.813783, 45.771321], [4.813829, 45.771328], [4.813879, 45.771335], [4.81392, 45.771342], [4.813952, 45.771345], [4.813977, 45.771347], [4.81408, 45.771353], [4.814124, 45.771342], [4.814273, 45.771233], [4.814626, 45.771428], [4.814891, 45.771611], [4.814905, 45.771602], [4.814914, 45.771591], [4.814934, 45.771531], [4.814943, 45.771465], [4.814975, 45.771427], [4.815037, 45.771405], [4.815192, 45.771413], [4.815422, 45.771559], [4.815503, 45.771583], [4.815594, 45.771516], [4.815713, 45.771455], [4.815855, 45.771403], [4.815948, 45.771385], [4.815968, 45.77138], [4.815994, 45.77138], [4.816019, 45.77138], [4.816032, 45.771377], [4.816271, 45.77135], [4.816306, 45.771357], [4.81633, 45.771362], [4.816366, 45.771373], [4.816383, 45.771378], [4.816419, 45.771397], [4.816549, 45.771465], [4.816624, 45.771563], [4.816649, 45.771564], [4.816661, 45.771602], [4.816912, 45.771779], [4.817747, 45.772043], [4.817712, 45.772159], [4.817493, 45.772266], [4.817386, 45.772223], [4.817302, 45.772238], [4.816964, 45.772423], [4.816964, 45.772423], [4.817302, 45.772238], [4.817386, 45.772223], [4.817493, 45.772266], [4.817712, 45.772159], [4.817747, 45.772043], [4.817846, 45.772075], [4.817919, 45.772098], [4.817969, 45.772114], [4.817989, 45.77212], [4.818074, 45.772143], [4.818542, 45.772273], [4.818612, 45.772291], [4.818673, 45.772309], [4.818751, 45.772332], [4.818784, 45.772342], [4.818803, 45.772347], [4.819427, 45.772537], [4.819474, 45.772552], [4.819502, 45.77256], [4.820436, 45.772845], [4.820531, 45.772878], [4.820541, 45.772883], [4.820563, 45.772891], [4.820582, 45.772902], [4.820589, 45.772905], [4.820609, 45.772911], [4.820504, 45.773034], [4.820466, 45.773098], [4.820593, 45.773134], [4.820681, 45.773145], [4.820936, 45.773213], [4.820987, 45.773261], [4.821034, 45.773279], [4.821318, 45.773367], [4.821344, 45.773247], [4.821372, 45.77325], [4.821418, 45.773255], [4.821464, 45.77326], [4.821485, 45.773262], [4.8215, 45.773251], [4.821524, 45.773239], [4.821547, 45.773227], [4.821559, 45.773221], [4.821553, 45.773178], [4.822186, 45.773386], [4.82232, 45.773426], [4.822356, 45.773436], [4.822397, 45.773449], [4.823402, 45.773753], [4.82345, 45.773768], [4.823497, 45.773782], [4.823572, 45.773804], [4.823636, 45.773824], [4.823714, 45.77384], [4.824809, 45.773928], [4.82503, 45.773941], [4.825041, 45.773941], [4.825082, 45.773944], [4.825116, 45.773947], [4.82517, 45.773949], [4.825175, 45.77395], [4.825179, 45.77395], [4.826908, 45.774083], [4.826932, 45.774084], [4.826984, 45.774089], [4.827042, 45.774093], [4.827122, 45.774099], [4.827611, 45.774136], [4.827817, 45.774151], [4.828551, 45.774206], [4.828583, 45.774209], [4.828615, 45.774211], [4.828662, 45.774216], [4.829072, 45.774252], [4.829414, 45.774282], [4.830573, 45.774372], [4.830676, 45.774368], [4.830731, 45.774379], [4.830795, 45.774395], [4.830852, 45.774409], [4.830873, 45.774416], [4.830865, 45.774435], [4.830852, 45.774465], [4.830841, 45.774491], [4.830828, 45.774518], [4.831515, 45.774571], [4.83178, 45.775258], [4.831828, 45.775293], [4.831882, 45.775306], [4.832207, 45.775312], [4.832221, 45.775377], [4.832214, 45.775402], [4.832233, 45.775787], [4.832214, 45.775402], [4.832221, 45.775377], [4.832207, 45.775312], [4.832245, 45.775292], [4.832244, 45.775267], [4.832244, 45.775239], [4.832244, 45.77523], [4.832328, 45.77522], [4.832318, 45.775188], [4.832316, 45.775172], [4.832338, 45.775123], [4.83235, 45.775024], [4.832338, 45.774952], [4.832376, 45.77468], [4.832364, 45.774544], [4.832363, 45.774523], [4.832346, 45.774507], [4.832357, 45.774459], [4.832365, 45.774405], [4.832376, 45.774346], [4.832379, 45.774303], [4.83227, 45.774296], [4.832247, 45.774295], [4.832221, 45.774294], [4.8322, 45.774293], [4.832177, 45.774291], [4.832119, 45.773852], [4.832123, 45.773777], [4.832033, 45.773182], [4.832019, 45.773132], [4.831963, 45.773056], [4.831956, 45.77305], [4.831869, 45.773028], [4.83184, 45.773027], [4.831828, 45.773013], [4.831816, 45.773], [4.831806, 45.772988], [4.831793, 45.772973], [4.831832, 45.77296], [4.831841, 45.772912], [4.831828, 45.772906], [4.831843, 45.77289], [4.831857, 45.772876], [4.831869, 45.772865], [4.831878, 45.772858], [4.831972, 45.772889], [4.831964, 45.772869], [4.831957, 45.772851], [4.831952, 45.772839], [4.831873, 45.772621], [4.831868, 45.772606], [4.83183, 45.772518], [4.831817, 45.772448], [4.831811, 45.77242], [4.831807, 45.7724], [4.831921, 45.772367], [4.832027, 45.772327], [4.832083, 45.772274], [4.832109, 45.772228], [4.832183, 45.772113], [4.832232, 45.772048], [4.832321, 45.771979], [4.832465, 45.771917], [4.832644, 45.771873], [4.832654, 45.771855], [4.832895, 45.771829], [4.833088, 45.771808], [4.833104, 45.771806], [4.833118, 45.771725], [4.83316, 45.771475], [4.833173, 45.771475], [4.833212, 45.771477], [4.833252, 45.771479], [4.833265, 45.771481], [4.833274, 45.771462], [4.833292, 45.771462], [4.833293, 45.771454], [4.833293, 45.771427], [4.833293, 45.771415], [4.833293, 45.771391], [4.833261, 45.771389], [4.833254, 45.771357], [4.833233, 45.771354], [4.833234, 45.771348], [4.833291, 45.771007], [4.833296, 45.770975], [4.833224, 45.77097], [4.833227, 45.770951], [4.833232, 45.770933], [4.833236, 45.770916], [4.833248, 45.770899], [4.833328, 45.770486], [4.833329, 45.77047], [4.833318, 45.770458], [4.833321, 45.770449], [4.833326, 45.770422], [4.83333, 45.770401], [4.833332, 45.770389], [4.833075, 45.770362], [4.832825, 45.770336], [4.83224, 45.770276], [4.831579, 45.770208], [4.830948, 45.770106], [4.830868, 45.770085], [4.83046, 45.770016], [4.830304, 45.769989], [4.83029, 45.769987], [4.830294, 45.769697], [4.830386, 45.769701], [4.830387, 45.769645], [4.830386, 45.769602], [4.830385, 45.769579], [4.830382, 45.769436], [4.830381, 45.76942], [4.830379, 45.769385], [4.830377, 45.769366], [4.830377, 45.769349], [4.830376, 45.769336], [4.830385, 45.769163], [4.830427, 45.769163], [4.830427, 45.769105], [4.830386, 45.769105], [4.830385, 45.769082], [4.830384, 45.768821], [4.83036, 45.768782], [4.830382, 45.768781], [4.830405, 45.768745], [4.830421, 45.768748], [4.83043, 45.768749], [4.83062, 45.768757], [4.830655, 45.768719], [4.831116, 45.768235], [4.831147, 45.768201], [4.831149, 45.768171], [4.831151, 45.768142], [4.831152, 45.768123], [4.831242, 45.768121], [4.831255, 45.768026], [4.831336, 45.767806], [4.831337, 45.767783], [4.831345, 45.767763], [4.831488, 45.767447], [4.831483, 45.767426], [4.831495, 45.767406], [4.831516, 45.767374], [4.831527, 45.767357], [4.831692, 45.76705], [4.831708, 45.767011], [4.831711, 45.767003], [4.831725, 45.766977], [4.83174, 45.766948], [4.83175, 45.766938], [4.83179, 45.766937], [4.831826, 45.766938], [4.831836, 45.766938], [4.831857, 45.766936], [4.831852, 45.766912], [4.831839, 45.766588], [4.831829, 45.766536], [4.831842, 45.766466], [4.831848, 45.766448], [4.831852, 45.766437], [4.831853, 45.766433], [4.831894, 45.766108], [4.831905, 45.766072], [4.831923, 45.766074], [4.831931, 45.766042], [4.831937, 45.766024], [4.831946, 45.766001], [4.831955, 45.765976], [4.831943, 45.765966], [4.831941, 45.765948], [4.831993, 45.765802], [4.83216, 45.765312], [4.832167, 45.765302], [4.83226, 45.765307], [4.832263, 45.765285], [4.832266, 45.765264], [4.832268, 45.765223], [4.83228, 45.765033], [4.83226, 45.764887], [4.832258, 45.764871], [4.832242, 45.764769], [4.832263, 45.76476], [4.832266, 45.764734], [4.83227, 45.764704], [4.832277, 45.764681], [4.832279, 45.764666], [4.832283, 45.764647], [4.832286, 45.764617], [4.832333, 45.764618], [4.832343, 45.764587], [4.832371, 45.764592], [4.832391, 45.764595], [4.832405, 45.764598], [4.83243, 45.764602], [4.832639, 45.763873], [4.832637, 45.763844], [4.832634, 45.763821], [4.832673, 45.763822], [4.833159, 45.763826], [4.833154, 45.763808], [4.833156, 45.763787], [4.833156, 45.763776], [4.833157, 45.763769], [4.833184, 45.76377], [4.833199, 45.763372], [4.833193, 45.763359], [4.833181, 45.763344], [4.833185, 45.763317], [4.83319, 45.76328], [4.833198, 45.763267], [4.833208, 45.763252], [4.833232, 45.762925], [4.833233, 45.762909], [4.833235, 45.762879], [4.833237, 45.762854], [4.833236, 45.76284], [4.833289, 45.762068], [4.833299, 45.762068], [4.833338, 45.762069], [4.833374, 45.76207], [4.83341, 45.76207], [4.833413, 45.762049], [4.833414, 45.762031], [4.833416, 45.762014], [4.833417, 45.76199], [4.833416, 45.76197], [4.833439, 45.761666], [4.83344, 45.761654], [4.833442, 45.761623], [4.833443, 45.761613], [4.833445, 45.761587], [4.833447, 45.761559], [4.833467, 45.761134], [4.833477, 45.760941], [4.83345, 45.760862], [4.833427, 45.760801], [4.833423, 45.760786], [4.833419, 45.760771], [4.833427, 45.760736], [4.833333, 45.760668], [4.833313, 45.760671], [4.83328, 45.760676], [4.833238, 45.760683], [4.833157, 45.760695], [4.833103, 45.760534], [4.833101, 45.760528], [4.833097, 45.760517], [4.833088, 45.760495], [4.833085, 45.760485], [4.833068, 45.76042], [4.833039, 45.76038], [4.832966, 45.760247], [4.832958, 45.760211], [4.832874, 45.759909], [4.832883, 45.759873], [4.832795, 45.759589], [4.832789, 45.759566], [4.832785, 45.75955], [4.832779, 45.759528], [4.832775, 45.759507], [4.832465, 45.758465], [4.832454, 45.758456], [4.832438, 45.758443], [4.832421, 45.758412], [4.832396, 45.758369], [4.83239, 45.758358], [4.832361, 45.758309], [4.831734, 45.758487], [4.831685, 45.75839], [4.831695, 45.758387], [4.831788, 45.758362], [4.831826, 45.758351], [4.831788, 45.758283], [4.832152, 45.758176], [4.831955, 45.75781]]}, "properties": {"heading": 306, "length_km": 11.414, "retrace": 0.074}}, {"type": "Feature", "geometry": {"type": "LineString", "coordinates": [[4.831955, 45.75781], [4.831794, 45.757511], [4.831452, 45.757605], [4.831424, 45.757555], [4.831406, 45.75756], [4.831321, 45.757584], [4.831303, 45.757589], [4.831201, 45.757496], [4.831154, 45.757413], [4.830292, 45.757652], [4.830337, 45.757732], [4.830354, 45.757801], [4.830341, 45.757806], [4.830304, 45.757818], [4.830266, 45.757829], [4.830227, 45.75784], [4.830188, 45.75785], [4.830158, 45.757858], [4.830126, 45.757866], [4.830096, 45.757875], [4.830081, 45.75785], [4.829358, 45.758064], [4.829353, 45.75806], [4.82933, 45.75803], [4.829311, 45.758005], [4.829303, 45.757997], [4.828941, 45.757518], [4.828936, 45.75752], [4.828911, 45.757528], [4.828884, 45.757536], [4.828855, 45.757546], [4.828828, 45.757554], [4.828194, 45.757761], [4.828177, 45.757774], [4.828167, 45.757765], [4.828157, 45.757758], [4.828148, 45.757752], [4.828141, 45.757743], [4.828119, 45.757718], [4.828081, 45.757678], [4.828033, 45.757666], [4.827981, 45.757652], [4.827037, 45.756836], [4.82701, 45.756846], [4.826981, 45.756859], [4.826926, 45.756886], [4.826915, 45.756891], [4.826907, 45.756895], [4.826899, 45.756887], [4.826863, 45.756858], [4.826833, 45.756871], [4.825728, 45.757324], [4.825712, 45.757331], [4.825673, 45.757312], [4.825666, 45.757314], [4.825652, 45.757319], [4.825636, 45.757325], [4.825599, 45.757349], [4.825567, 45.757364], [4.825533, 45.75738], [4.82553, 45.757381], [4.825446, 45.757431], [4.824999, 45.757586], [4.824989, 45.757589], [4.824968, 45.757595], [4.824946, 45.757602], [4.824938, 45.757604], [4.824954, 45.757631], [4.824492, 45.757749], [4.824012, 45.757435], [4.823691, 45.757216], [4.823642, 45.757171], [4.823609, 45.757155], [4.823557, 45.757158], [4.82328, 45.757456], [4.823137, 45.757687], [4.823138, 45.757706], [4.822715, 45.757755], [4.822598, 45.757766], [4.822435, 45.757767], [4.822335, 45.757758], [4.822124, 45.757714], [4.822018, 45.757678], [4.82192, 45.757629], [4.821814, 45.757561], [4.821781, 45.757531], [4.821745, 45.7575], [4.821708, 45.757484], [4.821602, 45.757386], [4.821592, 45.757377], [4.821574, 45.757385], [4.821438, 45.757254], [4.821121, 45.757018], [4.820923, 45.756882], [4.820845, 45.75686], [4.820523, 45.756619], [4.820151, 45.756402], [4.819826, 45.756276], [4.819268, 45.756091], [4.819195, 45.756049], [4.819165, 45.756039], [4.819114, 45.756022], [4.819067, 45.756006], [4.819038, 45.755996], [4.819, 45.755997], [4.818678, 45.755967], [4.818637, 45.755963], [4.818572, 45.755976], [4.818536, 45.755984], [4.818512, 45.755988], [4.818498, 45.755991], [4.817662, 45.756176], [4.817561, 45.756182], [4.817482, 45.75613], [4.816816, 45.755937], [4.816597, 45.755873], [4.816426, 45.755824], [4.816372, 45.755824], [4.816125, 45.755739], [4.816017, 45.755691], [4.815992, 45.755664], [4.815982, 45.755683], [4.815953, 45.755714], [4.815931, 45.755739], [4.815928, 45.755744], [4.815905, 45.755738], [4.815881, 45.755758], [4.815443, 45.756164], [4.815439, 45.756169], [4.815424, 45.756186], [4.815397, 45.756218], [4.815384, 45.756229], [4.815375, 45.756225], [4.815336, 45.756202], [4.815303, 45.756183], [4.815296, 45.756179], [4.815256, 45.756212], [4.815228, 45.756219], [4.814786, 45.756625], [4.814701, 45.756673], [4.814705, 45.756681], [4.81468, 45.75671], [4.81465, 45.756745], [4.814604, 45.756806], [4.814501, 45.756899], [4.814363, 45.757001], [4.813889, 45.757428], [4.813876, 45.75744], [4.813863, 45.757455], [4.813845, 45.757473], [4.813832, 45.757486], [4.813822, 45.757495], [4.813782, 45.757537], [4.813704, 45.757615], [4.813474, 45.757812], [4.813323, 45.757931], [4.813214, 45.757946], [4.813213, 45.757954], [4.81321, 45.757979], [4.813206, 45.758011], [4.813177, 45.758048], [4.813151, 45.758076], [4.8131, 45.758129], [4.813085, 45.758141], [4.813007, 45.758212], [4.812998, 45.75822], [4.812969, 45.758249], [4.812949, 45.758268], [4.812944, 45.758279], [4.812967, 45.758327], [4.812937, 45.758356], [4.812854, 45.758424], [4.812457, 45.758571], [4.812322, 45.758622], [4.81227, 45.758634], [4.811873, 45.758671], [4.811706, 45.758686], [4.811684, 45.758673], [4.811677, 45.758673], [4.81164, 45.758675], [4.811597, 45.758678], [4.811581, 45.758679], [4.811582, 45.75869], [4.811467, 45.7587], [4.811087, 45.758731], [4.810725, 45.75876], [4.810711, 45.758756], [4.8107, 45.758757], [4.810675, 45.75876], [4.810637, 45.758764], [4.810627, 45.75876], [4.810616, 45.758772], [4.810178, 45.758815], [4.810065, 45.758833], [4.809952, 45.758861], [4.808769, 45.759215], [4.808734, 45.75922], [4.808723, 45.759214], [4.8087, 45.759217], [4.808678, 45.759223], [4.808658, 45.759228], [4.808643, 45.759229], [4.808645, 45.759254], [4.808619, 45.759262], [4.807386, 45.759631], [4.806683, 45.759881], [4.806146, 45.760059], [4.806015, 45.760085], [4.805856, 45.760097], [4.80571, 45.760099], [4.80568, 45.760101], [4.805658, 45.760102], [4.80564, 45.760103], [4.805585, 45.759167], [4.805585, 45.759156], [4.805572, 45.759141], [4.805539, 45.759131], [4.805501, 45.759134], [4.805494, 45.759105], [4.805488, 45.759079], [4.805617, 45.759058], [4.806174, 45.758838], [4.80625, 45.758807], [4.806837, 45.758601], [4.806837, 45.758601], [4.80625, 45.758807], [4.806174, 45.758838], [4.805617, 45.759058], [4.805488, 45.759079], [4.805494, 45.759105], [4.805501, 45.759134], [4.805539, 45.759131], [4.805572, 45.759141], [4.805585, 45.759156], [4.805585, 45.759167], [4.80564, 45.760103], [4.805658, 45.760102], [4.80568, 45.760101], [4.80571, 45.760099], [4.805856, 45.760097], [4.806015, 45.760085], [4.806146, 45.760059], [4.806683, 45.759881], [4.807386, 45.759631], [4.808619, 45.759262], [4.808645, 45.759254], [4.808643, 45.759229], [4.808658, 45.759228], [4.808678, 45.759223], [4.8087, 45.759217], [4.808723, 45.759214], [4.808734, 45.75922], [4.808769, 45.759215], [4.809952, 45.758861], [4.810065, 45.758833], [4.810178, 45.758815], [4.810616, 45.758772], [4.810627, 45.75876], [4.810637, 45.758764], [4.810675, 45.75876], [4.8107, 45.758757], [4.810711, 45.758756], [4.810725, 45.75876], [4.811087, 45.758731], [4.811467, 45.7587], [4.811582, 45.75869], [4.811581, 45.758679], [4.811597, 45.758678], [4.81164, 45.758675], [4.811677, 45.758673], [4.811684, 45.758673], [4.811706, 45.758686], [4.811873, 45.758671], [4.81227, 45.758634], [4.812322, 45.758622], [4.812457, 45.758571], [4.812854, 45.758424], [4.812937, 45.758356], [4.812967, 45.758327], [4.812944, 45.758279], [4.812949, 45.758268], [4.812969, 45.758249], [4.812998, 45.75822], [4.813007, 45.758212], [4.813085, 45.758141], [4.8131, 45.758129], [4.813151, 45.758076], [4.813177, 45.758048], [4.813231, 45.758049], [4.813282, 45.758071], [4.813325, 45.758088], [4.813335, 45.758095], [4.813346, 45.758127], [4.813376, 45.75814], [4.813415, 45.758142], [4.813522, 45.758103], [4.813529, 45.758108], [4.813559, 45.758132], [4.813595, 45.758161], [4.813602, 45.758167], [4.813832, 45.758048], [4.813841, 45.758045], [4.813862, 45.758035], [4.813892, 45.758021], [4.813902, 45.758016], [4.814223, 45.758298], [4.814254, 45.758281], [4.814277, 45.758299], [4.814301, 45.758318], [4.814328, 45.75834], [4.814341, 45.75835], [4.814297, 45.758385], [4.814291, 45.758426], [4.814301, 45.758492], [4.814289, 45.758557], [4.81426, 45.758636], [4.814275, 45.75865], [4.814304, 45.758652], [4.814438, 45.75862], [4.814476, 45.758597], [4.814479, 45.758599], [4.814489, 45.758605], [4.814524, 45.758631], [4.814561, 45.758658], [4.814572, 45.758663], [4.81459, 45.758671], [4.814611, 45.758665], [4.814726, 45.758763], [4.814698, 45.758781], [4.81471, 45.758791], [4.814749, 45.758826], [4.814757, 45.758849], [4.81464, 45.758881], [4.814395, 45.758985], [4.814261, 45.759106], [4.814225, 45.759173], [4.814191, 45.759235], [4.814091, 45.759386], [4.814068, 45.759397], [4.814076, 45.759404], [4.814107, 45.759438], [4.814139, 45.759472], [4.814145, 45.759479], [4.813137, 45.759947], [4.812892, 45.760368], [4.812871, 45.760405], [4.812892, 45.760411], [4.812887, 45.76042], [4.812867, 45.760449], [4.812846, 45.76048], [4.812833, 45.760498], [4.812517, 45.761038], [4.812371, 45.761292], [4.812381, 45.761331], [4.812461, 45.761378], [4.812605, 45.761445], [4.812971, 45.761612], [4.813046, 45.761711], [4.813035, 45.761768], [4.81296, 45.761995], [4.812894, 45.762513], [4.812915, 45.76258], [4.81297, 45.762625], [4.813212, 45.762673], [4.813593, 45.762622], [4.813603, 45.76263], [4.813628, 45.762663], [4.813654, 45.762694], [4.813688, 45.762716], [4.813609, 45.762794], [4.814235, 45.762888], [4.81429, 45.762898], [4.814954, 45.762982], [4.81494, 45.763029], [4.815105, 45.763064], [4.81517, 45.763104], [4.815193, 45.763134], [4.81509, 45.763247], [4.815064, 45.763316], [4.81495, 45.763645], [4.815018, 45.763686], [4.815022, 45.763687], [4.815077, 45.763719], [4.815148, 45.763739], [4.815228, 45.763738], [4.815283, 45.763766], [4.815514, 45.763803], [4.815656, 45.763838], [4.815778, 45.763902], [4.815836, 45.763989], [4.815865, 45.764135], [4.816033, 45.764382], [4.816086, 45.764437], [4.816307, 45.764666], [4.816459, 45.764844], [4.816683, 45.765042], [4.816763, 45.765139], [4.816906, 45.765221], [4.816816, 45.765276], [4.816862, 45.76533], [4.817007, 45.765504], [4.817213, 45.765373], [4.81727, 45.765365], [4.817295, 45.765393], [4.817271, 45.765427], [4.817044, 45.76555], [4.817064, 45.765571], [4.817066, 45.765573], [4.816879, 45.765678], [4.816838, 45.765695], [4.816802, 45.765706], [4.816493, 45.765753], [4.81632, 45.765778], [4.815982, 45.765825], [4.815577, 45.765878], [4.81558, 45.765894], [4.815481, 45.765894], [4.815246, 45.765854], [4.815186, 45.765814], [4.815082, 45.765773], [4.814916, 45.765668], [4.814572, 45.765375], [4.814148, 45.765274], [4.814056, 45.765263], [4.813861, 45.765253], [4.813754, 45.765246], [4.813685, 45.765253], [4.813304, 45.765427], [4.813225, 45.765502], [4.813231, 45.765505], [4.813253, 45.765516], [4.81327, 45.765525], [4.813281, 45.76553], [4.813159, 45.765654], [4.812876, 45.765814], [4.812499, 45.766013], [4.812442, 45.766098], [4.812326, 45.766268], [4.812242, 45.766331], [4.811501, 45.766467], [4.81128, 45.766566], [4.811038, 45.766792], [4.810908, 45.766952], [4.810649, 45.767425], [4.810651, 45.767434], [4.810663, 45.767438], [4.810677, 45.767432], [4.810691, 45.767411], [4.810711, 45.767419], [4.810734, 45.767427], [4.810755, 45.767435], [4.810767, 45.76744], [4.810778, 45.767443], [4.811051, 45.767158], [4.811292, 45.766934], [4.811448, 45.766845], [4.811563, 45.766794], [4.811685, 45.766788], [4.81178, 45.766804], [4.811877, 45.766841], [4.811939, 45.766891], [4.81198, 45.76696], [4.811984, 45.767036], [4.811969, 45.767082], [4.811932, 45.767142], [4.811866, 45.767168], [4.811781, 45.76718], [4.811528, 45.76719], [4.811444, 45.76722], [4.81138, 45.767254], [4.811332, 45.767297], [4.811231, 45.767493], [4.810964, 45.768221], [4.810955, 45.768271], [4.810971, 45.768317], [4.811005, 45.768356], [4.811073, 45.768387], [4.811145, 45.768405], [4.811176, 45.768405], [4.811266, 45.768383], [4.81126, 45.768377], [4.811248, 45.768363], [4.811205, 45.768376], [4.811248, 45.768363], [4.81126, 45.768377], [4.811266, 45.768383], [4.81139, 45.768308], [4.811604, 45.768087], [4.811853, 45.767695], [4.811929, 45.767583], [4.812036, 45.767457], [4.812083, 45.767431], [4.812318, 45.767385], [4.812396, 45.767394], [4.812595, 45.767467], [4.812684, 45.767512], [4.813023, 45.767852], [4.812943, 45.768007], [4.812831, 45.768171], [4.812722, 45.768358], [4.812673, 45.768525], [4.812639, 45.768721], [4.812598, 45.769012], [4.812677, 45.76902], [4.812718, 45.769024], [4.81275, 45.769027], [4.812764, 45.769029], [4.812796, 45.769032], [4.812809, 45.769034], [4.812697, 45.769721], [4.812641, 45.769913], [4.812635, 45.769935], [4.812631, 45.769948], [4.812628, 45.76996], [4.812625, 45.769972], [4.812621, 45.769989], [4.812612, 45.770022], [4.812609, 45.770034], [4.812606, 45.770043], [4.812604, 45.770051], [4.812594, 45.770089], [4.812638, 45.770082], [4.812774, 45.770089], [4.81291, 45.770109], [4.813915, 45.770285], [4.814009, 45.770353], [4.814025, 45.770391], [4.814013, 45.7705], [4.813993, 45.770578], [4.813783, 45.771321], [4.813829, 45.771328], [4.813879, 45.771335], [4.81392, 45.771342], [4.813952, 45.771345], [4.813977, 45.771347], [4.81408, 45.771353], [4.814124, 45.771342], [4.814273, 45.771233], [4.814626, 45.771428], [4.814891, 45.771611], [4.814905, 45.771602], [4.814914, 45.771591], [4.814934, 45.771531], [4.814943, 45.771465], [4.814975, 45.771427], [4.815037, 45.771405], [4.815192, 45.771413], [4.815422, 45.771559], [4.815503, 45.771583], [4.815594, 45.771516], [4.815713, 45.771455], [4.815855, 45.771403], [4.815948, 45.771385], [4.815968, 45.77138], [4.815994, 45.77138], [4.816019, 45.77138], [4.816032, 45.771377], [4.816271, 45.77135], [4.816306, 45.771357], [4.81633, 45.771362], [4.816366, 45.771373], [4.816383, 45.771378], [4.816419, 45.771397], [4.816549, 45.771465], [4.816624, 45.771563], [4.816649, 45.771564], [4.816661, 45.771602], [4.816912, 45.771779], [4.817747, 45.772043], [4.817846, 45.772075], [4.817919, 45.772098], [4.817969, 45.772114], [4.817989, 45.77212], [4.818074, 45.772143], [4.818542, 45.772273], [4.818612, 45.772291], [4.818673, 45.772309], [4.818751, 45.772332], [4.818784, 45.772342], [4.818803, 45.772347], [4.819427, 45.772537], [4.819474, 45.772552], [4.819502, 45.77256], [4.820436, 45.772845], [4.820531, 45.772878], [4.820541, 45.772883], [4.820563, 45.772891], [4.820582, 45.772902], [4.820589, 45.772905], [4.820609, 45.772911], [4.820504, 45.773034], [4.820466, 45.773098], [4.820593, 45.773134], [4.820681, 45.773145], [4.820936, 45.773213], [4.820987, 45.773261], [4.821034, 45.773279], [4.821318, 45.773367], [4.821344, 45.773247], [4.821372, 45.77325], [4.821418, 45.773255], [4.821464, 45.77326], [4.821485, 45.773262], [4.8215, 45.773251], [4.821524, 45.773239], [4.821547, 45.773227], [4.821559, 45.773221], [4.821553, 45.773178], [4.822186, 45.773386], [4.82232, 45.773426], [4.822356, 45.773436], [4.822397, 45.773449], [4.823402, 45.773753], [4.82345, 45.773768], [4.823482, 45.77388], [4.82351, 45.773931], [4.823525, 45.773957], [4.823485, 45.774042], [4.823476, 45.774074], [4.823458, 45.774097], [4.82348, 45.774114], [4.823498, 45.774145], [4.823493, 45.774187], [4.823473, 45.77422], [4.823565, 45.774253], [4.823629, 45.774263], [4.823634, 45.774277], [4.823647, 45.77431], [4.823656, 45.77434], [4.823666, 45.774373], [4.823674, 45.7744], [4.823736, 45.774419], [4.823749, 45.774419], [4.823791, 45.774417], [4.823834, 45.774416], [4.823864, 45.774415], [4.823872, 45.774436], [4.82398, 45.774698], [4.824074, 45.774858], [4.824051, 45.774872], [4.824026, 45.774888], [4.824058, 45.774912], [4.824026, 45.774888], [4.824051, 45.774872], [4.824074, 45.774858], [4.824316, 45.775043], [4.82436, 45.775063], [4.824387, 45.775075], [4.824406, 45.775092], [4.824421, 45.775105], [4.824435, 45.775125], [4.825574, 45.774796], [4.825579, 45.774802], [4.825596, 45.774796], [4.825636, 45.774782], [4.825655, 45.774776], [4.82568, 45.774765], [4.825705, 45.774743], [4.826745, 45.774549], [4.826753, 45.774547], [4.826814, 45.774489], [4.826842, 45.774462], [4.826852, 45.774453], [4.82698, 45.774382], [4.826991, 45.774382], [4.82704, 45.774382], [4.827076, 45.774382], [4.8271, 45.774382], [4.827131, 45.774427], [4.827571, 45.774429], [4.827576, 45.774391], [4.827552, 45.774345], [4.827561, 45.774278], [4.827562, 45.774269], [4.827605, 45.774177], [4.827611, 45.774136], [4.827817, 45.774151], [4.828551, 45.774206], [4.828583, 45.774209], [4.828615, 45.774211], [4.828662, 45.774216], [4.829072, 45.774252], [4.829414, 45.774282], [4.830573, 45.774372], [4.830676, 45.774368], [4.830731, 45.774379], [4.830795, 45.774395], [4.830852, 45.774409], [4.830873, 45.774416], [4.830965, 45.7744], [4.831503, 45.774426], [4.831541, 45.774428], [4.831569, 45.774429], [4.831592, 45.774431], [4.831668, 45.774437], [4.831669, 45.774452], [4.832049, 45.774502], [4.832062, 45.774469], [4.832109, 45.774469], [4.832295, 45.774495], [4.832346, 45.774507], [4.832363, 45.774523], [4.832364, 45.774544], [4.832412, 45.774545], [4.832482, 45.774547], [4.832529, 45.774548], [4.832579, 45.77455], [4.832582, 45.774526], [4.832583, 45.774512], [4.832585, 45.774495], [4.832587, 45.77448], [4.832957, 45.774507], [4.832985, 45.774517], [4.833035, 45.774546], [4.833062, 45.774562], [4.833085, 45.774575], [4.833164, 45.774616], [4.833232, 45.774656], [4.833295, 45.774694], [4.833316, 45.774708], [4.833381, 45.77474], [4.83392, 45.775051], [4.834489, 45.775381], [4.834566, 45.775451], [4.834611, 45.775482], [4.834638, 45.775502], [4.834652, 45.775516], [4.834667, 45.775531], [4.834682, 45.775554], [4.83477, 45.775582], [4.834824, 45.775637], [4.834865, 45.775613], [4.834899, 45.775611], [4.834936, 45.775609], [4.834941, 45.775609], [4.83494, 45.775848], [4.835855, 45.775852], [4.835883, 45.775852], [4.835945, 45.775811], [4.835974, 45.775812], [4.836001, 45.775811], [4.836028, 45.775811], [4.836047, 45.775811], [4.836121, 45.77585], [4.836146, 45.77585], [4.836659, 45.775853], [4.83667, 45.775853], [4.836719, 45.775851], [4.836764, 45.775851], [4.836771, 45.775851], [4.837445, 45.775853], [4.837445, 45.775849], [4.837438, 45.77574], [4.837536, 45.775737], [4.837535, 45.77572], [4.837437, 45.775722], [4.837436, 45.775699], [4.837528, 45.775695], [4.837539, 45.775695], [4.837539, 45.775676], [4.837552, 45.775641], [4.837564, 45.775606], [4.83772, 45.775603], [4.837716, 45.775549], [4.837894, 45.77554], [4.838196, 45.775527], [4.838196, 45.775582], [4.838249, 45.775574], [4.838303, 45.775555], [4.838457, 45.775448], [4.83848, 45.775395], [4.838459, 45.775346], [4.838434, 45.775327], [4.838388, 45.775311], [4.838391, 45.775347], [4.838314, 45.775354], [4.838026, 45.775379], [4.837994, 45.775365], [4.837907, 45.775367], [4.837755, 45.775336], [4.837728, 45.775298], [4.837721, 45.775266], [4.837744, 45.775228], [4.837802, 45.775199], [4.837958, 45.775152], [4.838021, 45.77512], [4.838043, 45.775086], [4.838046, 45.77504], [4.8379, 45.774704], [4.83787, 45.774591], [4.837673, 45.774174], [4.837662, 45.774153], [4.837643, 45.774116], [4.837656, 45.774099], [4.838215, 45.773928], [4.83824, 45.773907], [4.83823, 45.773901], [4.8382, 45.773885], [4.83823, 45.773863], [4.838254, 45.773848], [4.838279, 45.773831], [4.838303, 45.773817], [4.838328, 45.773803], [4.838391, 45.773791], [4.838443, 45.773782], [4.838521, 45.773767], [4.838555, 45.773761], [4.83859, 45.773754], [4.838616, 45.773749], [4.838622, 45.773748], [4.83865, 45.773743], [4.838686, 45.773736], [4.838715, 45.77373], [4.838787, 45.773889], [4.838809, 45.773883], [4.838813, 45.77389], [4.838875, 45.77401], [4.838878, 45.774015], [4.838905, 45.774008], [4.839442, 45.775041], [4.838905, 45.774008], [4.838878, 45.774015], [4.838875, 45.77401], [4.838813, 45.77389], [4.838809, 45.773883], [4.838787, 45.773889], [4.838715, 45.77373], [4.838686, 45.773736], [4.83865, 45.773743], [4.838622, 45.773748], [4.838616, 45.773749], [4.838559, 45.773585], [4.838482, 45.773191], [4.838424, 45.772796], [4.838387, 45.772423], [4.838354, 45.771721], [4.838327, 45.771543], [4.838344, 45.771534], [4.838369, 45.77152], [4.838401, 45.771502], [4.83844, 45.771479], [4.83835, 45.771352], [4.838299, 45.769211], [4.838359, 45.769056], [4.838383, 45.768691], [4.838389, 45.768667], [4.83839, 45.768655], [4.838392, 45.768623], [4.838394, 45.768577], [4.838395, 45.768564], [4.838396, 45.768548], [4.838364, 45.768547], [4.838326, 45.768507], [4.83834, 45.768309], [4.838383, 45.768147], [4.83832, 45.76814], [4.83832, 45.767943], [4.838331, 45.767783], [4.838318, 45.767783], [4.838268, 45.767774], [4.838219, 45.767766], [4.838079, 45.767742], [4.838223, 45.766246], [4.838226, 45.766231], [4.838234, 45.766189], [4.838236, 45.766178], [4.838226, 45.766142], [4.838219, 45.766118], [4.83825, 45.765569], [4.838193, 45.765488], [4.83819, 45.765466], [4.83821, 45.765459], [4.838205, 45.765433], [4.838106, 45.76542], [4.838021, 45.765409], [4.838025, 45.765324], [4.83801, 45.765321], [4.838025, 45.765091], [4.838025, 45.765073], [4.838025, 45.765069], [4.838024, 45.765032], [4.838023, 45.765004], [4.838023, 45.764986], [4.837968, 45.764993], [4.837669, 45.764984], [4.837636, 45.764963], [4.83759, 45.764962], [4.837581, 45.764962], [4.837534, 45.764944], [4.837443, 45.76497], [4.837354, 45.764963], [4.837271, 45.764936], [4.837245, 45.764948], [4.837213, 45.764946], [4.837174, 45.764944], [4.837168, 45.764943], [4.837088, 45.763644], [4.837027, 45.763645], [4.836873, 45.763645], [4.83684, 45.763645], [4.836809, 45.763646], [4.836781, 45.763646], [4.836731, 45.763643], [4.836702, 45.763585], [4.836667, 45.763562], [4.83663, 45.763549], [4.836392, 45.763534], [4.835949, 45.763508], [4.835931, 45.763507], [4.835822, 45.763505], [4.835702, 45.763493], [4.835123, 45.763455], [4.835123, 45.763446], [4.835126, 45.763424], [4.835131, 45.763386], [4.835132, 45.763373], [4.835109, 45.763371], [4.835077, 45.76337], [4.835023, 45.763367], [4.835105, 45.763115], [4.83511, 45.763021], [4.83512, 45.763001], [4.835065, 45.763002], [4.834501, 45.762965], [4.834464, 45.762965], [4.834463, 45.762973], [4.834347, 45.762977], [4.834345, 45.762977], [4.834259, 45.762979], [4.834257, 45.762955], [4.834256, 45.762928], [4.834256, 45.762908], [4.834255, 45.762887], [4.83421, 45.762108], [4.834187, 45.762109], [4.83412, 45.762112], [4.834103, 45.762113], [4.834061, 45.762106], [4.834051, 45.762076], [4.834051, 45.762063], [4.834053, 45.762048], [4.834046, 45.762019], [4.834045, 45.761732], [4.83403, 45.761694], [4.833467, 45.761658], [4.833439, 45.761666], [4.83344, 45.761654], [4.833442, 45.761623], [4.833443, 45.761613], [4.833445, 45.761587], [4.833447, 45.761559], [4.833467, 45.761134], [4.833477, 45.760941], [4.83345, 45.760862], [4.833427, 45.760801], [4.833423, 45.760786], [4.833419, 45.760771], [4.833427, 45.760736], [4.833333, 45.760668], [4.833313, 45.760671], [4.83328, 45.760676], [4.833238, 45.760683], [4.833157, 45.760695], [4.833103, 45.760534], [4.833101, 45.760528], [4.833097, 45.760517], [4.833088, 45.760495], [4.833085, 45.760485], [4.833068, 45.76042], [4.833039, 45.76038], [4.832966, 45.760247], [4.832958, 45.760211], [4.832874, 45.759909], [4.832883, 45.759873], [4.832795, 45.759589], [4.832789, 45.759566], [4.832785, 45.75955], [4.832779, 45.759528], [4.832775, 45.759507], [4.832465, 45.758465], [4.832454, 45.758456], [4.832438, 45.758443], [4.832421, 45.758412], [4.832396, 45.758369], [4.83239, 45.758358], [4.832361, 45.758309], [4.831734, 45.758487], [4.831685, 45.75839], [4.831695, 45.758387], [4.831788, 45.758362], [4.831826, 45.758351], [4.831788, 45.758283], [4.832152, 45.758176], [4.831955, 45.75781]]}, "properties": {"heading": 324, "length_km": 12.242, "retrace": 0.176}}, {"type": "Feature", "geometry": {"type": "LineString", "coordinates": [[4.831955, 45.75781], [4.831794, 45.757511], [4.831452, 45.757605], [4.831424, 45.757555], [4.831406, 45.75756], [4.831321, 45.757584], [4.831303, 45.757589], [4.831201, 45.757496], [4.831154, 45.757413], [4.830292, 45.757652], [4.830337, 45.757732], [4.830354, 45.757801], [4.830341, 45.757806], [4.830304, 45.757818], [4.830266, 45.757829], [4.830227, 45.75784], [4.830188, 45.75785], [4.830158, 45.757858], [4.830126, 45.757866], [4.830096, 45.757875], [4.830081, 45.75785], [4.829358, 45.758064], [4.829353, 45.75806], [4.82933, 45.75803], [4.829311, 45.758005], [4.829303, 45.757997], [4.828941, 45.757518], [4.828936, 45.75752], [4.828911, 45.757528], [4.828884, 45.757536], [4.828855, 45.757546], [4.828828, 45.757554], [4.828194, 45.757761], [4.828177, 45.757774], [4.828167, 45.757765], [4.828157, 45.757758], [4.828148, 45.757752], [4.828141, 45.757743], [4.828119, 45.757718], [4.828081, 45.757678], [4.828033, 45.757666], [4.827981, 45.757652], [4.827037, 45.756836], [4.82701, 45.756846], [4.826981, 45.756859], [4.826926, 45.756886], [4.826915, 45.756891], [4.826907, 45.756895], [4.826899, 45.756887], [4.826863, 45.756858], [4.826833, 45.756871], [4.825728, 45.757324], [4.825712, 45.757331], [4.825673, 45.757312], [4.825666, 45.757314], [4.825652, 45.757319], [4.825636, 45.757325], [4.825599, 45.757349], [4.825567, 45.757364], [4.825533, 45.75738], [4.82553, 45.757381], [4.825446, 45.757431], [4.824999, 45.757586], [4.824989, 45.757589], [4.824968, 45.757595], [4.824946, 45.757602], [4.824938, 45.757604], [4.824954, 45.757631], [4.824492, 45.757749], [4.824012, 45.757435], [4.823691, 45.757216], [4.823642, 45.757171], [4.823609, 45.757155], [4.823557, 45.757158], [4.82328, 45.757456], [4.823137, 45.757687], [4.823138, 45.757706], [4.822715, 45.757755], [4.822598, 45.757766], [4.822435, 45.757767], [4.822335, 45.757758], [4.822124, 45.757714], [4.822018, 45.757678], [4.82192, 45.757629], [4.821814, 45.757561], [4.821781, 45.757531], [4.821745, 45.7575], [4.821708, 45.757484], [4.821602, 45.757386], [4.821592, 45.757377], [4.821574, 45.757385], [4.821438, 45.757254], [4.821121, 45.757018], [4.820923, 45.756882], [4.820845, 45.75686], [4.820523, 45.756619], [4.820151, 45.756402], [4.819826, 45.756276], [4.819268, 45.756091], [4.819195, 45.756049], [4.819165, 45.756039], [4.819114, 45.756022], [4.819067, 45.756006], [4.819038, 45.755996], [4.819, 45.755997], [4.818678, 45.755967], [4.818637, 45.755963], [4.818572, 45.755976], [4.818536, 45.755984], [4.818512, 45.755988], [4.818498, 45.755991], [4.817662, 45.756176], [4.817561, 45.756182], [4.817482, 45.75613], [4.816816, 45.755937], [4.816597, 45.755873], [4.816426, 45.755824], [4.816372, 45.755824], [4.816125, 45.755739], [4.816017, 45.755691], [4.815992, 45.755664], [4.815982, 45.755683], [4.815953, 45.755714], [4.815931, 45.755739], [4.815928, 45.755744], [4.815905, 45.755738], [4.815881, 45.755758], [4.815443, 45.756164], [4.815439, 45.756169], [4.815424, 45.756186], [4.815397, 45.756218], [4.815384, 45.756229], [4.815375, 45.756225], [4.815336, 45.756202], [4.815303, 45.756183], [4.815296, 45.756179], [4.815256, 45.756212], [4.815228, 45.756219], [4.814786, 45.756625], [4.814701, 45.756673], [4.814705, 45.756681], [4.81468, 45.75671], [4.81465, 45.756745], [4.814604, 45.756806], [4.814501, 45.756899], [4.814363, 45.757001], [4.813889, 45.757428], [4.813876, 45.75744], [4.813863, 45.757455], [4.813845, 45.757473], [4.813832, 45.757486], [4.813822, 45.757495], [4.813782, 45.757537], [4.813704, 45.757615], [4.813474, 45.757812], [4.813323, 45.757931], [4.813214, 45.757946], [4.813213, 45.757954], [4.81321, 45.757979], [4.813206, 45.758011], [4.813177, 45.758048], [4.813151, 45.758076], [4.8131, 45.758129], [4.813085, 45.758141], [4.813007, 45.758212], [4.812998, 45.75822], [4.812969, 45.758249], [4.812949, 45.758268], [4.812944, 45.758279], [4.812967, 45.758327], [4.812937, 45.758356], [4.812854, 45.758424], [4.812457, 45.758571], [4.812322, 45.758622], [4.81227, 45.758634], [4.811873, 45.758671], [4.811875, 45.758678], [4.811891, 45.758724], [4.811908, 45.758779], [4.81191, 45.758786], [4.811872, 45.758826], [4.811867, 45.758831], [4.811852, 45.758871], [4.811867, 45.759069], [4.811385, 45.75947], [4.811078, 45.759724], [4.810736, 45.760009], [4.810682, 45.760031], [4.810604, 45.760094], [4.810572, 45.760125], [4.810571, 45.76015], [4.810562, 45.760158], [4.810533, 45.760184], [4.810509, 45.760205], [4.810499, 45.760213], [4.810477, 45.760211], [4.810424, 45.760239], [4.810341, 45.760308], [4.810246, 45.760388], [4.809735, 45.760769], [4.809468, 45.760964], [4.809338, 45.761101], [4.808896, 45.761576], [4.808844, 45.761631], [4.808747, 45.761767], [4.80851, 45.762109], [4.808344, 45.762368], [4.808144, 45.762615], [4.808086, 45.76269], [4.808006, 45.762789], [4.807935, 45.762877], [4.807539, 45.763354], [4.807339, 45.763597], [4.806755, 45.764433], [4.806606, 45.764669], [4.806197, 45.765384], [4.806163, 45.765428], [4.806018, 45.765567], [4.805672, 45.765837], [4.805632, 45.765895], [4.805607, 45.765971], [4.805595, 45.76605], [4.805584, 45.76615], [4.805581, 45.766164], [4.805577, 45.766197], [4.805588, 45.766322], [4.805541, 45.766527], [4.80553, 45.766575], [4.805524, 45.766678], [4.805537, 45.767056], [4.805542, 45.767081], [4.805532, 45.767305], [4.805511, 45.76764], [4.80554, 45.76764], [4.805569, 45.76764], [4.80567, 45.76764], [4.805755, 45.767642], [4.805749, 45.76777], [4.805745, 45.767835], [4.80574, 45.767919], [4.805748, 45.767919], [4.805736, 45.76813], [4.806212, 45.768152], [4.80629, 45.768163], [4.806348, 45.768184], [4.806393, 45.768208], [4.80642, 45.768227], [4.806444, 45.768245], [4.806516, 45.768315], [4.806609, 45.768405], [4.806683, 45.768477], [4.806709, 45.768501], [4.806733, 45.768523], [4.807302, 45.769087], [4.80733, 45.769188], [4.807324, 45.769305], [4.80732, 45.769384], [4.807312, 45.769484], [4.807281, 45.770244], [4.807303, 45.770313], [4.80732, 45.770362], [4.807318, 45.770382], [4.807317, 45.770405], [4.807328, 45.770466], [4.807333, 45.770508], [4.807296, 45.770837], [4.807364, 45.77089], [4.80743, 45.770944], [4.807477, 45.770981], [4.80748, 45.771034], [4.80748, 45.771055], [4.807479, 45.771073], [4.807479, 45.771094], [4.807756, 45.771101], [4.807786, 45.771153], [4.807846, 45.771381], [4.807837, 45.771527], [4.807827, 45.771684], [4.807833, 45.772], [4.807815, 45.77208], [4.807807, 45.772117], [4.807791, 45.772152], [4.807783, 45.77217], [4.807771, 45.77219], [4.807854, 45.772218], [4.807874, 45.772257], [4.807809, 45.772488], [4.807786, 45.772566], [4.807701, 45.772762], [4.807712, 45.772765], [4.807763, 45.772778], [4.807798, 45.772787], [4.807806, 45.772789], [4.80777, 45.772858], [4.807709, 45.772981], [4.807693, 45.773014], [4.807688, 45.773053], [4.8077, 45.773071], [4.807698, 45.773075], [4.807686, 45.773088], [4.807675, 45.773102], [4.807666, 45.773126], [4.807905, 45.773235], [4.807927, 45.773254], [4.807972, 45.773274], [4.80804, 45.773304], [4.808043, 45.773306], [4.808072, 45.773311], [4.80807, 45.773363], [4.808274, 45.773457], [4.808278, 45.773468], [4.808284, 45.773488], [4.808667, 45.773655], [4.808743, 45.773688], [4.808923, 45.773604], [4.809597, 45.773282], [4.809867, 45.773145], [4.81039, 45.772701], [4.81095, 45.772213], [4.811263, 45.771941], [4.811419, 45.771743], [4.811514, 45.771582], [4.81168, 45.771246], [4.811794, 45.770994], [4.811847, 45.770877], [4.81202, 45.77049], [4.812232, 45.770119], [4.812264, 45.770128], [4.812324, 45.770145], [4.812351, 45.770152], [4.812364, 45.770156], [4.812387, 45.770162], [4.812402, 45.770166], [4.812425, 45.770173], [4.812451, 45.77018], [4.812463, 45.770163], [4.812543, 45.770109], [4.812594, 45.770089], [4.812638, 45.770082], [4.812774, 45.770089], [4.81291, 45.770109], [4.813915, 45.770285], [4.814009, 45.770353], [4.814025, 45.770391], [4.814013, 45.7705], [4.813993, 45.770578], [4.813783, 45.771321], [4.813829, 45.771328], [4.813879, 45.771335], [4.81392, 45.771342], [4.813952, 45.771345], [4.813977, 45.771347], [4.81408, 45.771353], [4.814124, 45.771342], [4.814273, 45.771233], [4.814626, 45.771428], [4.814891, 45.771611], [4.814905, 45.771602], [4.814914, 45.771591], [4.814934, 45.771531], [4.814943, 45.771465], [4.814975, 45.771427], [4.815037, 45.771405], [4.815192, 45.771413], [4.815422, 45.771559], [4.815503, 45.771583], [4.815594, 45.771516], [4.815713, 45.771455], [4.815855, 45.771403], [4.815948, 45.771385], [4.815968, 45.77138], [4.815994, 45.77138], [4.816019, 45.77138], [4.816032, 45.771377], [4.816271, 45.77135], [4.816306, 45.771357], [4.81633, 45.771362], [4.816366, 45.771373], [4.816383, 45.771378], [4.816419, 45.771397], [4.816549, 45.771465], [4.816624, 45.771563], [4.816649, 45.771564], [4.816661, 45.771602], [4.816912, 45.771779], [4.817747, 45.772043], [4.817712, 45.772159], [4.817493, 45.772266], [4.817386, 45.772223], [4.817302, 45.772238], [4.816964, 45.772423], [4.816964, 45.772423], [4.817302, 45.772238], [4.817386, 45.772223], [4.817493, 45.772266], [4.817712, 45.772159], [4.817747, 45.772043], [4.817846, 45.772075], [4.817919, 45.772098], [4.817969, 45.772114], [4.817989, 45.77212], [4.818074, 45.772143], [4.818542, 45.772273], [4.818612, 45.772291], [4.818673, 45.772309], [4.818751, 45.772332], [4.818784, 45.772342], [4.818803, 45.772347], [4.819427, 45.772537], [4.819474, 45.772552], [4.819502, 45.77256], [4.820436, 45.772845], [4.820531, 45.772878], [4.820541, 45.772883], [4.820563, 45.772891], [4.820582, 45.772902], [4.820589, 45.772905], [4.820609, 45.772911], [4.820504, 45.773034], [4.820466, 45.773098], [4.820593, 45.773134], [4.820681, 45.773145], [4.820936, 45.773213], [4.820987, 45.773261], [4.821034, 45.773279], [4.821318, 45.773367], [4.821344, 45.773247], [4.821372, 45.77325], [4.821418, 45.773255], [4.821464, 45.77326], [4.821485, 45.773262], [4.8215, 45.773251], [4.821524, 45.773239], [4.821547, 45.773227], [4.821559, 45.773221], [4.821553, 45.773178], [4.822186, 45.773386], [4.82232, 45.773426], [4.822356, 45.773436], [4.822397, 45.773449], [4.823402, 45.773753], [4.82345, 45.773768], [4.823497, 45.773782], [4.823572, 45.773804], [4.823636, 45.773824], [4.823714, 45.77384], [4.824809, 45.773928], [4.82503, 45.773941], [4.825041, 45.773941], [4.825082, 45.773944], [4.825116, 45.773947], [4.82517, 45.773949], [4.825175, 45.77395], [4.825179, 45.77395], [4.826908, 45.774083], [4.826932, 45.774084], [4.826984, 45.774089], [4.827042, 45.774093], [4.827122, 45.774099], [4.827611, 45.774136], [4.827817, 45.774151], [4.828551, 45.774206], [4.828583, 45.774209], [4.828615, 45.774211], [4.828662, 45.774216], [4.829072, 45.774252], [4.829414, 45.774282], [4.830573, 45.774372], [4.830676, 45.774368], [4.830731, 45.774379], [4.830795, 45.774395], [4.830852, 45.774409], [4.830873, 45.774416], [4.830865, 45.774435], [4.830852, 45.774465], [4.830841, 45.774491], [4.830828, 45.774518], [4.831515, 45.774571], [4.83178, 45.775258], [4.831828, 45.775293], [4.831882, 45.775306], [4.832207, 45.775312], [4.832221, 45.775377], [4.832214, 45.775402], [4.832233, 45.775787], [4.832247, 45.77606], [4.832323, 45.776058], [4.832347, 45.776058], [4.832371, 45.776057], [4.832397, 45.776056], [4.832397, 45.776071], [4.832409, 45.776073], [4.832464, 45.776077], [4.832867, 45.776055], [4.832891, 45.776088], [4.832914, 45.776121], [4.83295, 45.776118], [4.832959, 45.776117], [4.832987, 45.776107], [4.833016, 45.776095], [4.833034, 45.776088], [4.833085, 45.776114], [4.833611, 45.775904], [4.833744, 45.775851], [4.834587, 45.775506], [4.834611, 45.775482], [4.834662, 45.775432], [4.834688, 45.775412], [4.834723, 45.775385], [4.834733, 45.775378], [4.834748, 45.775382], [4.834824, 45.775402], [4.834919, 45.775391], [4.834946, 45.775379], [4.834958, 45.775372], [4.834991, 45.775355], [4.835193, 45.775197], [4.835606, 45.774859], [4.835638, 45.774829], [4.83572, 45.774754], [4.835765, 45.774712], [4.835792, 45.774666], [4.835806, 45.774667], [4.835857, 45.77467], [4.835895, 45.774671], [4.835919, 45.774672], [4.835925, 45.774688], [4.835975, 45.774692], [4.83599, 45.774684], [4.83601, 45.774699], [4.836023, 45.774709], [4.836037, 45.77472], [4.836039, 45.774743], [4.836307, 45.774727], [4.83633, 45.774743], [4.836319, 45.774682], [4.836317, 45.774672], [4.836315, 45.774662], [4.836278, 45.774489], [4.836268, 45.774439], [4.836395, 45.774402], [4.836429, 45.774393], [4.836439, 45.77439], [4.836542, 45.77436], [4.836563, 45.774355], [4.836736, 45.774308], [4.836476, 45.774026], [4.836501, 45.774016], [4.836507, 45.774012], [4.836543, 45.774031], [4.836592, 45.774035], [4.837138, 45.773897], [4.837148, 45.773876], [4.837117, 45.77383], [4.837126, 45.773826], [4.837139, 45.773821], [4.837192, 45.773883], [4.837208, 45.773877], [4.837163, 45.773828], [4.837166, 45.773815], [4.837112, 45.773783], [4.8371, 45.773768], [4.837118, 45.773763], [4.837123, 45.773768], [4.837159, 45.773793], [4.837207, 45.773795], [4.837476, 45.773713], [4.837645, 45.773691], [4.837826, 45.773636], [4.83785, 45.773629], [4.837809, 45.773586], [4.837686, 45.773402], [4.837701, 45.773397], [4.837724, 45.773389], [4.837748, 45.773381], [4.837851, 45.773346], [4.83796, 45.77331], [4.838032, 45.773302], [4.838071, 45.773298], [4.838105, 45.773295], [4.838194, 45.773287], [4.838152, 45.773058], [4.838126, 45.772914], [4.838117, 45.7729], [4.838109, 45.772861], [4.838105, 45.77284], [4.838099, 45.772799], [4.838089, 45.772773], [4.838106, 45.772771], [4.838432, 45.772741], [4.838476, 45.77274], [4.838546, 45.772738], [4.838594, 45.772737], [4.838611, 45.772677], [4.838717, 45.772619], [4.840899, 45.772451], [4.840984, 45.772461], [4.841023, 45.77249], [4.841054, 45.772488], [4.841085, 45.772487], [4.841107, 45.772485], [4.841152, 45.772483], [4.8412, 45.77248], [4.841217, 45.77248], [4.841263, 45.772477], [4.841311, 45.772475], [4.841359, 45.772472], [4.841323, 45.772737], [4.841359, 45.772749], [4.842029, 45.772809], [4.842021, 45.772857], [4.842008, 45.772928], [4.841967, 45.773133], [4.841947, 45.773229], [4.841943, 45.773256], [4.84197, 45.773258], [4.842009, 45.773262], [4.842074, 45.773269], [4.842093, 45.773266], [4.842099, 45.773257], [4.842104, 45.773229], [4.842113, 45.773183], [4.842112, 45.773173], [4.842804, 45.77324], [4.842811, 45.773203], [4.842866, 45.773207], [4.842937, 45.773215], [4.843006, 45.773222], [4.843068, 45.773228], [4.843076, 45.773264], [4.844044, 45.773356], [4.84407, 45.773354], [4.844054, 45.773374], [4.844048, 45.773403], [4.844043, 45.773425], [4.844049, 45.773452], [4.844092, 45.773467], [4.844131, 45.773471], [4.844172, 45.773474], [4.844215, 45.773471], [4.844292, 45.773463], [4.84455, 45.773488], [4.84504, 45.773535], [4.845091, 45.773549], [4.845131, 45.773561], [4.845164, 45.773563], [4.845207, 45.773566], [4.84525, 45.773565], [4.845313, 45.773559], [4.846336, 45.773657], [4.846337, 45.773631], [4.846341, 45.77361], [4.846346, 45.773582], [4.84635, 45.773563], [4.846466, 45.772956], [4.846458, 45.772899], [4.846485, 45.772902], [4.846559, 45.772908], [4.846609, 45.772912], [4.846639, 45.772916], [4.846653, 45.772895], [4.84666, 45.772858], [4.846665, 45.772833], [4.846668, 45.772819], [4.846673, 45.772789], [4.846679, 45.772759], [4.846673, 45.772728], [4.847344, 45.772791], [4.847373, 45.772766], [4.847411, 45.772596], [4.84746, 45.772348], [4.847144, 45.772318], [4.84746, 45.772348], [4.847483, 45.77222], [4.847551, 45.771831], [4.847467, 45.771817], [4.846841, 45.771763], [4.846857, 45.771737], [4.846863, 45.77171], [4.846879, 45.771631], [4.846881, 45.771624], [4.846875, 45.771577], [4.846902, 45.771434], [4.846984, 45.771018], [4.846995, 45.770986], [4.847, 45.770967], [4.847005, 45.770946], [4.847009, 45.770913], [4.847006, 45.77087], [4.847074, 45.770549], [4.847083, 45.770521], [4.847088, 45.770501], [4.847094, 45.770479], [4.847098, 45.770452], [4.847097, 45.770411], [4.847197, 45.769855], [4.847162, 45.769852], [4.847121, 45.769849], [4.847088, 45.769846], [4.847053, 45.769833], [4.847049, 45.769808], [4.847052, 45.769789], [4.847056, 45.769763], [4.84707, 45.769737], [4.846269, 45.769661], [4.845989, 45.769634], [4.845954, 45.769625], [4.845916, 45.769622], [4.845884, 45.769619], [4.845848, 45.769627], [4.845012, 45.769547], [4.844956, 45.769534], [4.844911, 45.769523], [4.844877, 45.76952], [4.84484, 45.769517], [4.844813, 45.769514], [4.844805, 45.769525], [4.844788, 45.76953], [4.843902, 45.769447], [4.843872, 45.769431], [4.843837, 45.769413], [4.843729, 45.769403], [4.843619, 45.769392], [4.843593, 45.769389], [4.843586, 45.769414], [4.842854, 45.769346], [4.84285, 45.769329], [4.842814, 45.769323], [4.842776, 45.769317], [4.842709, 45.769307], [4.842676, 45.769301], [4.842762, 45.768796], [4.842768, 45.768763], [4.842732, 45.768752], [4.842187, 45.768572], [4.842198, 45.768544], [4.842198, 45.768515], [4.842182, 45.768485], [4.842159, 45.768463], [4.842128, 45.768446], [4.842051, 45.768435], [4.842018, 45.768441], [4.841974, 45.768457], [4.841947, 45.768478], [4.841927, 45.768469], [4.841914, 45.768463], [4.841624, 45.768333], [4.841627, 45.768319], [4.841578, 45.768315], [4.841565, 45.768314], [4.841459, 45.768306], [4.84136, 45.768298], [4.841344, 45.768297], [4.841301, 45.768296], [4.841364, 45.767756], [4.84136, 45.767743], [4.841354, 45.767687], [4.84135, 45.76765], [4.841349, 45.767637], [4.84135, 45.767625], [4.841317, 45.767607], [4.841277, 45.767605], [4.841227, 45.767602], [4.841193, 45.7676], [4.841176, 45.767599], [4.84109, 45.767592], [4.841168, 45.767009], [4.841235, 45.7667], [4.84125, 45.766575], [4.841332, 45.76579], [4.841338, 45.765739], [4.841087, 45.765707], [4.838538, 45.765465], [4.838467, 45.765458], [4.83847, 45.765424], [4.838469, 45.765367], [4.838473, 45.765123], [4.838492, 45.765099], [4.838459, 45.765099], [4.838405, 45.765099], [4.838347, 45.765098], [4.838199, 45.765095], [4.838119, 45.765094], [4.83807, 45.765093], [4.838025, 45.765091], [4.838025, 45.765073], [4.838025, 45.765069], [4.838024, 45.765032], [4.838023, 45.765004], [4.838023, 45.764986], [4.837968, 45.764993], [4.837669, 45.764984], [4.837636, 45.764963], [4.83759, 45.764962], [4.837581, 45.764962], [4.837534, 45.764944], [4.837443, 45.76497], [4.837354, 45.764963], [4.837271, 45.764936], [4.837245, 45.764948], [4.837213, 45.764946], [4.837174, 45.764944], [4.837168, 45.764943], [4.837088, 45.763644], [4.837027, 45.763645], [4.836873, 45.763645], [4.83684, 45.763645], [4.836809, 45.763646], [4.836781, 45.763646], [4.836731, 45.763643], [4.836702, 45.763585], [4.836667, 45.763562], [4.83663, 45.763549], [4.836392, 45.763534], [4.835949, 45.763508], [4.835931, 45.763507], [4.835822, 45.763505], [4.835702, 45.763493], [4.835123, 45.763455], [4.835123, 45.763446], [4.835126, 45.763424], [4.835131, 45.763386], [4.835132, 45.763373], [4.835109, 45.763371], [4.835077, 45.76337], [4.835023, 45.763367], [4.835105, 45.763115], [4.83511, 45.763021], [4.83512, 45.763001], [4.835065, 45.763002], [4.834501, 45.762965], [4.834464, 45.762965], [4.834463, 45.762973], [4.834347, 45.762977], [4.834345, 45.762977], [4.834259, 45.762979], [4.834257, 45.762955], [4.834256, 45.762928], [4.834256, 45.762908], [4.834255, 45.762887], [4.83421, 45.762108], [4.834187, 45.762109], [4.83412, 45.762112], [4.834103, 45.762113], [4.834061, 45.762106], [4.834051, 45.762076], [4.834051, 45.762063], [4.834053, 45.762048], [4.834046, 45.762019], [4.834045, 45.761732], [4.83403, 45.761694], [4.833467, 45.761658], [4.833439, 45.761666], [4.83344, 45.761654], [4.833442, 45.761623], [4.833443, 45.761613], [4.833445, 45.761587], [4.833447, 45.761559], [4.833467, 45.761134], [4.833477, 45.760941], [4.83345, 45.760862], [4.833427, 45.760801], [4.833423, 45.760786], [4.833419, 45.760771], [4.833427, 45.760736], [4.833333, 45.760668], [4.833313, 45.760671], [4.83328, 45.760676], [4.833238, 45.760683], [4.833157, 45.760695], [4.833103, 45.760534], [4.833101, 45.760528], [4.833097, 45.760517], [4.833088, 45.760495], [4.833085, 45.760485], [4.833068, 45.76042], [4.833039, 45.76038], [4.832966, 45.760247], [4.832958, 45.760211], [4.832874, 45.759909], [4.832883, 45.759873], [4.832795, 45.759589], [4.832789, 45.759566], [4.832785, 45.75955], [4.832779, 45.759528], [4.832775, 45.759507], [4.832465, 45.758465], [4.832454, 45.758456], [4.832438, 45.758443], [4.832421, 45.758412], [4.832396, 45.758369], [4.83239, 45.758358], [4.832361, 45.758309], [4.831734, 45.758487], [4.831685, 45.75839], [4.831695, 45.758387], [4.831788, 45.758362], [4.831826, 45.758351], [4.831788, 45.758283], [4.832152, 45.758176], [4.831955, 45.75781]]}, "properties": {"heading": 342, "length_km": 11.403, "retrace": 0.019}}]}