{"type": "FeatureCollection", "features": [{"type": "Feature", "geometry": {"type": "LineString", "coordinates": [[4.831955, 45.75781], [4.832152, 45.758176], [4.831788, 45.758283], [4.831826, 45.758351], [4.831788, 45.758362], [4.831695, 45.758387], [4.831685, 45.75839], [4.831734, 45.758487], [4.831335, 45.758593], [4.831181, 45.758637], [4.830953, 45.758709], [4.83093, 45.758721], [4.830899, 45.758736], [4.830866, 45.758746], [4.830821, 45.758759], [4.830801, 45.758764], [4.830748, 45.75878], [4.830721, 45.758788], [4.830699, 45.758794], [4.830669, 45.758818], [4.830032, 45.759], [4.83002, 45.758998], [4.830007, 45.758996], [4.829979, 45.759004], [4.829957, 45.759012], [4.829937, 45.759019], [4.829612, 45.759141], [4.82958, 45.759143], [4.829569, 45.759147], [4.82956, 45.759151], [4.829534, 45.759162], [4.829462, 45.759192], [4.829427, 45.759207], [4.82943, 45.759245], [4.82943, 45.759262], [4.82943, 45.759301], [4.829432, 45.75933], [4.82943, 45.759344], [4.828357, 45.759653], [4.828094, 45.759751], [4.828079, 45.759757], [4.828065, 45.759803], [4.828075, 45.759826], [4.828448, 45.760504], [4.828457, 45.760536], [4.828469, 45.760584], [4.828715, 45.761277], [4.828702, 45.761279], [4.828683, 45.761282], [4.828688, 45.761295], [4.828695, 45.761315], [4.828794, 45.761588], [4.828802, 45.761608], [4.828845, 45.761728], [4.828819, 45.761733], [4.828744, 45.761746], [4.828868, 45.76211], [4.828886, 45.762159], [4.828868, 45.762198], [4.828876, 45.762217], [4.828863, 45.76222], [4.828831, 45.762225], [4.828788, 45.762232], [4.828735, 45.762241], [4.828797, 45.762435], [4.828798, 45.762484], [4.828856, 45.762632], [4.828993, 45.763043], [4.829011, 45.763163], [4.82901, 45.763214], [4.829008, 45.763315], [4.829007, 45.763328], [4.829006, 45.763349], [4.82897, 45.763482], [4.828969, 45.763811], [4.828946, 45.764054], [4.828947, 45.764427], [4.828981, 45.764474], [4.82899, 45.764586], [4.828964, 45.764586], [4.828968, 45.764757], [4.828975, 45.764773], [4.82896, 45.764777], [4.828895, 45.764795], [4.828787, 45.764825], [4.828688, 45.764878], [4.828683, 45.764918], [4.828453, 45.765121], [4.828249, 45.765293], [4.828248, 45.765295], [4.828223, 45.765312], [4.828148, 45.765371], [4.828053, 45.765446], [4.827999, 45.765501], [4.827979, 45.765524], [4.827684, 45.765762], [4.827631, 45.765815], [4.827573, 45.765888], [4.827569, 45.765893], [4.827592, 45.765961], [4.827572, 45.766088], [4.827553, 45.766135], [4.827511, 45.766214], [4.827321, 45.766217], [4.827172, 45.766219], [4.827115, 45.76624], [4.82657, 45.766571], [4.826511, 45.766607], [4.825507, 45.767223], [4.825464, 45.76726], [4.825462, 45.767282], [4.825459, 45.767338], [4.825386, 45.76733], [4.825346, 45.767323], [4.82387, 45.767257], [4.823693, 45.76726], [4.823353, 45.767268], [4.82285, 45.767269], [4.822637, 45.767258], [4.822449, 45.767224], [4.821873, 45.767047], [4.820908, 45.766792], [4.820795, 45.766769], [4.820785, 45.766789], [4.820769, 45.766819], [4.820747, 45.766861], [4.820717, 45.766853], [4.82061, 45.766826], [4.820597, 45.766847], [4.820569, 45.766839], [4.820378, 45.766785], [4.819965, 45.766681], [4.819606, 45.766597], [4.819181, 45.766528], [4.818903, 45.766504], [4.818598, 45.766492], [4.818215, 45.766501], [4.817845, 45.766541], [4.817802, 45.766546], [4.817776, 45.76655], [4.817737, 45.766556], [4.8177, 45.766563], [4.815965, 45.766891], [4.815909, 45.766908], [4.815095, 45.767203], [4.814718, 45.767331], [4.814648, 45.76735], [4.814609, 45.767362], [4.814584, 45.76737], [4.814022, 45.767573], [4.813797, 45.767662], [4.813594, 45.767769], [4.813388, 45.767911], [4.813377, 45.767906], [4.813367, 45.767901], [4.813308, 45.767869], [4.81328, 45.767854], [4.813202, 45.767817], [4.813153, 45.767813], [4.813132, 45.767802], [4.813094, 45.767845], [4.813045, 45.767832], [4.812704, 45.767512], [4.812608, 45.767454], [4.812392, 45.767373], [4.812317, 45.767367], [4.81205, 45.767421], [4.812006, 45.767452], [4.811921, 45.767549], [4.81183, 45.767689], [4.81157, 45.768072], [4.811384, 45.768278], [4.811248, 45.768363], [4.811205, 45.768376], [4.811248, 45.768363], [4.81126, 45.768377], [4.811266, 45.768383], [4.81139, 45.768308], [4.811604, 45.768087], [4.811853, 45.767695], [4.811929, 45.767583], [4.812036, 45.767457], [4.812083, 45.767431], [4.812318, 45.767385], [4.812396, 45.767394], [4.812595, 45.767467], [4.812684, 45.767512], [4.813023, 45.767852], [4.812943, 45.768007], [4.812831, 45.768171], [4.812722, 45.768358], [4.812673, 45.768525], [4.812639, 45.768721], [4.812598, 45.769012], [4.812677, 45.76902], [4.812718, 45.769024], [4.81275, 45.769027], [4.812764, 45.769029], [4.812796, 45.769032], [4.812809, 45.769034], [4.812697, 45.769721], [4.812641, 45.769913], [4.812635, 45.769935], [4.812631, 45.769948], [4.812628, 45.76996], [4.812625, 45.769972], [4.812621, 45.769989], [4.812612, 45.770022], [4.812609, 45.770034], [4.812606, 45.770043], [4.812604, 45.770051], [4.812594, 45.770089], [4.812638, 45.770082], [4.812774, 45.770089], [4.81291, 45.770109], [4.813915, 45.770285], [4.814009, 45.770353], [4.814025, 45.770391], [4.814013, 45.7705], [4.813993, 45.770578], [4.813783, 45.771321], [4.813829, 45.771328], [4.813879, 45.771335], [4.81392, 45.771342], [4.813952, 45.771345], [4.813977, 45.771347], [4.81408, 45.771353], [4.814124, 45.771342], [4.814273, 45.771233], [4.814626, 45.771428], [4.814891, 45.771611], [4.814905, 45.771602], [4.814914, 45.771591], [4.814934, 45.771531], [4.814943, 45.771465], [4.814975, 45.771427], [4.815037, 45.771405], [4.815192, 45.771413], [4.815422, 45.771559], [4.815503, 45.771583], [4.815594, 45.771516], [4.815713, 45.771455], [4.815855, 45.771403], [4.815948, 45.771385], [4.815968, 45.77138], [4.815994, 45.77138], [4.816019, 45.77138], [4.816032, 45.771377], [4.816271, 45.77135], [4.816306, 45.771357], [4.81633, 45.771362], [4.816366, 45.771373], [4.816383, 45.771378], [4.816419, 45.771397], [4.816549, 45.771465], [4.816624, 45.771563], [4.816649, 45.771564], [4.816661, 45.771602], [4.816912, 45.771779], [4.817747, 45.772043], [4.817846, 45.772075], [4.817919, 45.772098], [4.817969, 45.772114], [4.817989, 45.77212], [4.818074, 45.772143], [4.818542, 45.772273], [4.818612, 45.772291], [4.818673, 45.772309], [4.818751, 45.772332], [4.818784, 45.772342], [4.818803, 45.772347], [4.819427, 45.772537], [4.819474, 45.772552], [4.819502, 45.77256], [4.820436, 45.772845], [4.820531, 45.772878], [4.820541, 45.772883], [4.820563, 45.772891], [4.820582, 45.772902], [4.820589, 45.772905], [4.820609, 45.772911], [4.820795, 45.772971], [4.821021, 45.773036], [4.821176, 45.773081], [4.821362, 45.773126], [4.821385, 45.773132], [4.821391, 45.773134], [4.821447, 45.77315], [4.821502, 45.773165], [4.821507, 45.773167], [4.821553, 45.773178], [4.822186, 45.773386], [4.82232, 45.773426], [4.822356, 45.773436], [4.822397, 45.773449], [4.823402, 45.773753], [4.82345, 45.773768], [4.823497, 45.773782], [4.823572, 45.773804], [4.823636, 45.773824], [4.823714, 45.77384], [4.823696, 45.773897], [4.823691, 45.773945], [4.823796, 45.774248], [4.823804, 45.774269], [4.823824, 45.774279], [4.823836, 45.774311], [4.823846, 45.774344], [4.823858, 45.774384], [4.823864, 45.774415], [4.823872, 45.774436], [4.82398, 45.774698], [4.824074, 45.774858], [4.824051, 45.774872], [4.824026, 45.774888], [4.824058, 45.774912], [4.824026, 45.774888], [4.824051, 45.774872], [4.824074, 45.774858], [4.824316, 45.775043], [4.82436, 45.775063], [4.824387, 45.775075], [4.824406, 45.775092], [4.824421, 45.775105], [4.824435, 45.775125], [4.825574, 45.774796], [4.825579, 45.774802], [4.825596, 45.774796], [4.825636, 45.774782], [4.825655, 45.774776], [4.82568, 45.774765], [4.825705, 45.774743], [4.826745, 45.774549], [4.826753, 45.774547], [4.826814, 45.774489], [4.826946, 45.774491], [4.827063, 45.774491], [4.827147, 45.774495], [4.827153, 45.774519], [4.827156, 45.77453], [4.827816, 45.774535], [4.827841, 45.77454], [4.827872, 45.77454], [4.827901, 45.77454], [4.827927, 45.774536], [4.828545, 45.774539], [4.828606, 45.774533], [4.828637, 45.774531], [4.828665, 45.77453], [4.828706, 45.774527], [4.828723, 45.774526], [4.828728, 45.77454], [4.829262, 45.774538], [4.829275, 45.774531], [4.829331, 45.774545], [4.829348, 45.774531], [4.829363, 45.77452], [4.829387, 45.774502], [4.829414, 45.774486], [4.829406, 45.774484], [4.829437, 45.774308], [4.829414, 45.774282], [4.830573, 45.774372], [4.830676, 45.774368], [4.830731, 45.774379], [4.830795, 45.774395], [4.830852, 45.774409], [4.830873, 45.774416], [4.830965, 45.7744], [4.831503, 45.774426], [4.831541, 45.774428], [4.831569, 45.774429], [4.831564, 45.774418], [4.831584, 45.774398], [4.832111, 45.774439], [4.832357, 45.774459], [4.832374, 45.77446], [4.832398, 45.774479], [4.832413, 45.774506], [4.832412, 45.774545], [4.832482, 45.774547], [4.832529, 45.774548], [4.832579, 45.77455], [4.832662, 45.774545], [4.833085, 45.774575], [4.833164, 45.774616], [4.833232, 45.774656], [4.833295, 45.774694], [4.833316, 45.774708], [4.833381, 45.77474], [4.833408, 45.774716], [4.833443, 45.774684], [4.833472, 45.774658], [4.833477, 45.774654], [4.83357, 45.774661], [4.834735, 45.774748], [4.834741, 45.774786], [4.83527, 45.77483], [4.835321, 45.774834], [4.835576, 45.774856], [4.835606, 45.774859], [4.835638, 45.774829], [4.83572, 45.774754], [4.835729, 45.77476], [4.835777, 45.774798], [4.835844, 45.774748], [4.835956, 45.774775], [4.836017, 45.774775], [4.836298, 45.774762], [4.83633, 45.774743], [4.836319, 45.774682], [4.836317, 45.774672], [4.836315, 45.774662], [4.836278, 45.774489], [4.836268, 45.774439], [4.836395, 45.774402], [4.836429, 45.774393], [4.836439, 45.77439], [4.836542, 45.77436], [4.836563, 45.774355], [4.836736, 45.774308], [4.836476, 45.774026], [4.836501, 45.774016], [4.836507, 45.774012], [4.836543, 45.774031], [4.836592, 45.774035], [4.837138, 45.773897], [4.837148, 45.773876], [4.837117, 45.77383], [4.837126, 45.773826], [4.837139, 45.773821], [4.837192, 45.773883], [4.837208, 45.773877], [4.837163, 45.773828], [4.837166, 45.773815], [4.837112, 45.773783], [4.8371, 45.773768], [4.837118, 45.773763], [4.837123, 45.773768], [4.837159, 45.773793], [4.837207, 45.773795], [4.837476, 45.773713], [4.837645, 45.773691], [4.837826, 45.773636], [4.83785, 45.773629], [4.837882, 45.773623], [4.837916, 45.773617], [4.838093, 45.773745], [4.838121, 45.773757], [4.838155, 45.773772], [4.838198, 45.773805], [4.838254, 45.773848], [4.838279, 45.773831], [4.838303, 45.773817], [4.838328, 45.773803], [4.838391, 45.773791], [4.838443, 45.773782], [4.838521, 45.773767], [4.838555, 45.773761], [4.83859, 45.773754], [4.838616, 45.773749], [4.838622, 45.773748], [4.83865, 45.773743], [4.838686, 45.773736], [4.838715, 45.77373], [4.838787, 45.773889], [4.838809, 45.773883], [4.838813, 45.77389], [4.838875, 45.77401], [4.838878, 45.774015], [4.838905, 45.774008], [4.839442, 45.775041], [4.838905, 45.774008], [4.838878, 45.774015], [4.838875, 45.77401], [4.838813, 45.77389], [4.838809, 45.773883], [4.838787, 45.773889], [4.838715, 45.77373], [4.838673, 45.773545], [4.838595, 45.773075], [4.83857, 45.772931], [4.838594, 45.772737], [4.838611, 45.772677], [4.838717, 45.772619], [4.840899, 45.772451], [4.840984, 45.772461], [4.841023, 45.77249], [4.841054, 45.772488], [4.841085, 45.772487], [4.841107, 45.772485], [4.841152, 45.772483], [4.8412, 45.77248], [4.841217, 45.77248], [4.841263, 45.772477], [4.841311, 45.772475], [4.841359, 45.772472], [4.841375, 45.772439], [4.842067, 45.7725], [4.842069, 45.772486], [4.842077, 45.772437], [4.842083, 45.772408], [4.842086, 45.772391], [4.842091, 45.772365], [4.842097, 45.772331], [4.842115, 45.772307], [4.842157, 45.772305], [4.842192, 45.772309], [4.84225, 45.772315], [4.842272, 45.772317], [4.8423, 45.772328], [4.842924, 45.77238], [4.842961, 45.772372], [4.84303, 45.772358], [4.843115, 45.772367], [4.843181, 45.772374], [4.843254, 45.772402], [4.84332, 45.772045], [4.843373, 45.771777], [4.843375, 45.77177], [4.843386, 45.771722], [4.843397, 45.77168], [4.843434, 45.771617], [4.843734, 45.77145], [4.843733, 45.771434], [4.843738, 45.771411], [4.843756, 45.771394], [4.843792, 45.771373], [4.843837, 45.771361], [4.843886, 45.771356], [4.843945, 45.771359], [4.844029, 45.771385], [4.844081, 45.771429], [4.844391, 45.771251], [4.844464, 45.771199], [4.844471, 45.771172], [4.84448, 45.771143], [4.844506, 45.771116], [4.844539, 45.771114], [4.844576, 45.771117], [4.844612, 45.771119], [4.844655, 45.77113], [4.844651, 45.771081], [4.844706, 45.77083], [4.844719, 45.770806], [4.844781, 45.7708], [4.845561, 45.770875], [4.845594, 45.770885], [4.84559, 45.770872], [4.845596, 45.770841], [4.845601, 45.770817], [4.845626, 45.770786], [4.845669, 45.770784], [4.845693, 45.770786], [4.845769, 45.770794], [4.84578, 45.770798], [4.845816, 45.770805], [4.846834, 45.770906], [4.846852, 45.770904], [4.84689, 45.770902], [4.846934, 45.770905], [4.846963, 45.770907], [4.847009, 45.770913], [4.847006, 45.77087], [4.847074, 45.770549], [4.847083, 45.770521], [4.847088, 45.770501], [4.847094, 45.770479], [4.847098, 45.770452], [4.847155, 45.770462], [4.848628, 45.770596], [4.84865, 45.770564], [4.848711, 45.770269], [4.848755, 45.769997], [4.848759, 45.769966], [4.848763, 45.769946], [4.848768, 45.769922], [4.848781, 45.769893], [4.848821, 45.76989], [4.848852, 45.769892], [4.848857, 45.769868], [4.848902, 45.769634], [4.84894, 45.769638], [4.848978, 45.769642], [4.84898, 45.769629], [4.848982, 45.76962], [4.849015, 45.769432], [4.849234, 45.769451], [4.849268, 45.769287], [4.850171, 45.769379], [4.850299, 45.769367], [4.850286, 45.769333], [4.850296, 45.769286], [4.850302, 45.769253], [4.85034, 45.769222], [4.850356, 45.769225], [4.850413, 45.769231], [4.850469, 45.769237], [4.850484, 45.769238], [4.850587, 45.768598], [4.850617, 45.768578], [4.850773, 45.768593], [4.850774, 45.768589], [4.850781, 45.768551], [4.850784, 45.768531], [4.850781, 45.768509], [4.852362, 45.768658], [4.852413, 45.768653], [4.852471, 45.768648], [4.852513, 45.768651], [4.852554, 45.768654], [4.852597, 45.768665], [4.852641, 45.768647], [4.852932, 45.7685], [4.852855, 45.768385], [4.852839, 45.768361], [4.852793, 45.768291], [4.852665, 45.768266], [4.852706, 45.768074], [4.852667, 45.768075], [4.852631, 45.768072], [4.852583, 45.768068], [4.852543, 45.768058], [4.852466, 45.768041], [4.850938, 45.767899], [4.850889, 45.767903], [4.850838, 45.767905], [4.850815, 45.767903], [4.85079, 45.7679], [4.850716, 45.767894], [4.850659, 45.767889], [4.850601, 45.767884], [4.850588, 45.767883], [4.850576, 45.767871], [4.850578, 45.767858], [4.850584, 45.767826], [4.850589, 45.767798], [4.850591, 45.767784], [4.849357, 45.767675], [4.849347, 45.767664], [4.849416, 45.767297], [4.849383, 45.767292], [4.849353, 45.767289], [4.84931, 45.767285], [4.849273, 45.76728], [4.849263, 45.767259], [4.849264, 45.767237], [4.849269, 45.767216], [4.849272, 45.767198], [4.849267, 45.767171], [4.84774, 45.767026], [4.847702, 45.767022], [4.847654, 45.767017], [4.847626, 45.767014], [4.847585, 45.767011], [4.8465, 45.766913], [4.846467, 45.76691], [4.846427, 45.766907], [4.84639, 45.766905], [4.846359, 45.766901], [4.845705, 45.766841], [4.845677, 45.766834], [4.845661, 45.766828], [4.845619, 45.766826], [4.84559, 45.766824], [4.845464, 45.76681], [4.845386, 45.766803], [4.845356, 45.7668], [4.845316, 45.766804], [4.845379, 45.766501], [4.845373, 45.76648], [4.845284, 45.766467], [4.844589, 45.766402], [4.844511, 45.76639], [4.84445, 45.76638], [4.844366, 45.766372], [4.84427, 45.766364], [4.844245, 45.766361], [4.844306, 45.76608], [4.844293, 45.766044], [4.843493, 45.765975], [4.84345, 45.765971], [4.843417, 45.765969], [4.843384, 45.765963], [4.843345, 45.765959], [4.842667, 45.765889], [4.842647, 45.765891], [4.842603, 45.765896], [4.842568, 45.765892], [4.842523, 45.765888], [4.842487, 45.765879], [4.84245, 45.765869], [4.841624, 45.7658], [4.841613, 45.765825], [4.841575, 45.765822], [4.841526, 45.765819], [4.841441, 45.765812], [4.841419, 45.765811], [4.84142, 45.765799], [4.841389, 45.765797], [4.841332, 45.76579], [4.841338, 45.765739], [4.841087, 45.765707], [4.838538, 45.765465], [4.838467, 45.765458], [4.83847, 45.765424], [4.838469, 45.765367], [4.838473, 45.765123], [4.838492, 45.765099], [4.838459, 45.765099], [4.838405, 45.765099], [4.838347, 45.765098], [4.838199, 45.765095], [4.838119, 45.765094], [4.83807, 45.765093], [4.838025, 45.765091], [4.838025, 45.765073], [4.838025, 45.765069], [4.838024, 45.765032], [4.838023, 45.765004], [4.838023, 45.764986], [4.838046, 45.763694], [4.838048, 45.763633], [4.838048, 45.76359], [4.838048, 45.763554], [4.838048, 45.763514], [4.838048, 45.763459], [4.838045, 45.763414], [4.83804, 45.763296], [4.838039, 45.763273], [4.838038, 45.763227], [4.838036, 45.763175], [4.838038, 45.763146], [4.837962, 45.763153], [4.837755, 45.762938], [4.837643, 45.762805], [4.837594, 45.762747], [4.837622, 45.762702], [4.837574, 45.762688], [4.837544, 45.762651], [4.837531, 45.762635], [4.837526, 45.762627], [4.837455, 45.762532], [4.837238, 45.762244], [4.83719, 45.762179], [4.837177, 45.76216], [4.837168, 45.762147], [4.837166, 45.76214], [4.83714, 45.762123], [4.837093, 45.762065], [4.837011, 45.761964], [4.837014, 45.761886], [4.836959, 45.761886], [4.836927, 45.761884], [4.836911, 45.761884], [4.836884, 45.761841], [4.836766, 45.761668], [4.836742, 45.761639], [4.836421, 45.761204], [4.836395, 45.761143], [4.836388, 45.761117], [4.836386, 45.76111], [4.83638, 45.761086], [4.836373, 45.761061], [4.836327, 45.761063], [4.836306, 45.761038], [4.836053, 45.760716], [4.835925, 45.76072], [4.835928, 45.760681], [4.835926, 45.760635], [4.835926, 45.760622], [4.835912, 45.760281], [4.835912, 45.76027], [4.835872, 45.760222], [4.835806, 45.760226], [4.83576, 45.760195], [4.83575, 45.760188], [4.835734, 45.760186], [4.835563, 45.760165], [4.835472, 45.760008], [4.835185, 45.75951], [4.83503, 45.759267], [4.83466, 45.758624], [4.834343, 45.758132], [4.834213, 45.758011], [4.834176, 45.758019], [4.833939, 45.758066], [4.833919, 45.758082], [4.833908, 45.758083], [4.833839, 45.758096], [4.833784, 45.758107], [4.833768, 45.758111], [4.833739, 45.758105], [4.833248, 45.758231], [4.83324, 45.758235], [4.833201, 45.758251], [4.833166, 45.75826], [4.83313, 45.758269], [4.833119, 45.758272], [4.832561, 45.758424], [4.832553, 45.758412], [4.832536, 45.758381], [4.832509, 45.758337], [4.832457, 45.758352], [4.832396, 45.758369], [4.83239, 45.758358], [4.832361, 45.758309], [4.831734, 45.758487], [4.831685, 45.75839], [4.831695, 45.758387], [4.831788, 45.758362], [4.831826, 45.758351], [4.831788, 45.758283], [4.832152, 45.758176], [4.831955, 45.75781]]}, "properties": {"heading": 0, "length_km": 10.483, "retrace": 0.053}}, {"type": "Feature", "geometry": {"type": "LineString", "coordinates": [[4.831955, 45.75781], [4.832152, 45.758176], [4.831788, 45.758283], [4.831826, 45.758351], [4.831788, 45.758362], [4.831695, 45.758387], [4.831685, 45.75839], [4.831734, 45.758487], [4.832361, 45.758309], [4.83239, 45.758358], [4.832396, 45.758369], [4.832421, 45.758412], [4.832438, 45.758443], [4.832454, 45.758456], [4.832465, 45.758465], [4.832775, 45.759507], [4.832779, 45.759528], [4.832785, 45.75955], [4.832789, 45.759566], [4.832795, 45.759589], [4.832883, 45.759873], [4.832874, 45.759909], [4.832958, 45.760211], [4.832966, 45.760247], [4.833039, 45.76038], [4.833068, 45.76042], [4.833085, 45.760485], [4.833088, 45.760495], [4.833097, 45.760517], [4.833101, 45.760528], [4.833103, 45.760534], [4.833157, 45.760695], [4.833219, 45.760833], [4.833229, 45.760854], [4.833246, 45.760898], [4.833278, 45.761015], [4.833278, 45.761018], [4.833278, 45.76102], [4.833278, 45.761025], [4.833282, 45.761128], [4.833237, 45.761218], [4.833176, 45.761341], [4.83317, 45.761353], [4.833044, 45.761606], [4.833037, 45.761634], [4.832972, 45.761919], [4.832942, 45.761996], [4.832903, 45.762061], [4.832769, 45.762515], [4.83275, 45.762597], [4.83271, 45.762851], [4.832655, 45.763203], [4.832652, 45.763227], [4.832652, 45.763228], [4.832651, 45.763231], [4.832648, 45.76325], [4.832642, 45.763287], [4.832636, 45.763322], [4.832632, 45.763342], [4.832626, 45.763365], [4.832613, 45.763508], [4.832611, 45.763523], [4.832606, 45.763558], [4.832593, 45.763744], [4.832531, 45.763745], [4.83253, 45.763757], [4.832531, 45.763784], [4.832531, 45.763821], [4.832531, 45.763841], [4.832533, 45.763866], [4.832364, 45.76452], [4.832362, 45.764528], [4.832343, 45.764587], [4.832371, 45.764592], [4.832391, 45.764595], [4.832371, 45.764664], [4.832369, 45.76467], [4.832356, 45.764739], [4.832335, 45.764853], [4.832333, 45.764887], [4.83226, 45.764887], [4.83228, 45.765033], [4.832268, 45.765223], [4.832266, 45.765264], [4.832263, 45.765285], [4.83226, 45.765307], [4.832167, 45.765302], [4.83216, 45.765312], [4.831993, 45.765802], [4.831965, 45.765798], [4.83191, 45.765961], [4.831885, 45.766013], [4.831868, 45.766068], [4.831845, 45.766066], [4.831808, 45.766052], [4.831747, 45.766504], [4.83176, 45.766927], [4.83175, 45.766938], [4.83174, 45.766948], [4.831725, 45.766977], [4.831711, 45.767003], [4.831708, 45.767011], [4.831692, 45.76705], [4.831527, 45.767357], [4.831516, 45.767374], [4.831495, 45.767406], [4.831483, 45.767426], [4.831488, 45.767447], [4.831345, 45.767763], [4.831337, 45.767783], [4.831336, 45.767806], [4.831255, 45.768026], [4.831242, 45.768121], [4.831152, 45.768123], [4.831151, 45.768142], [4.831149, 45.768171], [4.831147, 45.768201], [4.831116, 45.768235], [4.830655, 45.768719], [4.83069, 45.768732], [4.830705, 45.768738], [4.830638, 45.768798], [4.83062, 45.768812], [4.830595, 45.768864], [4.830595, 45.76913], [4.830596, 45.769334], [4.830578, 45.769359], [4.830542, 45.769368], [4.830377, 45.769366], [4.830379, 45.769385], [4.830381, 45.76942], [4.830382, 45.769436], [4.830385, 45.769579], [4.830386, 45.769602], [4.830387, 45.769645], [4.830386, 45.769701], [4.830294, 45.769697], [4.829543, 45.7697], [4.829434, 45.769827], [4.829444, 45.769839], [4.829437, 45.769849], [4.829405, 45.76989], [4.829371, 45.769929], [4.829367, 45.769935], [4.82935, 45.769944], [4.829547, 45.770051], [4.829631, 45.770122], [4.829512, 45.770176], [4.829347, 45.770264], [4.829231, 45.770352], [4.829225, 45.770371], [4.82917, 45.77039], [4.829017, 45.770477], [4.828959, 45.770488], [4.828904, 45.770485], [4.82884, 45.770591], [4.828602, 45.770845], [4.828527, 45.770934], [4.828413, 45.771078], [4.828378, 45.771112], [4.82837, 45.771108], [4.828362, 45.771116], [4.828345, 45.771138], [4.828335, 45.771151], [4.828341, 45.771161], [4.828341, 45.771173], [4.828188, 45.771352], [4.827945, 45.771517], [4.827873, 45.771556], [4.8278, 45.771584], [4.827638, 45.771623], [4.827554, 45.771653], [4.827066, 45.771836], [4.826967, 45.771839], [4.826658, 45.771849], [4.826633, 45.771838], [4.826602, 45.771838], [4.826583, 45.771838], [4.826552, 45.771838], [4.826523, 45.771835], [4.82645, 45.771829], [4.826305, 45.771837], [4.825917, 45.771852], [4.825824, 45.771863], [4.825826, 45.771887], [4.825827, 45.771908], [4.825827, 45.771921], [4.825819, 45.771948], [4.825781, 45.771951], [4.825753, 45.771952], [4.825726, 45.771952], [4.825695, 45.771952], [4.824677, 45.771982], [4.824581, 45.771985], [4.824583, 45.772001], [4.824564, 45.772002], [4.824544, 45.772003], [4.824521, 45.772004], [4.824506, 45.771999], [4.824468, 45.771991], [4.823572, 45.772026], [4.823497, 45.77203], [4.823273, 45.772036], [4.82319, 45.77206], [4.823025, 45.772108], [4.822815, 45.772225], [4.822196, 45.772538], [4.822059, 45.772609], [4.82201, 45.772634], [4.821923, 45.772662], [4.821835, 45.772709], [4.821603, 45.772831], [4.82154, 45.772886], [4.821483, 45.772886], [4.821454, 45.772878], [4.821422, 45.77287], [4.821384, 45.77286], [4.821299, 45.772892], [4.821274, 45.77293], [4.821238, 45.772983], [4.821205, 45.773031], [4.821176, 45.773081], [4.821021, 45.773036], [4.820795, 45.772971], [4.820609, 45.772911], [4.820589, 45.772905], [4.820582, 45.772902], [4.820563, 45.772891], [4.820541, 45.772883], [4.820531, 45.772878], [4.820436, 45.772845], [4.819502, 45.77256], [4.819474, 45.772552], [4.819427, 45.772537], [4.818803, 45.772347], [4.818784, 45.772342], [4.818751, 45.772332], [4.818673, 45.772309], [4.818612, 45.772291], [4.818542, 45.772273], [4.818074, 45.772143], [4.817989, 45.77212], [4.817969, 45.772114], [4.817919, 45.772098], [4.817846, 45.772075], [4.817747, 45.772043], [4.817712, 45.772159], [4.817493, 45.772266], [4.817386, 45.772223], [4.817302, 45.772238], [4.816964, 45.772423], [4.816964, 45.772423], [4.817302, 45.772238], [4.817386, 45.772223], [4.817493, 45.772266], [4.817712, 45.772159], [4.817747, 45.772043], [4.817846, 45.772075], [4.817919, 45.772098], [4.817969, 45.772114], [4.817989, 45.77212], [4.818074, 45.772143], [4.818542, 45.772273], [4.818612, 45.772291], [4.818673, 45.772309], [4.818751, 45.772332], [4.818784, 45.772342], [4.818803, 45.772347], [4.819427, 45.772537], [4.819474, 45.772552], [4.819502, 45.77256], [4.820436, 45.772845], [4.820531, 45.772878], [4.820541, 45.772883], [4.820563, 45.772891], [4.820582, 45.772902], [4.820589, 45.772905], [4.820609, 45.772911], [4.820795, 45.772971], [4.821021, 45.773036], [4.821176, 45.773081], [4.821362, 45.773126], [4.821385, 45.773132], [4.821391, 45.773134], [4.821447, 45.77315], [4.821502, 45.773165], [4.821507, 45.773167], [4.821553, 45.773178], [4.822186, 45.773386], [4.82232, 45.773426], [4.822356, 45.773436], [4.822397, 45.773449], [4.823402, 45.773753], [4.82345, 45.773768], [4.823497, 45.773782], [4.823572, 45.773804], [4.823636, 45.773824], [4.823714, 45.77384], [4.824809, 45.773928], [4.82503, 45.773941], [4.825041, 45.773941], [4.825082, 45.773944], [4.825116, 45.773947], [4.82517, 45.773949], [4.825175, 45.77395], [4.825179, 45.77395], [4.826908, 45.774083], [4.826932, 45.774084], [4.826984, 45.774089], [4.827042, 45.774093], [4.827122, 45.774099], [4.827611, 45.774136], [4.827817, 45.774151], [4.828551, 45.774206], [4.828583, 45.774209], [4.828615, 45.774211], [4.828662, 45.774216], [4.829072, 45.774252], [4.829414, 45.774282], [4.829437, 45.774308], [4.829406, 45.774484], [4.829414, 45.774486], [4.829491, 45.7745], [4.830022, 45.774915], [4.830053, 45.77494], [4.830096, 45.774987], [4.830096, 45.775032], [4.830096, 45.775059], [4.830095, 45.775079], [4.830092, 45.775124], [4.830115, 45.775136], [4.830122, 45.775151], [4.830156, 45.77515], [4.830208, 45.775147], [4.830258, 45.775144], [4.830293, 45.775144], [4.830353, 45.775221], [4.830381, 45.77523], [4.830758, 45.775354], [4.83077, 45.775358], [4.830795, 45.775333], [4.831004, 45.775329], [4.83179, 45.775305], [4.831828, 45.775293], [4.831882, 45.775306], [4.832207, 45.775312], [4.832221, 45.775377], [4.832214, 45.775402], [4.832233, 45.775787], [4.832247, 45.77606], [4.832323, 45.776058], [4.832347, 45.776058], [4.832371, 45.776057], [4.832397, 45.776056], [4.832397, 45.776071], [4.832409, 45.776073], [4.832464, 45.776077], [4.832867, 45.776055], [4.832891, 45.776088], [4.832958, 45.776075], [4.832987, 45.776107], [4.833016, 45.776095], [4.833034, 45.776088], [4.833085, 45.776114], [4.833611, 45.775904], [4.833744, 45.775851], [4.834587, 45.775506], [4.834611, 45.775482], [4.834662, 45.775432], [4.834688, 45.775412], [4.834723, 45.775385], [4.834733, 45.775378], [4.834748, 45.775382], [4.834824, 45.775402], [4.834919, 45.775391], [4.834946, 45.775379], [4.834958, 45.775372], [4.834991, 45.775355], [4.835193, 45.775197], [4.835606, 45.774859], [4.835638, 45.774829], [4.83572, 45.774754], [4.835729, 45.77476], [4.835777, 45.774798], [4.835844, 45.774748], [4.835956, 45.774775], [4.836017, 45.774775], [4.836298, 45.774762], [4.83633, 45.774743], [4.836319, 45.774682], [4.836317, 45.774672], [4.836315, 45.774662], [4.836278, 45.774489], [4.836268, 45.774439], [4.836395, 45.774402], [4.836429, 45.774393], [4.836439, 45.77439], [4.836542, 45.77436], [4.836563, 45.774355], [4.836736, 45.774308], [4.836476, 45.774026], [4.836501, 45.774016], [4.836507, 45.774012], [4.836543, 45.774031], [4.836592, 45.774035], [4.837138, 45.773897], [4.837148, 45.773876], [4.837117, 45.77383], [4.837126, 45.773826], [4.837139, 45.773821], [4.837192, 45.773883], [4.837208, 45.773877], [4.837163, 45.773828], [4.837166, 45.773815], [4.837112, 45.773783], [4.8371, 45.773768], [4.837118, 45.773763], [4.837123, 45.773768], [4.837159, 45.773793], [4.837207, 45.773795], [4.837476, 45.773713], [4.837645, 45.773691], [4.837826, 45.773636], [4.83785, 45.773629], [4.837882, 45.773623], [4.837916, 45.773617], [4.83794, 45.773613], [4.838027, 45.773605], [4.838089, 45.7736], [4.838124, 45.773597], [4.838156, 45.773595], [4.83818, 45.773593], [4.838232, 45.773587], [4.838245, 45.773569], [4.838194, 45.773287], [4.838152, 45.773058], [4.838126, 45.772914], [4.838117, 45.7729], [4.838109, 45.772861], [4.838105, 45.77284], [4.838099, 45.772799], [4.838089, 45.772773], [4.838106, 45.772771], [4.838432, 45.772741], [4.838476, 45.77274], [4.838546, 45.772738], [4.838547, 45.772685], [4.838561, 45.772651], [4.838604, 45.772622], [4.838672, 45.772602], [4.838767, 45.772594], [4.840833, 45.772431], [4.840895, 45.772426], [4.840943, 45.772422], [4.840983, 45.772427], [4.841068, 45.772464], [4.841085, 45.772487], [4.841107, 45.772485], [4.841152, 45.772483], [4.8412, 45.77248], [4.841217, 45.77248], [4.841263, 45.772477], [4.841311, 45.772475], [4.841359, 45.772472], [4.841375, 45.772439], [4.842067, 45.7725], [4.842089, 45.772502], [4.842102, 45.772504], [4.842154, 45.772509], [4.842226, 45.772515], [4.842247, 45.772516], [4.842675, 45.772554], [4.8427, 45.772564], [4.842747, 45.772568], [4.842778, 45.772563], [4.84289, 45.772575], [4.842916, 45.772584], [4.842983, 45.772602], [4.843063, 45.77261], [4.843129, 45.772616], [4.843215, 45.772611], [4.843278, 45.772607], [4.8441, 45.772687], [4.844194, 45.772692], [4.844241, 45.772689], [4.844283, 45.772693], [4.844345, 45.772698], [4.844359, 45.772708], [4.845226, 45.772786], [4.845253, 45.772788], [4.845307, 45.772793], [4.845374, 45.772798], [4.845403, 45.772801], [4.846458, 45.772899], [4.846485, 45.772902], [4.846559, 45.772908], [4.846609, 45.772912], [4.846639, 45.772916], [4.846653, 45.772895], [4.84666, 45.772858], [4.846665, 45.772833], [4.846668, 45.772819], [4.846673, 45.772789], [4.846679, 45.772759], [4.846673, 45.772728], [4.847344, 45.772791], [4.847373, 45.772766], [4.847411, 45.772596], [4.84746, 45.772348], [4.847144, 45.772318], [4.84746, 45.772348], [4.847483, 45.77222], [4.847551, 45.771831], [4.847564, 45.771832], [4.847624, 45.77184], [4.84767, 45.771846], [4.847683, 45.771858], [4.848394, 45.771923], [4.848407, 45.771924], [4.848475, 45.771925], [4.848509, 45.771926], [4.848552, 45.77193], [4.848558, 45.771894], [4.848567, 45.771864], [4.848575, 45.771837], [4.848583, 45.771788], [4.848637, 45.771441], [4.848673, 45.771237], [4.848704, 45.771174], [4.848719, 45.771149], [4.848722, 45.771128], [4.848726, 45.771107], [4.848709, 45.771076], [4.848702, 45.771063], [4.848774, 45.770699], [4.848782, 45.770659], [4.848892, 45.770033], [4.848915, 45.770007], [4.848937, 45.769981], [4.848941, 45.769963], [4.848945, 45.76994], [4.848932, 45.76991], [4.848927, 45.769888], [4.848973, 45.769663], [4.848975, 45.769656], [4.848978, 45.769642], [4.84898, 45.769629], [4.848982, 45.76962], [4.849015, 45.769432], [4.849234, 45.769451], [4.849268, 45.769287], [4.850171, 45.769379], [4.850299, 45.769367], [4.850286, 45.769333], [4.850296, 45.769286], [4.850302, 45.769253], [4.85034, 45.769222], [4.850356, 45.769225], [4.850413, 45.769231], [4.850469, 45.769237], [4.850484, 45.769238], [4.850587, 45.768598], [4.850617, 45.768578], [4.850773, 45.768593], [4.850774, 45.768589], [4.850781, 45.768551], [4.850784, 45.768531], [4.850781, 45.768509], [4.850778, 45.768472], [4.850873, 45.767933], [4.850889, 45.767903], [4.850902, 45.767879], [4.850905, 45.767855], [4.85091, 45.767822], [4.850929, 45.767813], [4.850898, 45.767778], [4.850971, 45.767425], [4.85098, 45.767398], [4.850985, 45.767376], [4.85099, 45.767358], [4.850997, 45.767321], [4.851627, 45.767388], [4.851682, 45.767374], [4.851715, 45.767345], [4.851816, 45.766825], [4.851813, 45.766772], [4.851812, 45.766722], [4.851815, 45.7667], [4.851818, 45.766675], [4.851829, 45.766639], [4.851986, 45.765825], [4.851988, 45.765776], [4.851993, 45.765723], [4.852003, 45.765676], [4.852008, 45.76565], [4.852021, 45.765611], [4.852034, 45.765572], [4.852111, 45.765147], [4.852111, 45.765083], [4.85211, 45.765067], [4.852119, 45.765023], [4.852129, 45.764977], [4.852132, 45.764969], [4.852146, 45.764937], [4.852227, 45.764426], [4.852247, 45.764427], [4.852286, 45.764429], [4.852349, 45.764434], [4.852366, 45.764431], [4.852394, 45.764425], [4.853198, 45.764463], [4.853247, 45.76447], [4.853283, 45.764475], [4.853311, 45.764475], [4.853366, 45.764476], [4.853383, 45.764476], [4.853382, 45.764463], [4.853387, 45.76443], [4.853389, 45.764417], [4.853412, 45.764293], [4.853415, 45.764245], [4.85343, 45.764216], [4.853451, 45.764174], [4.853475, 45.76416], [4.853457, 45.764145], [4.853459, 45.764135], [4.853534, 45.763747], [4.853549, 45.763735], [4.853664, 45.763733], [4.855123, 45.763739], [4.855182, 45.763761], [4.855214, 45.763759], [4.855239, 45.76376], [4.855273, 45.763761], [4.855288, 45.763761], [4.855359, 45.76374], [4.85536, 45.763724], [4.85536, 45.763688], [4.85536, 45.763653], [4.85536, 45.763639], [4.85536, 45.763619], [4.85536, 45.763598], [4.855361, 45.763587], [4.856173, 45.763592], [4.856219, 45.763548], [4.856248, 45.763549], [4.856272, 45.76355], [4.856306, 45.763552], [4.85633, 45.763554], [4.856333, 45.763538], [4.856365, 45.763354], [4.856384, 45.763247], [4.856354, 45.763244], [4.856327, 45.763242], [4.856302, 45.763239], [4.856282, 45.763237], [4.856164, 45.763226], [4.856171, 45.763186], [4.856175, 45.763165], [4.856185, 45.763117], [4.856188, 45.763092], [4.855468, 45.76303], [4.855226, 45.763007], [4.853989, 45.762897], [4.853776, 45.762878], [4.853491, 45.762852], [4.852114, 45.762725], [4.851965, 45.762663], [4.851903, 45.762643], [4.851852, 45.762639], [4.851814, 45.762636], [4.851766, 45.762631], [4.851714, 45.762627], [4.851656, 45.762622], [4.851623, 45.762619], [4.851598, 45.762617], [4.851567, 45.762614], [4.851517, 45.76261], [4.851486, 45.762607], [4.850949, 45.762209], [4.850855, 45.762141], [4.850554, 45.762118], [4.85053, 45.762089], [4.85052, 45.762077], [4.850524, 45.762061], [4.850527, 45.762038], [4.850533, 45.761997], [4.850538, 45.761948], [4.850539, 45.761921], [4.850367, 45.761761], [4.850374, 45.761696], [4.850253, 45.761625], [4.849783, 45.761245], [4.849746, 45.761214], [4.849351, 45.760894], [4.849037, 45.760623], [4.848949, 45.760524], [4.848926, 45.760522], [4.848892, 45.76052], [4.848866, 45.760517], [4.848825, 45.760511], [4.848743, 45.760505], [4.84867, 45.760498], [4.848548, 45.760488], [4.847753, 45.760419], [4.847685, 45.760413], [4.847661, 45.760412], [4.847637, 45.760411], [4.847597, 45.760409], [4.847569, 45.760395], [4.846738, 45.760334], [4.846698, 45.760342], [4.84666, 45.760339], [4.846619, 45.760337], [4.846603, 45.760336], [4.846551, 45.76033], [4.845806, 45.76028], [4.845733, 45.760276], [4.845659, 45.760272], [4.845579, 45.760267], [4.845523, 45.760264], [4.844671, 45.760203], [4.844636, 45.760207], [4.844575, 45.760214], [4.844522, 45.76021], [4.844496, 45.760208], [4.844407, 45.760201], [4.843762, 45.760151], [4.843384, 45.760125], [4.842447, 45.760079], [4.842383, 45.760078], [4.842303, 45.760071], [4.842216, 45.760063], [4.842147, 45.760048], [4.842114, 45.760039], [4.841455, 45.760037], [4.841166, 45.760049], [4.841167, 45.760092], [4.841123, 45.760095], [4.841073, 45.760098], [4.841023, 45.760101], [4.840996, 45.760102], [4.840977, 45.760104], [4.840954, 45.760105], [4.840899, 45.760107], [4.840893, 45.760066], [4.840798, 45.76007], [4.838263, 45.760192], [4.838181, 45.760217], [4.838097, 45.760265], [4.838074, 45.760274], [4.837967, 45.760283], [4.837894, 45.760289], [4.837835, 45.760294], [4.837743, 45.760301], [4.837652, 45.760308], [4.837587, 45.760314], [4.837583, 45.760291], [4.837553, 45.760242], [4.837153, 45.760244], [4.837124, 45.76025], [4.837104, 45.760254], [4.83703, 45.760255], [4.836951, 45.760256], [4.836919, 45.760265], [4.836854, 45.760249], [4.835933, 45.76027], [4.835912, 45.76027], [4.835872, 45.760222], [4.835806, 45.760226], [4.83576, 45.760195], [4.83575, 45.760188], [4.835734, 45.760186], [4.835563, 45.760165], [4.835472, 45.760008], [4.835185, 45.75951], [4.83503, 45.759267], [4.83466, 45.758624], [4.834343, 45.758132], [4.834213, 45.758011], [4.834176, 45.758019], [4.833939, 45.758066], [4.833919, 45.758082], [4.833908, 45.758083], [4.833839, 45.758096], [4.833784, 45.758107], [4.833768, 45.758111], [4.833739, 45.758105], [4.833248, 45.758231], [4.83324, 45.758235], [4.833201, 45.758251], [4.833166, 45.75826], [4.83313, 45.758269], [4.833119, 45.758272], [4.832561, 45.758424], [4.832553, 45.758412], [4.832536, 45.758381], [4.832509, 45.758337], [4.832457, 45.758352], [4.832396, 45.758369], [4.83239, 45.758358], [4.832361, 45.758309], [4.831734, 45.758487], [4.831685, 45.75839], [4.831695, 45.758387], [4.831788, 45.758362], [4.831826, 45.758351], [4.831788, 45.758283], [4.832152, 45.758176], [4.831955, 45.75781]]}, "properties": {"heading": 18, "length_km": 9.873, "retrace": 0.114}}, {"type": "Feature", "geometry": {"type": "LineString", "coordinates": [[4.831955, 45.75781], [4.832152, 45.758176], [4.831788, 45.758283], [4.831826, 45.758351], [4.831788, 45.758362], [4.831695, 45.758387], [4.831685, 45.75839], [4.831734, 45.758487], [4.832361, 45.758309], [4.83239, 45.758358], [4.832396, 45.758369], [4.832421, 45.758412], [4.832438, 45.758443], [4.832454, 45.758456], [4.832465, 45.758465], [4.832775, 45.759507], [4.832779, 45.759528], [4.832785, 45.75955], [4.832789, 45.759566], [4.832795, 45.759589], [4.832883, 45.759873], [4.832874, 45.759909], [4.832958, 45.760211], [4.832966, 45.760247], [4.833039, 45.76038], [4.833068, 45.76042], [4.833085, 45.760485], [4.833088, 45.760495], [4.833097, 45.760517], [4.833101, 45.760528], [4.833103, 45.760534], [4.833157, 45.760695], [4.833219, 45.760833], [4.833229, 45.760854], [4.833246, 45.760898], [4.833278, 45.761015], [4.833278, 45.761018], [4.833278, 45.76102], [4.833278, 45.761025], [4.833282, 45.761128], [4.833237, 45.761218], [4.833176, 45.761341], [4.83317, 45.761353], [4.833044, 45.761606], [4.833037, 45.761634], [4.832972, 45.761919], [4.832942, 45.761996], [4.832903, 45.762061], [4.832769, 45.762515], [4.83275, 45.762597], [4.83271, 45.762851], [4.832655, 45.763203], [4.832652, 45.763227], [4.832652, 45.763228], [4.832651, 45.763231], [4.832648, 45.76325], [4.832642, 45.763287], [4.832636, 45.763322], [4.832632, 45.763342], [4.832626, 45.763365], [4.832613, 45.763508], [4.832611, 45.763523], [4.832606, 45.763558], [4.832593, 45.763744], [4.832531, 45.763745], [4.83253, 45.763757], [4.832531, 45.763784], [4.832531, 45.763821], [4.832531, 45.763841], [4.832533, 45.763866], [4.832364, 45.76452], [4.832362, 45.764528], [4.832343, 45.764587], [4.832371, 45.764592], [4.832391, 45.764595], [4.832371, 45.764664], [4.832369, 45.76467], [4.832356, 45.764739], [4.832335, 45.764853], [4.832333, 45.764887], [4.83226, 45.764887], [4.83228, 45.765033], [4.832268, 45.765223], [4.832266, 45.765264], [4.832263, 45.765285], [4.83226, 45.765307], [4.832167, 45.765302], [4.83216, 45.765312], [4.831993, 45.765802], [4.831965, 45.765798], [4.83191, 45.765961], [4.831885, 45.766013], [4.831868, 45.766068], [4.831845, 45.766066], [4.831808, 45.766052], [4.831747, 45.766504], [4.83176, 45.766927], [4.83175, 45.766938], [4.83174, 45.766948], [4.831725, 45.766977], [4.831711, 45.767003], [4.831708, 45.767011], [4.831692, 45.76705], [4.831527, 45.767357], [4.831516, 45.767374], [4.831495, 45.767406], [4.831483, 45.767426], [4.831488, 45.767447], [4.831345, 45.767763], [4.831337, 45.767783], [4.831336, 45.767806], [4.831255, 45.768026], [4.831242, 45.768121], [4.831152, 45.768123], [4.831151, 45.768142], [4.831149, 45.768171], [4.831147, 45.768201], [4.831116, 45.768235], [4.830655, 45.768719], [4.83069, 45.768732], [4.830705, 45.768738], [4.830638, 45.768798], [4.83062, 45.768812], [4.830595, 45.768864], [4.830595, 45.76913], [4.830596, 45.769334], [4.830578, 45.769359], [4.830542, 45.769368], [4.830377, 45.769366], [4.830379, 45.769385], [4.830381, 45.76942], [4.830382, 45.769436], [4.830385, 45.769579], [4.830386, 45.769602], [4.830387, 45.769645], [4.830386, 45.769701], [4.830294, 45.769697], [4.829543, 45.7697], [4.829434, 45.769827], [4.829444, 45.769839], [4.829437, 45.769849], [4.829405, 45.76989], [4.829371, 45.769929], [4.829367, 45.769935], [4.82935, 45.769944], [4.829547, 45.770051], [4.829631, 45.770122], [4.829512, 45.770176], [4.829347, 45.770264], [4.829231, 45.770352], [4.829225, 45.770371], [4.82917, 45.77039], [4.829017, 45.770477], [4.828959, 45.770488], [4.828904, 45.770485], [4.82884, 45.770591], [4.828602, 45.770845], [4.828527, 45.770934], [4.828413, 45.771078], [4.828378, 45.771112], [4.82837, 45.771108], [4.828362, 45.771116], [4.828345, 45.771138], [4.828335, 45.771151], [4.828341, 45.771161], [4.828341, 45.771173], [4.828188, 45.771352], [4.827945, 45.771517], [4.827873, 45.771556], [4.8278, 45.771584], [4.827638, 45.771623], [4.827554, 45.771653], [4.827066, 45.771836], [4.826967, 45.771839], [4.826968, 45.771864], [4.82697, 45.771878], [4.826973, 45.771892], [4.82698, 45.7719], [4.826896, 45.77192], [4.826871, 45.771928], [4.826832, 45.77194], [4.826818, 45.771945], [4.826829, 45.77196], [4.826844, 45.771975], [4.82686, 45.771992], [4.826865, 45.772005], [4.826813, 45.772015], [4.826654, 45.772079], [4.826586, 45.772107], [4.826108, 45.772389], [4.825873, 45.77245], [4.824843, 45.772711], [4.824756, 45.772784], [4.824727, 45.772809], [4.824354, 45.773059], [4.823778, 45.773463], [4.823755, 45.773614], [4.823746, 45.773688], [4.823737, 45.773726], [4.823727, 45.773771], [4.823714, 45.77384], [4.823696, 45.773897], [4.823691, 45.773945], [4.823796, 45.774248], [4.823804, 45.774269], [4.823824, 45.774279], [4.823836, 45.774311], [4.823846, 45.774344], [4.823858, 45.774384], [4.823864, 45.774415], [4.823872, 45.774436], [4.82398, 45.774698], [4.824074, 45.774858], [4.824051, 45.774872], [4.824026, 45.774888], [4.824058, 45.774912], [4.824026, 45.774888], [4.824051, 45.774872], [4.824074, 45.774858], [4.824316, 45.775043], [4.82436, 45.775063], [4.824387, 45.775075], [4.824406, 45.775092], [4.824421, 45.775105], [4.824435, 45.775125], [4.825574, 45.774796], [4.825579, 45.774802], [4.825596, 45.774796], [4.825636, 45.774782], [4.825655, 45.774776], [4.82568, 45.774765], [4.825705, 45.774743], [4.826745, 45.774549], [4.826753, 45.774547], [4.826814, 45.774489], [4.826946, 45.774491], [4.827063, 45.774491], [4.827147, 45.774495], [4.827153, 45.774519], [4.827156, 45.77453], [4.827816, 45.774535], [4.827841, 45.77454], [4.827872, 45.77454], [4.827901, 45.77454], [4.827927, 45.774536], [4.828545, 45.774539], [4.828606, 45.774533], [4.828637, 45.774531], [4.828665, 45.77453], [4.828706, 45.774527], [4.828723, 45.774526], [4.828728, 45.77454], [4.829262, 45.774538], [4.829275, 45.774531], [4.829331, 45.774545], [4.829348, 45.774531], [4.829363, 45.77452], [4.829387, 45.774502], [4.829414, 45.774486], [4.829406, 45.774484], [4.829437, 45.774308], [4.829414, 45.774282], [4.830573, 45.774372], [4.830676, 45.774368], [4.830731, 45.774379], [4.830795, 45.774395], [4.830852, 45.774409], [4.830873, 45.774416], [4.830965, 45.7744], [4.831503, 45.774426], [4.831541, 45.774428], [4.831569, 45.774429], [4.831564, 45.774418], [4.831584, 45.774398], [4.832111, 45.774439], [4.832357, 45.774459], [4.832374, 45.77446], [4.832398, 45.774479], [4.832413, 45.774506], [4.832412, 45.774545], [4.832482, 45.774547], [4.832529, 45.774548], [4.832579, 45.77455], [4.832662, 45.774545], [4.833085, 45.774575], [4.833164, 45.774616], [4.833232, 45.774656], [4.833295, 45.774694], [4.833316, 45.774708], [4.833381, 45.77474], [4.833408, 45.774716], [4.833443, 45.774684], [4.833472, 45.774658], [4.833477, 45.774654], [4.83357, 45.774661], [4.834735, 45.774748], [4.834741, 45.774786], [4.83527, 45.77483], [4.835321, 45.774834], [4.835576, 45.774856], [4.835606, 45.774859], [4.835638, 45.774829], [4.83572, 45.774754], [4.835729, 45.77476], [4.835777, 45.774798], [4.835844, 45.774748], [4.835956, 45.774775], [4.836017, 45.774775], [4.836298, 45.774762], [4.83633, 45.774743], [4.836319, 45.774682], [4.836317, 45.774672], [4.836315, 45.774662], [4.836278, 45.774489], [4.836268, 45.774439], [4.836395, 45.774402], [4.836429, 45.774393], [4.836439, 45.77439], [4.836542, 45.77436], [4.836563, 45.774355], [4.836736, 45.774308], [4.836476, 45.774026], [4.836501, 45.774016], [4.836507, 45.774012], [4.836543, 45.774031], [4.836592, 45.774035], [4.837138, 45.773897], [4.837148, 45.773876], [4.837117, 45.77383], [4.837126, 45.773826], [4.837139, 45.773821], [4.837192, 45.773883], [4.837208, 45.773877], [4.837163, 45.773828], [4.837166, 45.773815], [4.837112, 45.773783], [4.8371, 45.773768], [4.837118, 45.773763], [4.837123, 45.773768], [4.837159, 45.773793], [4.837207, 45.773795], [4.837476, 45.773713], [4.837645, 45.773691], [4.837826, 45.773636], [4.83785, 45.773629], [4.837882, 45.773623], [4.837916, 45.773617], [4.838093, 45.773745], [4.838121, 45.773757], [4.838155, 45.773772], [4.838198, 45.773805], [4.838254, 45.773848], [4.838279, 45.773831], [4.838303, 45.773817], [4.838328, 45.773803], [4.838391, 45.773791], [4.838443, 45.773782], [4.838521, 45.773767], [4.838555, 45.773761], [4.83859, 45.773754], [4.838616, 45.773749], [4.838622, 45.773748], [4.83865, 45.773743], [4.838686, 45.773736], [4.838715, 45.77373], [4.838787, 45.773889], [4.838809, 45.773883], [4.838813, 45.77389], [4.838875, 45.77401], [4.838878, 45.774015], [4.838905, 45.774008], [4.839442, 45.775041], [4.838905, 45.774008], [4.838878, 45.774015], [4.838875, 45.77401], [4.838813, 45.77389], [4.838809, 45.773883], [4.838787, 45.773889], [4.838715, 45.77373], [4.838673, 45.773545], [4.838595, 45.773075], [4.83857, 45.772931], [4.838594, 45.772737], [4.838611, 45.772677], [4.838717, 45.772619], [4.840899, 45.772451], [4.840984, 45.772461], [4.841023, 45.77249], [4.841054, 45.772488], [4.841085, 45.772487], [4.841107, 45.772485], [4.841152, 45.772483], [4.8412, 45.77248], [4.841217, 45.77248], [4.841263, 45.772477], [4.841311, 45.772475], [4.841359, 45.772472], [4.841375, 45.772439], [4.842067, 45.7725], [4.842069, 45.772486], [4.842077, 45.772437], [4.842083, 45.772408], [4.842086, 45.772391], [4.842091, 45.772365], [4.842097, 45.772331], [4.842115, 45.772307], [4.842157, 45.772305], [4.842192, 45.772309], [4.84225, 45.772315], [4.842272, 45.772317], [4.8423, 45.772328], [4.842924, 45.77238], [4.842961, 45.772372], [4.84303, 45.772358], [4.843115, 45.772367], [4.843181, 45.772374], [4.843254, 45.772402], [4.84332, 45.772045], [4.843373, 45.771777], [4.843375, 45.77177], [4.843386, 45.771722], [4.843397, 45.77168], [4.843434, 45.771617], [4.843734, 45.77145], [4.843733, 45.771434], [4.843738, 45.771411], [4.843756, 45.771394], [4.843792, 45.771373], [4.843837, 45.771361], [4.843886, 45.771356], [4.843945, 45.771359], [4.844029, 45.771385], [4.844081, 45.771429], [4.844391, 45.771251], [4.844464, 45.771199], [4.844471, 45.771172], [4.84448, 45.771143], [4.844506, 45.771116], [4.844539, 45.771114], [4.844576, 45.771117], [4.844612, 45.771119], [4.844655, 45.77113], [4.844651, 45.771081], [4.844706, 45.77083], [4.844719, 45.770806], [4.844781, 45.7708], [4.845561, 45.770875], [4.845594, 45.770885], [4.84559, 45.770872], [4.845596, 45.770841], [4.845601, 45.770817], [4.845626, 45.770786], [4.845669, 45.770784], [4.845693, 45.770786], [4.845769, 45.770794], [4.84578, 45.770798], [4.845816, 45.770805], [4.846834, 45.770906], [4.846852, 45.770904], [4.84689, 45.770902], [4.846934, 45.770905], [4.846963, 45.770907], [4.847009, 45.770913], [4.847006, 45.77087], [4.847074, 45.770549], [4.847083, 45.770521], [4.847088, 45.770501], [4.847094, 45.770479], [4.847098, 45.770452], [4.847155, 45.770462], [4.848628, 45.770596], [4.84865, 45.770564], [4.848711, 45.770269], [4.848755, 45.769997], [4.848759, 45.769966], [4.848763, 45.769946], [4.848768, 45.769922], [4.848781, 45.769893], [4.848821, 45.76989], [4.848852, 45.769892], [4.848857, 45.769868], [4.848902, 45.769634], [4.84894, 45.769638], [4.848978, 45.769642], [4.84898, 45.769629], [4.848982, 45.76962], [4.849015, 45.769432], [4.849234, 45.769451], [4.849268, 45.769287], [4.850171, 45.769379], [4.850299, 45.769367], [4.850286, 45.769333], [4.850296, 45.769286], [4.850302, 45.769253], [4.85034, 45.769222], [4.850356, 45.769225], [4.850413, 45.769231], [4.850469, 45.769237], [4.850484, 45.769238], [4.850587, 45.768598], [4.850617, 45.768578], [4.850773, 45.768593], [4.850774, 45.768589], [4.850781, 45.768551], [4.850784, 45.768531], [4.850781, 45.768509], [4.852362, 45.768658], [4.852413, 45.768653], [4.852471, 45.768648], [4.852513, 45.768651], [4.852554, 45.768654], [4.852597, 45.768665], [4.852641, 45.768647], [4.852932, 45.7685], [4.852855, 45.768385], [4.852839, 45.768361], [4.852793, 45.768291], [4.852665, 45.768266], [4.852706, 45.768074], [4.852718, 45.768044], [4.852722, 45.768017], [4.852725, 45.768003], [4.852726, 45.76797], [4.852789, 45.767611], [4.852802, 45.767595], [4.852832, 45.767571], [4.852835, 45.767549], [4.852839, 45.76753], [4.852831, 45.767495], [4.852941, 45.766861], [4.852947, 45.766824], [4.852953, 45.766806], [4.85296, 45.766783], [4.852962, 45.766752], [4.853022, 45.766369], [4.853124, 45.765873], [4.853165, 45.765834], [4.853171, 45.765802], [4.853174, 45.765786], [4.853178, 45.765761], [4.853175, 45.765733], [4.85317, 45.765687], [4.853261, 45.765262], [4.853275, 45.765193], [4.853283, 45.765155], [4.853289, 45.76513], [4.853293, 45.76511], [4.853299, 45.765081], [4.85327, 45.765078], [4.853388, 45.764508], [4.853383, 45.764476], [4.853382, 45.764463], [4.853387, 45.76443], [4.853389, 45.764417], [4.853412, 45.764293], [4.853415, 45.764245], [4.85343, 45.764216], [4.853451, 45.764174], [4.853475, 45.76416], [4.853457, 45.764145], [4.853459, 45.764135], [4.853446, 45.764129], [4.853397, 45.764106], [4.853354, 45.764085], [4.853337, 45.764042], [4.853357, 45.763923], [4.853386, 45.763743], [4.853381, 45.763729], [4.853381, 45.763717], [4.853382, 45.763676], [4.853383, 45.763642], [4.853383, 45.763628], [4.853383, 45.763608], [4.853384, 45.763587], [4.853385, 45.763577], [4.853433, 45.76356], [4.853468, 45.763559], [4.853497, 45.76356], [4.85353, 45.763561], [4.853568, 45.763562], [4.853677, 45.762998], [4.853753, 45.763005], [4.853759, 45.762974], [4.853764, 45.76294], [4.853776, 45.762878], [4.853989, 45.762897], [4.854001, 45.762825], [4.854019, 45.762723], [4.854039, 45.762619], [4.854144, 45.762625], [4.854615, 45.762667], [4.85483, 45.762687], [4.854994, 45.762702], [4.855053, 45.762705], [4.855103, 45.762365], [4.855512, 45.762396], [4.855608, 45.762403], [4.855645, 45.762208], [4.855773, 45.761547], [4.855739, 45.761412], [4.855838, 45.760876], [4.855795, 45.76083], [4.855874, 45.760397], [4.855926, 45.760114], [4.85601, 45.760068], [4.85629, 45.759918], [4.856321, 45.759778], [4.856327, 45.759748], [4.856346, 45.759643], [4.856131, 45.759618], [4.856143, 45.75956], [4.856152, 45.759518], [4.85616, 45.759477], [4.856244, 45.759014], [4.85628, 45.758818], [4.856357, 45.758399], [4.856375, 45.758298], [4.856403, 45.758138], [4.856506, 45.75762], [4.856514, 45.757616], [4.857553, 45.757705], [4.857711, 45.757714], [4.857553, 45.757705], [4.856514, 45.757616], [4.856506, 45.75762], [4.85647, 45.757616], [4.856426, 45.757612], [4.856437, 45.757555], [4.856313, 45.757537], [4.856321, 45.757516], [4.856337, 45.757487], [4.856175, 45.757469], [4.856038, 45.757471], [4.855026, 45.75739], [4.854837, 45.757375], [4.854733, 45.757363], [4.854728, 45.757346], [4.854756, 45.757189], [4.854731, 45.757187], [4.854669, 45.757184], [4.854613, 45.757181], [4.85456, 45.757176], [4.85456, 45.757129], [4.853707, 45.757126], [4.853551, 45.757122], [4.853114, 45.757106], [4.852964, 45.757099], [4.852891, 45.757152], [4.852866, 45.75715], [4.85282, 45.757146], [4.852795, 45.757144], [4.852717, 45.757138], [4.852687, 45.757135], [4.852649, 45.757132], [4.852602, 45.757123], [4.852593, 45.757122], [4.852586, 45.75712], [4.852539, 45.757105], [4.852432, 45.757079], [4.851374, 45.757012], [4.851321, 45.757008], [4.851295, 45.757006], [4.851248, 45.757002], [4.851218, 45.756999], [4.85122, 45.756953], [4.851199, 45.756948], [4.850253, 45.756896], [4.850227, 45.756903], [4.850187, 45.7569], [4.850163, 45.756897], [4.850142, 45.756894], [4.850089, 45.756884], [4.849731, 45.756864], [4.849654, 45.756872], [4.8496, 45.756878], [4.849581, 45.756878], [4.849549, 45.756883], [4.849507, 45.756877], [4.849507, 45.756843], [4.848966, 45.756828], [4.848432, 45.756813], [4.8484, 45.756814], [4.848383, 45.756827], [4.848341, 45.756826], [4.84828, 45.756825], [4.848232, 45.756811], [4.847828, 45.756695], [4.847828, 45.756714], [4.847809, 45.756709], [4.847791, 45.756704], [4.847763, 45.756696], [4.847762, 45.756685], [4.847725, 45.756675], [4.847408, 45.756586], [4.847398, 45.756584], [4.847361, 45.756574], [4.847328, 45.756566], [4.847283, 45.756555], [4.846619, 45.756371], [4.846541, 45.756359], [4.846486, 45.756354], [4.846406, 45.756345], [4.846338, 45.756337], [4.846349, 45.756289], [4.846179, 45.756242], [4.846156, 45.756251], [4.846149, 45.756244], [4.846123, 45.756237], [4.846052, 45.756218], [4.846019, 45.756202], [4.844829, 45.755861], [4.843966, 45.755621], [4.84394, 45.755614], [4.843878, 45.755596], [4.843836, 45.755584], [4.84375, 45.75556], [4.843395, 45.755461], [4.843183, 45.755399], [4.843096, 45.755373], [4.843073, 45.755383], [4.843052, 45.755393], [4.843016, 45.755409], [4.842972, 45.75543], [4.842929, 45.755442], [4.842872, 45.755459], [4.842837, 45.755469], [4.842819, 45.755475], [4.842749, 45.755508], [4.842684, 45.755541], [4.842613, 45.755588], [4.842397, 45.755658], [4.842111, 45.755754], [4.84194, 45.755811], [4.841924, 45.755817], [4.841903, 45.755824], [4.841877, 45.755832], [4.84185, 45.755841], [4.841836, 45.755846], [4.841017, 45.756119], [4.840937, 45.756142], [4.840526, 45.756243], [4.840493, 45.75632], [4.840474, 45.756326], [4.840421, 45.756343], [4.840368, 45.75636], [4.840263, 45.756353], [4.840228, 45.756363], [4.839632, 45.756533], [4.837215, 45.757262], [4.837163, 45.757288], [4.837121, 45.75734], [4.837012, 45.757332], [4.836981, 45.75734], [4.836965, 45.757345], [4.836913, 45.757359], [4.83668, 45.757422], [4.836647, 45.757432], [4.8366, 45.757444], [4.836558, 45.757454], [4.83638, 45.757415], [4.835917, 45.757544], [4.835472, 45.757668], [4.835451, 45.757675], [4.835422, 45.757683], [4.835395, 45.75769], [4.835364, 45.757698], [4.8344, 45.757967], [4.834331, 45.757987], [4.834213, 45.758011], [4.834176, 45.758019], [4.833939, 45.758066], [4.833919, 45.758082], [4.833908, 45.758083], [4.833839, 45.758096], [4.833784, 45.758107], [4.833768, 45.758111], [4.833739, 45.758105], [4.833248, 45.758231], [4.83324, 45.758235], [4.833201, 45.758251], [4.833166, 45.75826], [4.83313, 45.758269], [4.833119, 45.758272], [4.832561, 45.758424], [4.832553, 45.758412], [4.832536, 45.758381], [4.832509, 45.758337], [4.832457, 45.758352], [4.832396, 45.758369], [4.83239, 45.758358], [4.832361, 45.758309], [4.831734, 45.758487], [4.831685, 45.75839], [4.831695, 45.758387], [4.831788, 45.758362], [4.831826, 45.758351], [4.831788, 45.758283], [4.832152, 45.758176], [4.831955, 45.75781]]}, "properties": {"heading": 36, "length_km": 9.695, "retrace": 0.089}}, {"type": "Feature", "geometry": {"type": "LineString", "coordinates": [[4.831955, 45.75781], [4.832152, 45.758176], [4.831788, 45.758283], [4.831826, 45.758351], [4.831788, 45.758362], [4.831695, 45.758387], [4.831685, 45.75839], [4.831734, 45.758487], [4.832361, 45.758309], [4.83239, 45.758358], [4.832396, 45.758369], [4.832421, 45.758412], [4.832438, 45.758443], [4.832454, 45.758456], [4.832465, 45.758465], [4.832775, 45.759507], [4.832779, 45.759528], [4.832785, 45.75955], [4.832789, 45.759566], [4.832795, 45.759589], [4.832883, 45.759873], [4.832874, 45.759909], [4.832958, 45.760211], [4.832966, 45.760247], [4.833039, 45.76038], [4.833068, 45.76042], [4.833085, 45.760485], [4.833088, 45.760495], [4.833097, 45.760517], [4.833101, 45.760528], [4.833103, 45.760534], [4.833157, 45.760695], [4.833219, 45.760833], [4.833229, 45.760854], [4.833246, 45.760898], [4.833278, 45.761015], [4.833278, 45.761018], [4.833278, 45.76102], [4.833278, 45.761025], [4.833282, 45.761128], [4.833237, 45.761218], [4.833176, 45.761341], [4.83317, 45.761353], [4.833044, 45.761606], [4.833037, 45.761634], [4.832972, 45.761919], [4.832942, 45.761996], [4.832903, 45.762061], [4.832769, 45.762515], [4.83275, 45.762597], [4.83271, 45.762851], [4.832655, 45.763203], [4.832652, 45.763227], [4.832652, 45.763228], [4.832651, 45.763231], [4.832648, 45.76325], [4.832642, 45.763287], [4.832636, 45.763322], [4.832632, 45.763342], [4.832626, 45.763365], [4.832613, 45.763508], [4.832611, 45.763523], [4.832606, 45.763558], [4.832593, 45.763744], [4.832531, 45.763745], [4.83253, 45.763757], [4.832531, 45.763784], [4.832531, 45.763821], [4.832531, 45.763841], [4.832533, 45.763866], [4.832364, 45.76452], [4.832362, 45.764528], [4.832343, 45.764587], [4.832371, 45.764592], [4.832391, 45.764595], [4.832371, 45.764664], [4.832369, 45.76467], [4.832356, 45.764739], [4.832335, 45.764853], [4.832333, 45.764887], [4.83226, 45.764887], [4.83228, 45.765033], [4.832268, 45.765223], [4.832266, 45.765264], [4.832263, 45.765285], [4.83226, 45.765307], [4.832167, 45.765302], [4.83216, 45.765312], [4.831993, 45.765802], [4.831941, 45.765948], [4.831943, 45.765966], [4.831955, 45.765976], [4.831946, 45.766001], [4.831937, 45.766024], [4.831931, 45.766042], [4.831923, 45.766074], [4.831905, 45.766072], [4.831894, 45.766108], [4.831853, 45.766433], [4.831852, 45.766437], [4.831848, 45.766448], [4.831842, 45.766466], [4.831829, 45.766536], [4.831839, 45.766588], [4.831852, 45.766912], [4.831857, 45.766936], [4.831862, 45.766951], [4.831918, 45.76696], [4.831914, 45.766975], [4.831904, 45.76701], [4.831898, 45.767029], [4.831893, 45.767039], [4.831856, 45.767039], [4.831836, 45.767081], [4.831795, 45.767209], [4.831716, 45.767395], [4.831717, 45.767413], [4.831718, 45.767429], [4.831706, 45.767461], [4.831694, 45.767495], [4.831688, 45.767515], [4.831594, 45.767729], [4.831573, 45.767774], [4.831553, 45.767824], [4.831501, 45.767954], [4.831477, 45.767978], [4.831461, 45.767994], [4.831452, 45.768028], [4.831469, 45.768068], [4.831468, 45.768078], [4.831456, 45.768156], [4.831448, 45.768198], [4.831449, 45.768225], [4.831596, 45.768222], [4.831747, 45.76827], [4.831822, 45.768366], [4.831821, 45.768458], [4.831681, 45.768811], [4.831699, 45.768818], [4.831733, 45.768831], [4.831776, 45.768847], [4.831796, 45.768854], [4.831802, 45.768884], [4.831794, 45.768898], [4.831786, 45.768913], [4.83178, 45.768928], [4.831908, 45.768949], [4.832131, 45.768986], [4.832101, 45.769039], [4.832073, 45.769092], [4.831818, 45.769448], [4.831765, 45.769522], [4.831798, 45.769528], [4.831786, 45.769549], [4.83178, 45.769559], [4.831692, 45.769697], [4.831652, 45.769793], [4.831625, 45.769887], [4.83158, 45.770188], [4.831579, 45.770208], [4.83158, 45.77024], [4.83158, 45.770265], [4.831579, 45.770276], [4.831583, 45.770689], [4.831591, 45.770756], [4.831585, 45.770839], [4.831585, 45.770849], [4.831585, 45.770887], [4.831584, 45.770914], [4.831585, 45.770922], [4.831614, 45.771267], [4.831615, 45.771286], [4.831618, 45.771306], [4.831621, 45.771336], [4.831625, 45.771371], [4.831662, 45.77165], [4.831682, 45.771755], [4.831823, 45.771768], [4.832059, 45.771786], [4.832276, 45.771803], [4.832458, 45.771817], [4.832483, 45.771834], [4.832604, 45.771842], [4.832654, 45.771855], [4.832644, 45.771873], [4.832465, 45.771917], [4.832321, 45.771979], [4.832232, 45.772048], [4.832183, 45.772113], [4.832109, 45.772228], [4.832083, 45.772274], [4.832027, 45.772327], [4.831921, 45.772367], [4.831807, 45.7724], [4.831811, 45.77242], [4.831817, 45.772448], [4.83183, 45.772518], [4.831868, 45.772606], [4.831873, 45.772621], [4.831952, 45.772839], [4.831957, 45.772851], [4.831964, 45.772869], [4.831972, 45.772889], [4.83208, 45.772895], [4.832092, 45.772917], [4.8321, 45.772931], [4.832109, 45.772946], [4.832116, 45.77296], [4.832079, 45.772972], [4.832068, 45.772996], [4.832066, 45.773012], [4.832082, 45.773047], [4.832125, 45.773151], [4.832218, 45.773845], [4.832225, 45.773879], [4.832238, 45.773942], [4.83227, 45.774296], [4.832379, 45.774303], [4.832376, 45.774346], [4.832365, 45.774405], [4.832357, 45.774459], [4.832346, 45.774507], [4.832363, 45.774523], [4.832364, 45.774544], [4.832376, 45.77468], [4.832338, 45.774952], [4.83235, 45.775024], [4.832338, 45.775123], [4.832316, 45.775172], [4.832318, 45.775188], [4.832328, 45.77522], [4.832244, 45.77523], [4.832244, 45.775239], [4.832244, 45.775267], [4.832245, 45.775292], [4.832207, 45.775312], [4.832221, 45.775377], [4.832214, 45.775402], [4.832233, 45.775787], [4.832247, 45.77606], [4.832323, 45.776058], [4.832347, 45.776058], [4.832371, 45.776057], [4.832397, 45.776056], [4.832397, 45.776071], [4.832409, 45.776073], [4.832464, 45.776077], [4.832867, 45.776055], [4.832891, 45.776088], [4.832958, 45.776075], [4.832987, 45.776107], [4.833016, 45.776095], [4.833034, 45.776088], [4.833085, 45.776114], [4.833611, 45.775904], [4.833744, 45.775851], [4.834587, 45.775506], [4.834611, 45.775482], [4.834662, 45.775432], [4.834688, 45.775412], [4.834723, 45.775385], [4.834733, 45.775378], [4.834748, 45.775382], [4.834824, 45.775402], [4.834919, 45.775391], [4.834946, 45.775379], [4.834958, 45.775372], [4.834991, 45.775355], [4.835193, 45.775197], [4.835606, 45.774859], [4.835638, 45.774829], [4.83572, 45.774754], [4.835729, 45.77476], [4.835777, 45.774798], [4.835844, 45.774748], [4.835956, 45.774775], [4.836017, 45.774775], [4.836298, 45.774762], [4.83633, 45.774743], [4.836319, 45.774682], [4.836317, 45.774672], [4.836315, 45.774662], [4.836278, 45.774489], [4.836268, 45.774439], [4.836395, 45.774402], [4.836429, 45.774393], [4.836439, 45.77439], [4.836542, 45.77436], [4.836563, 45.774355], [4.836736, 45.774308], [4.836476, 45.774026], [4.836501, 45.774016], [4.836507, 45.774012], [4.836543, 45.774031], [4.836592, 45.774035], [4.837138, 45.773897], [4.837148, 45.773876], [4.837117, 45.77383], [4.837126, 45.773826], [4.837139, 45.773821], [4.837192, 45.773883], [4.837208, 45.773877], [4.837163, 45.773828], [4.837166, 45.773815], [4.837112, 45.773783], [4.8371, 45.773768], [4.837118, 45.773763], [4.837123, 45.773768], [4.837159, 45.773793], [4.837207, 45.773795], [4.837476, 45.773713], [4.837645, 45.773691], [4.837826, 45.773636], [4.83785, 45.773629], [4.837882, 45.773623], [4.837916, 45.773617], [4.83794, 45.773613], [4.838027, 45.773605], [4.838089, 45.7736], [4.838124, 45.773597], [4.838156, 45.773595], [4.83818, 45.773593], [4.838232, 45.773587], [4.838245, 45.773569], [4.838194, 45.773287], [4.838152, 45.773058], [4.838126, 45.772914], [4.838117, 45.7729], [4.838109, 45.772861], [4.838105, 45.77284], [4.838099, 45.772799], [4.838089, 45.772773], [4.838106, 45.772771], [4.838432, 45.772741], [4.838476, 45.77274], [4.838546, 45.772738], [4.838547, 45.772685], [4.838561, 45.772651], [4.838604, 45.772622], [4.838672, 45.772602], [4.838767, 45.772594], [4.840833, 45.772431], [4.840895, 45.772426], [4.840943, 45.772422], [4.840983, 45.772427], [4.841068, 45.772464], [4.841085, 45.772487], [4.841107, 45.772485], [4.841152, 45.772483], [4.8412, 45.77248], [4.841217, 45.77248], [4.841263, 45.772477], [4.841311, 45.772475], [4.841359, 45.772472], [4.841375, 45.772439], [4.842067, 45.7725], [4.842089, 45.772502], [4.842102, 45.772504], [4.842154, 45.772509], [4.842226, 45.772515], [4.842247, 45.772516], [4.842675, 45.772554], [4.8427, 45.772564], [4.842747, 45.772568], [4.842778, 45.772563], [4.84289, 45.772575], [4.842916, 45.772584], [4.842983, 45.772602], [4.843063, 45.77261], [4.843129, 45.772616], [4.843215, 45.772611], [4.843278, 45.772607], [4.8441, 45.772687], [4.844194, 45.772692], [4.844241, 45.772689], [4.844283, 45.772693], [4.844345, 45.772698], [4.844359, 45.772708], [4.845226, 45.772786], [4.845253, 45.772788], [4.845307, 45.772793], [4.845374, 45.772798], [4.845403, 45.772801], [4.846458, 45.772899], [4.846485, 45.772902], [4.846559, 45.772908], [4.846609, 45.772912], [4.846639, 45.772916], [4.846653, 45.772895], [4.84666, 45.772858], [4.846665, 45.772833], [4.846668, 45.772819], [4.846673, 45.772789], [4.846679, 45.772759], [4.846673, 45.772728], [4.847344, 45.772791], [4.847373, 45.772766], [4.847411, 45.772596], [4.84746, 45.772348], [4.847144, 45.772318], [4.84746, 45.772348], [4.847483, 45.77222], [4.847551, 45.771831], [4.847564, 45.771832], [4.847624, 45.77184], [4.84767, 45.771846], [4.847683, 45.771858], [4.848394, 45.771923], [4.848407, 45.771924], [4.848475, 45.771925], [4.848509, 45.771926], [4.848552, 45.77193], [4.848558, 45.771894], [4.848567, 45.771864], [4.848575, 45.771837], [4.848583, 45.771788], [4.848637, 45.771441], [4.848673, 45.771237], [4.848704, 45.771174], [4.848719, 45.771149], [4.848722, 45.771128], [4.848726, 45.771107], [4.848709, 45.771076], [4.848702, 45.771063], [4.848774, 45.770699], [4.848782, 45.770659], [4.848892, 45.770033], [4.848915, 45.770007], [4.848937, 45.769981], [4.848941, 45.769963], [4.848945, 45.76994], [4.848932, 45.76991], [4.848927, 45.769888], [4.848973, 45.769663], [4.848975, 45.769656], [4.848978, 45.769642], [4.84898, 45.769629], [4.848982, 45.76962], [4.849015, 45.769432], [4.849234, 45.769451], [4.849268, 45.769287], [4.850171, 45.769379], [4.850299, 45.769367], [4.850286, 45.769333], [4.850296, 45.769286], [4.850302, 45.769253], [4.85034, 45.769222], [4.850356, 45.769225], [4.850413, 45.769231], [4.850469, 45.769237], [4.850484, 45.769238], [4.850587, 45.768598], [4.850617, 45.768578], [4.850773, 45.768593], [4.850774, 45.768589], [4.850781, 45.768551], [4.850784, 45.768531], [4.850781, 45.768509], [4.850778, 45.768472], [4.850873, 45.767933], [4.850889, 45.767903], [4.850902, 45.767879], [4.850905, 45.767855], [4.85091, 45.767822], [4.850929, 45.767813], [4.850898, 45.767778], [4.850971, 45.767425], [4.85098, 45.767398], [4.850985, 45.767376], [4.85099, 45.767358], [4.850997, 45.767321], [4.851627, 45.767388], [4.851682, 45.767374], [4.851715, 45.767345], [4.851816, 45.766825], [4.851813, 45.766772], [4.851812, 45.766722], [4.851815, 45.7667], [4.851818, 45.766675], [4.851829, 45.766639], [4.851986, 45.765825], [4.851988, 45.765776], [4.851993, 45.765723], [4.852003, 45.765676], [4.852008, 45.76565], [4.852021, 45.765611], [4.852034, 45.765572], [4.852111, 45.765147], [4.852111, 45.765083], [4.85211, 45.765067], [4.852119, 45.765023], [4.852129, 45.764977], [4.852132, 45.764969], [4.852146, 45.764937], [4.852227, 45.764426], [4.852247, 45.764427], [4.852286, 45.764429], [4.852349, 45.764434], [4.852366, 45.764431], [4.852394, 45.764425], [4.853198, 45.764463], [4.853247, 45.76447], [4.853283, 45.764475], [4.853311, 45.764475], [4.853366, 45.764476], [4.853383, 45.764476], [4.853382, 45.764463], [4.853387, 45.76443], [4.853389, 45.764417], [4.853412, 45.764293], [4.853415, 45.764245], [4.85343, 45.764216], [4.853451, 45.764174], [4.853475, 45.76416], [4.853457, 45.764145], [4.853459, 45.764135], [4.853534, 45.763747], [4.853549, 45.763735], [4.853664, 45.763733], [4.855123, 45.763739], [4.855182, 45.763761], [4.855214, 45.763759], [4.855239, 45.76376], [4.855273, 45.763761], [4.855288, 45.763761], [4.855359, 45.76374], [4.85536, 45.763724], [4.85536, 45.763688], [4.85536, 45.763653], [4.85536, 45.763639], [4.85536, 45.763619], [4.85536, 45.763598], [4.855361, 45.763587], [4.856173, 45.763592], [4.856219, 45.763548], [4.856248, 45.763549], [4.856272, 45.76355], [4.856306, 45.763552], [4.85633, 45.763554], [4.856333, 45.763538], [4.856365, 45.763354], [4.856384, 45.763247], [4.856548, 45.763262], [4.856556, 45.76322], [4.856559, 45.763198], [4.856561, 45.763179], [4.856567, 45.763125], [4.857305, 45.763188], [4.857339, 45.763064], [4.857349, 45.763026], [4.857383, 45.762817], [4.85739, 45.762713], [4.857396, 45.762671], [4.857403, 45.762629], [4.857413, 45.762602], [4.857408, 45.762552], [4.857412, 45.762515], [4.857474, 45.762204], [4.857491, 45.762096], [4.857502, 45.76202], [4.85751, 45.761968], [4.857538, 45.761787], [4.857553, 45.761691], [4.85757, 45.761577], [4.857588, 45.761507], [4.857615, 45.761394], [4.857571, 45.761304], [4.857588, 45.761206], [4.857583, 45.761143], [4.857585, 45.761117], [4.85759, 45.761083], [4.857593, 45.761054], [4.857595, 45.761045], [4.857597, 45.761032], [4.857607, 45.760983], [4.857626, 45.760984], [4.857637, 45.760926], [4.857737, 45.760935], [4.857913, 45.759983], [4.857955, 45.759897], [4.857963, 45.759858], [4.857994, 45.759702], [4.858, 45.759671], [4.858002, 45.759657], [4.858172, 45.758799], [4.858193, 45.758705], [4.858208, 45.758611], [4.858212, 45.758585], [4.858219, 45.758562], [4.858266, 45.758475], [4.858298, 45.758312], [4.858319, 45.758209], [4.858398, 45.757755], [4.858406, 45.757712], [4.858412, 45.75769], [4.858421, 45.757655], [4.858423, 45.757636], [4.857842, 45.757604], [4.857841, 45.757592], [4.857606, 45.757411], [4.85741, 45.757266], [4.857408, 45.757158], [4.857408, 45.75712], [4.857407, 45.757077], [4.857406, 45.756992], [4.857405, 45.756875], [4.857328, 45.756876], [4.857332, 45.756845], [4.857341, 45.756794], [4.857343, 45.756239], [4.857337, 45.756216], [4.857332, 45.756204], [4.857336, 45.756169], [4.857339, 45.75614], [4.857344, 45.756115], [4.857343, 45.755244], [4.857231, 45.755214], [4.857183, 45.755192], [4.857085, 45.755099], [4.857066, 45.755049], [4.857064, 45.755042], [4.857063, 45.754996], [4.857063, 45.754964], [4.857069, 45.75495], [4.857081, 45.75492], [4.857124, 45.75486], [4.857142, 45.754847], [4.857196, 45.754807], [4.857295, 45.754769], [4.85736, 45.754756], [4.857358, 45.754164], [4.857337, 45.754121], [4.857332, 45.754104], [4.857336, 45.754071], [4.857342, 45.754029], [4.857344, 45.754013], [4.857353, 45.753956], [4.857362, 45.753517], [4.857354, 45.753484], [4.857334, 45.753476], [4.857337, 45.753463], [4.857342, 45.753442], [4.857351, 45.753398], [4.857361, 45.753349], [4.857363, 45.753337], [4.857448, 45.753346], [4.857601, 45.752736], [4.857601, 45.752718], [4.857539, 45.752711], [4.856786, 45.752624], [4.856794, 45.75259], [4.8568, 45.752564], [4.856805, 45.75254], [4.856812, 45.752509], [4.856737, 45.7525], [4.85674, 45.752484], [4.856727, 45.752482], [4.856684, 45.752477], [4.856652, 45.752473], [4.85662, 45.752469], [4.856664, 45.752262], [4.85662, 45.752469], [4.856618, 45.75248], [4.855864, 45.752398], [4.855862, 45.752391], [4.855841, 45.752388], [4.855814, 45.752385], [4.855779, 45.752381], [4.855761, 45.752379], [4.855541, 45.752356], [4.855255, 45.752325], [4.855025, 45.7523], [4.855005, 45.752298], [4.854972, 45.752293], [4.854948, 45.752288], [4.854926, 45.752284], [4.854918, 45.752297], [4.854896, 45.752306], [4.854891, 45.752317], [4.854871, 45.752347], [4.854861, 45.752364], [4.854851, 45.752383], [4.853824, 45.752136], [4.853749, 45.75214], [4.853734, 45.752137], [4.853688, 45.75213], [4.8537, 45.752055], [4.853591, 45.752047], [4.853525, 45.752042], [4.853475, 45.752037], [4.853044, 45.751927], [4.852856, 45.751877], [4.852711, 45.751835], [4.85265, 45.751857], [4.852605, 45.751873], [4.852334, 45.751969], [4.85229, 45.751984], [4.852245, 45.751996], [4.8522, 45.752008], [4.852164, 45.752017], [4.851508, 45.752251], [4.851004, 45.752427], [4.850694, 45.752535], [4.850587, 45.752524], [4.85058, 45.752555], [4.85054, 45.752575], [4.850488, 45.752601], [4.850397, 45.752669], [4.850334, 45.752681], [4.850309, 45.752686], [4.850292, 45.75269], [4.850241, 45.7527], [4.849243, 45.753037], [4.849203, 45.753053], [4.849101, 45.753092], [4.849055, 45.753098], [4.849018, 45.753103], [4.848967, 45.753125], [4.848185, 45.75339], [4.848084, 45.753427], [4.84803, 45.753447], [4.847948, 45.75347], [4.84792, 45.753479], [4.847892, 45.753481], [4.847874, 45.753501], [4.847715, 45.753554], [4.847708, 45.753556], [4.847625, 45.753584], [4.847214, 45.753726], [4.847086, 45.753771], [4.84705, 45.753783], [4.847025, 45.753792], [4.84694, 45.753819], [4.846855, 45.753848], [4.846798, 45.753865], [4.846347, 45.754021], [4.846312, 45.754034], [4.846284, 45.754046], [4.846257, 45.754056], [4.846216, 45.754069], [4.845557, 45.754295], [4.845449, 45.754332], [4.845411, 45.75435], [4.845377, 45.754365], [4.845355, 45.754375], [4.845309, 45.754399], [4.84513, 45.754474], [4.843766, 45.754927], [4.843715, 45.754944], [4.843596, 45.754985], [4.843428, 45.755038], [4.843196, 45.755092], [4.843154, 45.755104], [4.843136, 45.755111], [4.84312, 45.755108], [4.843072, 45.755099], [4.843054, 45.755097], [4.843045, 45.755095], [4.843021, 45.755091], [4.8429, 45.755178], [4.842751, 45.755213], [4.842729, 45.755219], [4.842692, 45.755231], [4.842611, 45.755258], [4.842581, 45.755269], [4.842517, 45.755288], [4.842187, 45.755395], [4.841684, 45.755566], [4.840821, 45.75585], [4.840777, 45.755864], [4.840755, 45.755871], [4.840737, 45.755876], [4.840554, 45.755936], [4.84037, 45.756049], [4.840312, 45.756036], [4.840275, 45.756046], [4.840231, 45.756061], [4.840182, 45.756078], [4.840116, 45.756099], [4.840101, 45.756104], [4.840087, 45.756109], [4.840064, 45.756117], [4.839508, 45.756325], [4.83709, 45.757051], [4.837004, 45.757064], [4.836932, 45.757049], [4.836905, 45.757056], [4.836832, 45.757078], [4.836763, 45.757096], [4.836573, 45.757151], [4.836524, 45.757165], [4.836388, 45.757205], [4.836345, 45.757217], [4.83633, 45.757221], [4.836291, 45.757272], [4.835406, 45.75753], [4.835291, 45.757562], [4.834888, 45.75768], [4.83428, 45.757852], [4.83426, 45.757807], [4.83416, 45.75783], [4.834078, 45.757848], [4.834016, 45.757862], [4.833974, 45.757871], [4.833902, 45.757936], [4.833671, 45.757999], [4.833528, 45.757972], [4.833195, 45.758078], [4.832567, 45.758252], [4.832476, 45.758278], [4.832361, 45.758309], [4.831734, 45.758487], [4.831685, 45.75839], [4.831695, 45.758387], [4.831788, 45.758362], [4.831826, 45.758351], [4.831788, 45.758283], [4.832152, 45.758176], [4.831955, 45.75781]]}, "properties": {"heading": 54, "length_km": 9.401, "retrace": 0.044}}, {"type": "Feature", "geometry": {"type": "LineString", "coordinates": [[4.831955, 45.75781], [4.832152, 45.758176], [4.831788, 45.758283], [4.831826, 45.758351], [4.831788, 45.758362], [4.831695, 45.758387], [4.831685, 45.75839], [4.831734, 45.758487], [4.832361, 45.758309], [4.83239, 45.758358], [4.832396, 45.758369], [4.832421, 45.758412], [4.832438, 45.758443], [4.832454, 45.758456], [4.832465, 45.758465], [4.832775, 45.759507], [4.832779, 45.759528], [4.832785, 45.75955], [4.832789, 45.759566], [4.832795, 45.759589], [4.832883, 45.759873], [4.832874, 45.759909], [4.832958, 45.760211], [4.832966, 45.760247], [4.833039, 45.76038], [4.833068, 45.76042], [4.833085, 45.760485], [4.833088, 45.760495], [4.833097, 45.760517], [4.833101, 45.760528], [4.833103, 45.760534], [4.833157, 45.760695], [4.833219, 45.760833], [4.833229, 45.760854], [4.833246, 45.760898], [4.833278, 45.761015], [4.833278, 45.761018], [4.833278, 45.76102], [4.833278, 45.761025], [4.833282, 45.761128], [4.83337, 45.761131], [4.833401, 45.761133], [4.833431, 45.761133], [4.833467, 45.761134], [4.833482, 45.761135], [4.833975, 45.761145], [4.833992, 45.761146], [4.834023, 45.761619], [4.834028, 45.761649], [4.834027, 45.761665], [4.834027, 45.761686], [4.83403, 45.761694], [4.834045, 45.761732], [4.834046, 45.762019], [4.834053, 45.762048], [4.834051, 45.762063], [4.834051, 45.762076], [4.834061, 45.762106], [4.834069, 45.762133], [4.834105, 45.762874], [4.834108, 45.762892], [4.834109, 45.762921], [4.83411, 45.762946], [4.834111, 45.762965], [4.834122, 45.763294], [4.834124, 45.76331], [4.834127, 45.763332], [4.834126, 45.763368], [4.834125, 45.763402], [4.834127, 45.763411], [4.834137, 45.763438], [4.834153, 45.763772], [4.834154, 45.763785], [4.834156, 45.763812], [4.834159, 45.763839], [4.834159, 45.763849], [4.83416, 45.76386], [4.834179, 45.76418], [4.83419, 45.764199], [4.834198, 45.764211], [4.834198, 45.764223], [4.834198, 45.764234], [4.834199, 45.76425], [4.8342, 45.764266], [4.834209, 45.764514], [4.834222, 45.764852], [4.834224, 45.764883], [4.834229, 45.764918], [4.834228, 45.764938], [4.834231, 45.76496], [4.834257, 45.765374], [4.834257, 45.76538], [4.834255, 45.765397], [4.834255, 45.765412], [4.834256, 45.765431], [4.834293, 45.766062], [4.834295, 45.76609], [4.834295, 45.766109], [4.834293, 45.766126], [4.834292, 45.766149], [4.834301, 45.766161], [4.834334, 45.766695], [4.834328, 45.766721], [4.83424, 45.767236], [4.834267, 45.767239], [4.834359, 45.767248], [4.834343, 45.767298], [4.8342, 45.767325], [4.834218, 45.767366], [4.834197, 45.767452], [4.834172, 45.767553], [4.834109, 45.767809], [4.834156, 45.767828], [4.83419, 45.767843], [4.834185, 45.767871], [4.834209, 45.768157], [4.834217, 45.768247], [4.834237, 45.768281], [4.834459, 45.768477], [4.834493, 45.768509], [4.834504, 45.768519], [4.83454, 45.76855], [4.834621, 45.768618], [4.834838, 45.768801], [4.835144, 45.769031], [4.835252, 45.769108], [4.835332, 45.769164], [4.835587, 45.769356], [4.835672, 45.769421], [4.835808, 45.769525], [4.835847, 45.769554], [4.835817, 45.769671], [4.835812, 45.769689], [4.835853, 45.769717], [4.835907, 45.769801], [4.835916, 45.769816], [4.835949, 45.769807], [4.835962, 45.769803], [4.836001, 45.769873], [4.836093, 45.769957], [4.836234, 45.770095], [4.836348, 45.770191], [4.836364, 45.770191], [4.836368, 45.770192], [4.836393, 45.770203], [4.836412, 45.770211], [4.83642, 45.770214], [4.836393, 45.770247], [4.836704, 45.770448], [4.836677, 45.77047], [4.836651, 45.770491], [4.836617, 45.770514], [4.836606, 45.770521], [4.836653, 45.770562], [4.836662, 45.770602], [4.836633, 45.770827], [4.836624, 45.77087], [4.83663, 45.770969], [4.836752, 45.771448], [4.836759, 45.771478], [4.836765, 45.7715], [4.836778, 45.77155], [4.83692, 45.772108], [4.836931, 45.772156], [4.836965, 45.77231], [4.836997, 45.772364], [4.837023, 45.772406], [4.836989, 45.772432], [4.836991, 45.772477], [4.836977, 45.772502], [4.836954, 45.772521], [4.836893, 45.772539], [4.836882, 45.772551], [4.836815, 45.77258], [4.836812, 45.772596], [4.836834, 45.772737], [4.836845, 45.772805], [4.836859, 45.772821], [4.837279, 45.772792], [4.8373, 45.772824], [4.837317, 45.772851], [4.837332, 45.772874], [4.837345, 45.772895], [4.837552, 45.773202], [4.837686, 45.773402], [4.837701, 45.773397], [4.837724, 45.773389], [4.837837, 45.773557], [4.837916, 45.773617], [4.838093, 45.773745], [4.838121, 45.773757], [4.838155, 45.773772], [4.838198, 45.773805], [4.838254, 45.773848], [4.838279, 45.773831], [4.838303, 45.773817], [4.838328, 45.773803], [4.838391, 45.773791], [4.838443, 45.773782], [4.838521, 45.773767], [4.838555, 45.773761], [4.83859, 45.773754], [4.838616, 45.773749], [4.838622, 45.773748], [4.83865, 45.773743], [4.838686, 45.773736], [4.838715, 45.77373], [4.838787, 45.773889], [4.838809, 45.773883], [4.838813, 45.77389], [4.838875, 45.77401], [4.838878, 45.774015], [4.838905, 45.774008], [4.839442, 45.775041], [4.838905, 45.774008], [4.838878, 45.774015], [4.838875, 45.77401], [4.838813, 45.77389], [4.838809, 45.773883], [4.838787, 45.773889], [4.838715, 45.77373], [4.838673, 45.773545], [4.838595, 45.773075], [4.83857, 45.772931], [4.838594, 45.772737], [4.838611, 45.772677], [4.838717, 45.772619], [4.840899, 45.772451], [4.840984, 45.772461], [4.841023, 45.77249], [4.841054, 45.772488], [4.841085, 45.772487], [4.841107, 45.772485], [4.841152, 45.772483], [4.8412, 45.77248], [4.841217, 45.77248], [4.841263, 45.772477], [4.841311, 45.772475], [4.841359, 45.772472], [4.841375, 45.772439], [4.842067, 45.7725], [4.842069, 45.772486], [4.842077, 45.772437], [4.842083, 45.772408], [4.842086, 45.772391], [4.842091, 45.772365], [4.842097, 45.772331], [4.842115, 45.772307], [4.842157, 45.772305], [4.842192, 45.772309], [4.84225, 45.772315], [4.842272, 45.772317], [4.8423, 45.772328], [4.842924, 45.77238], [4.842961, 45.772372], [4.84303, 45.772358], [4.843115, 45.772367], [4.843181, 45.772374], [4.843254, 45.772402], [4.84332, 45.772045], [4.843373, 45.771777], [4.843375, 45.77177], [4.843386, 45.771722], [4.843397, 45.77168], [4.843434, 45.771617], [4.843734, 45.77145], [4.843733, 45.771434], [4.843738, 45.771411], [4.843756, 45.771394], [4.843792, 45.771373], [4.843837, 45.771361], [4.843886, 45.771356], [4.843945, 45.771359], [4.844029, 45.771385], [4.844081, 45.771429], [4.844391, 45.771251], [4.844464, 45.771199], [4.844471, 45.771172], [4.84448, 45.771143], [4.844506, 45.771116], [4.844539, 45.771114], [4.844576, 45.771117], [4.844612, 45.771119], [4.844655, 45.77113], [4.844651, 45.771081], [4.844706, 45.77083], [4.844719, 45.770806], [4.844781, 45.7708], [4.845561, 45.770875], [4.845594, 45.770885], [4.84559, 45.770872], [4.845596, 45.770841], [4.845601, 45.770817], [4.845626, 45.770786], [4.845669, 45.770784], [4.845693, 45.770786], [4.845769, 45.770794], [4.84578, 45.770798], [4.845816, 45.770805], [4.846834, 45.770906], [4.846852, 45.770904], [4.84689, 45.770902], [4.846934, 45.770905], [4.846963, 45.770907], [4.847009, 45.770913], [4.847006, 45.77087], [4.847074, 45.770549], [4.847083, 45.770521], [4.847088, 45.770501], [4.847094, 45.770479], [4.847098, 45.770452], [4.847155, 45.770462], [4.848628, 45.770596], [4.84865, 45.770564], [4.848711, 45.770269], [4.848755, 45.769997], [4.848759, 45.769966], [4.848763, 45.769946], [4.848768, 45.769922], [4.848781, 45.769893], [4.848821, 45.76989], [4.848852, 45.769892], [4.848857, 45.769868], [4.848902, 45.769634], [4.84894, 45.769638], [4.848978, 45.769642], [4.84898, 45.769629], [4.848982, 45.76962], [4.849015, 45.769432], [4.849234, 45.769451], [4.849268, 45.769287], [4.850171, 45.769379], [4.850299, 45.769367], [4.850286, 45.769333], [4.850296, 45.769286], [4.850302, 45.769253], [4.85034, 45.769222], [4.850356, 45.769225], [4.850413, 45.769231], [4.850469, 45.769237], [4.850484, 45.769238], [4.850587, 45.768598], [4.850617, 45.768578], [4.850773, 45.768593], [4.850774, 45.768589], [4.850781, 45.768551], [4.850784, 45.768531], [4.850781, 45.768509], [4.852362, 45.768658], [4.852413, 45.768653], [4.852471, 45.768648], [4.852513, 45.768651], [4.852554, 45.768654], [4.852597, 45.768665], [4.852641, 45.768647], [4.852932, 45.7685], [4.852855, 45.768385], [4.852839, 45.768361], [4.852793, 45.768291], [4.852665, 45.768266], [4.852706, 45.768074], [4.852718, 45.768044], [4.852722, 45.768017], [4.852725, 45.768003], [4.852726, 45.76797], [4.852789, 45.767611], [4.852802, 45.767595], [4.852832, 45.767571], [4.852835, 45.767549], [4.852839, 45.76753], [4.852831, 45.767495], [4.852941, 45.766861], [4.852947, 45.766824], [4.852953, 45.766806], [4.85296, 45.766783], [4.852962, 45.766752], [4.853022, 45.766369], [4.853124, 45.765873], [4.853165, 45.765834], [4.853171, 45.765802], [4.853174, 45.765786], [4.853178, 45.765761], [4.853175, 45.765733], [4.85317, 45.765687], [4.853261, 45.765262], [4.853275, 45.765193], [4.853283, 45.765155], [4.853289, 45.76513], [4.853293, 45.76511], [4.853299, 45.765081], [4.85327, 45.765078], [4.853388, 45.764508], [4.853383, 45.764476], [4.853382, 45.764463], [4.853387, 45.76443], [4.853389, 45.764417], [4.853412, 45.764293], [4.853415, 45.764245], [4.85343, 45.764216], [4.853451, 45.764174], [4.853475, 45.76416], [4.853457, 45.764145], [4.853459, 45.764135], [4.853446, 45.764129], [4.853397, 45.764106], [4.853354, 45.764085], [4.853337, 45.764042], [4.853357, 45.763923], [4.853386, 45.763743], [4.853381, 45.763729], [4.853381, 45.763717], [4.853382, 45.763676], [4.853383, 45.763642], [4.853383, 45.763628], [4.853383, 45.763608], [4.853384, 45.763587], [4.853385, 45.763577], [4.853433, 45.76356], [4.853468, 45.763559], [4.853497, 45.76356], [4.85353, 45.763561], [4.853568, 45.763562], [4.853677, 45.762998], [4.853753, 45.763005], [4.853759, 45.762974], [4.853764, 45.76294], [4.853776, 45.762878], [4.853989, 45.762897], [4.854001, 45.762825], [4.854019, 45.762723], [4.854039, 45.762619], [4.854144, 45.762625], [4.854615, 45.762667], [4.85483, 45.762687], [4.854994, 45.762702], [4.855053, 45.762705], [4.855103, 45.762365], [4.855512, 45.762396], [4.855608, 45.762403], [4.855645, 45.762208], [4.855773, 45.761547], [4.855739, 45.761412], [4.855838, 45.760876], [4.855795, 45.76083], [4.855874, 45.760397], [4.855926, 45.760114], [4.85601, 45.760068], [4.85629, 45.759918], [4.856321, 45.759778], [4.856327, 45.759748], [4.856346, 45.759643], [4.856131, 45.759618], [4.856143, 45.75956], [4.856152, 45.759518], [4.85616, 45.759477], [4.856244, 45.759014], [4.85628, 45.758818], [4.856357, 45.758399], [4.856375, 45.758298], [4.856403, 45.758138], [4.856506, 45.75762], [4.856514, 45.757616], [4.857553, 45.757705], [4.857711, 45.757714], [4.857553, 45.757705], [4.856514, 45.757616], [4.856524, 45.757593], [4.856528, 45.75757], [4.856535, 45.757531], [4.856541, 45.757498], [4.85653, 45.75747], [4.85655, 45.757359], [4.856586, 45.757165], [4.856564, 45.757165], [4.856506, 45.757167], [4.85652, 45.757075], [4.85648, 45.756986], [4.855736, 45.756982], [4.855699, 45.756974], [4.855755, 45.756625], [4.85577, 45.756591], [4.855779, 45.756572], [4.855785, 45.756545], [4.855795, 45.756496], [4.855795, 45.75649], [4.855849, 45.756198], [4.855825, 45.7562], [4.855787, 45.756199], [4.855736, 45.756197], [4.855719, 45.756196], [4.855721, 45.756183], [4.855728, 45.756143], [4.855734, 45.75611], [4.855742, 45.756098], [4.855966, 45.755065], [4.85596, 45.755036], [4.855956, 45.755027], [4.855964, 45.754987], [4.855977, 45.754937], [4.855977, 45.75493], [4.856171, 45.754048], [4.856171, 45.754006], [4.856171, 45.75399], [4.85618, 45.753956], [4.856192, 45.753915], [4.8562, 45.753901], [4.856213, 45.753881], [4.856314, 45.753365], [4.856318, 45.753348], [4.856323, 45.753322], [4.856333, 45.753272], [4.85634, 45.753242], [4.856345, 45.753219], [4.855809, 45.753153], [4.855774, 45.753135], [4.855869, 45.752589], [4.855881, 45.752533], [4.855895, 45.752524], [4.855891, 45.752509], [4.855879, 45.75246], [4.855869, 45.752419], [4.855864, 45.752398], [4.855862, 45.752391], [4.85587, 45.752347], [4.855866, 45.75228], [4.85583, 45.752199], [4.855762, 45.752124], [4.855676, 45.752068], [4.85556, 45.752028], [4.855551, 45.751973], [4.85553, 45.75197], [4.855474, 45.751965], [4.855434, 45.751962], [4.8554, 45.751959], [4.855537, 45.75114], [4.855516, 45.751076], [4.855377, 45.751126], [4.855352, 45.75109], [4.855317, 45.751043], [4.855274, 45.750987], [4.855252, 45.750954], [4.855232, 45.75096], [4.855106, 45.750323], [4.855048, 45.75003], [4.855032, 45.749998], [4.85497, 45.749973], [4.854951, 45.749965], [4.854908, 45.749953], [4.854895, 45.749906], [4.854894, 45.749891], [4.854889, 45.749862], [4.854872, 45.749779], [4.854878, 45.749761], [4.854793, 45.749364], [4.854644, 45.748594], [4.854648, 45.748588], [4.854643, 45.748565], [4.854636, 45.748542], [4.85462, 45.748505], [4.854622, 45.748492], [4.854619, 45.748464], [4.854609, 45.74839], [4.854609, 45.748369], [4.854608, 45.748335], [4.854614, 45.748295], [4.85462, 45.748269], [4.854641, 45.748236], [4.854718, 45.747627], [4.854719, 45.747596], [4.854552, 45.747566], [4.854391, 45.747518], [4.854146, 45.747472], [4.853406, 45.747415], [4.853307, 45.747368], [4.853289, 45.747408], [4.852852, 45.747169], [4.853289, 45.747408], [4.853307, 45.747368], [4.853406, 45.747415], [4.854146, 45.747472], [4.854391, 45.747518], [4.854552, 45.747566], [4.854719, 45.747596], [4.854718, 45.747627], [4.854641, 45.748236], [4.85462, 45.748269], [4.854614, 45.748295], [4.854608, 45.748335], [4.854609, 45.748369], [4.854609, 45.74839], [4.854619, 45.748464], [4.854106, 45.748678], [4.853864, 45.748795], [4.853572, 45.748955], [4.853505, 45.748987], [4.853435, 45.749024], [4.853354, 45.749069], [4.853323, 45.749084], [4.853306, 45.74911], [4.852463, 45.749591], [4.852251, 45.749656], [4.852174, 45.749693], [4.852115, 45.749721], [4.852093, 45.749723], [4.852043, 45.749728], [4.852008, 45.749736], [4.851375, 45.749911], [4.85136, 45.749914], [4.851336, 45.749919], [4.851314, 45.749925], [4.851288, 45.749932], [4.851265, 45.749939], [4.851038, 45.749997], [4.850179, 45.750247], [4.849901, 45.750332], [4.849839, 45.750347], [4.849815, 45.750354], [4.849789, 45.750362], [4.849755, 45.750379], [4.849659, 45.750419], [4.849163, 45.750587], [4.849148, 45.750649], [4.848849, 45.75074], [4.848853, 45.750747], [4.848864, 45.750765], [4.848884, 45.750797], [4.848891, 45.750808], [4.848842, 45.750825], [4.848727, 45.750863], [4.848417, 45.750994], [4.848332, 45.751037], [4.84832, 45.751057], [4.848303, 45.75108], [4.84826, 45.751106], [4.84824, 45.751118], [4.848193, 45.751127], [4.84754, 45.751531], [4.847081, 45.751869], [4.847052, 45.751897], [4.847018, 45.751926], [4.846967, 45.751966], [4.846847, 45.752053], [4.846801, 45.752076], [4.846768, 45.752095], [4.846765, 45.7521], [4.846729, 45.752134], [4.846687, 45.752167], [4.84667, 45.752184], [4.846632, 45.752198], [4.846269, 45.752437], [4.846236, 45.752462], [4.846167, 45.752512], [4.8461, 45.752562], [4.846092, 45.752565], [4.846029, 45.752584], [4.845736, 45.752735], [4.845172, 45.753027], [4.845134, 45.753051], [4.845113, 45.753063], [4.845096, 45.753073], [4.845071, 45.753088], [4.845002, 45.753127], [4.844771, 45.753293], [4.84446, 45.753581], [4.844247, 45.753789], [4.84423, 45.753805], [4.844196, 45.75383], [4.844159, 45.753857], [4.844132, 45.753885], [4.843809, 45.754209], [4.84366, 45.754385], [4.843627, 45.754371], [4.843566, 45.754347], [4.84355, 45.75434], [4.84352, 45.754327], [4.843257, 45.754639], [4.843033, 45.755068], [4.843021, 45.755091], [4.8429, 45.755178], [4.842751, 45.755213], [4.842729, 45.755219], [4.842692, 45.755231], [4.842611, 45.755258], [4.842581, 45.755269], [4.842517, 45.755288], [4.842187, 45.755395], [4.841684, 45.755566], [4.840821, 45.75585], [4.840777, 45.755864], [4.840755, 45.755871], [4.840737, 45.755876], [4.840554, 45.755936], [4.84037, 45.756049], [4.840312, 45.756036], [4.840275, 45.756046], [4.840231, 45.756061], [4.840182, 45.756078], [4.840116, 45.756099], [4.840101, 45.756104], [4.840087, 45.756109], [4.840064, 45.756117], [4.839508, 45.756325], [4.83709, 45.757051], [4.837004, 45.757064], [4.836932, 45.757049], [4.836905, 45.757056], [4.836832, 45.757078], [4.836763, 45.757096], [4.836573, 45.757151], [4.836524, 45.757165], [4.836388, 45.757205], [4.836345, 45.757217], [4.83633, 45.757221], [4.836291, 45.757272], [4.835406, 45.75753], [4.835291, 45.757562], [4.834888, 45.75768], [4.83428, 45.757852], [4.83426, 45.757807], [4.83416, 45.75783], [4.834078, 45.757848], [4.834016, 45.757862], [4.833974, 45.757871], [4.833902, 45.757936], [4.833671, 45.757999], [4.833528, 45.757972], [4.833195, 45.758078], [4.832567, 45.758252], [4.832476, 45.758278], [4.832361, 45.758309], [4.831734, 45.758487], [4.831685, 45.75839], [4.831695, 45.758387], [4.831788, 45.758362], [4.831826, 45.758351], [4.831788, 45.758283], [4.832152, 45.758176], [4.831955, 45.75781]]}, "properties": {"heading": 72, "length_km": 9.792, "retrace": 0.137}}, {"type": "Feature", "geometry": {"type": "LineString", "coordinates": [[4.831955, 45.75781], [4.832152, 45.758176], [4.831788, 45.758283], [4.831826, 45.758351], [4.831788, 45.758362], [4.831695, 45.758387], [4.831685, 45.75839], [4.831734, 45.758487], [4.832361, 45.758309], [4.83239, 45.758358], [4.832396, 45.758369], [4.832457, 45.758352], [4.832509, 45.758337], [4.832536, 45.758381], [4.832553, 45.758412], [4.832561, 45.758424], [4.833119, 45.758272], [4.83313, 45.758269], [4.833166, 45.75826], [4.833201, 45.758251], [4.83324, 45.758235], [4.833248, 45.758231], [4.833739, 45.758105], [4.833768, 45.758111], [4.833784, 45.758107], [4.833839, 45.758096], [4.833908, 45.758083], [4.833919, 45.758082], [4.833939, 45.758066], [4.834176, 45.758019], [4.834213, 45.758011], [4.834343, 45.758132], [4.83466, 45.758624], [4.83503, 45.759267], [4.835185, 45.75951], [4.835472, 45.760008], [4.835563, 45.760165], [4.835734, 45.760186], [4.83575, 45.760188], [4.83576, 45.760195], [4.835806, 45.760226], [4.835872, 45.760222], [4.835912, 45.76027], [4.835912, 45.760281], [4.835926, 45.760622], [4.835926, 45.760635], [4.835928, 45.760681], [4.835925, 45.76072], [4.836053, 45.760716], [4.836306, 45.761038], [4.836327, 45.761063], [4.836373, 45.761061], [4.83638, 45.761086], [4.836386, 45.76111], [4.836388, 45.761117], [4.836395, 45.761143], [4.836421, 45.761204], [4.836742, 45.761639], [4.836766, 45.761668], [4.836884, 45.761841], [4.836911, 45.761884], [4.836927, 45.761884], [4.836959, 45.761886], [4.837014, 45.761886], [4.837011, 45.761964], [4.837093, 45.762065], [4.83714, 45.762123], [4.837166, 45.76214], [4.837168, 45.762147], [4.837177, 45.76216], [4.83719, 45.762179], [4.837238, 45.762244], [4.837455, 45.762532], [4.837526, 45.762627], [4.837531, 45.762635], [4.837544, 45.762651], [4.837574, 45.762688], [4.837622, 45.762702], [4.837594, 45.762747], [4.837643, 45.762805], [4.837755, 45.762938], [4.837962, 45.763153], [4.838038, 45.763146], [4.838036, 45.763175], [4.838038, 45.763227], [4.838039, 45.763273], [4.83804, 45.763296], [4.838045, 45.763414], [4.838048, 45.763459], [4.838048, 45.763514], [4.838048, 45.763554], [4.838048, 45.76359], [4.838048, 45.763633], [4.838046, 45.763694], [4.838023, 45.764986], [4.838023, 45.765004], [4.838024, 45.765032], [4.838025, 45.765069], [4.838025, 45.765073], [4.838025, 45.765091], [4.83807, 45.765093], [4.838119, 45.765094], [4.838199, 45.765095], [4.838347, 45.765098], [4.838405, 45.765099], [4.838459, 45.765099], [4.838492, 45.765099], [4.838473, 45.765123], [4.838469, 45.765367], [4.83847, 45.765424], [4.838467, 45.765458], [4.838538, 45.765465], [4.841087, 45.765707], [4.841338, 45.765739], [4.841332, 45.76579], [4.84125, 45.766575], [4.841235, 45.7667], [4.841168, 45.767009], [4.84109, 45.767592], [4.841176, 45.767599], [4.841193, 45.7676], [4.841227, 45.767602], [4.841277, 45.767605], [4.841317, 45.767607], [4.84135, 45.767625], [4.841349, 45.767637], [4.84135, 45.76765], [4.841354, 45.767687], [4.84136, 45.767743], [4.841364, 45.767756], [4.841301, 45.768296], [4.841344, 45.768297], [4.84136, 45.768298], [4.841459, 45.768306], [4.841565, 45.768314], [4.841578, 45.768315], [4.841627, 45.768319], [4.841835, 45.768334], [4.84188, 45.768337], [4.841983, 45.768347], [4.842021, 45.76835], [4.842018, 45.768441], [4.842051, 45.768435], [4.842128, 45.768446], [4.842159, 45.768463], [4.842182, 45.768485], [4.842198, 45.768515], [4.842198, 45.768544], [4.842187, 45.768572], [4.842732, 45.768752], [4.842768, 45.768763], [4.842762, 45.768796], [4.842802, 45.7688], [4.842872, 45.768805], [4.842937, 45.76881], [4.842964, 45.768809], [4.84303, 45.768805], [4.843704, 45.768876], [4.843593, 45.769389], [4.843619, 45.769392], [4.843729, 45.769403], [4.843837, 45.769413], [4.843872, 45.769431], [4.843902, 45.769447], [4.844788, 45.76953], [4.844783, 45.769555], [4.844779, 45.769578], [4.844773, 45.769608], [4.844771, 45.769618], [4.844781, 45.769625], [4.844783, 45.769638], [4.844802, 45.769639], [4.844853, 45.769644], [4.8449, 45.769649], [4.844923, 45.769651], [4.844816, 45.770241], [4.844831, 45.770242], [4.84483, 45.770255], [4.844824, 45.770284], [4.844817, 45.770316], [4.844814, 45.770329], [4.845685, 45.770415], [4.845729, 45.770421], [4.845759, 45.770423], [4.845801, 45.770426], [4.84584, 45.770427], [4.845774, 45.770778], [4.84578, 45.770798], [4.845816, 45.770805], [4.846834, 45.770906], [4.846852, 45.770904], [4.846839, 45.770931], [4.846833, 45.770952], [4.846828, 45.770971], [4.846832, 45.770995], [4.846868, 45.771009], [4.846914, 45.771014], [4.846944, 45.771017], [4.846984, 45.771018], [4.846902, 45.771434], [4.846875, 45.771577], [4.846881, 45.771624], [4.846879, 45.771631], [4.846863, 45.77171], [4.846857, 45.771737], [4.846841, 45.771763], [4.847467, 45.771817], [4.847551, 45.771831], [4.847483, 45.77222], [4.84746, 45.772348], [4.847144, 45.772318], [4.84746, 45.772348], [4.847483, 45.77222], [4.847551, 45.771831], [4.847564, 45.771832], [4.847624, 45.77184], [4.84767, 45.771846], [4.847683, 45.771858], [4.848394, 45.771923], [4.848407, 45.771924], [4.848475, 45.771925], [4.848509, 45.771926], [4.848552, 45.77193], [4.848558, 45.771894], [4.848567, 45.771864], [4.848575, 45.771837], [4.848583, 45.771788], [4.848637, 45.771441], [4.848673, 45.771237], [4.848704, 45.771174], [4.848719, 45.771149], [4.848722, 45.771128], [4.848726, 45.771107], [4.848709, 45.771076], [4.848702, 45.771063], [4.848774, 45.770699], [4.848782, 45.770659], [4.848892, 45.770033], [4.848915, 45.770007], [4.848937, 45.769981], [4.848941, 45.769963], [4.848945, 45.76994], [4.848932, 45.76991], [4.848927, 45.769888], [4.848973, 45.769663], [4.848975, 45.769656], [4.848978, 45.769642], [4.84898, 45.769629], [4.848982, 45.76962], [4.849015, 45.769432], [4.849234, 45.769451], [4.849268, 45.769287], [4.850171, 45.769379], [4.850299, 45.769367], [4.850286, 45.769333], [4.850296, 45.769286], [4.850302, 45.769253], [4.85034, 45.769222], [4.850356, 45.769225], [4.850413, 45.769231], [4.850469, 45.769237], [4.850484, 45.769238], [4.850587, 45.768598], [4.850617, 45.768578], [4.850773, 45.768593], [4.850774, 45.768589], [4.850781, 45.768551], [4.850784, 45.768531], [4.850781, 45.768509], [4.850778, 45.768472], [4.850873, 45.767933], [4.850889, 45.767903], [4.850902, 45.767879], [4.850905, 45.767855], [4.85091, 45.767822], [4.850929, 45.767813], [4.850898, 45.767778], [4.850971, 45.767425], [4.85098, 45.767398], [4.850985, 45.767376], [4.85099, 45.767358], [4.850997, 45.767321], [4.851627, 45.767388], [4.851682, 45.767374], [4.851715, 45.767345], [4.851816, 45.766825], [4.851813, 45.766772], [4.851812, 45.766722], [4.851815, 45.7667], [4.851818, 45.766675], [4.851829, 45.766639], [4.851986, 45.765825], [4.851988, 45.765776], [4.851993, 45.765723], [4.852003, 45.765676], [4.852008, 45.76565], [4.852021, 45.765611], [4.852034, 45.765572], [4.852111, 45.765147], [4.852111, 45.765083], [4.85211, 45.765067], [4.852119, 45.765023], [4.852129, 45.764977], [4.852132, 45.764969], [4.852146, 45.764937], [4.852227, 45.764426], [4.852247, 45.764427], [4.852286, 45.764429], [4.852349, 45.764434], [4.852366, 45.764431], [4.852394, 45.764425], [4.853198, 45.764463], [4.853247, 45.76447], [4.853283, 45.764475], [4.853311, 45.764475], [4.853366, 45.764476], [4.853383, 45.764476], [4.853382, 45.764463], [4.853387, 45.76443], [4.853389, 45.764417], [4.853412, 45.764293], [4.853415, 45.764245], [4.85343, 45.764216], [4.853451, 45.764174], [4.853475, 45.76416], [4.853457, 45.764145], [4.853459, 45.764135], [4.853534, 45.763747], [4.853549, 45.763735], [4.853664, 45.763733], [4.855123, 45.763739], [4.855182, 45.763761], [4.855214, 45.763759], [4.855239, 45.76376], [4.855273, 45.763761], [4.855288, 45.763761], [4.855359, 45.76374], [4.85536, 45.763724], [4.85536, 45.763688], [4.85536, 45.763653], [4.85536, 45.763639], [4.85536, 45.763619], [4.85536, 45.763598], [4.855361, 45.763587], [4.856173, 45.763592], [4.856219, 45.763548], [4.856248, 45.763549], [4.856272, 45.76355], [4.856306, 45.763552], [4.85633, 45.763554], [4.856333, 45.763538], [4.856365, 45.763354], [4.856384, 45.763247], [4.856548, 45.763262], [4.856556, 45.76322], [4.856559, 45.763198], [4.856561, 45.763179], [4.856567, 45.763125], [4.857305, 45.763188], [4.857339, 45.763064], [4.857349, 45.763026], [4.857383, 45.762817], [4.85739, 45.762713], [4.857396, 45.762671], [4.857403, 45.762629], [4.857413, 45.762602], [4.857408, 45.762552], [4.857412, 45.762515], [4.857474, 45.762204], [4.857491, 45.762096], [4.857502, 45.76202], [4.85751, 45.761968], [4.857538, 45.761787], [4.857553, 45.761691], [4.85757, 45.761577], [4.857588, 45.761507], [4.857615, 45.761394], [4.857571, 45.761304], [4.857588, 45.761206], [4.857583, 45.761143], [4.857585, 45.761117], [4.85759, 45.761083], [4.857593, 45.761054], [4.857595, 45.761045], [4.857597, 45.761032], [4.857607, 45.760983], [4.857626, 45.760984], [4.857637, 45.760926], [4.857737, 45.760935], [4.857913, 45.759983], [4.857955, 45.759897], [4.857963, 45.759858], [4.857994, 45.759702], [4.858, 45.759671], [4.858002, 45.759657], [4.858172, 45.758799], [4.858193, 45.758705], [4.858208, 45.758611], [4.858212, 45.758585], [4.858219, 45.758562], [4.858266, 45.758475], [4.858298, 45.758312], [4.858319, 45.758209], [4.858398, 45.757755], [4.858406, 45.757712], [4.858412, 45.75769], [4.858421, 45.757655], [4.858423, 45.757636], [4.857842, 45.757604], [4.857841, 45.757592], [4.857606, 45.757411], [4.85741, 45.757266], [4.857408, 45.757158], [4.857408, 45.75712], [4.857407, 45.757077], [4.857406, 45.756992], [4.857405, 45.756875], [4.857328, 45.756876], [4.857332, 45.756845], [4.857341, 45.756794], [4.857343, 45.756239], [4.857337, 45.756216], [4.857332, 45.756204], [4.857336, 45.756169], [4.857339, 45.75614], [4.857344, 45.756115], [4.857343, 45.755244], [4.857231, 45.755214], [4.857183, 45.755192], [4.857085, 45.755099], [4.857066, 45.755049], [4.857064, 45.755042], [4.857063, 45.754996], [4.857063, 45.754964], [4.857069, 45.75495], [4.857081, 45.75492], [4.857124, 45.75486], [4.857142, 45.754847], [4.857196, 45.754807], [4.857295, 45.754769], [4.85736, 45.754756], [4.857358, 45.754164], [4.857337, 45.754121], [4.857332, 45.754104], [4.857336, 45.754071], [4.857342, 45.754029], [4.857344, 45.754013], [4.857353, 45.753956], [4.857362, 45.753517], [4.857354, 45.753484], [4.857334, 45.753476], [4.857337, 45.753463], [4.857342, 45.753442], [4.857351, 45.753398], [4.857361, 45.753349], [4.857363, 45.753337], [4.857448, 45.753346], [4.857601, 45.752736], [4.857601, 45.752718], [4.857539, 45.752711], [4.856786, 45.752624], [4.856794, 45.75259], [4.8568, 45.752564], [4.856805, 45.75254], [4.856812, 45.752509], [4.856737, 45.7525], [4.85674, 45.752484], [4.856727, 45.752482], [4.856684, 45.752477], [4.856652, 45.752473], [4.85662, 45.752469], [4.856664, 45.752262], [4.856754, 45.751851], [4.856729, 45.751814], [4.855656, 45.751688], [4.855663, 45.751667], [4.85567, 45.751632], [4.855566, 45.751619], [4.85568, 45.751125], [4.855617, 45.751038], [4.855556, 45.751061], [4.855516, 45.751076], [4.855377, 45.751126], [4.855352, 45.75109], [4.855317, 45.751043], [4.855274, 45.750987], [4.855252, 45.750954], [4.855232, 45.75096], [4.855106, 45.750323], [4.855048, 45.75003], [4.855032, 45.749998], [4.85497, 45.749973], [4.854951, 45.749965], [4.854908, 45.749953], [4.854895, 45.749906], [4.854841, 45.7499], [4.854476, 45.749795], [4.854135, 45.749748], [4.854098, 45.749744], [4.854082, 45.749743], [4.854058, 45.749754], [4.85398, 45.749755], [4.853915, 45.749754], [4.853841, 45.749752], [4.853812, 45.749753], [4.85377, 45.749744], [4.853747, 45.749718], [4.853738, 45.749705], [4.853723, 45.749684], [4.853664, 45.749615], [4.853612, 45.749523], [4.853548, 45.749416], [4.853494, 45.74933], [4.85344, 45.749239], [4.853401, 45.749202], [4.853364, 45.749162], [4.853326, 45.749129], [4.853306, 45.74911], [4.853323, 45.749084], [4.852396, 45.748302], [4.852377, 45.748285], [4.852344, 45.748257], [4.852293, 45.748214], [4.852255, 45.748206], [4.852238, 45.748165], [4.852128, 45.748069], [4.852042, 45.747993], [4.851865, 45.747967], [4.851868, 45.747956], [4.851803, 45.747895], [4.851751, 45.747846], [4.851692, 45.747796], [4.851524, 45.747738], [4.851468, 45.747594], [4.851403, 45.747564], [4.851341, 45.74753], [4.851254, 45.747483], [4.851225, 45.747489], [4.851211, 45.747446], [4.850736, 45.747122], [4.85046, 45.746933], [4.850168, 45.746726], [4.85011, 45.746683], [4.850074, 45.746661], [4.850042, 45.74664], [4.8499, 45.746542], [4.849869, 45.74652], [4.849843, 45.746495], [4.849818, 45.746473], [4.849783, 45.746438], [4.849175, 45.745762], [4.84899, 45.745527], [4.848852, 45.745365], [4.848821, 45.745348], [4.848772, 45.745318], [4.848721, 45.745277], [4.84868, 45.745234], [4.848666, 45.745217], [4.84865, 45.745195], [4.848642, 45.745188], [4.848622, 45.745166], [4.848598, 45.745144], [4.848545, 45.745092], [4.848525, 45.745078], [4.848531, 45.745062], [4.847862, 45.744326], [4.847769, 45.744257], [4.847758, 45.744246], [4.84775, 45.744238], [4.847729, 45.744217], [4.847669, 45.744172], [4.847671, 45.744114], [4.847622, 45.744065], [4.847221, 45.743631], [4.847193, 45.743591], [4.847178, 45.743569], [4.847143, 45.743527], [4.847124, 45.7435], [4.84711, 45.743481], [4.847102, 45.74347], [4.847123, 45.743454], [4.847108, 45.743444], [4.847115, 45.743414], [4.847109, 45.743352], [4.84709, 45.743242], [4.847109, 45.743352], [4.847115, 45.743414], [4.847108, 45.743444], [4.847123, 45.743454], [4.847102, 45.74347], [4.84711, 45.743481], [4.847124, 45.7435], [4.847143, 45.743527], [4.847178, 45.743569], [4.847193, 45.743591], [4.847221, 45.743631], [4.847622, 45.744065], [4.847671, 45.744114], [4.847669, 45.744172], [4.847475, 45.744769], [4.847351, 45.744817], [4.847378, 45.744863], [4.84741, 45.744893], [4.847638, 45.7452], [4.847699, 45.745282], [4.848021, 45.745319], [4.848109, 45.745366], [4.847712, 45.745523], [4.847731, 45.745544], [4.847739, 45.745552], [4.847757, 45.74557], [4.847319, 45.74574], [4.847351, 45.745957], [4.847321, 45.745975], [4.847307, 45.745961], [4.846449, 45.74647], [4.846324, 45.746562], [4.845943, 45.746789], [4.845768, 45.746893], [4.845706, 45.746885], [4.845702, 45.746897], [4.845644, 45.746937], [4.845641, 45.746939], [4.845628, 45.746947], [4.845596, 45.746969], [4.845562, 45.746992], [4.845522, 45.747011], [4.845474, 45.747035], [4.845093, 45.747268], [4.845061, 45.747285], [4.845028, 45.747302], [4.845015, 45.747309], [4.844983, 45.747331], [4.844335, 45.747721], [4.844306, 45.747738], [4.844292, 45.747746], [4.844266, 45.747762], [4.844229, 45.747772], [4.843722, 45.748072], [4.843665, 45.7481], [4.843607, 45.748146], [4.843548, 45.748186], [4.843496, 45.748221], [4.842812, 45.748614], [4.842797, 45.748613], [4.842784, 45.748621], [4.842742, 45.748649], [4.842703, 45.748674], [4.842694, 45.74868], [4.841959, 45.749124], [4.841925, 45.749144], [4.841916, 45.749151], [4.84189, 45.749167], [4.841867, 45.749182], [4.841844, 45.749194], [4.84148, 45.749399], [4.84149, 45.749407], [4.841443, 45.749433], [4.841211, 45.749573], [4.841156, 45.749607], [4.841077, 45.749649], [4.841072, 45.749652], [4.841042, 45.749663], [4.841008, 45.749674], [4.840971, 45.749699], [4.840155, 45.750188], [4.840123, 45.750207], [4.840076, 45.750228], [4.840059, 45.750235], [4.84002, 45.750248], [4.839989, 45.750281], [4.839566, 45.750524], [4.839502, 45.750575], [4.83948, 45.750589], [4.839426, 45.750617], [4.839373, 45.750642], [4.839371, 45.750663], [4.839371, 45.750676], [4.839345, 45.750692], [4.839357, 45.750706], [4.839361, 45.750712], [4.839391, 45.750754], [4.839422, 45.750798], [4.839425, 45.750803], [4.838715, 45.751212], [4.838685, 45.751229], [4.838705, 45.751258], [4.838724, 45.751285], [4.83875, 45.751323], [4.838721, 45.751334], [4.838709, 45.751339], [4.838651, 45.751363], [4.838623, 45.751374], [4.838167, 45.75155], [4.838069, 45.751591], [4.838008, 45.751615], [4.837969, 45.75163], [4.837927, 45.751646], [4.837913, 45.751652], [4.837867, 45.751669], [4.837221, 45.751909], [4.837161, 45.751934], [4.83709, 45.751961], [4.837052, 45.751977], [4.837017, 45.751989], [4.83696, 45.752009], [4.836933, 45.752018], [4.836912, 45.752027], [4.836878, 45.75204], [4.836824, 45.752045], [4.834215, 45.753072], [4.834189, 45.75309], [4.834195, 45.753145], [4.834248, 45.75333], [4.834557, 45.753771], [4.834503, 45.753789], [4.834437, 45.753812], [4.834354, 45.753841], [4.834317, 45.753987], [4.834257, 45.754012], [4.834171, 45.754048], [4.834133, 45.754061], [4.834053, 45.754088], [4.833431, 45.754331], [4.833389, 45.754347], [4.832735, 45.754607], [4.83268, 45.75466], [4.832643, 45.754659], [4.832611, 45.754658], [4.832599, 45.754702], [4.832601, 45.754752], [4.832629, 45.75488], [4.832824, 45.755259], [4.832778, 45.75527], [4.832724, 45.755306], [4.832711, 45.755318], [4.832613, 45.75536], [4.832404, 45.755449], [4.831686, 45.755737], [4.831678, 45.755741], [4.831644, 45.755748], [4.831659, 45.755778], [4.831621, 45.755794], [4.831632, 45.755811], [4.831636, 45.755817], [4.831074, 45.756046], [4.831488, 45.756752], [4.831543, 45.756831], [4.831566, 45.756861], [4.831598, 45.756904], [4.83162, 45.756936], [4.831629, 45.756949], [4.831701, 45.757072], [4.831797, 45.757235], [4.831154, 45.757413], [4.831201, 45.757496], [4.831303, 45.757589], [4.831321, 45.757584], [4.831406, 45.75756], [4.831424, 45.757555], [4.831452, 45.757605], [4.831794, 45.757511], [4.831955, 45.75781]]}, "properties": {"heading": 90, "length_km": 9.792, "retrace": 0.041}}, {"type": "Feature", "geometry": {"type": "LineString", "coordinates": [[4.831955, 45.75781], [4.832152, 45.758176], [4.831788, 45.758283], [4.831826, 45.758351], [4.831788, 45.758362], [4.831695, 45.758387], [4.831685, 45.75839], [4.831734, 45.758487], [4.832361, 45.758309], [4.83239, 45.758358], [4.832396, 45.758369], [4.832457, 45.758352], [4.832509, 45.758337], [4.832536, 45.758381], [4.832553, 45.758412], [4.832561, 45.758424], [4.833119, 45.758272], [4.83313, 45.758269], [4.833166, 45.75826], [4.833201, 45.758251], [4.83324, 45.758235], [4.833248, 45.758231], [4.833739, 45.758105], [4.833768, 45.758111], [4.833784, 45.758107], [4.833839, 45.758096], [4.833908, 45.758083], [4.833919, 45.758082], [4.833939, 45.758066], [4.834176, 45.758019], [4.834213, 45.758011], [4.834343, 45.758132], [4.83466, 45.758624], [4.83503, 45.759267], [4.835185, 45.75951], [4.835472, 45.760008], [4.835563, 45.760165], [4.835734, 45.760186], [4.83575, 45.760188], [4.83576, 45.760195], [4.835806, 45.760226], [4.835872, 45.760222], [4.835912, 45.76027], [4.835912, 45.760281], [4.835926, 45.760622], [4.835926, 45.760635], [4.835928, 45.760681], [4.835925, 45.76072], [4.836053, 45.760716], [4.836306, 45.761038], [4.836327, 45.761063], [4.836373, 45.761061], [4.83638, 45.761086], [4.836386, 45.76111], [4.836388, 45.761117], [4.836395, 45.761143], [4.836421, 45.761204], [4.836742, 45.761639], [4.836766, 45.761668], [4.836884, 45.761841], [4.836911, 45.761884], [4.836927, 45.761884], [4.836959, 45.761886], [4.837014, 45.761886], [4.837011, 45.761964], [4.837093, 45.762065], [4.83714, 45.762123], [4.837166, 45.76214], [4.837168, 45.762147], [4.837177, 45.76216], [4.83719, 45.762179], [4.837238, 45.762244], [4.837455, 45.762532], [4.837526, 45.762627], [4.837531, 45.762635], [4.837544, 45.762651], [4.837574, 45.762688], [4.837622, 45.762702], [4.837594, 45.762747], [4.837643, 45.762805], [4.837755, 45.762938], [4.837962, 45.763153], [4.838038, 45.763146], [4.838036, 45.763175], [4.838038, 45.763227], [4.838039, 45.763273], [4.83804, 45.763296], [4.838045, 45.763414], [4.838048, 45.763459], [4.838048, 45.763514], [4.838048, 45.763554], [4.838048, 45.76359], [4.838048, 45.763633], [4.838046, 45.763694], [4.838023, 45.764986], [4.838023, 45.765004], [4.838024, 45.765032], [4.838025, 45.765069], [4.838025, 45.765073], [4.838025, 45.765091], [4.83807, 45.765093], [4.838119, 45.765094], [4.838199, 45.765095], [4.838347, 45.765098], [4.838405, 45.765099], [4.838459, 45.765099], [4.838492, 45.765099], [4.838473, 45.765123], [4.838469, 45.765367], [4.83847, 45.765424], [4.838467, 45.765458], [4.838538, 45.765465], [4.841087, 45.765707], [4.841338, 45.765739], [4.841332, 45.76579], [4.841389, 45.765797], [4.84142, 45.765799], [4.841419, 45.765811], [4.841441, 45.765812], [4.841526, 45.765819], [4.841575, 45.765822], [4.841613, 45.765825], [4.841624, 45.7658], [4.84245, 45.765869], [4.842487, 45.765879], [4.842523, 45.765888], [4.842568, 45.765892], [4.842603, 45.765896], [4.842647, 45.765891], [4.842667, 45.765889], [4.843345, 45.765959], [4.843384, 45.765963], [4.843417, 45.765969], [4.84345, 45.765971], [4.843493, 45.765975], [4.844293, 45.766044], [4.844306, 45.76608], [4.844245, 45.766361], [4.84427, 45.766364], [4.844366, 45.766372], [4.84445, 45.76638], [4.844511, 45.76639], [4.844589, 45.766402], [4.845284, 45.766467], [4.845373, 45.76648], [4.845379, 45.766501], [4.845316, 45.766804], [4.845356, 45.7668], [4.845386, 45.766803], [4.845464, 45.76681], [4.84559, 45.766824], [4.845619, 45.766826], [4.845661, 45.766828], [4.845677, 45.766834], [4.845705, 45.766841], [4.846359, 45.766901], [4.84639, 45.766905], [4.846427, 45.766907], [4.846467, 45.76691], [4.8465, 45.766913], [4.847585, 45.767011], [4.847626, 45.767014], [4.847654, 45.767017], [4.847702, 45.767022], [4.84774, 45.767026], [4.849267, 45.767171], [4.849272, 45.767198], [4.849269, 45.767216], [4.849264, 45.767237], [4.849263, 45.767259], [4.849273, 45.76728], [4.84931, 45.767285], [4.849353, 45.767289], [4.849383, 45.767292], [4.849416, 45.767297], [4.849347, 45.767664], [4.849357, 45.767675], [4.849349, 45.767696], [4.849344, 45.767715], [4.849342, 45.767735], [4.849342, 45.767758], [4.849632, 45.767785], [4.850576, 45.767871], [4.850588, 45.767883], [4.850601, 45.767884], [4.850659, 45.767889], [4.850716, 45.767894], [4.85079, 45.7679], [4.850815, 45.767903], [4.850838, 45.767905], [4.850889, 45.767903], [4.850938, 45.767899], [4.852466, 45.768041], [4.852543, 45.768058], [4.852583, 45.768068], [4.852631, 45.768072], [4.852667, 45.768075], [4.852706, 45.768074], [4.852665, 45.768266], [4.852793, 45.768291], [4.852839, 45.768361], [4.852793, 45.768291], [4.852665, 45.768266], [4.852706, 45.768074], [4.852718, 45.768044], [4.852722, 45.768017], [4.852725, 45.768003], [4.852726, 45.76797], [4.852789, 45.767611], [4.852802, 45.767595], [4.852832, 45.767571], [4.852835, 45.767549], [4.852839, 45.76753], [4.852831, 45.767495], [4.852941, 45.766861], [4.852947, 45.766824], [4.852953, 45.766806], [4.85296, 45.766783], [4.852962, 45.766752], [4.853022, 45.766369], [4.853124, 45.765873], [4.853165, 45.765834], [4.853171, 45.765802], [4.853174, 45.765786], [4.853178, 45.765761], [4.853175, 45.765733], [4.85317, 45.765687], [4.853261, 45.765262], [4.853275, 45.765193], [4.853283, 45.765155], [4.853289, 45.76513], [4.853293, 45.76511], [4.853299, 45.765081], [4.85327, 45.765078], [4.853388, 45.764508], [4.853383, 45.764476], [4.853382, 45.764463], [4.853387, 45.76443], [4.853389, 45.764417], [4.853412, 45.764293], [4.853415, 45.764245], [4.85343, 45.764216], [4.853451, 45.764174], [4.853475, 45.76416], [4.853457, 45.764145], [4.853459, 45.764135], [4.853446, 45.764129], [4.853397, 45.764106], [4.853354, 45.764085], [4.853337, 45.764042], [4.853357, 45.763923], [4.853386, 45.763743], [4.853381, 45.763729], [4.853381, 45.763717], [4.853382, 45.763676], [4.853383, 45.763642], [4.853383, 45.763628], [4.853383, 45.763608], [4.853384, 45.763587], [4.853385, 45.763577], [4.853433, 45.76356], [4.853468, 45.763559], [4.853497, 45.76356], [4.85353, 45.763561], [4.853568, 45.763562], [4.853677, 45.762998], [4.853753, 45.763005], [4.853759, 45.762974], [4.853764, 45.76294], [4.853776, 45.762878], [4.853989, 45.762897], [4.854001, 45.762825], [4.854019, 45.762723], [4.854039, 45.762619], [4.854144, 45.762625], [4.854615, 45.762667], [4.85483, 45.762687], [4.854994, 45.762702], [4.855053, 45.762705], [4.855103, 45.762365], [4.855512, 45.762396], [4.855608, 45.762403], [4.855645, 45.762208], [4.855773, 45.761547], [4.855739, 45.761412], [4.855838, 45.760876], [4.855795, 45.76083], [4.855874, 45.760397], [4.855926, 45.760114], [4.85601, 45.760068], [4.85629, 45.759918], [4.856321, 45.759778], [4.856327, 45.759748], [4.856346, 45.759643], [4.856131, 45.759618], [4.856143, 45.75956], [4.856152, 45.759518], [4.85616, 45.759477], [4.856244, 45.759014], [4.85628, 45.758818], [4.856357, 45.758399], [4.856375, 45.758298], [4.856403, 45.758138], [4.856506, 45.75762], [4.856514, 45.757616], [4.857553, 45.757705], [4.857711, 45.757714], [4.857553, 45.757705], [4.856514, 45.757616], [4.856524, 45.757593], [4.856528, 45.75757], [4.856535, 45.757531], [4.856541, 45.757498], [4.85653, 45.75747], [4.85655, 45.757359], [4.856586, 45.757165], [4.856564, 45.757165], [4.856506, 45.757167], [4.85652, 45.757075], [4.85648, 45.756986], [4.855736, 45.756982], [4.855699, 45.756974], [4.855755, 45.756625], [4.85577, 45.756591], [4.855779, 45.756572], [4.855785, 45.756545], [4.855795, 45.756496], [4.855795, 45.75649], [4.855849, 45.756198], [4.855825, 45.7562], [4.855787, 45.756199], [4.855736, 45.756197], [4.855719, 45.756196], [4.855721, 45.756183], [4.855728, 45.756143], [4.855734, 45.75611], [4.855742, 45.756098], [4.855966, 45.755065], [4.85596, 45.755036], [4.855956, 45.755027], [4.855964, 45.754987], [4.855977, 45.754937], [4.855977, 45.75493], [4.856171, 45.754048], [4.856171, 45.754006], [4.856171, 45.75399], [4.85618, 45.753956], [4.856192, 45.753915], [4.8562, 45.753901], [4.856213, 45.753881], [4.856314, 45.753365], [4.856318, 45.753348], [4.856323, 45.753322], [4.856333, 45.753272], [4.85634, 45.753242], [4.856345, 45.753219], [4.855809, 45.753153], [4.855774, 45.753135], [4.855869, 45.752589], [4.855881, 45.752533], [4.855895, 45.752524], [4.855891, 45.752509], [4.855879, 45.75246], [4.855869, 45.752419], [4.855864, 45.752398], [4.855862, 45.752391], [4.85587, 45.752347], [4.855866, 45.75228], [4.85583, 45.752199], [4.855762, 45.752124], [4.855676, 45.752068], [4.85556, 45.752028], [4.855551, 45.751973], [4.85553, 45.75197], [4.855474, 45.751965], [4.855434, 45.751962], [4.8554, 45.751959], [4.855537, 45.75114], [4.855516, 45.751076], [4.855377, 45.751126], [4.855352, 45.75109], [4.855317, 45.751043], [4.855274, 45.750987], [4.855252, 45.750954], [4.855232, 45.75096], [4.855106, 45.750323], [4.855048, 45.75003], [4.855032, 45.749998], [4.85497, 45.749973], [4.854951, 45.749965], [4.854908, 45.749953], [4.854895, 45.749906], [4.854894, 45.749891], [4.854889, 45.749862], [4.854872, 45.749779], [4.854878, 45.749761], [4.854793, 45.749364], [4.854644, 45.748594], [4.854648, 45.748588], [4.854643, 45.748565], [4.854636, 45.748542], [4.85462, 45.748505], [4.854622, 45.748492], [4.854619, 45.748464], [4.854609, 45.74839], [4.854609, 45.748369], [4.854608, 45.748335], [4.854614, 45.748295], [4.85462, 45.748269], [4.854641, 45.748236], [4.854718, 45.747627], [4.854719, 45.747596], [4.854552, 45.747566], [4.854391, 45.747518], [4.854146, 45.747472], [4.853406, 45.747415], [4.853307, 45.747368], [4.853289, 45.747408], [4.852852, 45.747169], [4.851197, 45.746264], [4.851051, 45.746238], [4.850639, 45.746038], [4.850667, 45.746018], [4.850673, 45.746014], [4.850653, 45.746003], [4.850748, 45.745912], [4.850738, 45.745906], [4.850688, 45.74588], [4.85062, 45.745846], [4.850607, 45.74584], [4.850647, 45.745805], [4.849973, 45.745681], [4.84989, 45.745709], [4.849525, 45.745642], [4.849336, 45.745595], [4.849302, 45.745572], [4.849261, 45.745544], [4.849226, 45.745512], [4.849223, 45.745488], [4.849218, 45.745459], [4.849216, 45.745449], [4.849049, 45.74527], [4.849028, 45.745279], [4.848939, 45.74532], [4.84891, 45.745334], [4.848808, 45.745283], [4.848751, 45.745248], [4.848706, 45.745204], [4.848666, 45.745217], [4.848605, 45.745244], [4.848158, 45.745392], [4.848109, 45.745366], [4.848021, 45.745319], [4.847699, 45.745282], [4.846873, 45.745177], [4.846627, 45.745145], [4.846517, 45.745178], [4.846395, 45.745156], [4.84634, 45.745152], [4.846299, 45.745146], [4.845312, 45.745019], [4.845181, 45.745008], [4.845165, 45.745007], [4.845061, 45.744992], [4.844957, 45.744978], [4.844557, 45.744919], [4.844478, 45.744932], [4.844441, 45.744918], [4.844403, 45.744889], [4.84437, 45.744918], [4.844266, 45.74485], [4.84424, 45.744865], [4.844228, 45.744874], [4.84419, 45.744868], [4.844146, 45.74487], [4.843742, 45.74482], [4.843517, 45.744792], [4.843157, 45.744913], [4.843122, 45.744925], [4.843102, 45.744932], [4.843077, 45.744942], [4.842961, 45.744976], [4.842565, 45.745102], [4.842529, 45.745136], [4.842488, 45.74515], [4.842044, 45.745279], [4.84203, 45.745257], [4.842021, 45.745243], [4.842006, 45.745219], [4.841998, 45.745206], [4.841989, 45.745192], [4.841979, 45.745176], [4.841969, 45.74516], [4.841944, 45.74512], [4.841926, 45.745085], [4.841967, 45.745069], [4.842005, 45.745058], [4.842032, 45.745049], [4.842092, 45.745029], [4.841965, 45.744917], [4.84184, 45.744796], [4.841728, 45.744653], [4.841663, 45.74457], [4.841618, 45.744513], [4.841595, 45.74448], [4.841199, 45.743828], [4.841177, 45.743793], [4.841149, 45.743747], [4.841129, 45.743714], [4.841108, 45.743677], [4.841087, 45.743641], [4.840502, 45.742651], [4.840416, 45.742505], [4.840408, 45.742492], [4.840415, 45.742471], [4.840401, 45.742452], [4.840384, 45.742422], [4.840369, 45.742397], [4.840363, 45.742375], [4.840339, 45.742363], [4.839916, 45.741635], [4.839902, 45.74161], [4.839885, 45.741589], [4.839862, 45.741553], [4.839851, 45.741535], [4.839432, 45.740834], [4.839851, 45.741535], [4.839862, 45.741553], [4.839885, 45.741589], [4.839902, 45.74161], [4.839916, 45.741635], [4.840339, 45.742363], [4.840363, 45.742375], [4.840369, 45.742397], [4.840384, 45.742422], [4.840401, 45.742452], [4.840415, 45.742471], [4.840408, 45.742492], [4.840416, 45.742505], [4.840502, 45.742651], [4.841087, 45.743641], [4.841041, 45.743661], [4.840978, 45.74369], [4.840916, 45.743719], [4.840845, 45.74374], [4.840863, 45.743771], [4.840877, 45.74379], [4.840889, 45.743807], [4.840894, 45.743815], [4.840921, 45.74386], [4.84152, 45.744869], [4.841607, 45.745017], [4.841704, 45.745165], [4.841704, 45.74518], [4.841649, 45.745216], [4.841655, 45.745225], [4.841675, 45.745257], [4.841711, 45.745314], [4.841726, 45.745337], [4.841735, 45.745351], [4.841749, 45.74537], [4.841754, 45.745379], [4.841768, 45.745398], [4.84178, 45.745413], [4.841548, 45.745491], [4.841532, 45.745517], [4.841542, 45.745563], [4.841828, 45.745983], [4.841894, 45.746075], [4.842157, 45.746527], [4.842174, 45.746573], [4.842227, 45.746596], [4.842222, 45.74661], [4.842215, 45.746633], [4.842209, 45.74665], [4.842197, 45.746683], [4.842187, 45.746714], [4.842185, 45.746767], [4.842184, 45.746792], [4.842185, 45.746811], [4.842171, 45.74685], [4.842215, 45.747362], [4.842159, 45.747565], [4.842155, 45.747619], [4.842153, 45.747634], [4.842127, 45.74772], [4.842099, 45.747799], [4.84209, 45.747825], [4.842041, 45.747988], [4.842093, 45.748026], [4.842066, 45.748045], [4.842055, 45.748067], [4.842041, 45.748095], [4.842019, 45.74813], [4.841996, 45.748163], [4.841839, 45.748619], [4.841588, 45.748852], [4.841559, 45.74889], [4.841549, 45.748899], [4.841537, 45.748908], [4.841506, 45.748933], [4.841493, 45.748943], [4.841246, 45.74916], [4.841224, 45.749179], [4.841214, 45.749188], [4.841213, 45.749239], [4.841207, 45.749513], [4.841206, 45.749557], [4.84117, 45.749589], [4.84115, 45.749601], [4.841113, 45.749624], [4.841077, 45.749649], [4.841072, 45.749652], [4.841042, 45.749663], [4.841008, 45.749674], [4.840971, 45.749699], [4.840155, 45.750188], [4.840123, 45.750207], [4.840076, 45.750228], [4.840059, 45.750235], [4.84002, 45.750248], [4.839989, 45.750281], [4.839566, 45.750524], [4.839502, 45.750575], [4.83948, 45.750589], [4.839426, 45.750617], [4.839373, 45.750642], [4.839371, 45.750663], [4.839371, 45.750676], [4.839345, 45.750692], [4.839357, 45.750706], [4.839361, 45.750712], [4.839391, 45.750754], [4.839422, 45.750798], [4.839425, 45.750803], [4.838715, 45.751212], [4.838685, 45.751229], [4.838705, 45.751258], [4.838724, 45.751285], [4.83875, 45.751323], [4.838721, 45.751334], [4.838709, 45.751339], [4.838651, 45.751363], [4.838623, 45.751374], [4.838167, 45.75155], [4.838069, 45.751591], [4.838008, 45.751615], [4.837969, 45.75163], [4.837927, 45.751646], [4.837913, 45.751652], [4.837867, 45.751669], [4.837221, 45.751909], [4.837161, 45.751934], [4.83709, 45.751961], [4.837052, 45.751977], [4.837017, 45.751989], [4.83696, 45.752009], [4.836933, 45.752018], [4.836912, 45.752027], [4.836878, 45.75204], [4.836824, 45.752045], [4.834215, 45.753072], [4.834189, 45.75309], [4.834195, 45.753145], [4.834248, 45.75333], [4.834557, 45.753771], [4.834503, 45.753789], [4.834437, 45.753812], [4.834354, 45.753841], [4.834317, 45.753987], [4.834257, 45.754012], [4.834171, 45.754048], [4.834133, 45.754061], [4.834053, 45.754088], [4.833431, 45.754331], [4.833389, 45.754347], [4.832735, 45.754607], [4.83268, 45.75466], [4.832643, 45.754659], [4.832611, 45.754658], [4.832599, 45.754702], [4.832601, 45.754752], [4.832629, 45.75488], [4.832824, 45.755259], [4.832778, 45.75527], [4.832724, 45.755306], [4.832711, 45.755318], [4.832613, 45.75536], [4.832404, 45.755449], [4.831686, 45.755737], [4.831678, 45.755741], [4.831644, 45.755748], [4.831659, 45.755778], [4.831621, 45.755794], [4.831632, 45.755811], [4.831636, 45.755817], [4.831074, 45.756046], [4.831488, 45.756752], [4.831543, 45.756831], [4.831566, 45.756861], [4.831598, 45.756904], [4.83162, 45.756936], [4.831629, 45.756949], [4.831701, 45.757072], [4.831797, 45.757235], [4.831154, 45.757413], [4.831201, 45.757496], [4.831303, 45.757589], [4.831321, 45.757584], [4.831406, 45.75756], [4.831424, 45.757555], [4.831452, 45.757605], [4.831794, 45.757511], [4.831955, 45.75781]]}, "properties": {"heading": 108, "length_km": 9.794, "retrace": 0.097}}, {"type": "Feature", "geometry": {"type": "LineString", "coordinates": [[4.831955, 45.75781], [4.832152, 45.758176], [4.831788, 45.758283], [4.831826, 45.758351], [4.831788, 45.758362], [4.831695, 45.758387], [4.831685, 45.75839], [4.831734, 45.758487], [4.832361, 45.758309], [4.83239, 45.758358], [4.832396, 45.758369], [4.832457, 45.758352], [4.832509, 45.758337], [4.832536, 45.758381], [4.832553, 45.758412], [4.832561, 45.758424], [4.833119, 45.758272], [4.83313, 45.758269], [4.833166, 45.75826], [4.833201, 45.758251], [4.83324, 45.758235], [4.833248, 45.758231], [4.833739, 45.758105], [4.833768, 45.758111], [4.833784, 45.758107], [4.833839, 45.758096], [4.833908, 45.758083], [4.833919, 45.758082], [4.833939, 45.758066], [4.834176, 45.758019], [4.834213, 45.758011], [4.834343, 45.758132], [4.83466, 45.758624], [4.83503, 45.759267], [4.835185, 45.75951], [4.835472, 45.760008], [4.835563, 45.760165], [4.835734, 45.760186], [4.83575, 45.760188], [4.83576, 45.760195], [4.835806, 45.760226], [4.835872, 45.760222], [4.835912, 45.76027], [4.835933, 45.76027], [4.836854, 45.760249], [4.836919, 45.760265], [4.836951, 45.760256], [4.83703, 45.760255], [4.837104, 45.760254], [4.837124, 45.76025], [4.837153, 45.760244], [4.837553, 45.760242], [4.837583, 45.760291], [4.837587, 45.760314], [4.837652, 45.760308], [4.837743, 45.760301], [4.837835, 45.760294], [4.837894, 45.760289], [4.837967, 45.760283], [4.838074, 45.760274], [4.838097, 45.760265], [4.838181, 45.760217], [4.838263, 45.760192], [4.840798, 45.76007], [4.840893, 45.760066], [4.840899, 45.760107], [4.840954, 45.760105], [4.840977, 45.760104], [4.840996, 45.760102], [4.841023, 45.760101], [4.841073, 45.760098], [4.841123, 45.760095], [4.841167, 45.760092], [4.841166, 45.760049], [4.841455, 45.760037], [4.842114, 45.760039], [4.842147, 45.760048], [4.842216, 45.760063], [4.842303, 45.760071], [4.842383, 45.760078], [4.842447, 45.760079], [4.843384, 45.760125], [4.843762, 45.760151], [4.844407, 45.760201], [4.844496, 45.760208], [4.844522, 45.76021], [4.844575, 45.760214], [4.844636, 45.760207], [4.844671, 45.760203], [4.845523, 45.760264], [4.845579, 45.760267], [4.845659, 45.760272], [4.845733, 45.760276], [4.845806, 45.76028], [4.846551, 45.76033], [4.846603, 45.760336], [4.846619, 45.760337], [4.84666, 45.760339], [4.846698, 45.760342], [4.846738, 45.760334], [4.847569, 45.760395], [4.847597, 45.760409], [4.847637, 45.760411], [4.847661, 45.760412], [4.847685, 45.760413], [4.847753, 45.760419], [4.848548, 45.760488], [4.84867, 45.760498], [4.848743, 45.760505], [4.848825, 45.760511], [4.848866, 45.760517], [4.848892, 45.76052], [4.848926, 45.760522], [4.848949, 45.760524], [4.849037, 45.760623], [4.849351, 45.760894], [4.849746, 45.761214], [4.849783, 45.761245], [4.850253, 45.761625], [4.850374, 45.761696], [4.850367, 45.761761], [4.850539, 45.761921], [4.850538, 45.761948], [4.850533, 45.761997], [4.850527, 45.762038], [4.850524, 45.762061], [4.85052, 45.762077], [4.85053, 45.762089], [4.850554, 45.762118], [4.850855, 45.762141], [4.850949, 45.762209], [4.851486, 45.762607], [4.851517, 45.76261], [4.851567, 45.762614], [4.851598, 45.762617], [4.851623, 45.762619], [4.851656, 45.762622], [4.851714, 45.762627], [4.851766, 45.762631], [4.851814, 45.762636], [4.851852, 45.762639], [4.851903, 45.762643], [4.851965, 45.762663], [4.852114, 45.762725], [4.853491, 45.762852], [4.853776, 45.762878], [4.853989, 45.762897], [4.855226, 45.763007], [4.855468, 45.76303], [4.856188, 45.763092], [4.856185, 45.763117], [4.856175, 45.763165], [4.856171, 45.763186], [4.856164, 45.763226], [4.856282, 45.763237], [4.856302, 45.763239], [4.856327, 45.763242], [4.856354, 45.763244], [4.856384, 45.763247], [4.856365, 45.763354], [4.856384, 45.763247], [4.856548, 45.763262], [4.856556, 45.76322], [4.856559, 45.763198], [4.856561, 45.763179], [4.856567, 45.763125], [4.857305, 45.763188], [4.857339, 45.763064], [4.857349, 45.763026], [4.857383, 45.762817], [4.85739, 45.762713], [4.857396, 45.762671], [4.857403, 45.762629], [4.857413, 45.762602], [4.857408, 45.762552], [4.857412, 45.762515], [4.857474, 45.762204], [4.857491, 45.762096], [4.857502, 45.76202], [4.85751, 45.761968], [4.857538, 45.761787], [4.857553, 45.761691], [4.85757, 45.761577], [4.857588, 45.761507], [4.857615, 45.761394], [4.857571, 45.761304], [4.857588, 45.761206], [4.857583, 45.761143], [4.857585, 45.761117], [4.85759, 45.761083], [4.857593, 45.761054], [4.857595, 45.761045], [4.857597, 45.761032], [4.857607, 45.760983], [4.857626, 45.760984], [4.857637, 45.760926], [4.857737, 45.760935], [4.857913, 45.759983], [4.857955, 45.759897], [4.857963, 45.759858], [4.857994, 45.759702], [4.858, 45.759671], [4.858002, 45.759657], [4.858172, 45.758799], [4.858193, 45.758705], [4.858208, 45.758611], [4.858212, 45.758585], [4.858219, 45.758562], [4.858266, 45.758475], [4.858298, 45.758312], [4.858319, 45.758209], [4.858398, 45.757755], [4.858406, 45.757712], [4.858412, 45.75769], [4.858421, 45.757655], [4.858423, 45.757636], [4.857842, 45.757604], [4.857841, 45.757592], [4.857606, 45.757411], [4.85741, 45.757266], [4.857408, 45.757158], [4.857408, 45.75712], [4.857407, 45.757077], [4.857406, 45.756992], [4.857405, 45.756875], [4.857328, 45.756876], [4.857332, 45.756845], [4.857341, 45.756794], [4.857343, 45.756239], [4.857337, 45.756216], [4.857332, 45.756204], [4.857336, 45.756169], [4.857339, 45.75614], [4.857344, 45.756115], [4.857343, 45.755244], [4.857231, 45.755214], [4.857183, 45.755192], [4.857085, 45.755099], [4.857066, 45.755049], [4.857064, 45.755042], [4.857063, 45.754996], [4.857063, 45.754964], [4.857069, 45.75495], [4.857081, 45.75492], [4.857124, 45.75486], [4.857142, 45.754847], [4.857196, 45.754807], [4.857295, 45.754769], [4.85736, 45.754756], [4.857358, 45.754164], [4.857337, 45.754121], [4.857332, 45.754104], [4.857336, 45.754071], [4.857342, 45.754029], [4.857344, 45.754013], [4.857353, 45.753956], [4.857362, 45.753517], [4.857354, 45.753484], [4.857334, 45.753476], [4.857337, 45.753463], [4.857342, 45.753442], [4.857351, 45.753398], [4.857361, 45.753349], [4.857363, 45.753337], [4.857448, 45.753346], [4.857601, 45.752736], [4.857601, 45.752718], [4.857539, 45.752711], [4.856786, 45.752624], [4.856794, 45.75259], [4.8568, 45.752564], [4.856805, 45.75254], [4.856812, 45.752509], [4.856737, 45.7525], [4.85674, 45.752484], [4.856727, 45.752482], [4.856684, 45.752477], [4.856652, 45.752473], [4.85662, 45.752469], [4.856664, 45.752262], [4.856754, 45.751851], [4.856729, 45.751814], [4.855656, 45.751688], [4.855663, 45.751667], [4.85567, 45.751632], [4.855566, 45.751619], [4.85568, 45.751125], [4.855617, 45.751038], [4.855556, 45.751061], [4.855516, 45.751076], [4.855377, 45.751126], [4.855352, 45.75109], [4.855317, 45.751043], [4.855274, 45.750987], [4.855252, 45.750954], [4.855232, 45.75096], [4.855106, 45.750323], [4.855048, 45.75003], [4.855032, 45.749998], [4.85497, 45.749973], [4.854951, 45.749965], [4.854908, 45.749953], [4.854895, 45.749906], [4.854841, 45.7499], [4.854476, 45.749795], [4.854135, 45.749748], [4.854098, 45.749744], [4.854082, 45.749743], [4.854058, 45.749754], [4.85398, 45.749755], [4.853915, 45.749754], [4.853841, 45.749752], [4.853812, 45.749753], [4.85377, 45.749744], [4.853747, 45.749718], [4.853738, 45.749705], [4.853723, 45.749684], [4.853664, 45.749615], [4.853612, 45.749523], [4.853548, 45.749416], [4.853494, 45.74933], [4.85344, 45.749239], [4.853401, 45.749202], [4.853364, 45.749162], [4.853326, 45.749129], [4.853306, 45.74911], [4.853323, 45.749084], [4.852396, 45.748302], [4.852377, 45.748285], [4.852344, 45.748257], [4.852293, 45.748214], [4.852255, 45.748206], [4.852238, 45.748165], [4.852128, 45.748069], [4.852042, 45.747993], [4.851865, 45.747967], [4.851868, 45.747956], [4.851803, 45.747895], [4.851751, 45.747846], [4.851692, 45.747796], [4.851524, 45.747738], [4.851468, 45.747594], [4.851403, 45.747564], [4.851341, 45.74753], [4.851254, 45.747483], [4.851225, 45.747489], [4.851211, 45.747446], [4.850736, 45.747122], [4.85046, 45.746933], [4.850168, 45.746726], [4.85011, 45.746683], [4.850074, 45.746661], [4.850042, 45.74664], [4.8499, 45.746542], [4.849869, 45.74652], [4.849843, 45.746495], [4.849818, 45.746473], [4.849783, 45.746438], [4.849175, 45.745762], [4.84899, 45.745527], [4.848852, 45.745365], [4.848821, 45.745348], [4.848772, 45.745318], [4.848721, 45.745277], [4.84868, 45.745234], [4.848666, 45.745217], [4.84865, 45.745195], [4.848642, 45.745188], [4.848622, 45.745166], [4.848598, 45.745144], [4.848545, 45.745092], [4.848525, 45.745078], [4.848531, 45.745062], [4.847862, 45.744326], [4.847769, 45.744257], [4.847758, 45.744246], [4.84775, 45.744238], [4.847729, 45.744217], [4.847669, 45.744172], [4.847671, 45.744114], [4.847622, 45.744065], [4.847221, 45.743631], [4.847193, 45.743591], [4.847178, 45.743569], [4.847143, 45.743527], [4.847124, 45.7435], [4.84711, 45.743481], [4.847102, 45.74347], [4.847123, 45.743454], [4.847108, 45.743444], [4.847115, 45.743414], [4.847109, 45.743352], [4.84709, 45.743242], [4.847109, 45.743352], [4.847115, 45.743414], [4.847108, 45.743444], [4.847123, 45.743454], [4.847102, 45.74347], [4.846474, 45.743676], [4.842123, 45.745057], [4.842092, 45.745029], [4.841965, 45.744917], [4.84184, 45.744796], [4.841728, 45.744653], [4.841663, 45.74457], [4.841618, 45.744513], [4.841595, 45.74448], [4.841199, 45.743828], [4.841177, 45.743793], [4.841125, 45.743809], [4.84106, 45.743826], [4.84099, 45.743845], [4.840921, 45.74386], [4.840894, 45.743815], [4.840851, 45.743825], [4.839996, 45.744129], [4.838171, 45.744105], [4.835371, 45.744345], [4.835317, 45.744359], [4.835316, 45.744353], [4.835307, 45.744327], [4.835296, 45.744295], [4.83529, 45.74428], [4.835262, 45.744282], [4.835182, 45.744211], [4.834813, 45.743833], [4.834537, 45.743571], [4.834398, 45.743418], [4.834397, 45.743402], [4.834392, 45.743387], [4.834361, 45.743355], [4.834333, 45.743319], [4.834315, 45.743306], [4.834048, 45.742978], [4.8339, 45.74261], [4.833713, 45.742401], [4.833648, 45.742317], [4.833597, 45.742273], [4.833581, 45.742257], [4.83355, 45.742226], [4.833529, 45.742203], [4.833515, 45.742208], [4.833467, 45.742196], [4.833441, 45.74217], [4.8331, 45.741824], [4.833183, 45.741784], [4.832922, 45.741491], [4.832311, 45.74081], [4.83213, 45.740608], [4.832089, 45.740567], [4.832032, 45.740592], [4.831973, 45.740522], [4.831885, 45.740417], [4.831918, 45.740371], [4.831889, 45.740337], [4.831854, 45.740292], [4.831797, 45.740221], [4.831786, 45.740203], [4.831894, 45.740188], [4.8322, 45.740076], [4.831894, 45.740188], [4.831786, 45.740203], [4.831797, 45.740221], [4.831854, 45.740292], [4.831889, 45.740337], [4.831918, 45.740371], [4.831885, 45.740417], [4.831973, 45.740522], [4.831938, 45.740536], [4.831915, 45.740547], [4.831891, 45.740559], [4.831873, 45.740567], [4.831832, 45.740582], [4.831791, 45.740597], [4.831726, 45.740629], [4.832303, 45.741295], [4.833178, 45.742285], [4.833316, 45.742441], [4.834032, 45.743251], [4.834095, 45.743384], [4.834034, 45.743415], [4.832608, 45.74398], [4.832487, 45.744028], [4.832498, 45.744042], [4.832518, 45.74407], [4.832534, 45.744093], [4.832558, 45.744123], [4.831405, 45.744571], [4.831383, 45.744586], [4.831649, 45.744941], [4.831718, 45.745002], [4.831732, 45.745017], [4.83175, 45.745042], [4.831784, 45.74508], [4.831788, 45.745085], [4.831801, 45.745102], [4.832041, 45.745428], [4.832004, 45.745442], [4.83199, 45.745448], [4.831957, 45.745462], [4.831933, 45.74547], [4.831986, 45.745529], [4.832061, 45.745571], [4.832112, 45.745599], [4.832584, 45.746123], [4.83261, 45.746116], [4.832617, 45.746126], [4.832625, 45.746137], [4.832632, 45.746148], [4.832644, 45.746162], [4.832661, 45.746184], [4.832678, 45.746207], [4.832684, 45.746216], [4.832682, 45.746249], [4.83288, 45.746492], [4.832896, 45.746511], [4.833245, 45.746961], [4.833262, 45.746986], [4.833279, 45.747006], [4.833287, 45.747014], [4.833305, 45.747029], [4.83379, 45.747648], [4.833739, 45.747664], [4.833686, 45.747684], [4.833635, 45.747703], [4.833605, 45.747715], [4.833575, 45.747726], [4.833545, 45.747736], [4.833573, 45.747781], [4.833555, 45.747824], [4.83356, 45.747835], [4.833578, 45.747859], [4.833607, 45.747898], [4.83362, 45.747915], [4.833629, 45.747926], [4.833647, 45.747952], [4.833665, 45.747977], [4.833729, 45.748066], [4.833754, 45.748099], [4.833656, 45.74814], [4.833573, 45.748065], [4.833467, 45.748036], [4.833395, 45.748047], [4.831086, 45.74879], [4.831079, 45.748793], [4.831029, 45.748807], [4.830991, 45.748822], [4.830924, 45.748844], [4.830511, 45.748972], [4.830492, 45.748976], [4.83046, 45.748984], [4.830264, 45.749036], [4.830209, 45.749052], [4.830145, 45.749072], [4.830101, 45.749109], [4.830059, 45.749101], [4.829874, 45.749148], [4.829693, 45.74921], [4.829672, 45.749217], [4.829646, 45.749225], [4.829611, 45.749237], [4.828257, 45.749672], [4.828278, 45.749706], [4.828243, 45.749715], [4.828213, 45.749722], [4.828188, 45.749768], [4.828071, 45.749891], [4.828042, 45.749922], [4.827929, 45.750097], [4.827873, 45.750179], [4.827851, 45.750214], [4.827878, 45.750273], [4.828071, 45.750563], [4.828031, 45.750604], [4.827945, 45.750638], [4.82804, 45.750813], [4.828051, 45.750946], [4.828019, 45.750961], [4.828295, 45.751418], [4.828225, 45.751486], [4.828272, 45.751567], [4.828287, 45.751598], [4.828301, 45.751617], [4.828291, 45.751621], [4.828322, 45.751671], [4.828815, 45.752469], [4.828844, 45.752516], [4.828863, 45.752545], [4.829104, 45.752923], [4.829263, 45.753179], [4.829282, 45.753209], [4.829303, 45.753243], [4.829587, 45.753709], [4.829606, 45.75374], [4.829626, 45.753771], [4.830145, 45.7546], [4.830164, 45.75463], [4.830187, 45.754666], [4.830595, 45.755304], [4.830621, 45.755345], [4.830636, 45.755368], [4.831046, 45.756006], [4.831061, 45.756029], [4.831074, 45.756046], [4.831488, 45.756752], [4.831543, 45.756831], [4.831566, 45.756861], [4.831598, 45.756904], [4.83162, 45.756936], [4.831629, 45.756949], [4.831701, 45.757072], [4.831797, 45.757235], [4.831154, 45.757413], [4.831201, 45.757496], [4.831303, 45.757589], [4.831321, 45.757584], [4.831406, 45.75756], [4.831424, 45.757555], [4.831452, 45.757605], [4.831794, 45.757511], [4.831955, 45.75781]]}, "properties": {"heading": 126, "length_km": 9.7, "retrace": 0.024}}, {"type": "Feature", "geometry": {"type": "LineString", "coordinates": [[4.831955, 45.75781], [4.832152, 45.758176], [4.831788, 45.758283], [4.831826, 45.758351], [4.831788, 45.758362], [4.831695, 45.758387], [4.831685, 45.75839], [4.831734, 45.758487], [4.832361, 45.758309], [4.832476, 45.758278], [4.832567, 45.758252], [4.833195, 45.758078], [4.833528, 45.757972], [4.833671, 45.757999], [4.833902, 45.757936], [4.833974, 45.757871], [4.834016, 45.757862], [4.834078, 45.757848], [4.83416, 45.75783], [4.83426, 45.757807], [4.83428, 45.757852], [4.834888, 45.75768], [4.835291, 45.757562], [4.835406, 45.75753], [4.836291, 45.757272], [4.83633, 45.757221], [4.836345, 45.757217], [4.836388, 45.757205], [4.836524, 45.757165], [4.836573, 45.757151], [4.836763, 45.757096], [4.836832, 45.757078], [4.836905, 45.757056], [4.836932, 45.757049], [4.837004, 45.757064], [4.83709, 45.757051], [4.839508, 45.756325], [4.840064, 45.756117], [4.840087, 45.756109], [4.840101, 45.756104], [4.840116, 45.756099], [4.840182, 45.756078], [4.840231, 45.756061], [4.840275, 45.756046], [4.840312, 45.756036], [4.84037, 45.756049], [4.840554, 45.755936], [4.840737, 45.755876], [4.840755, 45.755871], [4.840777, 45.755864], [4.840821, 45.75585], [4.841684, 45.755566], [4.842187, 45.755395], [4.842517, 45.755288], [4.842581, 45.755269], [4.842611, 45.755258], [4.842692, 45.755231], [4.842729, 45.755219], [4.842751, 45.755213], [4.8429, 45.755178], [4.842917, 45.755198], [4.842921, 45.755202], [4.842992, 45.755306], [4.843029, 45.755359], [4.843032, 45.755364], [4.843096, 45.755373], [4.843183, 45.755399], [4.843395, 45.755461], [4.84375, 45.75556], [4.843836, 45.755584], [4.843878, 45.755596], [4.84394, 45.755614], [4.843966, 45.755621], [4.844829, 45.755861], [4.846019, 45.756202], [4.846052, 45.756218], [4.846123, 45.756237], [4.846149, 45.756244], [4.846156, 45.756251], [4.846179, 45.756242], [4.846349, 45.756289], [4.846338, 45.756337], [4.846406, 45.756345], [4.846486, 45.756354], [4.846541, 45.756359], [4.846619, 45.756371], [4.847283, 45.756555], [4.847328, 45.756566], [4.847361, 45.756574], [4.847398, 45.756584], [4.847408, 45.756586], [4.847725, 45.756675], [4.847762, 45.756685], [4.847763, 45.756696], [4.847791, 45.756704], [4.847809, 45.756709], [4.847828, 45.756714], [4.847828, 45.756695], [4.848232, 45.756811], [4.84828, 45.756825], [4.848341, 45.756826], [4.848383, 45.756827], [4.8484, 45.756814], [4.848432, 45.756813], [4.848966, 45.756828], [4.849507, 45.756843], [4.849507, 45.756877], [4.849549, 45.756883], [4.849581, 45.756878], [4.8496, 45.756878], [4.849654, 45.756872], [4.849731, 45.756864], [4.850089, 45.756884], [4.850142, 45.756894], [4.850163, 45.756897], [4.850187, 45.7569], [4.850227, 45.756903], [4.850253, 45.756896], [4.851199, 45.756948], [4.85122, 45.756953], [4.851218, 45.756999], [4.851248, 45.757002], [4.851295, 45.757006], [4.851321, 45.757008], [4.851374, 45.757012], [4.852432, 45.757079], [4.852539, 45.757105], [4.852586, 45.75712], [4.852593, 45.757122], [4.852602, 45.757123], [4.852649, 45.757132], [4.852687, 45.757135], [4.852717, 45.757138], [4.852795, 45.757144], [4.85282, 45.757146], [4.852866, 45.75715], [4.852891, 45.757152], [4.852964, 45.757099], [4.853114, 45.757106], [4.853551, 45.757122], [4.853707, 45.757126], [4.85456, 45.757129], [4.85456, 45.757176], [4.854613, 45.757181], [4.854669, 45.757184], [4.854731, 45.757187], [4.854756, 45.757189], [4.854728, 45.757346], [4.854733, 45.757363], [4.854837, 45.757375], [4.855026, 45.75739], [4.856038, 45.757471], [4.856175, 45.757469], [4.856337, 45.757487], [4.856321, 45.757516], [4.856313, 45.757537], [4.856437, 45.757555], [4.856426, 45.757612], [4.85647, 45.757616], [4.856506, 45.75762], [4.856514, 45.757616], [4.857553, 45.757705], [4.857711, 45.757714], [4.857553, 45.757705], [4.856514, 45.757616], [4.856524, 45.757593], [4.856528, 45.75757], [4.856535, 45.757531], [4.856541, 45.757498], [4.85653, 45.75747], [4.85655, 45.757359], [4.856586, 45.757165], [4.856564, 45.757165], [4.856506, 45.757167], [4.85652, 45.757075], [4.85648, 45.756986], [4.855736, 45.756982], [4.855699, 45.756974], [4.855755, 45.756625], [4.85577, 45.756591], [4.855779, 45.756572], [4.855785, 45.756545], [4.855795, 45.756496], [4.855795, 45.75649], [4.855849, 45.756198], [4.855825, 45.7562], [4.855787, 45.756199], [4.855736, 45.756197], [4.855719, 45.756196], [4.855721, 45.756183], [4.855728, 45.756143], [4.855734, 45.75611], [4.855742, 45.756098], [4.855966, 45.755065], [4.85596, 45.755036], [4.855956, 45.755027], [4.855964, 45.754987], [4.855977, 45.754937], [4.855977, 45.75493], [4.856171, 45.754048], [4.856171, 45.754006], [4.856171, 45.75399], [4.85618, 45.753956], [4.856192, 45.753915], [4.8562, 45.753901], [4.856213, 45.753881], [4.856314, 45.753365], [4.856318, 45.753348], [4.856323, 45.753322], [4.856333, 45.753272], [4.85634, 45.753242], [4.856345, 45.753219], [4.855809, 45.753153], [4.855774, 45.753135], [4.855869, 45.752589], [4.855881, 45.752533], [4.855895, 45.752524], [4.855891, 45.752509], [4.855879, 45.75246], [4.855869, 45.752419], [4.855864, 45.752398], [4.855862, 45.752391], [4.85587, 45.752347], [4.855866, 45.75228], [4.85583, 45.752199], [4.855762, 45.752124], [4.855676, 45.752068], [4.85556, 45.752028], [4.855551, 45.751973], [4.85553, 45.75197], [4.855474, 45.751965], [4.855434, 45.751962], [4.8554, 45.751959], [4.855537, 45.75114], [4.855516, 45.751076], [4.855377, 45.751126], [4.855352, 45.75109], [4.855317, 45.751043], [4.855274, 45.750987], [4.855252, 45.750954], [4.855232, 45.75096], [4.855106, 45.750323], [4.855048, 45.75003], [4.855032, 45.749998], [4.85497, 45.749973], [4.854951, 45.749965], [4.854908, 45.749953], [4.854895, 45.749906], [4.854894, 45.749891], [4.854889, 45.749862], [4.854872, 45.749779], [4.854878, 45.749761], [4.854793, 45.749364], [4.854644, 45.748594], [4.854648, 45.748588], [4.854643, 45.748565], [4.854636, 45.748542], [4.85462, 45.748505], [4.854622, 45.748492], [4.854619, 45.748464], [4.854609, 45.74839], [4.854609, 45.748369], [4.854608, 45.748335], [4.854614, 45.748295], [4.85462, 45.748269], [4.854641, 45.748236], [4.854718, 45.747627], [4.854719, 45.747596], [4.854552, 45.747566], [4.854391, 45.747518], [4.854146, 45.747472], [4.853406, 45.747415], [4.853307, 45.747368], [4.853289, 45.747408], [4.852852, 45.747169], [4.851197, 45.746264], [4.851051, 45.746238], [4.850639, 45.746038], [4.850667, 45.746018], [4.850673, 45.746014], [4.850653, 45.746003], [4.850748, 45.745912], [4.850738, 45.745906], [4.850688, 45.74588], [4.85062, 45.745846], [4.850607, 45.74584], [4.850647, 45.745805], [4.849973, 45.745681], [4.84989, 45.745709], [4.849525, 45.745642], [4.849336, 45.745595], [4.849302, 45.745572], [4.849261, 45.745544], [4.849226, 45.745512], [4.849223, 45.745488], [4.849218, 45.745459], [4.849216, 45.745449], [4.849049, 45.74527], [4.849028, 45.745279], [4.848939, 45.74532], [4.84891, 45.745334], [4.848808, 45.745283], [4.848751, 45.745248], [4.848706, 45.745204], [4.848666, 45.745217], [4.848605, 45.745244], [4.848158, 45.745392], [4.848109, 45.745366], [4.848021, 45.745319], [4.847699, 45.745282], [4.846873, 45.745177], [4.846627, 45.745145], [4.846517, 45.745178], [4.846395, 45.745156], [4.84634, 45.745152], [4.846299, 45.745146], [4.845312, 45.745019], [4.845181, 45.745008], [4.845165, 45.745007], [4.845061, 45.744992], [4.844957, 45.744978], [4.844557, 45.744919], [4.844478, 45.744932], [4.844441, 45.744918], [4.844403, 45.744889], [4.84437, 45.744918], [4.844266, 45.74485], [4.84424, 45.744865], [4.844228, 45.744874], [4.84419, 45.744868], [4.844146, 45.74487], [4.843742, 45.74482], [4.843517, 45.744792], [4.843157, 45.744913], [4.843122, 45.744925], [4.843102, 45.744932], [4.843077, 45.744942], [4.842961, 45.744976], [4.842565, 45.745102], [4.842529, 45.745136], [4.842488, 45.74515], [4.842044, 45.745279], [4.84203, 45.745257], [4.842021, 45.745243], [4.842006, 45.745219], [4.841998, 45.745206], [4.841989, 45.745192], [4.841979, 45.745176], [4.841969, 45.74516], [4.841944, 45.74512], [4.841926, 45.745085], [4.841967, 45.745069], [4.842005, 45.745058], [4.842032, 45.745049], [4.842092, 45.745029], [4.841965, 45.744917], [4.84184, 45.744796], [4.841728, 45.744653], [4.841663, 45.74457], [4.841618, 45.744513], [4.841595, 45.74448], [4.841199, 45.743828], [4.841177, 45.743793], [4.841149, 45.743747], [4.841129, 45.743714], [4.841108, 45.743677], [4.841087, 45.743641], [4.840502, 45.742651], [4.840416, 45.742505], [4.840408, 45.742492], [4.840415, 45.742471], [4.840401, 45.742452], [4.840384, 45.742422], [4.840369, 45.742397], [4.840363, 45.742375], [4.840339, 45.742363], [4.839916, 45.741635], [4.839902, 45.74161], [4.839885, 45.741589], [4.839862, 45.741553], [4.839851, 45.741535], [4.839432, 45.740834], [4.839851, 45.741535], [4.839862, 45.741553], [4.839885, 45.741589], [4.839902, 45.74161], [4.839916, 45.741635], [4.840339, 45.742363], [4.840363, 45.742375], [4.840369, 45.742397], [4.840384, 45.742422], [4.840401, 45.742452], [4.840415, 45.742471], [4.840408, 45.742492], [4.840416, 45.742505], [4.840502, 45.742651], [4.841087, 45.743641], [4.841041, 45.743661], [4.840978, 45.74369], [4.840916, 45.743719], [4.840845, 45.74374], [4.840863, 45.743771], [4.840877, 45.74379], [4.840889, 45.743807], [4.840894, 45.743815], [4.840921, 45.74386], [4.84152, 45.744869], [4.841607, 45.745017], [4.841704, 45.745165], [4.841704, 45.74518], [4.841649, 45.745216], [4.839839, 45.74579], [4.839784, 45.745801], [4.839756, 45.745801], [4.839706, 45.745814], [4.839592, 45.745845], [4.839566, 45.745853], [4.839541, 45.74586], [4.839516, 45.745869], [4.839453, 45.745887], [4.839374, 45.745907], [4.839287, 45.74593], [4.839196, 45.74595], [4.839207, 45.745976], [4.838421, 45.74622], [4.83837, 45.746237], [4.838356, 45.746242], [4.838329, 45.74625], [4.838302, 45.746258], [4.838263, 45.746271], [4.838247, 45.746276], [4.837426, 45.746535], [4.837393, 45.746549], [4.837354, 45.746563], [4.837325, 45.746574], [4.837278, 45.746591], [4.836859, 45.746721], [4.83681, 45.746729], [4.836769, 45.746735], [4.836736, 45.746744], [4.836699, 45.746755], [4.836658, 45.746765], [4.836631, 45.746797], [4.83643, 45.746857], [4.835846, 45.747041], [4.835828, 45.747047], [4.835669, 45.747097], [4.835029, 45.747295], [4.834975, 45.74732], [4.834999, 45.747346], [4.835016, 45.747371], [4.835033, 45.747396], [4.835053, 45.747427], [4.83506, 45.747437], [4.835077, 45.747463], [4.835084, 45.747474], [4.835095, 45.747499], [4.835026, 45.747525], [4.834962, 45.747544], [4.834018, 45.747834], [4.833929, 45.747865], [4.833985, 45.747947], [4.833962, 45.747971], [4.833949, 45.747984], [4.833917, 45.748018], [4.833905, 45.748028], [4.833888, 45.748045], [4.833874, 45.748059], [4.833844, 45.74807], [4.833816, 45.748079], [4.833798, 45.748086], [4.833787, 45.74809], [4.833754, 45.748099], [4.833656, 45.74814], [4.833573, 45.748065], [4.833467, 45.748036], [4.833395, 45.748047], [4.831086, 45.74879], [4.831079, 45.748793], [4.831029, 45.748807], [4.830991, 45.748822], [4.830924, 45.748844], [4.830511, 45.748972], [4.830492, 45.748976], [4.83046, 45.748984], [4.830477, 45.749012], [4.830467, 45.749015], [4.830368, 45.749044], [4.830159, 45.74877], [4.830097, 45.748703], [4.830067, 45.74868], [4.830021, 45.748659], [4.829684, 45.748646], [4.829292, 45.748208], [4.82913, 45.748259], [4.829116, 45.748234], [4.829306, 45.748174], [4.829336, 45.74821], [4.829352, 45.748228], [4.828683, 45.74844], [4.828618, 45.748362], [4.828642, 45.748354], [4.828679, 45.748342], [4.828276, 45.747866], [4.82827, 45.747857], [4.828251, 45.747835], [4.828232, 45.747812], [4.828226, 45.747804], [4.829172, 45.747418], [4.828418, 45.746533], [4.828393, 45.746525], [4.828373, 45.746502], [4.828363, 45.746491], [4.828346, 45.746471], [4.828327, 45.746451], [4.828329, 45.746431], [4.827533, 45.745496], [4.827495, 45.745444], [4.827458, 45.745402], [4.827418, 45.745357], [4.827385, 45.745312], [4.826648, 45.744434], [4.826626, 45.74441], [4.826613, 45.744397], [4.826597, 45.744379], [4.826579, 45.744361], [4.825794, 45.743444], [4.825761, 45.743406], [4.82574, 45.743381], [4.825728, 45.743368], [4.82571, 45.743347], [4.82569, 45.743323], [4.825664, 45.743293], [4.824949, 45.742452], [4.8249, 45.742394], [4.824876, 45.742366], [4.824859, 45.742346], [4.824807, 45.742285], [4.823992, 45.741336], [4.824041, 45.741315], [4.824055, 45.74131], [4.824006, 45.741243], [4.823963, 45.741172], [4.823915, 45.74112], [4.823909, 45.741084], [4.823649, 45.740782], [4.823702, 45.740761], [4.823751, 45.740816], [4.823702, 45.740761], [4.823649, 45.740782], [4.823909, 45.741084], [4.823915, 45.74112], [4.823963, 45.741172], [4.824006, 45.741243], [4.824055, 45.74131], [4.824041, 45.741315], [4.823992, 45.741336], [4.824807, 45.742285], [4.824859, 45.742346], [4.824876, 45.742366], [4.8249, 45.742394], [4.824949, 45.742452], [4.825664, 45.743293], [4.82569, 45.743323], [4.82571, 45.743347], [4.825728, 45.743368], [4.82574, 45.743381], [4.825761, 45.743406], [4.825794, 45.743444], [4.826579, 45.744361], [4.826597, 45.744379], [4.826613, 45.744397], [4.826626, 45.74441], [4.826648, 45.744434], [4.827385, 45.745312], [4.827418, 45.745357], [4.827458, 45.745402], [4.827495, 45.745444], [4.827533, 45.745496], [4.828329, 45.746431], [4.828327, 45.746451], [4.828346, 45.746471], [4.828363, 45.746491], [4.828373, 45.746502], [4.828393, 45.746525], [4.828418, 45.746533], [4.829172, 45.747418], [4.828226, 45.747804], [4.828216, 45.747808], [4.82821, 45.747811], [4.82817, 45.747826], [4.828123, 45.747845], [4.828096, 45.747857], [4.828103, 45.747868], [4.828121, 45.74789], [4.828137, 45.747911], [4.828142, 45.747917], [4.827208, 45.748303], [4.827544, 45.748699], [4.827506, 45.748711], [4.82747, 45.74872], [4.827438, 45.748728], [4.827312, 45.748756], [4.827212, 45.748832], [4.827176, 45.748854], [4.827147, 45.748872], [4.827119, 45.748899], [4.827109, 45.748932], [4.827103, 45.748974], [4.82711, 45.749016], [4.827195, 45.749139], [4.827367, 45.749401], [4.827435, 45.749504], [4.827725, 45.749946], [4.82773, 45.749955], [4.827757, 45.749998], [4.827773, 45.750022], [4.827873, 45.750179], [4.827851, 45.750214], [4.827878, 45.750273], [4.828071, 45.750563], [4.828031, 45.750604], [4.827945, 45.750638], [4.82804, 45.750813], [4.828051, 45.750946], [4.828019, 45.750961], [4.828295, 45.751418], [4.828225, 45.751486], [4.828272, 45.751567], [4.828287, 45.751598], [4.828301, 45.751617], [4.828291, 45.751621], [4.828322, 45.751671], [4.828815, 45.752469], [4.828844, 45.752516], [4.828863, 45.752545], [4.829104, 45.752923], [4.829263, 45.753179], [4.829282, 45.753209], [4.829303, 45.753243], [4.829587, 45.753709], [4.829606, 45.75374], [4.829626, 45.753771], [4.830145, 45.7546], [4.830164, 45.75463], [4.830187, 45.754666], [4.830595, 45.755304], [4.830621, 45.755345], [4.830636, 45.755368], [4.831046, 45.756006], [4.831061, 45.756029], [4.831074, 45.756046], [4.831488, 45.756752], [4.831543, 45.756831], [4.831566, 45.756861], [4.831598, 45.756904], [4.83162, 45.756936], [4.831629, 45.756949], [4.831701, 45.757072], [4.831797, 45.757235], [4.831154, 45.757413], [4.831201, 45.757496], [4.831303, 45.757589], [4.831321, 45.757584], [4.831406, 45.75756], [4.831424, 45.757555], [4.831452, 45.757605], [4.831794, 45.757511], [4.831955, 45.75781]]}, "properties": {"heading": 144, "length_km": 10.576, "retrace": 0.263}}, {"type": "Feature", "geometry": {"type": "LineString", "coordinates": [[4.831955, 45.75781], [4.832152, 45.758176], [4.831788, 45.758283], [4.831826, 45.758351], [4.831788, 45.758362], [4.831695, 45.758387], [4.831685, 45.75839], [4.831734, 45.758487], [4.832361, 45.758309], [4.832476, 45.758278], [4.832567, 45.758252], [4.833195, 45.758078], [4.833528, 45.757972], [4.833671, 45.757999], [4.833902, 45.757936], [4.833974, 45.757871], [4.834016, 45.757862], [4.834078, 45.757848], [4.83416, 45.75783], [4.83426, 45.757807], [4.83428, 45.757852], [4.834888, 45.75768], [4.835291, 45.757562], [4.835406, 45.75753], [4.836291, 45.757272], [4.83633, 45.757221], [4.836345, 45.757217], [4.836388, 45.757205], [4.836524, 45.757165], [4.836573, 45.757151], [4.836763, 45.757096], [4.836832, 45.757078], [4.836905, 45.757056], [4.836932, 45.757049], [4.837004, 45.757064], [4.83709, 45.757051], [4.839508, 45.756325], [4.840064, 45.756117], [4.840087, 45.756109], [4.840101, 45.756104], [4.840116, 45.756099], [4.840182, 45.756078], [4.840231, 45.756061], [4.840275, 45.756046], [4.840312, 45.756036], [4.84037, 45.756049], [4.840554, 45.755936], [4.840737, 45.755876], [4.840755, 45.755871], [4.840777, 45.755864], [4.840821, 45.75585], [4.841684, 45.755566], [4.842187, 45.755395], [4.842517, 45.755288], [4.842581, 45.755269], [4.842611, 45.755258], [4.842692, 45.755231], [4.842729, 45.755219], [4.842751, 45.755213], [4.8429, 45.755178], [4.843021, 45.755091], [4.843045, 45.755095], [4.843054, 45.755097], [4.843072, 45.755099], [4.84312, 45.755108], [4.843136, 45.755111], [4.843154, 45.755104], [4.843196, 45.755092], [4.843428, 45.755038], [4.843596, 45.754985], [4.843715, 45.754944], [4.843766, 45.754927], [4.84513, 45.754474], [4.845309, 45.754399], [4.845355, 45.754375], [4.845377, 45.754365], [4.845411, 45.75435], [4.845449, 45.754332], [4.845557, 45.754295], [4.846216, 45.754069], [4.846257, 45.754056], [4.846284, 45.754046], [4.846312, 45.754034], [4.846347, 45.754021], [4.846798, 45.753865], [4.846855, 45.753848], [4.84694, 45.753819], [4.847025, 45.753792], [4.84705, 45.753783], [4.847086, 45.753771], [4.847214, 45.753726], [4.847625, 45.753584], [4.847708, 45.753556], [4.847715, 45.753554], [4.847874, 45.753501], [4.847892, 45.753481], [4.84792, 45.753479], [4.847948, 45.75347], [4.84803, 45.753447], [4.848084, 45.753427], [4.848185, 45.75339], [4.848967, 45.753125], [4.849018, 45.753103], [4.849055, 45.753098], [4.849101, 45.753092], [4.849203, 45.753053], [4.849243, 45.753037], [4.850241, 45.7527], [4.850292, 45.75269], [4.850309, 45.752686], [4.850334, 45.752681], [4.850397, 45.752669], [4.850488, 45.752601], [4.85054, 45.752575], [4.85058, 45.752555], [4.850587, 45.752524], [4.850694, 45.752535], [4.851004, 45.752427], [4.851508, 45.752251], [4.852164, 45.752017], [4.8522, 45.752008], [4.852245, 45.751996], [4.85229, 45.751984], [4.852334, 45.751969], [4.852605, 45.751873], [4.85265, 45.751857], [4.852711, 45.751835], [4.852856, 45.751877], [4.853044, 45.751927], [4.853475, 45.752037], [4.853525, 45.752042], [4.853591, 45.752047], [4.8537, 45.752055], [4.853688, 45.75213], [4.853734, 45.752137], [4.853749, 45.75214], [4.853824, 45.752136], [4.854851, 45.752383], [4.854861, 45.752364], [4.854871, 45.752347], [4.854891, 45.752317], [4.854896, 45.752306], [4.854918, 45.752297], [4.854926, 45.752284], [4.854948, 45.752288], [4.854972, 45.752293], [4.855005, 45.752298], [4.855025, 45.7523], [4.855255, 45.752325], [4.855541, 45.752356], [4.855761, 45.752379], [4.855779, 45.752381], [4.855814, 45.752385], [4.855841, 45.752388], [4.855862, 45.752391], [4.855864, 45.752398], [4.856618, 45.75248], [4.85662, 45.752469], [4.856664, 45.752262], [4.856754, 45.751851], [4.856729, 45.751814], [4.855656, 45.751688], [4.855663, 45.751667], [4.85567, 45.751632], [4.855566, 45.751619], [4.85568, 45.751125], [4.855617, 45.751038], [4.855556, 45.751061], [4.855516, 45.751076], [4.855377, 45.751126], [4.855352, 45.75109], [4.855317, 45.751043], [4.855274, 45.750987], [4.855252, 45.750954], [4.855232, 45.75096], [4.855106, 45.750323], [4.855048, 45.75003], [4.855032, 45.749998], [4.85497, 45.749973], [4.854951, 45.749965], [4.854908, 45.749953], [4.854895, 45.749906], [4.854841, 45.7499], [4.854476, 45.749795], [4.854135, 45.749748], [4.854098, 45.749744], [4.854082, 45.749743], [4.854058, 45.749754], [4.85398, 45.749755], [4.853915, 45.749754], [4.853841, 45.749752], [4.853812, 45.749753], [4.85377, 45.749744], [4.853747, 45.749718], [4.853738, 45.749705], [4.853723, 45.749684], [4.853664, 45.749615], [4.853612, 45.749523], [4.853548, 45.749416], [4.853494, 45.74933], [4.85344, 45.749239], [4.853401, 45.749202], [4.853364, 45.749162], [4.853326, 45.749129], [4.853306, 45.74911], [4.853323, 45.749084], [4.852396, 45.748302], [4.852377, 45.748285], [4.852344, 45.748257], [4.852293, 45.748214], [4.852255, 45.748206], [4.852238, 45.748165], [4.852128, 45.748069], [4.852042, 45.747993], [4.851865, 45.747967], [4.851868, 45.747956], [4.851803, 45.747895], [4.851751, 45.747846], [4.851692, 45.747796], [4.851524, 45.747738], [4.851468, 45.747594], [4.851403, 45.747564], [4.851341, 45.74753], [4.851254, 45.747483], [4.851225, 45.747489], [4.851211, 45.747446], [4.850736, 45.747122], [4.85046, 45.746933], [4.850168, 45.746726], [4.85011, 45.746683], [4.850074, 45.746661], [4.850042, 45.74664], [4.8499, 45.746542], [4.849869, 45.74652], [4.849843, 45.746495], [4.849818, 45.746473], [4.849783, 45.746438], [4.849175, 45.745762], [4.84899, 45.745527], [4.848852, 45.745365], [4.848821, 45.745348], [4.848772, 45.745318], [4.848721, 45.745277], [4.84868, 45.745234], [4.848666, 45.745217], [4.84865, 45.745195], [4.848642, 45.745188], [4.848622, 45.745166], [4.848598, 45.745144], [4.848545, 45.745092], [4.848525, 45.745078], [4.848531, 45.745062], [4.847862, 45.744326], [4.847769, 45.744257], [4.847758, 45.744246], [4.84775, 45.744238], [4.847729, 45.744217], [4.847669, 45.744172], [4.847671, 45.744114], [4.847622, 45.744065], [4.847221, 45.743631], [4.847193, 45.743591], [4.847178, 45.743569], [4.847143, 45.743527], [4.847124, 45.7435], [4.84711, 45.743481], [4.847102, 45.74347], [4.847123, 45.743454], [4.847108, 45.743444], [4.847115, 45.743414], [4.847109, 45.743352], [4.84709, 45.743242], [4.847109, 45.743352], [4.847115, 45.743414], [4.847108, 45.743444], [4.847123, 45.743454], [4.847102, 45.74347], [4.846474, 45.743676], [4.842123, 45.745057], [4.842092, 45.745029], [4.841965, 45.744917], [4.84184, 45.744796], [4.841728, 45.744653], [4.841663, 45.74457], [4.841618, 45.744513], [4.841595, 45.74448], [4.841199, 45.743828], [4.841177, 45.743793], [4.841125, 45.743809], [4.84106, 45.743826], [4.84099, 45.743845], [4.840921, 45.74386], [4.840894, 45.743815], [4.840851, 45.743825], [4.839996, 45.744129], [4.838171, 45.744105], [4.835371, 45.744345], [4.835317, 45.744359], [4.835316, 45.744353], [4.835307, 45.744327], [4.835296, 45.744295], [4.83529, 45.74428], [4.835262, 45.744282], [4.835182, 45.744211], [4.834813, 45.743833], [4.834537, 45.743571], [4.834398, 45.743418], [4.834397, 45.743402], [4.834392, 45.743387], [4.834361, 45.743355], [4.834333, 45.743319], [4.834315, 45.743306], [4.834048, 45.742978], [4.8339, 45.74261], [4.833713, 45.742401], [4.833648, 45.742317], [4.833597, 45.742273], [4.833581, 45.742257], [4.83355, 45.742226], [4.833529, 45.742203], [4.833515, 45.742208], [4.833467, 45.742196], [4.833441, 45.74217], [4.8331, 45.741824], [4.833183, 45.741784], [4.832922, 45.741491], [4.832311, 45.74081], [4.83213, 45.740608], [4.832089, 45.740567], [4.832032, 45.740592], [4.831973, 45.740522], [4.831885, 45.740417], [4.831918, 45.740371], [4.831889, 45.740337], [4.831854, 45.740292], [4.831797, 45.740221], [4.831786, 45.740203], [4.831894, 45.740188], [4.8322, 45.740076], [4.831894, 45.740188], [4.831786, 45.740203], [4.831561, 45.739949], [4.830899, 45.739202], [4.830835, 45.739163], [4.830828, 45.739051], [4.830837, 45.739036], [4.830806, 45.739029], [4.830746, 45.739015], [4.830713, 45.739006], [4.830647, 45.738989], [4.830484, 45.739029], [4.830348, 45.739062], [4.830332, 45.739066], [4.830098, 45.739086], [4.830089, 45.73905], [4.830078, 45.739014], [4.830064, 45.738964], [4.830054, 45.738941], [4.82992, 45.738574], [4.829417, 45.738013], [4.828071, 45.736484], [4.827554, 45.735878], [4.827515, 45.735832], [4.827496, 45.735809], [4.827475, 45.735786], [4.827447, 45.735756], [4.827425, 45.735735], [4.827388, 45.735658], [4.827336, 45.735575], [4.827223, 45.73551], [4.826023, 45.734141], [4.825942, 45.734038], [4.825942, 45.733998], [4.825905, 45.733932], [4.825895, 45.733914], [4.825881, 45.733881], [4.825736, 45.733823], [4.82563, 45.733672], [4.825003, 45.732942], [4.824939, 45.732894], [4.824578, 45.7329], [4.82402, 45.732917], [4.824017, 45.732951], [4.823989, 45.73295], [4.823903, 45.732951], [4.823781, 45.732954], [4.823735, 45.732954], [4.823707, 45.732788], [4.823648, 45.732688], [4.823615, 45.732613], [4.823615, 45.732576], [4.823613, 45.732547], [4.823613, 45.732519], [4.823613, 45.732481], [4.823612, 45.73243], [4.823613, 45.732421], [4.822969, 45.732612], [4.822657, 45.732702], [4.822006, 45.73289], [4.821954, 45.732905], [4.821719, 45.732974], [4.819018, 45.733694], [4.818642, 45.733788], [4.8186, 45.733782], [4.818592, 45.733769], [4.81858, 45.733751], [4.818569, 45.733736], [4.818562, 45.733722], [4.818548, 45.733705], [4.818539, 45.733691], [4.818533, 45.73368], [4.818474, 45.733697], [4.818453, 45.733672], [4.818394, 45.733666], [4.818284, 45.733711], [4.818233, 45.733733], [4.817917, 45.733862], [4.817848, 45.733908], [4.817755, 45.733951], [4.817713, 45.733953], [4.817637, 45.733944], [4.817635, 45.733952], [4.817594, 45.734163], [4.817589, 45.73419], [4.817424, 45.734902], [4.816946, 45.735854], [4.816746, 45.736318], [4.816613, 45.736806], [4.8166, 45.737159], [4.816623, 45.737455], [4.816668, 45.737636], [4.816675, 45.73766], [4.816738, 45.737848], [4.81681, 45.738026], [4.817058, 45.738462], [4.817561, 45.73907], [4.81757, 45.739082], [4.817592, 45.739108], [4.817624, 45.739147], [4.817632, 45.739156], [4.818056, 45.739669], [4.818095, 45.739712], [4.818076, 45.73974], [4.818059, 45.739749], [4.818072, 45.739761], [4.818111, 45.739808], [4.818133, 45.739834], [4.818162, 45.739862], [4.818203, 45.739904], [4.818233, 45.739893], [4.819199, 45.741017], [4.819163, 45.741028], [4.819201, 45.741066], [4.819495, 45.741414], [4.819508, 45.741435], [4.819552, 45.741484], [4.817662, 45.742273], [4.817675, 45.742289], [4.817619, 45.742313], [4.817678, 45.742385], [4.817625, 45.742406], [4.817599, 45.742416], [4.81761, 45.742428], [4.817607, 45.742437], [4.817965, 45.742854], [4.817912, 45.742876], [4.817869, 45.742894], [4.817829, 45.74291], [4.817789, 45.742927], [4.817719, 45.742956], [4.817698, 45.742966], [4.81768, 45.742974], [4.817625, 45.742966], [4.81691, 45.743262], [4.816909, 45.743263], [4.817127, 45.743521], [4.81709, 45.743536], [4.816998, 45.743574], [4.817048, 45.743628], [4.817097, 45.74369], [4.81734, 45.743975], [4.81735, 45.743986], [4.81741, 45.743961], [4.817431, 45.743981], [4.817455, 45.744005], [4.817476, 45.744027], [4.817513, 45.744065], [4.817416, 45.744113], [4.817507, 45.744237], [4.818033, 45.744849], [4.818189, 45.74504], [4.818161, 45.745052], [4.818128, 45.745066], [4.818195, 45.745152], [4.818235, 45.745138], [4.818307, 45.745224], [4.818318, 45.745238], [4.818469, 45.745417], [4.818741, 45.745742], [4.818843, 45.745863], [4.818889, 45.745864], [4.818913, 45.745874], [4.818937, 45.745895], [4.818948, 45.745913], [4.818948, 45.745935], [4.818939, 45.745964], [4.818921, 45.745981], [4.819004, 45.74609], [4.818945, 45.746267], [4.818955, 45.746297], [4.819383, 45.74681], [4.819398, 45.74691], [4.819423, 45.746951], [4.819592, 45.747153], [4.819601, 45.747165], [4.819653, 45.747226], [4.819658, 45.747233], [4.820033, 45.747078], [4.820045, 45.747091], [4.820072, 45.747126], [4.820083, 45.747141], [4.820095, 45.747156], [4.820138, 45.747138], [4.820154, 45.747156], [4.820902, 45.748017], [4.820924, 45.748008], [4.820966, 45.74799], [4.821002, 45.748031], [4.821043, 45.74808], [4.821077, 45.74812], [4.821111, 45.74816], [4.821056, 45.748179], [4.82104, 45.748185], [4.821861, 45.749147], [4.821875, 45.749165], [4.821888, 45.749179], [4.821906, 45.749198], [4.821926, 45.749217], [4.822282, 45.74965], [4.822537, 45.749948], [4.82275, 45.750199], [4.822743, 45.750214], [4.822761, 45.750244], [4.822773, 45.750264], [4.822787, 45.750287], [4.822813, 45.750366], [4.822816, 45.750379], [4.82281, 45.750416], [4.822805, 45.750442], [4.822804, 45.750458], [4.822908, 45.750527], [4.82297, 45.750569], [4.823107, 45.750692], [4.823262, 45.750869], [4.823277, 45.750911], [4.823302, 45.750931], [4.823337, 45.750967], [4.823371, 45.751002], [4.823421, 45.751052], [4.823461, 45.751097], [4.823507, 45.751148], [4.823519, 45.751163], [4.82354, 45.751156], [4.823566, 45.751147], [4.823585, 45.751139], [4.823995, 45.751003], [4.824016, 45.751018], [4.824134, 45.751124], [4.824462, 45.751593], [4.82446, 45.751614], [4.824433, 45.751623], [4.82444, 45.751632], [4.824491, 45.7517], [4.824498, 45.751712], [4.824503, 45.751719], [4.824509, 45.751728], [4.824514, 45.751737], [4.824525, 45.751752], [4.824549, 45.751749], [4.825071, 45.752482], [4.825084, 45.752505], [4.825095, 45.752523], [4.825103, 45.752537], [4.825116, 45.752559], [4.825369, 45.752905], [4.825385, 45.752928], [4.825405, 45.752956], [4.82542, 45.752976], [4.825437, 45.753], [4.82568, 45.753351], [4.825694, 45.753369], [4.825703, 45.753384], [4.825717, 45.753406], [4.825721, 45.753423], [4.825987, 45.753789], [4.826005, 45.753818], [4.826014, 45.753828], [4.826027, 45.753842], [4.826038, 45.753864], [4.826171, 45.75404], [4.826183, 45.754059], [4.826193, 45.754073], [4.826201, 45.754087], [4.826213, 45.754103], [4.826603, 45.75466], [4.827233, 45.75555], [4.827242, 45.755558], [4.827257, 45.75557], [4.827308, 45.755631], [4.827338, 45.755666], [4.827416, 45.755758], [4.827436, 45.755782], [4.827483, 45.755839], [4.827491, 45.755851], [4.8275, 45.755864], [4.827899, 45.75638], [4.827913, 45.756405], [4.827926, 45.756418], [4.827938, 45.756434], [4.827967, 45.75646], [4.827989, 45.756479], [4.828224, 45.756778], [4.828729, 45.757425], [4.828733, 45.757442], [4.828783, 45.757496], [4.828823, 45.757541], [4.828828, 45.757554], [4.828855, 45.757546], [4.828884, 45.757536], [4.828911, 45.757528], [4.828936, 45.75752], [4.828941, 45.757518], [4.829573, 45.757313], [4.82958, 45.757311], [4.829606, 45.757304], [4.829614, 45.757313], [4.829712, 45.75734], [4.829906, 45.757622], [4.829951, 45.757659], [4.829999, 45.757683], [4.830035, 45.75769], [4.83037, 45.757792], [4.830569, 45.757839], [4.830633, 45.757827], [4.831452, 45.757605], [4.831794, 45.757511], [4.831955, 45.75781]]}, "properties": {"heading": 162, "length_km": 10.621, "retrace": 0.012}}, {"type": "Feature", "geometry": {"type": "LineString", "coordinates": [[4.831955, 45.75781], [4.832152, 45.758176], [4.831788, 45.758283], [4.831826, 45.758351], [4.831788, 45.758362], [4.831695, 45.758387], [4.831685, 45.75839], [4.831734, 45.758487], [4.832361, 45.758309], [4.832476, 45.758278], [4.832567, 45.758252], [4.833195, 45.758078], [4.833528, 45.757972], [4.833671, 45.757999], [4.833902, 45.757936], [4.833974, 45.757871], [4.834016, 45.757862], [4.834078, 45.757848], [4.83416, 45.75783], [4.83426, 45.757807], [4.83428, 45.757852], [4.834888, 45.75768], [4.835291, 45.757562], [4.835406, 45.75753], [4.836291, 45.757272], [4.83633, 45.757221], [4.836345, 45.757217], [4.836388, 45.757205], [4.836524, 45.757165], [4.836573, 45.757151], [4.836763, 45.757096], [4.836832, 45.757078], [4.836905, 45.757056], [4.836932, 45.757049], [4.837004, 45.757064], [4.83709, 45.757051], [4.839508, 45.756325], [4.840064, 45.756117], [4.840087, 45.756109], [4.840101, 45.756104], [4.840116, 45.756099], [4.840182, 45.756078], [4.840231, 45.756061], [4.840275, 45.756046], [4.840312, 45.756036], [4.84037, 45.756049], [4.840554, 45.755936], [4.840737, 45.755876], [4.840755, 45.755871], [4.840777, 45.755864], [4.840821, 45.75585], [4.841684, 45.755566], [4.842187, 45.755395], [4.842517, 45.755288], [4.842581, 45.755269], [4.842611, 45.755258], [4.842692, 45.755231], [4.842729, 45.755219], [4.842751, 45.755213], [4.8429, 45.755178], [4.843021, 45.755091], [4.843045, 45.755095], [4.843054, 45.755097], [4.843072, 45.755099], [4.84312, 45.755108], [4.843136, 45.755111], [4.843154, 45.755104], [4.843196, 45.755092], [4.843174, 45.755049], [4.843269, 45.754826], [4.843307, 45.754779], [4.843311, 45.754774], [4.843336, 45.754743], [4.843376, 45.754701], [4.843397, 45.754681], [4.843524, 45.754545], [4.84366, 45.754385], [4.843809, 45.754209], [4.844132, 45.753885], [4.844159, 45.753857], [4.844196, 45.75383], [4.84423, 45.753805], [4.844247, 45.753789], [4.84446, 45.753581], [4.844771, 45.753293], [4.845002, 45.753127], [4.845071, 45.753088], [4.845096, 45.753073], [4.845113, 45.753063], [4.845134, 45.753051], [4.845172, 45.753027], [4.845736, 45.752735], [4.846029, 45.752584], [4.846092, 45.752565], [4.8461, 45.752562], [4.846167, 45.752512], [4.846236, 45.752462], [4.846269, 45.752437], [4.846632, 45.752198], [4.84667, 45.752184], [4.846687, 45.752167], [4.846729, 45.752134], [4.846765, 45.7521], [4.846768, 45.752095], [4.846801, 45.752076], [4.846847, 45.752053], [4.846967, 45.751966], [4.847018, 45.751926], [4.847052, 45.751897], [4.847081, 45.751869], [4.84754, 45.751531], [4.848193, 45.751127], [4.84824, 45.751118], [4.84826, 45.751106], [4.848303, 45.75108], [4.84832, 45.751057], [4.848332, 45.751037], [4.848417, 45.750994], [4.848727, 45.750863], [4.848842, 45.750825], [4.848891, 45.750808], [4.848884, 45.750797], [4.848864, 45.750765], [4.848853, 45.750747], [4.848849, 45.75074], [4.849148, 45.750649], [4.849163, 45.750587], [4.849659, 45.750419], [4.849755, 45.750379], [4.849789, 45.750362], [4.849815, 45.750354], [4.849839, 45.750347], [4.849901, 45.750332], [4.850179, 45.750247], [4.851038, 45.749997], [4.851265, 45.749939], [4.851288, 45.749932], [4.851314, 45.749925], [4.851336, 45.749919], [4.85136, 45.749914], [4.851375, 45.749911], [4.852008, 45.749736], [4.852043, 45.749728], [4.852093, 45.749723], [4.852115, 45.749721], [4.852174, 45.749693], [4.852251, 45.749656], [4.852463, 45.749591], [4.853306, 45.74911], [4.853323, 45.749084], [4.853354, 45.749069], [4.853435, 45.749024], [4.853505, 45.748987], [4.853572, 45.748955], [4.853864, 45.748795], [4.854106, 45.748678], [4.854619, 45.748464], [4.854609, 45.74839], [4.854609, 45.748369], [4.854608, 45.748335], [4.854614, 45.748295], [4.85462, 45.748269], [4.854641, 45.748236], [4.854718, 45.747627], [4.854719, 45.747596], [4.854552, 45.747566], [4.854391, 45.747518], [4.854146, 45.747472], [4.853406, 45.747415], [4.853307, 45.747368], [4.853289, 45.747408], [4.852852, 45.747169], [4.851197, 45.746264], [4.851051, 45.746238], [4.850639, 45.746038], [4.850667, 45.746018], [4.850673, 45.746014], [4.850653, 45.746003], [4.850748, 45.745912], [4.850738, 45.745906], [4.850688, 45.74588], [4.85062, 45.745846], [4.850607, 45.74584], [4.850647, 45.745805], [4.849973, 45.745681], [4.84989, 45.745709], [4.849525, 45.745642], [4.849336, 45.745595], [4.849302, 45.745572], [4.849261, 45.745544], [4.849226, 45.745512], [4.849223, 45.745488], [4.849218, 45.745459], [4.849216, 45.745449], [4.849049, 45.74527], [4.849028, 45.745279], [4.848939, 45.74532], [4.84891, 45.745334], [4.848808, 45.745283], [4.848751, 45.745248], [4.848706, 45.745204], [4.848666, 45.745217], [4.848605, 45.745244], [4.848158, 45.745392], [4.848109, 45.745366], [4.848021, 45.745319], [4.847699, 45.745282], [4.846873, 45.745177], [4.846627, 45.745145], [4.846517, 45.745178], [4.846395, 45.745156], [4.84634, 45.745152], [4.846299, 45.745146], [4.845312, 45.745019], [4.845181, 45.745008], [4.845165, 45.745007], [4.845061, 45.744992], [4.844957, 45.744978], [4.844557, 45.744919], [4.844478, 45.744932], [4.844441, 45.744918], [4.844403, 45.744889], [4.84437, 45.744918], [4.844266, 45.74485], [4.84424, 45.744865], [4.844228, 45.744874], [4.84419, 45.744868], [4.844146, 45.74487], [4.843742, 45.74482], [4.843517, 45.744792], [4.843157, 45.744913], [4.843122, 45.744925], [4.843102, 45.744932], [4.843077, 45.744942], [4.842961, 45.744976], [4.842565, 45.745102], [4.842529, 45.745136], [4.842488, 45.74515], [4.842044, 45.745279], [4.84203, 45.745257], [4.842021, 45.745243], [4.842006, 45.745219], [4.841998, 45.745206], [4.841989, 45.745192], [4.841979, 45.745176], [4.841969, 45.74516], [4.841944, 45.74512], [4.841926, 45.745085], [4.841967, 45.745069], [4.842005, 45.745058], [4.842032, 45.745049], [4.842092, 45.745029], [4.841965, 45.744917], [4.84184, 45.744796], [4.841728, 45.744653], [4.841663, 45.74457], [4.841618, 45.744513], [4.841595, 45.74448], [4.841199, 45.743828], [4.841177, 45.743793], [4.841149, 45.743747], [4.841129, 45.743714], [4.841108, 45.743677], [4.841087, 45.743641], [4.840502, 45.742651], [4.840416, 45.742505], [4.840408, 45.742492], [4.840415, 45.742471], [4.840401, 45.742452], [4.840384, 45.742422], [4.840369, 45.742397], [4.840363, 45.742375], [4.840339, 45.742363], [4.839916, 45.741635], [4.839902, 45.74161], [4.839885, 45.741589], [4.839862, 45.741553], [4.839851, 45.741535], [4.839432, 45.740834], [4.839851, 45.741535], [4.839862, 45.741553], [4.839885, 45.741589], [4.839902, 45.74161], [4.839916, 45.741635], [4.840339, 45.742363], [4.840363, 45.742375], [4.840369, 45.742397], [4.840384, 45.742422], [4.840401, 45.742452], [4.840415, 45.742471], [4.840408, 45.742492], [4.840416, 45.742505], [4.840502, 45.742651], [4.841087, 45.743641], [4.841041, 45.743661], [4.840978, 45.74369], [4.840916, 45.743719], [4.840845, 45.74374], [4.840863, 45.743771], [4.840877, 45.74379], [4.840889, 45.743807], [4.840894, 45.743815], [4.840921, 45.74386], [4.84152, 45.744869], [4.841607, 45.745017], [4.841704, 45.745165], [4.841704, 45.74518], [4.841649, 45.745216], [4.839839, 45.74579], [4.839784, 45.745801], [4.839756, 45.745801], [4.839706, 45.745814], [4.839592, 45.745845], [4.839566, 45.745853], [4.839541, 45.74586], [4.839516, 45.745869], [4.839453, 45.745887], [4.839374, 45.745907], [4.839287, 45.74593], [4.839196, 45.74595], [4.839207, 45.745976], [4.838421, 45.74622], [4.83837, 45.746237], [4.838356, 45.746242], [4.838329, 45.74625], [4.838302, 45.746258], [4.838263, 45.746271], [4.838247, 45.746276], [4.837426, 45.746535], [4.837393, 45.746549], [4.837354, 45.746563], [4.837325, 45.746574], [4.837278, 45.746591], [4.836859, 45.746721], [4.83681, 45.746729], [4.836769, 45.746735], [4.836736, 45.746744], [4.836699, 45.746755], [4.836658, 45.746765], [4.836631, 45.746797], [4.83643, 45.746857], [4.835846, 45.747041], [4.835828, 45.747047], [4.835669, 45.747097], [4.835029, 45.747295], [4.834975, 45.74732], [4.834999, 45.747346], [4.835016, 45.747371], [4.835033, 45.747396], [4.835053, 45.747427], [4.83506, 45.747437], [4.835077, 45.747463], [4.835084, 45.747474], [4.835095, 45.747499], [4.835026, 45.747525], [4.834962, 45.747544], [4.834018, 45.747834], [4.833929, 45.747865], [4.833985, 45.747947], [4.833962, 45.747971], [4.833949, 45.747984], [4.833917, 45.748018], [4.833905, 45.748028], [4.833888, 45.748045], [4.833874, 45.748059], [4.833844, 45.74807], [4.833816, 45.748079], [4.833798, 45.748086], [4.833787, 45.74809], [4.833754, 45.748099], [4.833656, 45.74814], [4.833573, 45.748065], [4.833467, 45.748036], [4.833395, 45.748047], [4.831086, 45.74879], [4.831079, 45.748793], [4.831029, 45.748807], [4.830991, 45.748822], [4.830924, 45.748844], [4.830511, 45.748972], [4.830492, 45.748976], [4.83046, 45.748984], [4.830477, 45.749012], [4.830467, 45.749015], [4.830368, 45.749044], [4.830159, 45.74877], [4.830097, 45.748703], [4.830067, 45.74868], [4.830021, 45.748659], [4.829684, 45.748646], [4.829292, 45.748208], [4.82913, 45.748259], [4.829116, 45.748234], [4.829306, 45.748174], [4.829336, 45.74821], [4.829352, 45.748228], [4.828683, 45.74844], [4.828618, 45.748362], [4.828642, 45.748354], [4.828679, 45.748342], [4.828276, 45.747866], [4.82827, 45.747857], [4.828251, 45.747835], [4.828232, 45.747812], [4.828226, 45.747804], [4.829172, 45.747418], [4.828418, 45.746533], [4.828393, 45.746525], [4.828373, 45.746502], [4.828363, 45.746491], [4.828346, 45.746471], [4.828327, 45.746451], [4.828329, 45.746431], [4.827533, 45.745496], [4.827495, 45.745444], [4.827458, 45.745402], [4.827418, 45.745357], [4.827385, 45.745312], [4.826648, 45.744434], [4.826626, 45.74441], [4.826613, 45.744397], [4.826597, 45.744379], [4.826579, 45.744361], [4.825794, 45.743444], [4.825761, 45.743406], [4.82574, 45.743381], [4.825728, 45.743368], [4.82571, 45.743347], [4.82569, 45.743323], [4.825664, 45.743293], [4.824949, 45.742452], [4.8249, 45.742394], [4.824876, 45.742366], [4.824859, 45.742346], [4.824807, 45.742285], [4.823992, 45.741336], [4.824041, 45.741315], [4.824055, 45.74131], [4.824006, 45.741243], [4.823963, 45.741172], [4.823915, 45.74112], [4.823909, 45.741084], [4.823649, 45.740782], [4.823702, 45.740761], [4.823751, 45.740816], [4.823702, 45.740761], [4.823649, 45.740782], [4.823622, 45.740793], [4.823577, 45.740812], [4.823592, 45.740855], [4.823791, 45.741095], [4.823882, 45.741204], [4.823873, 45.741238], [4.823816, 45.741262], [4.822985, 45.74161], [4.823004, 45.741631], [4.823023, 45.741653], [4.823045, 45.741677], [4.823067, 45.741702], [4.823032, 45.741716], [4.823009, 45.741726], [4.822967, 45.741744], [4.822947, 45.741752], [4.822919, 45.741764], [4.823743, 45.742732], [4.82378, 45.742779], [4.82381, 45.742817], [4.823839, 45.742852], [4.823878, 45.742892], [4.823473, 45.743053], [4.823424, 45.743074], [4.823411, 45.743079], [4.823396, 45.743085], [4.823351, 45.743103], [4.822932, 45.743272], [4.822953, 45.743309], [4.823389, 45.743818], [4.823373, 45.743825], [4.823334, 45.743841], [4.823299, 45.743856], [4.823278, 45.743865], [4.823565, 45.744205], [4.823587, 45.744231], [4.823605, 45.744252], [4.823612, 45.744261], [4.82364, 45.744316], [4.8236, 45.744351], [4.823449, 45.74441], [4.823507, 45.74448], [4.823419, 45.744735], [4.823364, 45.744894], [4.823351, 45.744931], [4.823343, 45.744954], [4.823354, 45.745059], [4.823311, 45.745077], [4.823406, 45.745187], [4.823409, 45.745219], [4.823331, 45.745317], [4.823292, 45.745334], [4.823304, 45.745347], [4.823327, 45.745376], [4.823486, 45.745553], [4.823516, 45.745604], [4.823544, 45.745648], [4.82356, 45.745665], [4.823584, 45.745693], [4.823608, 45.745715], [4.823678, 45.745772], [4.824358, 45.746584], [4.824382, 45.746613], [4.824424, 45.746663], [4.824459, 45.746705], [4.824465, 45.746712], [4.82439, 45.746743], [4.824326, 45.74677], [4.824299, 45.746782], [4.824236, 45.746809], [4.824165, 45.746839], [4.824136, 45.746851], [4.824165, 45.746887], [4.824705, 45.747524], [4.82448, 45.747618], [4.824678, 45.747842], [4.824758, 45.747933], [4.824117, 45.748203], [4.824066, 45.748218], [4.824045, 45.748223], [4.824013, 45.748235], [4.823988, 45.748245], [4.823958, 45.748256], [4.823951, 45.748278], [4.823777, 45.748347], [4.823399, 45.748505], [4.822799, 45.748755], [4.822494, 45.748879], [4.821976, 45.749094], [4.821992, 45.749118], [4.822004, 45.749134], [4.822018, 45.749151], [4.82204, 45.749174], [4.822011, 45.749188], [4.821983, 45.749198], [4.821955, 45.749207], [4.821926, 45.749217], [4.822282, 45.74965], [4.822537, 45.749948], [4.82275, 45.750199], [4.822743, 45.750214], [4.822761, 45.750244], [4.822773, 45.750264], [4.822787, 45.750287], [4.822813, 45.750366], [4.822816, 45.750379], [4.82281, 45.750416], [4.822805, 45.750442], [4.822804, 45.750458], [4.822908, 45.750527], [4.82297, 45.750569], [4.823107, 45.750692], [4.823262, 45.750869], [4.823277, 45.750911], [4.823236, 45.750907], [4.823201, 45.750915], [4.823158, 45.750925], [4.82314, 45.750932], [4.823152, 45.750953], [4.823155, 45.751005], [4.823123, 45.751076], [4.823086, 45.751094], [4.821771, 45.75152], [4.821706, 45.75152], [4.821677, 45.75152], [4.82104, 45.75124], [4.820974, 45.751289], [4.820941, 45.751305], [4.820876, 45.751305], [4.820709, 45.751313], [4.820655, 45.751309], [4.820629, 45.751357], [4.820449, 45.751429], [4.820311, 45.751507], [4.82017, 45.751603], [4.820101, 45.751672], [4.820046, 45.75174], [4.819958, 45.75189], [4.819922, 45.75198], [4.819898, 45.752103], [4.819925, 45.752208], [4.819875, 45.752251], [4.819741, 45.752154], [4.819678, 45.75207], [4.819657, 45.751975], [4.819628, 45.751913], [4.819531, 45.751859], [4.819495, 45.751874], [4.819466, 45.751851], [4.819319, 45.751812], [4.819178, 45.751773], [4.818856, 45.751665], [4.818236, 45.751242], [4.817997, 45.751117], [4.817146, 45.75112], [4.817032, 45.751098], [4.816953, 45.751056], [4.816518, 45.750909], [4.816431, 45.750898], [4.816363, 45.750876], [4.816131, 45.750802], [4.815872, 45.750666], [4.815802, 45.750633], [4.815701, 45.750632], [4.81558, 45.750604], [4.815438, 45.75059], [4.815235, 45.750588], [4.814741, 45.750622], [4.814665, 45.750613], [4.814595, 45.750568], [4.814573, 45.750525], [4.814605, 45.750347], [4.814665, 45.750015], [4.814661, 45.749978], [4.814627, 45.749668], [4.814626, 45.749651], [4.814613, 45.749575], [4.814478, 45.749307], [4.814339, 45.748871], [4.814287, 45.74881], [4.813975, 45.748566], [4.813883, 45.748479], [4.813553, 45.748213], [4.813408, 45.748021], [4.813399, 45.748009], [4.813263, 45.747801], [4.813156, 45.747723], [4.812891, 45.747545], [4.812486, 45.747403], [4.812429, 45.747353], [4.812241, 45.746747], [4.812238, 45.746556], [4.812325, 45.746292], [4.81233, 45.746173], [4.812275, 45.746046], [4.812198, 45.745944], [4.811003, 45.746441], [4.810975, 45.746453], [4.810918, 45.746477], [4.810989, 45.746549], [4.811059, 45.746639], [4.811335, 45.74719], [4.811059, 45.746639], [4.810989, 45.746549], [4.810918, 45.746477], [4.810975, 45.746453], [4.811003, 45.746441], [4.812198, 45.745944], [4.812275, 45.746046], [4.81233, 45.746173], [4.812325, 45.746292], [4.812238, 45.746556], [4.812241, 45.746747], [4.812429, 45.747353], [4.812486, 45.747403], [4.812891, 45.747545], [4.813156, 45.747723], [4.813263, 45.747801], [4.813399, 45.748009], [4.813408, 45.748021], [4.813553, 45.748213], [4.813883, 45.748479], [4.813975, 45.748566], [4.814287, 45.74881], [4.814339, 45.748871], [4.814478, 45.749307], [4.814613, 45.749575], [4.814626, 45.749651], [4.814627, 45.749668], [4.814661, 45.749978], [4.814665, 45.750015], [4.814605, 45.750347], [4.814573, 45.750525], [4.814595, 45.750568], [4.814665, 45.750613], [4.814741, 45.750622], [4.815235, 45.750588], [4.815438, 45.75059], [4.81558, 45.750604], [4.815701, 45.750632], [4.815788, 45.750701], [4.816083, 45.751037], [4.816394, 45.751369], [4.816482, 45.751532], [4.816492, 45.751562], [4.816493, 45.75159], [4.816532, 45.751622], [4.81655, 45.75166], [4.816642, 45.751775], [4.816633, 45.751779], [4.816593, 45.751796], [4.816554, 45.751812], [4.816543, 45.751819], [4.816518, 45.751844], [4.816488, 45.751875], [4.816485, 45.751903], [4.816493, 45.751937], [4.8165, 45.751973], [4.816503, 45.752], [4.816512, 45.752035], [4.816519, 45.752058], [4.816531, 45.752067], [4.816441, 45.752119], [4.816384, 45.752174], [4.816335, 45.752342], [4.816255, 45.752845], [4.816241, 45.752897], [4.816194, 45.752993], [4.816165, 45.753144], [4.816169, 45.753242], [4.816178, 45.753356], [4.81626, 45.754142], [4.816323, 45.754794], [4.816346, 45.75484], [4.816392, 45.754863], [4.816554, 45.755058], [4.816542, 45.755105], [4.816529, 45.755133], [4.816517, 45.755162], [4.816501, 45.755187], [4.816339, 45.755345], [4.816006, 45.755642], [4.815992, 45.755664], [4.816017, 45.755691], [4.816125, 45.755739], [4.816372, 45.755824], [4.816426, 45.755824], [4.816597, 45.755873], [4.816816, 45.755937], [4.817482, 45.75613], [4.817561, 45.756182], [4.817586, 45.756198], [4.817599, 45.756227], [4.817649, 45.756216], [4.818557, 45.756023], [4.818653, 45.756024], [4.818724, 45.756029], [4.818764, 45.756051], [4.818924, 45.756067], [4.818974, 45.756073], [4.819069, 45.756093], [4.819232, 45.756144], [4.819262, 45.756154], [4.819719, 45.75631], [4.819787, 45.756334], [4.820093, 45.756462], [4.820118, 45.756435], [4.820151, 45.756402], [4.820523, 45.756619], [4.820845, 45.75686], [4.820923, 45.756882], [4.821121, 45.757018], [4.821438, 45.757254], [4.821574, 45.757385], [4.821592, 45.757377], [4.821602, 45.757386], [4.821708, 45.757484], [4.821745, 45.7575], [4.821781, 45.757531], [4.821814, 45.757561], [4.82192, 45.757629], [4.822018, 45.757678], [4.822124, 45.757714], [4.822335, 45.757758], [4.822435, 45.757767], [4.822598, 45.757766], [4.822715, 45.757755], [4.823138, 45.757706], [4.823407, 45.757747], [4.823483, 45.757764], [4.823528, 45.757789], [4.82356, 45.757817], [4.823724, 45.758158], [4.823768, 45.758229], [4.823825, 45.758292], [4.824082, 45.758388], [4.824341, 45.758467], [4.824439, 45.75852], [4.824472, 45.758556], [4.82459, 45.758685], [4.824885, 45.759005], [4.824921, 45.759032], [4.825384, 45.759408], [4.825505, 45.759488], [4.825518, 45.75952], [4.825594, 45.759683], [4.825772, 45.759718], [4.826098, 45.759771], [4.826313, 45.759798], [4.826352, 45.759793], [4.826432, 45.759778], [4.826478, 45.759769], [4.826547, 45.759942], [4.826595, 45.759934], [4.826651, 45.759915], [4.827258, 45.759739], [4.827304, 45.759725], [4.827327, 45.759718], [4.827348, 45.759711], [4.827361, 45.759703], [4.827661, 45.759627], [4.827749, 45.759597], [4.827782, 45.759582], [4.827819, 45.759565], [4.827829, 45.759561], [4.827838, 45.759557], [4.827851, 45.759551], [4.827867, 45.759544], [4.827873, 45.759542], [4.827892, 45.759559], [4.827944, 45.759577], [4.827964, 45.759572], [4.828242, 45.759518], [4.829048, 45.759286], [4.829312, 45.759182], [4.829339, 45.759187], [4.829377, 45.759194], [4.829398, 45.7592], [4.829427, 45.759207], [4.829462, 45.759192], [4.829534, 45.759162], [4.82956, 45.759151], [4.829569, 45.759147], [4.82958, 45.759143], [4.829612, 45.759141], [4.829937, 45.759019], [4.829957, 45.759012], [4.829979, 45.759004], [4.830007, 45.758996], [4.83002, 45.758998], [4.830032, 45.759], [4.830669, 45.758818], [4.830699, 45.758794], [4.830721, 45.758788], [4.830748, 45.75878], [4.830801, 45.758764], [4.830821, 45.758759], [4.830866, 45.758746], [4.830899, 45.758736], [4.83093, 45.758721], [4.830953, 45.758709], [4.831181, 45.758637], [4.831335, 45.758593], [4.831734, 45.758487], [4.831685, 45.75839], [4.831695, 45.758387], [4.831788, 45.758362], [4.831826, 45.758351], [4.831788, 45.758283], [4.832152, 45.758176], [4.831955, 45.75781]]}, "properties": {"heading": 180, "length_km": 13.174, "retrace": 0.202}}, {"type": "Feature", "geometry": {"type": "LineString", "coordinates": [[4.831955, 45.75781], [4.831794, 45.757511], [4.831452, 45.757605], [4.831424, 45.757555], [4.831406, 45.75756], [4.831321, 45.757584], [4.831303, 45.757589], [4.831201, 45.757496], [4.831154, 45.757413], [4.831797, 45.757235], [4.831701, 45.757072], [4.831629, 45.756949], [4.83162, 45.756936], [4.831598, 45.756904], [4.831566, 45.756861], [4.831543, 45.756831], [4.831488, 45.756752], [4.831074, 45.756046], [4.831636, 45.755817], [4.831632, 45.755811], [4.831621, 45.755794], [4.831659, 45.755778], [4.831644, 45.755748], [4.831678, 45.755741], [4.831686, 45.755737], [4.832404, 45.755449], [4.832613, 45.75536], [4.832711, 45.755318], [4.832724, 45.755306], [4.832778, 45.75527], [4.832824, 45.755259], [4.832629, 45.75488], [4.832601, 45.754752], [4.832599, 45.754702], [4.832611, 45.754658], [4.832643, 45.754659], [4.83268, 45.75466], [4.832735, 45.754607], [4.833389, 45.754347], [4.833431, 45.754331], [4.834053, 45.754088], [4.834133, 45.754061], [4.834171, 45.754048], [4.834257, 45.754012], [4.834317, 45.753987], [4.834354, 45.753841], [4.834437, 45.753812], [4.834503, 45.753789], [4.834557, 45.753771], [4.834248, 45.75333], [4.834195, 45.753145], [4.834189, 45.75309], [4.834215, 45.753072], [4.836824, 45.752045], [4.836878, 45.75204], [4.836912, 45.752027], [4.836933, 45.752018], [4.83696, 45.752009], [4.837017, 45.751989], [4.837052, 45.751977], [4.83709, 45.751961], [4.837161, 45.751934], [4.837221, 45.751909], [4.837867, 45.751669], [4.837913, 45.751652], [4.837927, 45.751646], [4.837969, 45.75163], [4.838008, 45.751615], [4.838069, 45.751591], [4.838167, 45.75155], [4.838623, 45.751374], [4.838651, 45.751363], [4.838709, 45.751339], [4.838721, 45.751334], [4.83875, 45.751323], [4.838724, 45.751285], [4.838705, 45.751258], [4.838685, 45.751229], [4.838715, 45.751212], [4.839425, 45.750803], [4.839422, 45.750798], [4.839391, 45.750754], [4.839361, 45.750712], [4.839357, 45.750706], [4.839345, 45.750692], [4.839371, 45.750676], [4.839371, 45.750663], [4.839373, 45.750642], [4.839426, 45.750617], [4.83948, 45.750589], [4.839502, 45.750575], [4.839566, 45.750524], [4.839989, 45.750281], [4.84002, 45.750248], [4.840059, 45.750235], [4.840076, 45.750228], [4.840123, 45.750207], [4.840155, 45.750188], [4.840971, 45.749699], [4.841008, 45.749674], [4.841042, 45.749663], [4.841072, 45.749652], [4.841077, 45.749649], [4.841156, 45.749607], [4.841211, 45.749573], [4.841443, 45.749433], [4.84149, 45.749407], [4.84148, 45.749399], [4.841844, 45.749194], [4.841867, 45.749182], [4.84189, 45.749167], [4.841916, 45.749151], [4.841925, 45.749144], [4.841959, 45.749124], [4.842694, 45.74868], [4.842703, 45.748674], [4.842742, 45.748649], [4.842784, 45.748621], [4.842797, 45.748613], [4.842812, 45.748614], [4.843496, 45.748221], [4.843548, 45.748186], [4.843607, 45.748146], [4.843665, 45.7481], [4.843722, 45.748072], [4.844229, 45.747772], [4.844266, 45.747762], [4.844292, 45.747746], [4.844306, 45.747738], [4.844335, 45.747721], [4.844983, 45.747331], [4.845015, 45.747309], [4.845028, 45.747302], [4.845061, 45.747285], [4.845093, 45.747268], [4.845474, 45.747035], [4.845522, 45.747011], [4.845562, 45.746992], [4.845596, 45.746969], [4.845628, 45.746947], [4.845641, 45.746939], [4.845644, 45.746937], [4.845702, 45.746897], [4.845706, 45.746885], [4.845768, 45.746893], [4.845943, 45.746789], [4.846324, 45.746562], [4.846449, 45.74647], [4.847307, 45.745961], [4.847321, 45.745975], [4.847351, 45.745957], [4.847319, 45.74574], [4.847757, 45.74557], [4.847739, 45.745552], [4.847731, 45.745544], [4.847712, 45.745523], [4.848109, 45.745366], [4.848021, 45.745319], [4.847699, 45.745282], [4.847638, 45.7452], [4.84741, 45.744893], [4.847378, 45.744863], [4.847351, 45.744817], [4.847475, 45.744769], [4.847669, 45.744172], [4.847671, 45.744114], [4.847622, 45.744065], [4.847221, 45.743631], [4.847193, 45.743591], [4.847178, 45.743569], [4.847143, 45.743527], [4.847124, 45.7435], [4.84711, 45.743481], [4.847102, 45.74347], [4.847123, 45.743454], [4.847108, 45.743444], [4.847115, 45.743414], [4.847109, 45.743352], [4.84709, 45.743242], [4.847109, 45.743352], [4.847115, 45.743414], [4.847108, 45.743444], [4.847123, 45.743454], [4.847102, 45.74347], [4.846474, 45.743676], [4.842123, 45.745057], [4.842092, 45.745029], [4.841965, 45.744917], [4.84184, 45.744796], [4.841728, 45.744653], [4.841663, 45.74457], [4.841618, 45.744513], [4.841595, 45.74448], [4.841199, 45.743828], [4.841177, 45.743793], [4.841125, 45.743809], [4.84106, 45.743826], [4.84099, 45.743845], [4.840921, 45.74386], [4.840894, 45.743815], [4.840851, 45.743825], [4.839996, 45.744129], [4.838171, 45.744105], [4.835371, 45.744345], [4.835317, 45.744359], [4.835316, 45.744353], [4.835307, 45.744327], [4.835296, 45.744295], [4.83529, 45.74428], [4.835262, 45.744282], [4.835182, 45.744211], [4.834813, 45.743833], [4.834537, 45.743571], [4.834398, 45.743418], [4.834397, 45.743402], [4.834392, 45.743387], [4.834361, 45.743355], [4.834333, 45.743319], [4.834315, 45.743306], [4.834048, 45.742978], [4.8339, 45.74261], [4.833713, 45.742401], [4.833648, 45.742317], [4.833597, 45.742273], [4.833581, 45.742257], [4.83355, 45.742226], [4.833529, 45.742203], [4.833515, 45.742208], [4.833467, 45.742196], [4.833441, 45.74217], [4.8331, 45.741824], [4.833183, 45.741784], [4.832922, 45.741491], [4.832311, 45.74081], [4.83213, 45.740608], [4.832089, 45.740567], [4.832032, 45.740592], [4.831973, 45.740522], [4.831885, 45.740417], [4.831918, 45.740371], [4.831889, 45.740337], [4.831854, 45.740292], [4.831797, 45.740221], [4.831786, 45.740203], [4.831894, 45.740188], [4.8322, 45.740076], [4.831894, 45.740188], [4.831786, 45.740203], [4.831561, 45.739949], [4.830899, 45.739202], [4.830835, 45.739163], [4.830828, 45.739051], [4.830837, 45.739036], [4.830806, 45.739029], [4.830746, 45.739015], [4.830713, 45.739006], [4.830647, 45.738989], [4.830484, 45.739029], [4.830348, 45.739062], [4.830332, 45.739066], [4.830098, 45.739086], [4.830089, 45.73905], [4.830078, 45.739014], [4.830064, 45.738964], [4.830054, 45.738941], [4.82992, 45.738574], [4.829417, 45.738013], [4.828071, 45.736484], [4.827554, 45.735878], [4.827515, 45.735832], [4.827496, 45.735809], [4.827475, 45.735786], [4.827447, 45.735756], [4.827425, 45.735735], [4.827388, 45.735658], [4.827336, 45.735575], [4.827223, 45.73551], [4.826023, 45.734141], [4.825942, 45.734038], [4.825942, 45.733998], [4.825905, 45.733932], [4.825895, 45.733914], [4.825881, 45.733881], [4.825736, 45.733823], [4.82563, 45.733672], [4.825003, 45.732942], [4.824939, 45.732894], [4.824578, 45.7329], [4.82402, 45.732917], [4.824017, 45.732951], [4.823989, 45.73295], [4.823903, 45.732951], [4.823781, 45.732954], [4.823735, 45.732954], [4.823707, 45.732788], [4.823648, 45.732688], [4.823615, 45.732613], [4.823615, 45.732576], [4.823613, 45.732547], [4.823613, 45.732519], [4.823613, 45.732481], [4.823612, 45.73243], [4.823613, 45.732421], [4.822969, 45.732612], [4.822657, 45.732702], [4.822006, 45.73289], [4.821954, 45.732905], [4.821719, 45.732974], [4.819018, 45.733694], [4.818642, 45.733788], [4.8186, 45.733782], [4.818592, 45.733769], [4.81858, 45.733751], [4.818569, 45.733736], [4.818562, 45.733722], [4.818548, 45.733705], [4.818539, 45.733691], [4.818533, 45.73368], [4.818474, 45.733697], [4.818453, 45.733672], [4.818394, 45.733666], [4.818284, 45.733711], [4.818233, 45.733733], [4.817917, 45.733862], [4.817848, 45.733908], [4.817755, 45.733951], [4.817713, 45.733953], [4.817637, 45.733944], [4.817635, 45.733952], [4.817594, 45.734163], [4.817589, 45.73419], [4.817424, 45.734902], [4.816946, 45.735854], [4.816746, 45.736318], [4.816613, 45.736806], [4.8166, 45.737159], [4.816623, 45.737455], [4.816668, 45.737636], [4.816675, 45.73766], [4.816738, 45.737848], [4.81681, 45.738026], [4.817058, 45.738462], [4.817561, 45.73907], [4.81757, 45.739082], [4.817592, 45.739108], [4.817624, 45.739147], [4.817632, 45.739156], [4.818056, 45.739669], [4.818095, 45.739712], [4.818076, 45.73974], [4.818059, 45.739749], [4.818072, 45.739761], [4.818111, 45.739808], [4.818133, 45.739834], [4.818162, 45.739862], [4.818203, 45.739904], [4.818233, 45.739893], [4.819199, 45.741017], [4.819163, 45.741028], [4.819201, 45.741066], [4.819495, 45.741414], [4.819508, 45.741435], [4.819552, 45.741484], [4.817662, 45.742273], [4.817675, 45.742289], [4.817619, 45.742313], [4.817678, 45.742385], [4.817625, 45.742406], [4.817599, 45.742416], [4.81761, 45.742428], [4.817607, 45.742437], [4.817965, 45.742854], [4.817912, 45.742876], [4.817869, 45.742894], [4.817829, 45.74291], [4.817789, 45.742927], [4.817719, 45.742956], [4.817698, 45.742966], [4.81768, 45.742974], [4.817625, 45.742966], [4.81691, 45.743262], [4.816909, 45.743263], [4.817127, 45.743521], [4.81709, 45.743536], [4.816998, 45.743574], [4.817048, 45.743628], [4.817097, 45.74369], [4.81734, 45.743975], [4.81735, 45.743986], [4.81741, 45.743961], [4.817431, 45.743981], [4.817455, 45.744005], [4.817476, 45.744027], [4.817513, 45.744065], [4.817416, 45.744113], [4.817507, 45.744237], [4.818033, 45.744849], [4.818189, 45.74504], [4.818161, 45.745052], [4.818128, 45.745066], [4.818099, 45.745078], [4.818084, 45.745084], [4.818046, 45.7451], [4.817444, 45.74535], [4.817088, 45.745498], [4.816965, 45.745549], [4.816918, 45.745611], [4.816959, 45.745659], [4.817045, 45.745757], [4.817051, 45.745813], [4.817572, 45.746428], [4.817715, 45.746596], [4.818599, 45.747641], [4.818589, 45.747645], [4.818515, 45.747692], [4.818527, 45.747702], [4.818661, 45.747796], [4.819672, 45.748532], [4.819901, 45.748699], [4.819974, 45.74875], [4.821038, 45.749495], [4.821197, 45.749606], [4.821717, 45.749978], [4.822028, 45.750195], [4.822054, 45.7502], [4.822115, 45.750211], [4.822466, 45.750454], [4.822732, 45.750644], [4.823126, 45.75091], [4.82314, 45.750932], [4.823152, 45.750953], [4.823155, 45.751005], [4.823123, 45.751076], [4.823086, 45.751094], [4.821771, 45.75152], [4.821706, 45.75152], [4.821677, 45.75152], [4.82104, 45.75124], [4.820974, 45.751289], [4.820941, 45.751305], [4.820876, 45.751305], [4.820709, 45.751313], [4.820655, 45.751309], [4.820629, 45.751357], [4.820449, 45.751429], [4.820311, 45.751507], [4.82017, 45.751603], [4.820101, 45.751672], [4.820046, 45.75174], [4.819958, 45.75189], [4.819922, 45.75198], [4.819898, 45.752103], [4.819925, 45.752208], [4.819875, 45.752251], [4.819741, 45.752154], [4.819678, 45.75207], [4.819657, 45.751975], [4.819628, 45.751913], [4.819531, 45.751859], [4.819495, 45.751874], [4.819507, 45.751892], [4.819508, 45.751932], [4.81947, 45.751934], [4.819445, 45.751948], [4.81916, 45.752201], [4.819104, 45.752235], [4.819037, 45.752252], [4.818893, 45.752318], [4.818765, 45.752439], [4.818736, 45.752457], [4.818687, 45.752468], [4.818448, 45.752462], [4.818366, 45.752476], [4.817816, 45.752706], [4.817381, 45.752871], [4.817344, 45.752909], [4.817338, 45.752905], [4.817338, 45.752864], [4.817321, 45.75286], [4.817309, 45.752917], [4.817291, 45.752915], [4.817253, 45.752911], [4.817219, 45.752907], [4.817186, 45.752903], [4.817149, 45.752899], [4.817113, 45.752894], [4.817104, 45.752893], [4.817079, 45.752967], [4.817032, 45.752983], [4.816542, 45.753142], [4.816423, 45.75318], [4.816289, 45.753211], [4.81621, 45.753211], [4.816214, 45.753225], [4.816201, 45.753242], [4.816169, 45.753242], [4.816178, 45.753356], [4.816168, 45.753356], [4.816124, 45.753359], [4.816081, 45.753361], [4.816057, 45.753363], [4.81605, 45.753284], [4.816049, 45.753275], [4.81605, 45.753254], [4.815828, 45.753269], [4.815039, 45.753536], [4.814616, 45.753724], [4.814191, 45.753893], [4.813776, 45.753982], [4.813206, 45.754268], [4.813194, 45.754261], [4.813176, 45.75425], [4.813149, 45.75423], [4.812629, 45.754626], [4.812564, 45.754675], [4.812568, 45.754687], [4.812572, 45.754698], [4.812475, 45.754785], [4.812502, 45.754827], [4.812487, 45.754834], [4.812451, 45.754851], [4.812408, 45.75487], [4.81236, 45.754894], [4.812312, 45.754878], [4.812131, 45.754932], [4.812112, 45.754961], [4.812089, 45.754962], [4.812044, 45.754971], [4.811993, 45.754981], [4.811977, 45.754985], [4.81195, 45.754984], [4.811733, 45.75504], [4.811003, 45.755291], [4.810343, 45.755442], [4.81034, 45.755434], [4.81032, 45.755388], [4.810304, 45.755352], [4.810297, 45.755336], [4.809633, 45.755479], [4.809074, 45.755517], [4.808939, 45.755476], [4.808921, 45.75545], [4.808893, 45.75544], [4.808775, 45.755389], [4.808757, 45.755386], [4.808684, 45.755362], [4.808629, 45.755345], [4.808614, 45.75534], [4.808607, 45.755357], [4.808573, 45.755362], [4.808511, 45.755338], [4.808453, 45.755312], [4.808066, 45.755162], [4.808043, 45.755132], [4.807961, 45.7551], [4.807905, 45.755099], [4.807513, 45.754935], [4.807305, 45.754822], [4.807419, 45.754512], [4.807525, 45.75443], [4.808016, 45.753718], [4.807997, 45.753712], [4.807982, 45.753707], [4.807905, 45.753683], [4.807834, 45.753662], [4.807819, 45.753657], [4.807804, 45.753653], [4.808002, 45.75334], [4.808316, 45.752775], [4.808643, 45.752097], [4.80859, 45.752109], [4.808294, 45.752661], [4.80795, 45.752783], [4.808294, 45.752661], [4.80859, 45.752109], [4.808643, 45.752097], [4.808316, 45.752775], [4.808002, 45.75334], [4.807804, 45.753653], [4.807697, 45.753821], [4.807415, 45.754225], [4.807227, 45.754481], [4.807028, 45.754726], [4.807049, 45.754732], [4.807065, 45.754738], [4.807079, 45.754742], [4.807093, 45.754747], [4.807156, 45.754769], [4.807255, 45.754805], [4.807305, 45.754822], [4.807513, 45.754935], [4.807905, 45.755099], [4.807961, 45.7551], [4.808043, 45.755132], [4.808066, 45.755162], [4.808453, 45.755312], [4.808511, 45.755338], [4.808573, 45.755362], [4.808607, 45.755357], [4.808614, 45.75534], [4.808629, 45.755345], [4.808684, 45.755362], [4.808757, 45.755386], [4.808775, 45.755389], [4.808893, 45.75544], [4.808921, 45.75545], [4.808939, 45.755476], [4.809074, 45.755517], [4.809633, 45.755479], [4.810297, 45.755336], [4.810635, 45.755256], [4.810932, 45.755218], [4.811008, 45.755207], [4.811179, 45.755146], [4.812209, 45.754738], [4.812216, 45.754746], [4.81224, 45.754778], [4.81226, 45.754806], [4.812269, 45.754819], [4.812285, 45.75484], [4.812303, 45.754864], [4.812312, 45.754878], [4.81236, 45.754894], [4.812408, 45.75487], [4.812451, 45.754851], [4.812487, 45.754834], [4.812502, 45.754827], [4.812511, 45.754829], [4.812525, 45.754833], [4.812537, 45.754851], [4.812799, 45.755252], [4.812786, 45.755269], [4.81278, 45.755279], [4.812877, 45.755447], [4.812924, 45.755477], [4.813273, 45.75541], [4.813411, 45.755385], [4.81342, 45.755405], [4.813776, 45.755334], [4.813807, 45.755328], [4.813892, 45.755311], [4.813885, 45.755292], [4.81402, 45.755267], [4.814407, 45.755175], [4.814472, 45.755175], [4.81452, 45.755185], [4.814909, 45.755436], [4.814976, 45.755479], [4.814979, 45.755492], [4.815266, 45.755668], [4.815313, 45.755681], [4.815363, 45.755682], [4.815814, 45.755641], [4.815862, 45.755637], [4.81589, 45.75561], [4.815896, 45.755613], [4.815936, 45.755631], [4.815974, 45.755649], [4.815992, 45.755664], [4.816017, 45.755691], [4.816125, 45.755739], [4.816372, 45.755824], [4.816426, 45.755824], [4.816597, 45.755873], [4.816816, 45.755937], [4.817482, 45.75613], [4.817561, 45.756182], [4.817586, 45.756198], [4.817599, 45.756227], [4.817649, 45.756216], [4.818557, 45.756023], [4.818653, 45.756024], [4.818724, 45.756029], [4.818764, 45.756051], [4.818924, 45.756067], [4.818974, 45.756073], [4.819069, 45.756093], [4.819232, 45.756144], [4.819262, 45.756154], [4.819719, 45.75631], [4.819787, 45.756334], [4.820093, 45.756462], [4.820118, 45.756435], [4.820151, 45.756402], [4.820523, 45.756619], [4.820845, 45.75686], [4.820923, 45.756882], [4.821121, 45.757018], [4.821438, 45.757254], [4.821574, 45.757385], [4.821592, 45.757377], [4.821602, 45.757386], [4.821708, 45.757484], [4.821745, 45.7575], [4.821781, 45.757531], [4.821814, 45.757561], [4.82192, 45.757629], [4.822018, 45.757678], [4.822124, 45.757714], [4.822335, 45.757758], [4.822435, 45.757767], [4.822598, 45.757766], [4.822715, 45.757755], [4.823138, 45.757706], [4.823407, 45.757747], [4.823483, 45.757764], [4.823528, 45.757789], [4.82356, 45.757817], [4.823724, 45.758158], [4.823768, 45.758229], [4.823825, 45.758292], [4.824082, 45.758388], [4.824341, 45.758467], [4.824439, 45.75852], [4.824472, 45.758556], [4.82459, 45.758685], [4.824885, 45.759005], [4.824921, 45.759032], [4.825384, 45.759408], [4.825505, 45.759488], [4.825518, 45.75952], [4.825594, 45.759683], [4.825772, 45.759718], [4.826098, 45.759771], [4.826313, 45.759798], [4.826352, 45.759793], [4.826432, 45.759778], [4.826478, 45.759769], [4.826547, 45.759942], [4.826595, 45.759934], [4.826651, 45.759915], [4.827258, 45.759739], [4.827304, 45.759725], [4.827327, 45.759718], [4.827348, 45.759711], [4.827361, 45.759703], [4.827661, 45.759627], [4.827749, 45.759597], [4.827782, 45.759582], [4.827819, 45.759565], [4.827829, 45.759561], [4.827838, 45.759557], [4.827851, 45.759551], [4.827867, 45.759544], [4.827873, 45.759542], [4.827892, 45.759559], [4.827944, 45.759577], [4.827964, 45.759572], [4.828242, 45.759518], [4.829048, 45.759286], [4.829312, 45.759182], [4.829339, 45.759187], [4.829377, 45.759194], [4.829398, 45.7592], [4.829427, 45.759207], [4.829462, 45.759192], [4.829534, 45.759162], [4.82956, 45.759151], [4.829569, 45.759147], [4.82958, 45.759143], [4.829612, 45.759141], [4.829937, 45.759019], [4.829957, 45.759012], [4.829979, 45.759004], [4.830007, 45.758996], [4.83002, 45.758998], [4.830032, 45.759], [4.830669, 45.758818], [4.830699, 45.758794], [4.830721, 45.758788], [4.830748, 45.75878], [4.830801, 45.758764], [4.830821, 45.758759], [4.830866, 45.758746], [4.830899, 45.758736], [4.83093, 45.758721], [4.830953, 45.758709], [4.831181, 45.758637], [4.831335, 45.758593], [4.831734, 45.758487], [4.831685, 45.75839], [4.831695, 45.758387], [4.831788, 45.758362], [4.831826, 45.758351], [4.831788, 45.758283], [4.832152, 45.758176], [4.831955, 45.75781]]}, "properties": {"heading": 198, "length_km": 13.21, "retrace": 0.095}}, {"type": "Feature", "geometry": {"type": "LineString", "coordinates": [[4.831955, 45.75781], [4.831794, 45.757511], [4.831452, 45.757605], [4.831424, 45.757555], [4.831406, 45.75756], [4.831321, 45.757584], [4.831303, 45.757589], [4.831201, 45.757496], [4.831154, 45.757413], [4.831797, 45.757235], [4.831701, 45.757072], [4.831629, 45.756949], [4.83162, 45.756936], [4.831598, 45.756904], [4.831566, 45.756861], [4.831543, 45.756831], [4.831488, 45.756752], [4.831074, 45.756046], [4.831636, 45.755817], [4.831632, 45.755811], [4.831621, 45.755794], [4.831659, 45.755778], [4.831644, 45.755748], [4.831678, 45.755741], [4.831686, 45.755737], [4.832404, 45.755449], [4.832613, 45.75536], [4.832711, 45.755318], [4.832724, 45.755306], [4.832778, 45.75527], [4.832824, 45.755259], [4.832629, 45.75488], [4.832601, 45.754752], [4.832599, 45.754702], [4.832611, 45.754658], [4.832643, 45.754659], [4.83268, 45.75466], [4.832735, 45.754607], [4.833389, 45.754347], [4.833431, 45.754331], [4.834053, 45.754088], [4.834133, 45.754061], [4.834171, 45.754048], [4.834257, 45.754012], [4.834317, 45.753987], [4.834354, 45.753841], [4.834437, 45.753812], [4.834503, 45.753789], [4.834557, 45.753771], [4.834248, 45.75333], [4.834195, 45.753145], [4.834189, 45.75309], [4.834215, 45.753072], [4.836824, 45.752045], [4.836878, 45.75204], [4.836912, 45.752027], [4.836933, 45.752018], [4.83696, 45.752009], [4.837017, 45.751989], [4.837052, 45.751977], [4.83709, 45.751961], [4.837161, 45.751934], [4.837221, 45.751909], [4.837867, 45.751669], [4.837913, 45.751652], [4.837927, 45.751646], [4.837969, 45.75163], [4.838008, 45.751615], [4.838069, 45.751591], [4.838167, 45.75155], [4.838623, 45.751374], [4.838651, 45.751363], [4.838709, 45.751339], [4.838721, 45.751334], [4.83875, 45.751323], [4.838724, 45.751285], [4.838705, 45.751258], [4.838685, 45.751229], [4.838715, 45.751212], [4.839425, 45.750803], [4.839422, 45.750798], [4.839391, 45.750754], [4.839361, 45.750712], [4.839357, 45.750706], [4.839345, 45.750692], [4.839371, 45.750676], [4.839371, 45.750663], [4.839373, 45.750642], [4.839426, 45.750617], [4.83948, 45.750589], [4.839502, 45.750575], [4.839566, 45.750524], [4.839989, 45.750281], [4.84002, 45.750248], [4.840059, 45.750235], [4.840076, 45.750228], [4.840123, 45.750207], [4.840155, 45.750188], [4.840971, 45.749699], [4.841008, 45.749674], [4.841042, 45.749663], [4.841072, 45.749652], [4.841077, 45.749649], [4.841113, 45.749624], [4.84115, 45.749601], [4.84117, 45.749589], [4.841206, 45.749557], [4.841207, 45.749513], [4.841213, 45.749239], [4.841214, 45.749188], [4.841224, 45.749179], [4.841246, 45.74916], [4.841493, 45.748943], [4.841506, 45.748933], [4.841537, 45.748908], [4.841549, 45.748899], [4.841559, 45.74889], [4.841588, 45.748852], [4.841839, 45.748619], [4.841996, 45.748163], [4.842019, 45.74813], [4.842041, 45.748095], [4.842055, 45.748067], [4.842066, 45.748045], [4.842093, 45.748026], [4.842041, 45.747988], [4.84209, 45.747825], [4.842099, 45.747799], [4.842127, 45.74772], [4.842153, 45.747634], [4.842155, 45.747619], [4.842159, 45.747565], [4.842215, 45.747362], [4.842171, 45.74685], [4.842185, 45.746811], [4.842184, 45.746792], [4.842185, 45.746767], [4.842187, 45.746714], [4.842197, 45.746683], [4.842209, 45.74665], [4.842215, 45.746633], [4.842222, 45.74661], [4.842227, 45.746596], [4.842174, 45.746573], [4.842157, 45.746527], [4.841894, 45.746075], [4.841828, 45.745983], [4.841542, 45.745563], [4.841532, 45.745517], [4.841548, 45.745491], [4.84178, 45.745413], [4.841768, 45.745398], [4.841754, 45.745379], [4.841749, 45.74537], [4.841735, 45.745351], [4.841726, 45.745337], [4.841711, 45.745314], [4.841675, 45.745257], [4.841655, 45.745225], [4.841649, 45.745216], [4.841704, 45.74518], [4.841704, 45.745165], [4.841607, 45.745017], [4.84152, 45.744869], [4.840921, 45.74386], [4.840894, 45.743815], [4.840889, 45.743807], [4.840877, 45.74379], [4.840863, 45.743771], [4.840845, 45.74374], [4.840916, 45.743719], [4.840978, 45.74369], [4.841041, 45.743661], [4.841087, 45.743641], [4.840502, 45.742651], [4.840416, 45.742505], [4.840408, 45.742492], [4.840415, 45.742471], [4.840401, 45.742452], [4.840384, 45.742422], [4.840369, 45.742397], [4.840363, 45.742375], [4.840339, 45.742363], [4.839916, 45.741635], [4.839902, 45.74161], [4.839885, 45.741589], [4.839862, 45.741553], [4.839851, 45.741535], [4.839432, 45.740834], [4.839851, 45.741535], [4.839862, 45.741553], [4.839885, 45.741589], [4.839902, 45.74161], [4.839916, 45.741635], [4.840339, 45.742363], [4.840363, 45.742375], [4.840369, 45.742397], [4.840384, 45.742422], [4.840401, 45.742452], [4.840415, 45.742471], [4.840408, 45.742492], [4.840416, 45.742505], [4.840502, 45.742651], [4.841087, 45.743641], [4.841041, 45.743661], [4.840978, 45.74369], [4.840916, 45.743719], [4.840845, 45.74374], [4.840863, 45.743771], [4.840877, 45.74379], [4.840889, 45.743807], [4.840894, 45.743815], [4.840921, 45.74386], [4.84152, 45.744869], [4.841607, 45.745017], [4.841704, 45.745165], [4.841704, 45.74518], [4.841649, 45.745216], [4.839839, 45.74579], [4.839784, 45.745801], [4.839756, 45.745801], [4.839706, 45.745814], [4.839592, 45.745845], [4.839566, 45.745853], [4.839541, 45.74586], [4.839516, 45.745869], [4.839453, 45.745887], [4.839374, 45.745907], [4.839287, 45.74593], [4.839196, 45.74595], [4.839207, 45.745976], [4.838421, 45.74622], [4.83837, 45.746237], [4.838356, 45.746242], [4.838329, 45.74625], [4.838302, 45.746258], [4.838263, 45.746271], [4.838247, 45.746276], [4.837426, 45.746535], [4.837393, 45.746549], [4.837354, 45.746563], [4.837325, 45.746574], [4.837278, 45.746591], [4.836859, 45.746721], [4.83681, 45.746729], [4.836769, 45.746735], [4.836736, 45.746744], [4.836699, 45.746755], [4.836658, 45.746765], [4.836631, 45.746797], [4.83643, 45.746857], [4.835846, 45.747041], [4.835828, 45.747047], [4.835669, 45.747097], [4.835029, 45.747295], [4.834975, 45.74732], [4.834999, 45.747346], [4.835016, 45.747371], [4.835033, 45.747396], [4.835053, 45.747427], [4.83506, 45.747437], [4.835077, 45.747463], [4.835084, 45.747474], [4.835095, 45.747499], [4.835026, 45.747525], [4.834962, 45.747544], [4.834018, 45.747834], [4.833929, 45.747865], [4.833985, 45.747947], [4.833962, 45.747971], [4.833949, 45.747984], [4.833917, 45.748018], [4.833905, 45.748028], [4.833888, 45.748045], [4.833874, 45.748059], [4.833844, 45.74807], [4.833816, 45.748079], [4.833798, 45.748086], [4.833787, 45.74809], [4.833754, 45.748099], [4.833656, 45.74814], [4.833573, 45.748065], [4.833467, 45.748036], [4.833395, 45.748047], [4.831086, 45.74879], [4.831079, 45.748793], [4.831029, 45.748807], [4.830991, 45.748822], [4.830924, 45.748844], [4.830511, 45.748972], [4.830492, 45.748976], [4.83046, 45.748984], [4.830477, 45.749012], [4.830467, 45.749015], [4.830368, 45.749044], [4.830159, 45.74877], [4.830097, 45.748703], [4.830067, 45.74868], [4.830021, 45.748659], [4.829684, 45.748646], [4.829292, 45.748208], [4.82913, 45.748259], [4.829116, 45.748234], [4.829306, 45.748174], [4.829336, 45.74821], [4.829352, 45.748228], [4.828683, 45.74844], [4.828618, 45.748362], [4.828642, 45.748354], [4.828679, 45.748342], [4.828276, 45.747866], [4.82827, 45.747857], [4.828251, 45.747835], [4.828232, 45.747812], [4.828226, 45.747804], [4.829172, 45.747418], [4.828418, 45.746533], [4.828393, 45.746525], [4.828373, 45.746502], [4.828363, 45.746491], [4.828346, 45.746471], [4.828327, 45.746451], [4.828329, 45.746431], [4.827533, 45.745496], [4.827495, 45.745444], [4.827458, 45.745402], [4.827418, 45.745357], [4.827385, 45.745312], [4.826648, 45.744434], [4.826626, 45.74441], [4.826613, 45.744397], [4.826597, 45.744379], [4.826579, 45.744361], [4.825794, 45.743444], [4.825761, 45.743406], [4.82574, 45.743381], [4.825728, 45.743368], [4.82571, 45.743347], [4.82569, 45.743323], [4.825664, 45.743293], [4.824949, 45.742452], [4.8249, 45.742394], [4.824876, 45.742366], [4.824859, 45.742346], [4.824807, 45.742285], [4.823992, 45.741336], [4.824041, 45.741315], [4.824055, 45.74131], [4.824006, 45.741243], [4.823963, 45.741172], [4.823915, 45.74112], [4.823909, 45.741084], [4.823649, 45.740782], [4.823702, 45.740761], [4.823751, 45.740816], [4.823702, 45.740761], [4.823649, 45.740782], [4.823622, 45.740793], [4.823577, 45.740812], [4.823592, 45.740855], [4.823791, 45.741095], [4.823882, 45.741204], [4.823873, 45.741238], [4.823816, 45.741262], [4.822985, 45.74161], [4.823004, 45.741631], [4.823023, 45.741653], [4.823045, 45.741677], [4.823067, 45.741702], [4.823032, 45.741716], [4.823009, 45.741726], [4.822967, 45.741744], [4.822947, 45.741752], [4.822919, 45.741764], [4.823743, 45.742732], [4.82378, 45.742779], [4.82381, 45.742817], [4.823839, 45.742852], [4.823878, 45.742892], [4.823473, 45.743053], [4.823424, 45.743074], [4.823411, 45.743079], [4.823396, 45.743085], [4.823351, 45.743103], [4.822932, 45.743272], [4.822953, 45.743309], [4.823389, 45.743818], [4.823373, 45.743825], [4.823334, 45.743841], [4.823299, 45.743856], [4.823278, 45.743865], [4.823565, 45.744205], [4.823587, 45.744231], [4.823605, 45.744252], [4.823612, 45.744261], [4.82364, 45.744316], [4.8236, 45.744351], [4.823449, 45.74441], [4.823507, 45.74448], [4.823419, 45.744735], [4.823364, 45.744894], [4.823351, 45.744931], [4.823343, 45.744954], [4.823354, 45.745059], [4.823311, 45.745077], [4.823406, 45.745187], [4.823409, 45.745219], [4.823331, 45.745317], [4.823292, 45.745334], [4.823304, 45.745347], [4.823327, 45.745376], [4.823486, 45.745553], [4.823516, 45.745604], [4.823544, 45.745648], [4.82356, 45.745665], [4.823584, 45.745693], [4.823608, 45.745715], [4.823678, 45.745772], [4.824358, 45.746584], [4.824382, 45.746613], [4.824424, 45.746663], [4.824459, 45.746705], [4.824465, 45.746712], [4.82439, 45.746743], [4.824326, 45.74677], [4.824299, 45.746782], [4.824236, 45.746809], [4.824165, 45.746839], [4.824136, 45.746851], [4.824165, 45.746887], [4.824705, 45.747524], [4.82448, 45.747618], [4.824678, 45.747842], [4.824758, 45.747933], [4.824117, 45.748203], [4.824066, 45.748218], [4.824045, 45.748223], [4.824013, 45.748235], [4.823988, 45.748245], [4.823958, 45.748256], [4.823951, 45.748278], [4.823777, 45.748347], [4.823399, 45.748505], [4.822799, 45.748755], [4.822494, 45.748879], [4.821976, 45.749094], [4.821992, 45.749118], [4.822004, 45.749134], [4.822018, 45.749151], [4.82204, 45.749174], [4.822011, 45.749188], [4.821983, 45.749198], [4.821955, 45.749207], [4.821926, 45.749217], [4.822282, 45.74965], [4.822537, 45.749948], [4.82275, 45.750199], [4.822743, 45.750214], [4.822761, 45.750244], [4.822773, 45.750264], [4.822787, 45.750287], [4.822813, 45.750366], [4.822816, 45.750379], [4.82281, 45.750416], [4.822805, 45.750442], [4.822804, 45.750458], [4.822908, 45.750527], [4.82297, 45.750569], [4.823107, 45.750692], [4.823262, 45.750869], [4.823277, 45.750911], [4.823236, 45.750907], [4.823201, 45.750915], [4.823158, 45.750925], [4.82314, 45.750932], [4.823152, 45.750953], [4.823155, 45.751005], [4.823123, 45.751076], [4.823086, 45.751094], [4.821771, 45.75152], [4.821706, 45.75152], [4.821677, 45.75152], [4.82104, 45.75124], [4.820974, 45.751289], [4.820941, 45.751305], [4.820876, 45.751305], [4.820709, 45.751313], [4.820655, 45.751309], [4.820629, 45.751357], [4.820449, 45.751429], [4.820311, 45.751507], [4.82017, 45.751603], [4.820101, 45.751672], [4.820046, 45.75174], [4.819958, 45.75189], [4.819922, 45.75198], [4.819898, 45.752103], [4.819925, 45.752208], [4.819875, 45.752251], [4.819741, 45.752154], [4.819678, 45.75207], [4.819657, 45.751975], [4.819628, 45.751913], [4.819531, 45.751859], [4.819495, 45.751874], [4.819466, 45.751851], [4.819319, 45.751812], [4.819178, 45.751773], [4.818856, 45.751665], [4.818236, 45.751242], [4.817997, 45.751117], [4.817146, 45.75112], [4.817032, 45.751098], [4.816953, 45.751056], [4.816518, 45.750909], [4.816431, 45.750898], [4.816363, 45.750876], [4.816131, 45.750802], [4.815872, 45.750666], [4.815802, 45.750633], [4.815701, 45.750632], [4.81558, 45.750604], [4.815438, 45.75059], [4.815235, 45.750588], [4.814741, 45.750622], [4.814665, 45.750613], [4.814595, 45.750568], [4.814573, 45.750525], [4.814605, 45.750347], [4.814665, 45.750015], [4.814661, 45.749978], [4.814627, 45.749668], [4.814626, 45.749651], [4.814613, 45.749575], [4.814478, 45.749307], [4.814339, 45.748871], [4.814287, 45.74881], [4.813975, 45.748566], [4.813883, 45.748479], [4.813553, 45.748213], [4.813408, 45.748021], [4.813399, 45.748009], [4.813263, 45.747801], [4.813156, 45.747723], [4.812891, 45.747545], [4.812486, 45.747403], [4.812429, 45.747353], [4.812241, 45.746747], [4.812238, 45.746556], [4.812325, 45.746292], [4.81233, 45.746173], [4.812275, 45.746046], [4.812198, 45.745944], [4.811003, 45.746441], [4.810975, 45.746453], [4.810918, 45.746477], [4.810989, 45.746549], [4.811059, 45.746639], [4.811335, 45.74719], [4.811059, 45.746639], [4.810989, 45.746549], [4.810918, 45.746477], [4.810835, 45.746418], [4.810725, 45.746359], [4.810569, 45.746316], [4.810391, 45.746287], [4.810208, 45.74624], [4.810066, 45.746178], [4.809949, 45.74611], [4.809342, 45.745713], [4.809307, 45.745738], [4.809299, 45.745743], [4.809266, 45.74572], [4.809257, 45.745725], [4.808866, 45.745942], [4.808086, 45.746461], [4.808078, 45.746466], [4.808314, 45.746697], [4.808303, 45.746703], [4.808255, 45.746724], [4.808582, 45.747083], [4.80888, 45.747446], [4.809074, 45.747681], [4.809036, 45.747695], [4.809014, 45.747703], [4.809018, 45.747849], [4.809003, 45.747925], [4.808905, 45.748149], [4.808904, 45.748347], [4.808897, 45.748927], [4.808907, 45.748927], [4.808918, 45.748927], [4.808943, 45.749562], [4.808968, 45.750163], [4.808988, 45.750627], [4.808979, 45.750994], [4.808841, 45.751621], [4.808793, 45.751776], [4.808734, 45.751951], [4.808719, 45.751997], [4.808699, 45.752042], [4.808711, 45.752046], [4.808739, 45.752052], [4.808775, 45.75206], [4.808815, 45.75207], [4.808843, 45.752077], [4.808853, 45.75208], [4.808579, 45.752671], [4.808309, 45.753173], [4.807982, 45.753707], [4.807997, 45.753712], [4.808016, 45.753718], [4.807525, 45.75443], [4.807419, 45.754512], [4.807305, 45.754822], [4.807513, 45.754935], [4.807905, 45.755099], [4.807961, 45.7551], [4.808043, 45.755132], [4.808066, 45.755162], [4.808453, 45.755312], [4.808511, 45.755338], [4.808573, 45.755362], [4.808607, 45.755357], [4.808614, 45.75534], [4.808629, 45.755345], [4.808684, 45.755362], [4.808757, 45.755386], [4.808775, 45.755389], [4.808893, 45.75544], [4.808921, 45.75545], [4.808939, 45.755476], [4.809074, 45.755517], [4.809633, 45.755479], [4.810297, 45.755336], [4.810304, 45.755352], [4.81032, 45.755388], [4.81034, 45.755434], [4.810343, 45.755442], [4.810348, 45.755459], [4.810311, 45.755624], [4.810249, 45.755736], [4.810215, 45.755821], [4.810168, 45.756009], [4.8101, 45.756287], [4.8101, 45.756396], [4.810104, 45.756433], [4.810184, 45.756623], [4.810446, 45.757051], [4.810456, 45.757091], [4.810465, 45.757124], [4.810541, 45.757148], [4.810625, 45.75718], [4.810604, 45.757201], [4.810589, 45.757216], [4.810573, 45.757227], [4.810747, 45.757329], [4.810991, 45.757442], [4.811013, 45.757477], [4.8111, 45.757688], [4.811102, 45.757691], [4.811111, 45.757712], [4.810244, 45.757848], [4.809566, 45.757951], [4.808892, 45.758053], [4.8086, 45.758104], [4.808367, 45.758155], [4.807571, 45.758378], [4.806954, 45.758578], [4.805615, 45.759087], [4.805494, 45.759105], [4.805488, 45.759079], [4.805617, 45.759058], [4.806174, 45.758838], [4.80625, 45.758807], [4.806837, 45.758601], [4.806837, 45.758601], [4.80625, 45.758807], [4.806174, 45.758838], [4.805617, 45.759058], [4.805488, 45.759079], [4.805494, 45.759105], [4.805615, 45.759087], [4.806954, 45.758578], [4.807571, 45.758378], [4.808367, 45.758155], [4.8086, 45.758104], [4.808892, 45.758053], [4.809566, 45.757951], [4.810244, 45.757848], [4.811111, 45.757712], [4.811176, 45.757702], [4.811223, 45.757694], [4.811228, 45.757705], [4.811231, 45.757713], [4.811552, 45.757658], [4.811575, 45.757669], [4.811584, 45.757658], [4.811599, 45.757643], [4.811625, 45.757616], [4.811633, 45.757609], [4.812397, 45.757988], [4.812473, 45.758026], [4.812726, 45.758145], [4.813007, 45.758212], [4.813085, 45.758141], [4.8131, 45.758129], [4.813151, 45.758076], [4.813177, 45.758048], [4.813231, 45.758049], [4.813282, 45.758071], [4.813325, 45.758088], [4.813335, 45.758095], [4.813346, 45.758127], [4.813376, 45.75814], [4.813415, 45.758142], [4.813522, 45.758103], [4.813589, 45.758069], [4.814062, 45.757809], [4.814068, 45.757805], [4.814089, 45.757795], [4.814141, 45.757769], [4.814152, 45.757761], [4.814694, 45.757478], [4.814897, 45.757387], [4.814945, 45.757366], [4.815217, 45.757244], [4.815597, 45.757081], [4.816052, 45.756879], [4.816142, 45.756847], [4.816185, 45.756825], [4.816209, 45.756793], [4.816216, 45.756789], [4.816228, 45.756781], [4.816272, 45.756822], [4.816743, 45.756597], [4.816873, 45.756517], [4.816989, 45.75647], [4.817332, 45.756309], [4.81741, 45.756279], [4.817525, 45.756244], [4.817599, 45.756227], [4.817649, 45.756216], [4.818557, 45.756023], [4.818653, 45.756024], [4.818724, 45.756029], [4.818764, 45.756051], [4.818924, 45.756067], [4.818974, 45.756073], [4.819069, 45.756093], [4.819232, 45.756144], [4.819262, 45.756154], [4.819719, 45.75631], [4.819787, 45.756334], [4.820093, 45.756462], [4.820118, 45.756435], [4.820151, 45.756402], [4.820523, 45.756619], [4.820845, 45.75686], [4.820923, 45.756882], [4.821121, 45.757018], [4.821438, 45.757254], [4.821574, 45.757385], [4.821592, 45.757377], [4.821602, 45.757386], [4.821708, 45.757484], [4.821745, 45.7575], [4.821781, 45.757531], [4.821814, 45.757561], [4.82192, 45.757629], [4.822018, 45.757678], [4.822124, 45.757714], [4.822335, 45.757758], [4.822435, 45.757767], [4.822598, 45.757766], [4.822715, 45.757755], [4.823138, 45.757706], [4.823407, 45.757747], [4.823483, 45.757764], [4.823528, 45.757789], [4.82356, 45.757817], [4.823724, 45.758158], [4.823768, 45.758229], [4.823825, 45.758292], [4.824082, 45.758388], [4.824341, 45.758467], [4.824439, 45.75852], [4.824472, 45.758556], [4.82459, 45.758685], [4.824885, 45.759005], [4.824921, 45.759032], [4.825384, 45.759408], [4.825505, 45.759488], [4.825518, 45.75952], [4.825594, 45.759683], [4.825772, 45.759718], [4.826098, 45.759771], [4.826313, 45.759798], [4.826352, 45.759793], [4.826432, 45.759778], [4.826478, 45.759769], [4.826547, 45.759942], [4.826595, 45.759934], [4.826651, 45.759915], [4.827258, 45.759739], [4.827304, 45.759725], [4.827327, 45.759718], [4.827348, 45.759711], [4.827361, 45.759703], [4.827661, 45.759627], [4.827749, 45.759597], [4.827782, 45.759582], [4.827819, 45.759565], [4.827829, 45.759561], [4.827838, 45.759557], [4.827851, 45.759551], [4.827867, 45.759544], [4.827873, 45.759542], [4.827892, 45.759559], [4.827944, 45.759577], [4.827964, 45.759572], [4.828242, 45.759518], [4.829048, 45.759286], [4.829312, 45.759182], [4.829339, 45.759187], [4.829377, 45.759194], [4.829398, 45.7592], [4.829427, 45.759207], [4.829462, 45.759192], [4.829534, 45.759162], [4.82956, 45.759151], [4.829569, 45.759147], [4.82958, 45.759143], [4.829612, 45.759141], [4.829937, 45.759019], [4.829957, 45.759012], [4.829979, 45.759004], [4.830007, 45.758996], [4.83002, 45.758998], [4.830032, 45.759], [4.830669, 45.758818], [4.830699, 45.758794], [4.830721, 45.758788], [4.830748, 45.75878], [4.830801, 45.758764], [4.830821, 45.758759], [4.830866, 45.758746], [4.830899, 45.758736], [4.83093, 45.758721], [4.830953, 45.758709], [4.831181, 45.758637], [4.831335, 45.758593], [4.831734, 45.758487], [4.831685, 45.75839], [4.831695, 45.758387], [4.831788, 45.758362], [4.831826, 45.758351], [4.831788, 45.758283], [4.832152, 45.758176], [4.831955, 45.75781]]}, "properties": {"heading": 216, "length_km": 13.772, "retrace": 0.178}}, {"type": "Feature", "geometry": {"type": "LineString", "coordinates": [[4.831955, 45.75781], [4.831794, 45.757511], [4.831452, 45.757605], [4.831424, 45.757555], [4.831406, 45.75756], [4.831321, 45.757584], [4.831303, 45.757589], [4.831201, 45.757496], [4.831154, 45.757413], [4.831797, 45.757235], [4.831701, 45.757072], [4.831629, 45.756949], [4.83162, 45.756936], [4.831598, 45.756904], [4.831566, 45.756861], [4.831543, 45.756831], [4.831488, 45.756752], [4.831074, 45.756046], [4.831061, 45.756029], [4.831046, 45.756006], [4.830636, 45.755368], [4.830621, 45.755345], [4.830595, 45.755304], [4.830187, 45.754666], [4.830164, 45.75463], [4.830145, 45.7546], [4.829626, 45.753771], [4.829606, 45.75374], [4.829587, 45.753709], [4.829303, 45.753243], [4.829282, 45.753209], [4.829263, 45.753179], [4.829104, 45.752923], [4.828863, 45.752545], [4.828844, 45.752516], [4.828815, 45.752469], [4.828322, 45.751671], [4.828291, 45.751621], [4.828301, 45.751617], [4.828287, 45.751598], [4.828272, 45.751567], [4.828225, 45.751486], [4.828295, 45.751418], [4.828019, 45.750961], [4.828051, 45.750946], [4.82804, 45.750813], [4.827945, 45.750638], [4.828031, 45.750604], [4.828071, 45.750563], [4.827878, 45.750273], [4.827851, 45.750214], [4.827873, 45.750179], [4.827929, 45.750097], [4.828042, 45.749922], [4.828071, 45.749891], [4.828188, 45.749768], [4.828213, 45.749722], [4.828243, 45.749715], [4.828278, 45.749706], [4.828257, 45.749672], [4.829611, 45.749237], [4.829646, 45.749225], [4.829672, 45.749217], [4.829693, 45.74921], [4.829874, 45.749148], [4.830059, 45.749101], [4.830101, 45.749109], [4.830145, 45.749072], [4.830209, 45.749052], [4.830264, 45.749036], [4.83046, 45.748984], [4.830492, 45.748976], [4.830511, 45.748972], [4.830924, 45.748844], [4.830991, 45.748822], [4.831029, 45.748807], [4.831079, 45.748793], [4.831086, 45.74879], [4.833395, 45.748047], [4.833467, 45.748036], [4.833573, 45.748065], [4.833656, 45.74814], [4.833754, 45.748099], [4.833729, 45.748066], [4.833665, 45.747977], [4.833647, 45.747952], [4.833629, 45.747926], [4.83362, 45.747915], [4.833607, 45.747898], [4.833578, 45.747859], [4.83356, 45.747835], [4.833555, 45.747824], [4.833573, 45.747781], [4.833545, 45.747736], [4.833575, 45.747726], [4.833605, 45.747715], [4.833635, 45.747703], [4.833686, 45.747684], [4.833739, 45.747664], [4.83379, 45.747648], [4.833305, 45.747029], [4.833287, 45.747014], [4.833279, 45.747006], [4.833262, 45.746986], [4.833245, 45.746961], [4.832896, 45.746511], [4.83288, 45.746492], [4.832682, 45.746249], [4.832684, 45.746216], [4.832678, 45.746207], [4.832661, 45.746184], [4.832644, 45.746162], [4.832632, 45.746148], [4.832625, 45.746137], [4.832617, 45.746126], [4.83261, 45.746116], [4.832584, 45.746123], [4.832112, 45.745599], [4.832061, 45.745571], [4.831986, 45.745529], [4.831933, 45.74547], [4.831957, 45.745462], [4.83199, 45.745448], [4.832004, 45.745442], [4.832041, 45.745428], [4.831801, 45.745102], [4.831788, 45.745085], [4.831784, 45.74508], [4.83175, 45.745042], [4.831732, 45.745017], [4.831718, 45.745002], [4.831649, 45.744941], [4.831383, 45.744586], [4.831405, 45.744571], [4.832558, 45.744123], [4.832534, 45.744093], [4.832518, 45.74407], [4.832498, 45.744042], [4.832487, 45.744028], [4.832608, 45.74398], [4.834034, 45.743415], [4.834095, 45.743384], [4.834032, 45.743251], [4.833316, 45.742441], [4.833178, 45.742285], [4.832303, 45.741295], [4.831726, 45.740629], [4.831791, 45.740597], [4.831832, 45.740582], [4.831873, 45.740567], [4.831891, 45.740559], [4.831915, 45.740547], [4.831938, 45.740536], [4.831973, 45.740522], [4.831885, 45.740417], [4.831918, 45.740371], [4.831889, 45.740337], [4.831854, 45.740292], [4.831797, 45.740221], [4.831786, 45.740203], [4.831894, 45.740188], [4.8322, 45.740076], [4.831894, 45.740188], [4.831786, 45.740203], [4.831561, 45.739949], [4.830899, 45.739202], [4.830835, 45.739163], [4.830828, 45.739051], [4.830837, 45.739036], [4.830806, 45.739029], [4.830746, 45.739015], [4.830713, 45.739006], [4.830647, 45.738989], [4.830484, 45.739029], [4.830348, 45.739062], [4.830332, 45.739066], [4.830098, 45.739086], [4.830089, 45.73905], [4.830078, 45.739014], [4.830064, 45.738964], [4.830054, 45.738941], [4.82992, 45.738574], [4.829417, 45.738013], [4.828071, 45.736484], [4.827554, 45.735878], [4.827515, 45.735832], [4.827496, 45.735809], [4.827475, 45.735786], [4.827447, 45.735756], [4.827425, 45.735735], [4.827388, 45.735658], [4.827336, 45.735575], [4.827223, 45.73551], [4.826023, 45.734141], [4.825942, 45.734038], [4.825942, 45.733998], [4.825905, 45.733932], [4.825895, 45.733914], [4.825881, 45.733881], [4.825736, 45.733823], [4.82563, 45.733672], [4.825003, 45.732942], [4.824939, 45.732894], [4.824578, 45.7329], [4.82402, 45.732917], [4.824017, 45.732951], [4.823989, 45.73295], [4.823903, 45.732951], [4.823781, 45.732954], [4.823735, 45.732954], [4.823707, 45.732788], [4.823648, 45.732688], [4.823615, 45.732613], [4.823615, 45.732576], [4.823613, 45.732547], [4.823613, 45.732519], [4.823613, 45.732481], [4.823612, 45.73243], [4.823613, 45.732421], [4.822969, 45.732612], [4.822657, 45.732702], [4.822006, 45.73289], [4.821954, 45.732905], [4.821719, 45.732974], [4.819018, 45.733694], [4.818642, 45.733788], [4.8186, 45.733782], [4.818592, 45.733769], [4.81858, 45.733751], [4.818569, 45.733736], [4.818562, 45.733722], [4.818548, 45.733705], [4.818539, 45.733691], [4.818533, 45.73368], [4.818474, 45.733697], [4.818453, 45.733672], [4.818394, 45.733666], [4.818284, 45.733711], [4.818233, 45.733733], [4.817917, 45.733862], [4.817848, 45.733908], [4.817755, 45.733951], [4.817713, 45.733953], [4.817637, 45.733944], [4.817635, 45.733952], [4.817594, 45.734163], [4.817589, 45.73419], [4.817424, 45.734902], [4.816946, 45.735854], [4.816746, 45.736318], [4.816613, 45.736806], [4.8166, 45.737159], [4.816623, 45.737455], [4.816668, 45.737636], [4.816675, 45.73766], [4.816738, 45.737848], [4.81681, 45.738026], [4.817058, 45.738462], [4.817561, 45.73907], [4.81757, 45.739082], [4.817592, 45.739108], [4.817624, 45.739147], [4.817632, 45.739156], [4.818056, 45.739669], [4.818095, 45.739712], [4.818076, 45.73974], [4.818059, 45.739749], [4.818072, 45.739761], [4.818111, 45.739808], [4.818133, 45.739834], [4.818162, 45.739862], [4.818203, 45.739904], [4.818233, 45.739893], [4.819199, 45.741017], [4.819163, 45.741028], [4.819201, 45.741066], [4.819495, 45.741414], [4.819508, 45.741435], [4.819552, 45.741484], [4.817662, 45.742273], [4.817675, 45.742289], [4.817619, 45.742313], [4.817678, 45.742385], [4.817625, 45.742406], [4.817599, 45.742416], [4.81761, 45.742428], [4.817607, 45.742437], [4.817965, 45.742854], [4.817912, 45.742876], [4.817869, 45.742894], [4.817829, 45.74291], [4.817789, 45.742927], [4.817719, 45.742956], [4.817698, 45.742966], [4.81768, 45.742974], [4.817625, 45.742966], [4.81691, 45.743262], [4.816909, 45.743263], [4.817127, 45.743521], [4.81709, 45.743536], [4.816998, 45.743574], [4.817048, 45.743628], [4.817097, 45.74369], [4.81734, 45.743975], [4.81735, 45.743986], [4.81741, 45.743961], [4.817431, 45.743981], [4.817455, 45.744005], [4.817476, 45.744027], [4.817513, 45.744065], [4.817416, 45.744113], [4.817507, 45.744237], [4.818033, 45.744849], [4.818189, 45.74504], [4.818161, 45.745052], [4.818128, 45.745066], [4.818099, 45.745078], [4.818084, 45.745084], [4.818046, 45.7451], [4.817444, 45.74535], [4.817088, 45.745498], [4.816965, 45.745549], [4.816918, 45.745611], [4.816959, 45.745659], [4.817045, 45.745757], [4.817051, 45.745813], [4.817572, 45.746428], [4.817715, 45.746596], [4.818599, 45.747641], [4.818589, 45.747645], [4.818515, 45.747692], [4.818527, 45.747702], [4.818661, 45.747796], [4.819672, 45.748532], [4.819901, 45.748699], [4.819974, 45.74875], [4.821038, 45.749495], [4.821197, 45.749606], [4.821717, 45.749978], [4.822028, 45.750195], [4.822054, 45.7502], [4.822115, 45.750211], [4.822466, 45.750454], [4.822732, 45.750644], [4.823126, 45.75091], [4.82314, 45.750932], [4.823152, 45.750953], [4.823155, 45.751005], [4.823123, 45.751076], [4.823086, 45.751094], [4.821771, 45.75152], [4.821706, 45.75152], [4.821677, 45.75152], [4.82104, 45.75124], [4.820974, 45.751289], [4.820941, 45.751305], [4.820876, 45.751305], [4.820709, 45.751313], [4.820655, 45.751309], [4.820629, 45.751357], [4.820449, 45.751429], [4.820311, 45.751507], [4.82017, 45.751603], [4.820101, 45.751672], [4.820046, 45.75174], [4.819958, 45.75189], [4.819922, 45.75198], [4.819898, 45.752103], [4.819925, 45.752208], [4.819875, 45.752251], [4.819741, 45.752154], [4.819678, 45.75207], [4.819657, 45.751975], [4.819628, 45.751913], [4.819531, 45.751859], [4.819495, 45.751874], [4.819507, 45.751892], [4.819508, 45.751932], [4.81947, 45.751934], [4.819445, 45.751948], [4.81916, 45.752201], [4.819104, 45.752235], [4.819037, 45.752252], [4.818893, 45.752318], [4.818765, 45.752439], [4.818736, 45.752457], [4.818687, 45.752468], [4.818448, 45.752462], [4.818366, 45.752476], [4.817816, 45.752706], [4.817381, 45.752871], [4.817344, 45.752909], [4.817338, 45.752905], [4.817338, 45.752864], [4.817321, 45.75286], [4.817309, 45.752917], [4.817291, 45.752915], [4.817253, 45.752911], [4.817219, 45.752907], [4.817186, 45.752903], [4.817149, 45.752899], [4.817113, 45.752894], [4.817104, 45.752893], [4.817079, 45.752967], [4.817032, 45.752983], [4.816542, 45.753142], [4.816423, 45.75318], [4.816289, 45.753211], [4.81621, 45.753211], [4.816214, 45.753225], [4.816201, 45.753242], [4.816169, 45.753242], [4.816178, 45.753356], [4.816168, 45.753356], [4.816124, 45.753359], [4.816081, 45.753361], [4.816057, 45.753363], [4.81605, 45.753284], [4.816049, 45.753275], [4.81605, 45.753254], [4.815828, 45.753269], [4.815039, 45.753536], [4.814616, 45.753724], [4.814191, 45.753893], [4.813776, 45.753982], [4.813206, 45.754268], [4.813194, 45.754261], [4.813176, 45.75425], [4.813149, 45.75423], [4.812629, 45.754626], [4.812564, 45.754675], [4.812568, 45.754687], [4.812572, 45.754698], [4.812475, 45.754785], [4.812502, 45.754827], [4.812487, 45.754834], [4.812451, 45.754851], [4.812408, 45.75487], [4.81236, 45.754894], [4.812312, 45.754878], [4.812131, 45.754932], [4.812112, 45.754961], [4.812089, 45.754962], [4.812044, 45.754971], [4.811993, 45.754981], [4.811977, 45.754985], [4.81195, 45.754984], [4.811733, 45.75504], [4.811003, 45.755291], [4.810343, 45.755442], [4.81034, 45.755434], [4.81032, 45.755388], [4.810304, 45.755352], [4.810297, 45.755336], [4.809633, 45.755479], [4.809074, 45.755517], [4.808939, 45.755476], [4.808921, 45.75545], [4.808893, 45.75544], [4.808775, 45.755389], [4.808757, 45.755386], [4.808684, 45.755362], [4.808629, 45.755345], [4.808614, 45.75534], [4.808607, 45.755357], [4.808573, 45.755362], [4.808511, 45.755338], [4.808453, 45.755312], [4.808066, 45.755162], [4.808043, 45.755132], [4.807961, 45.7551], [4.807905, 45.755099], [4.807513, 45.754935], [4.807305, 45.754822], [4.807419, 45.754512], [4.807525, 45.75443], [4.808016, 45.753718], [4.807997, 45.753712], [4.807982, 45.753707], [4.807905, 45.753683], [4.807834, 45.753662], [4.807819, 45.753657], [4.807804, 45.753653], [4.808002, 45.75334], [4.808316, 45.752775], [4.808643, 45.752097], [4.80859, 45.752109], [4.808294, 45.752661], [4.80795, 45.752783], [4.808294, 45.752661], [4.80859, 45.752109], [4.808643, 45.752097], [4.808316, 45.752775], [4.808002, 45.75334], [4.807804, 45.753653], [4.807697, 45.753821], [4.807415, 45.754225], [4.807227, 45.754481], [4.807028, 45.754726], [4.807049, 45.754732], [4.807065, 45.754738], [4.807079, 45.754742], [4.807093, 45.754747], [4.807156, 45.754769], [4.807255, 45.754805], [4.807305, 45.754822], [4.807513, 45.754935], [4.807905, 45.755099], [4.807961, 45.7551], [4.808043, 45.755132], [4.808066, 45.755162], [4.808453, 45.755312], [4.808511, 45.755338], [4.808573, 45.755362], [4.808607, 45.755357], [4.808614, 45.75534], [4.808629, 45.755345], [4.808684, 45.755362], [4.808757, 45.755386], [4.808775, 45.755389], [4.808893, 45.75544], [4.808921, 45.75545], [4.808939, 45.755476], [4.809074, 45.755517], [4.809633, 45.755479], [4.810297, 45.755336], [4.810304, 45.755352], [4.81032, 45.755388], [4.81034, 45.755434], [4.810343, 45.755442], [4.810348, 45.755459], [4.810311, 45.755624], [4.810249, 45.755736], [4.810215, 45.755821], [4.810168, 45.756009], [4.8101, 45.756287], [4.8101, 45.756396], [4.810104, 45.756433], [4.810184, 45.756623], [4.810446, 45.757051], [4.810456, 45.757091], [4.810465, 45.757124], [4.810541, 45.757148], [4.810625, 45.75718], [4.811072, 45.757371], [4.81107, 45.75738], [4.811068, 45.757413], [4.81107, 45.757444], [4.811084, 45.757473], [4.8111, 45.757475], [4.811142, 45.757486], [4.811214, 45.757674], [4.811223, 45.757694], [4.811228, 45.757705], [4.811231, 45.757713], [4.811245, 45.757744], [4.811684, 45.758673], [4.811677, 45.758673], [4.81164, 45.758675], [4.811685, 45.758731], [4.811805, 45.758812], [4.811818, 45.758832], [4.811846, 45.758831], [4.811867, 45.758831], [4.811852, 45.758871], [4.811867, 45.759069], [4.811385, 45.75947], [4.811078, 45.759724], [4.810736, 45.760009], [4.810682, 45.760031], [4.810604, 45.760094], [4.810572, 45.760125], [4.810571, 45.76015], [4.810562, 45.760158], [4.810533, 45.760184], [4.810509, 45.760205], [4.810499, 45.760213], [4.810477, 45.760211], [4.810424, 45.760239], [4.810341, 45.760308], [4.810246, 45.760388], [4.809735, 45.760769], [4.809468, 45.760964], [4.809338, 45.761101], [4.808896, 45.761576], [4.808844, 45.761631], [4.808747, 45.761767], [4.80851, 45.762109], [4.808344, 45.762368], [4.808144, 45.762615], [4.808086, 45.76269], [4.808006, 45.762789], [4.807935, 45.762877], [4.807539, 45.763354], [4.807935, 45.762877], [4.808006, 45.762789], [4.808086, 45.76269], [4.808144, 45.762615], [4.808344, 45.762368], [4.80851, 45.762109], [4.808747, 45.761767], [4.808844, 45.761631], [4.808896, 45.761576], [4.809338, 45.761101], [4.809468, 45.760964], [4.809735, 45.760769], [4.810246, 45.760388], [4.810341, 45.760308], [4.810424, 45.760239], [4.810477, 45.760211], [4.810499, 45.760213], [4.810509, 45.760205], [4.810533, 45.760184], [4.810562, 45.760158], [4.810571, 45.76015], [4.810572, 45.760125], [4.810604, 45.760094], [4.810682, 45.760031], [4.810736, 45.760009], [4.811078, 45.759724], [4.811385, 45.75947], [4.811867, 45.759069], [4.811852, 45.758871], [4.811867, 45.758831], [4.811872, 45.758826], [4.81191, 45.758786], [4.812246, 45.758773], [4.812321, 45.75877], [4.812589, 45.758674], [4.813012, 45.758516], [4.813147, 45.758414], [4.813212, 45.758363], [4.81342, 45.75827], [4.813602, 45.758167], [4.813832, 45.758048], [4.813841, 45.758045], [4.813862, 45.758035], [4.813892, 45.758021], [4.813902, 45.758016], [4.813898, 45.758013], [4.814918, 45.757475], [4.815014, 45.757438], [4.815095, 45.757406], [4.815166, 45.757413], [4.815174, 45.757408], [4.815234, 45.757384], [4.815281, 45.757365], [4.815291, 45.757361], [4.815303, 45.757339], [4.815682, 45.75718], [4.815735, 45.757157], [4.815768, 45.757137], [4.815814, 45.75711], [4.815855, 45.757086], [4.815985, 45.757024], [4.816121, 45.756949], [4.816113, 45.756939], [4.816091, 45.756918], [4.816172, 45.756881], [4.816272, 45.756822], [4.816743, 45.756597], [4.816873, 45.756517], [4.816989, 45.75647], [4.817332, 45.756309], [4.81741, 45.756279], [4.817525, 45.756244], [4.817599, 45.756227], [4.817649, 45.756216], [4.818557, 45.756023], [4.818653, 45.756024], [4.818724, 45.756029], [4.818764, 45.756051], [4.818924, 45.756067], [4.818974, 45.756073], [4.819069, 45.756093], [4.819232, 45.756144], [4.819262, 45.756154], [4.819719, 45.75631], [4.819787, 45.756334], [4.820093, 45.756462], [4.820118, 45.756435], [4.820151, 45.756402], [4.820523, 45.756619], [4.820845, 45.75686], [4.820923, 45.756882], [4.821121, 45.757018], [4.821438, 45.757254], [4.821574, 45.757385], [4.821592, 45.757377], [4.821602, 45.757386], [4.821708, 45.757484], [4.821745, 45.7575], [4.821781, 45.757531], [4.821814, 45.757561], [4.82192, 45.757629], [4.822018, 45.757678], [4.822124, 45.757714], [4.822335, 45.757758], [4.822435, 45.757767], [4.822598, 45.757766], [4.822715, 45.757755], [4.823138, 45.757706], [4.823407, 45.757747], [4.823483, 45.757764], [4.823528, 45.757789], [4.82356, 45.757817], [4.823724, 45.758158], [4.823768, 45.758229], [4.823825, 45.758292], [4.824082, 45.758388], [4.824341, 45.758467], [4.824439, 45.75852], [4.824472, 45.758556], [4.82459, 45.758685], [4.824885, 45.759005], [4.824921, 45.759032], [4.825384, 45.759408], [4.825505, 45.759488], [4.825518, 45.75952], [4.825594, 45.759683], [4.825772, 45.759718], [4.826098, 45.759771], [4.826313, 45.759798], [4.826352, 45.759793], [4.826432, 45.759778], [4.826478, 45.759769], [4.826547, 45.759942], [4.826595, 45.759934], [4.826651, 45.759915], [4.827258, 45.759739], [4.827304, 45.759725], [4.827327, 45.759718], [4.827348, 45.759711], [4.827361, 45.759703], [4.827661, 45.759627], [4.827749, 45.759597], [4.827782, 45.759582], [4.827819, 45.759565], [4.827829, 45.759561], [4.827838, 45.759557], [4.827851, 45.759551], [4.827867, 45.759544], [4.827873, 45.759542], [4.827892, 45.759559], [4.827944, 45.759577], [4.827964, 45.759572], [4.828242, 45.759518], [4.829048, 45.759286], [4.829312, 45.759182], [4.829339, 45.759187], [4.829377, 45.759194], [4.829398, 45.7592], [4.829427, 45.759207], [4.829462, 45.759192], [4.829534, 45.759162], [4.82956, 45.759151], [4.829569, 45.759147], [4.82958, 45.759143], [4.829612, 45.759141], [4.829937, 45.759019], [4.829957, 45.759012], [4.829979, 45.759004], [4.830007, 45.758996], [4.83002, 45.758998], [4.830032, 45.759], [4.830669, 45.758818], [4.830699, 45.758794], [4.830721, 45.758788], [4.830748, 45.75878], [4.830801, 45.758764], [4.830821, 45.758759], [4.830866, 45.758746], [4.830899, 45.758736], [4.83093, 45.758721], [4.830953, 45.758709], [4.831181, 45.758637], [4.831335, 45.758593], [4.831734, 45.758487], [4.831685, 45.75839], [4.831695, 45.758387], [4.831788, 45.758362], [4.831826, 45.758351], [4.831788, 45.758283], [4.832152, 45.758176], [4.831955, 45.75781]]}, "properties": {"heading": 234, "length_km": 13.273, "retrace": 0.182}}, {"type": "Feature", "geometry": {"type": "LineString", "coordinates": [[4.831955, 45.75781], [4.831794, 45.757511], [4.831452, 45.757605], [4.831424, 45.757555], [4.831406, 45.75756], [4.831321, 45.757584], [4.831303, 45.757589], [4.831201, 45.757496], [4.831154, 45.757413], [4.831797, 45.757235], [4.831701, 45.757072], [4.831629, 45.756949], [4.83162, 45.756936], [4.831598, 45.756904], [4.831566, 45.756861], [4.831543, 45.756831], [4.831488, 45.756752], [4.831074, 45.756046], [4.831061, 45.756029], [4.831046, 45.756006], [4.830636, 45.755368], [4.830621, 45.755345], [4.830595, 45.755304], [4.830187, 45.754666], [4.830164, 45.75463], [4.830145, 45.7546], [4.829626, 45.753771], [4.829606, 45.75374], [4.829587, 45.753709], [4.829303, 45.753243], [4.829282, 45.753209], [4.829263, 45.753179], [4.829104, 45.752923], [4.828863, 45.752545], [4.828844, 45.752516], [4.828815, 45.752469], [4.828322, 45.751671], [4.828291, 45.751621], [4.828301, 45.751617], [4.828287, 45.751598], [4.828272, 45.751567], [4.828225, 45.751486], [4.828295, 45.751418], [4.828019, 45.750961], [4.828051, 45.750946], [4.82804, 45.750813], [4.827945, 45.750638], [4.828031, 45.750604], [4.828071, 45.750563], [4.827878, 45.750273], [4.827851, 45.750214], [4.827873, 45.750179], [4.827773, 45.750022], [4.827757, 45.749998], [4.82773, 45.749955], [4.827725, 45.749946], [4.827435, 45.749504], [4.827367, 45.749401], [4.827195, 45.749139], [4.82711, 45.749016], [4.827103, 45.748974], [4.827109, 45.748932], [4.827119, 45.748899], [4.827147, 45.748872], [4.827176, 45.748854], [4.827212, 45.748832], [4.827312, 45.748756], [4.827438, 45.748728], [4.82747, 45.74872], [4.827506, 45.748711], [4.827544, 45.748699], [4.827208, 45.748303], [4.828142, 45.747917], [4.828137, 45.747911], [4.828121, 45.74789], [4.828103, 45.747868], [4.828096, 45.747857], [4.828123, 45.747845], [4.82817, 45.747826], [4.82821, 45.747811], [4.828216, 45.747808], [4.828226, 45.747804], [4.829172, 45.747418], [4.828418, 45.746533], [4.828393, 45.746525], [4.828373, 45.746502], [4.828363, 45.746491], [4.828346, 45.746471], [4.828327, 45.746451], [4.828329, 45.746431], [4.827533, 45.745496], [4.827495, 45.745444], [4.827458, 45.745402], [4.827418, 45.745357], [4.827385, 45.745312], [4.826648, 45.744434], [4.826626, 45.74441], [4.826613, 45.744397], [4.826597, 45.744379], [4.826579, 45.744361], [4.825794, 45.743444], [4.825761, 45.743406], [4.82574, 45.743381], [4.825728, 45.743368], [4.82571, 45.743347], [4.82569, 45.743323], [4.825664, 45.743293], [4.824949, 45.742452], [4.8249, 45.742394], [4.824876, 45.742366], [4.824859, 45.742346], [4.824807, 45.742285], [4.823992, 45.741336], [4.824041, 45.741315], [4.824055, 45.74131], [4.824006, 45.741243], [4.823963, 45.741172], [4.823915, 45.74112], [4.823909, 45.741084], [4.823649, 45.740782], [4.823702, 45.740761], [4.823751, 45.740816], [4.823702, 45.740761], [4.823649, 45.740782], [4.823622, 45.740793], [4.823577, 45.740812], [4.823592, 45.740855], [4.823791, 45.741095], [4.823882, 45.741204], [4.823873, 45.741238], [4.823816, 45.741262], [4.822985, 45.74161], [4.823004, 45.741631], [4.823023, 45.741653], [4.823045, 45.741677], [4.823067, 45.741702], [4.823032, 45.741716], [4.823009, 45.741726], [4.822967, 45.741744], [4.822947, 45.741752], [4.822919, 45.741764], [4.823743, 45.742732], [4.82378, 45.742779], [4.82381, 45.742817], [4.823839, 45.742852], [4.823878, 45.742892], [4.823473, 45.743053], [4.823424, 45.743074], [4.823411, 45.743079], [4.823396, 45.743085], [4.823351, 45.743103], [4.822932, 45.743272], [4.822953, 45.743309], [4.823389, 45.743818], [4.823373, 45.743825], [4.823334, 45.743841], [4.823299, 45.743856], [4.823278, 45.743865], [4.823565, 45.744205], [4.823587, 45.744231], [4.823605, 45.744252], [4.823612, 45.744261], [4.82364, 45.744316], [4.8236, 45.744351], [4.823449, 45.74441], [4.823507, 45.74448], [4.823419, 45.744735], [4.823364, 45.744894], [4.823351, 45.744931], [4.823343, 45.744954], [4.823354, 45.745059], [4.823311, 45.745077], [4.823406, 45.745187], [4.823409, 45.745219], [4.823331, 45.745317], [4.823292, 45.745334], [4.823304, 45.745347], [4.823327, 45.745376], [4.823486, 45.745553], [4.823516, 45.745604], [4.823544, 45.745648], [4.82356, 45.745665], [4.823584, 45.745693], [4.823608, 45.745715], [4.823678, 45.745772], [4.824358, 45.746584], [4.824382, 45.746613], [4.824424, 45.746663], [4.824459, 45.746705], [4.824465, 45.746712], [4.82439, 45.746743], [4.824326, 45.74677], [4.824299, 45.746782], [4.824236, 45.746809], [4.824165, 45.746839], [4.824136, 45.746851], [4.824165, 45.746887], [4.824705, 45.747524], [4.82448, 45.747618], [4.824678, 45.747842], [4.824758, 45.747933], [4.824117, 45.748203], [4.824066, 45.748218], [4.824045, 45.748223], [4.824013, 45.748235], [4.823988, 45.748245], [4.823958, 45.748256], [4.823951, 45.748278], [4.823777, 45.748347], [4.823399, 45.748505], [4.822799, 45.748755], [4.822494, 45.748879], [4.821976, 45.749094], [4.821992, 45.749118], [4.822004, 45.749134], [4.822018, 45.749151], [4.82204, 45.749174], [4.822011, 45.749188], [4.821983, 45.749198], [4.821955, 45.749207], [4.821926, 45.749217], [4.822282, 45.74965], [4.822537, 45.749948], [4.82275, 45.750199], [4.822743, 45.750214], [4.822761, 45.750244], [4.822773, 45.750264], [4.822787, 45.750287], [4.822813, 45.750366], [4.822816, 45.750379], [4.82281, 45.750416], [4.822805, 45.750442], [4.822804, 45.750458], [4.822908, 45.750527], [4.82297, 45.750569], [4.823107, 45.750692], [4.823262, 45.750869], [4.823277, 45.750911], [4.823236, 45.750907], [4.823201, 45.750915], [4.823158, 45.750925], [4.82314, 45.750932], [4.823152, 45.750953], [4.823155, 45.751005], [4.823123, 45.751076], [4.823086, 45.751094], [4.821771, 45.75152], [4.821706, 45.75152], [4.821677, 45.75152], [4.82104, 45.75124], [4.820974, 45.751289], [4.820941, 45.751305], [4.820876, 45.751305], [4.820709, 45.751313], [4.820655, 45.751309], [4.820629, 45.751357], [4.820449, 45.751429], [4.820311, 45.751507], [4.82017, 45.751603], [4.820101, 45.751672], [4.820046, 45.75174], [4.819958, 45.75189], [4.819922, 45.75198], [4.819898, 45.752103], [4.819925, 45.752208], [4.819875, 45.752251], [4.819741, 45.752154], [4.819678, 45.75207], [4.819657, 45.751975], [4.819628, 45.751913], [4.819531, 45.751859], [4.819495, 45.751874], [4.819466, 45.751851], [4.819319, 45.751812], [4.819178, 45.751773], [4.818856, 45.751665], [4.818236, 45.751242], [4.817997, 45.751117], [4.817146, 45.75112], [4.817032, 45.751098], [4.816953, 45.751056], [4.816518, 45.750909], [4.816431, 45.750898], [4.816363, 45.750876], [4.816131, 45.750802], [4.815872, 45.750666], [4.815802, 45.750633], [4.815701, 45.750632], [4.81558, 45.750604], [4.815438, 45.75059], [4.815235, 45.750588], [4.814741, 45.750622], [4.814665, 45.750613], [4.814595, 45.750568], [4.814573, 45.750525], [4.814605, 45.750347], [4.814665, 45.750015], [4.814661, 45.749978], [4.814627, 45.749668], [4.814626, 45.749651], [4.814613, 45.749575], [4.814478, 45.749307], [4.814339, 45.748871], [4.814287, 45.74881], [4.813975, 45.748566], [4.813883, 45.748479], [4.813553, 45.748213], [4.813408, 45.748021], [4.813399, 45.748009], [4.813263, 45.747801], [4.813156, 45.747723], [4.812891, 45.747545], [4.812486, 45.747403], [4.812429, 45.747353], [4.812241, 45.746747], [4.812238, 45.746556], [4.812325, 45.746292], [4.81233, 45.746173], [4.812275, 45.746046], [4.812198, 45.745944], [4.811003, 45.746441], [4.810975, 45.746453], [4.810918, 45.746477], [4.810989, 45.746549], [4.811059, 45.746639], [4.811335, 45.74719], [4.811059, 45.746639], [4.810989, 45.746549], [4.810918, 45.746477], [4.810835, 45.746418], [4.810725, 45.746359], [4.810569, 45.746316], [4.810391, 45.746287], [4.810208, 45.74624], [4.810066, 45.746178], [4.809949, 45.74611], [4.809342, 45.745713], [4.809307, 45.745738], [4.809299, 45.745743], [4.809266, 45.74572], [4.809257, 45.745725], [4.808866, 45.745942], [4.808086, 45.746461], [4.808078, 45.746466], [4.808314, 45.746697], [4.808303, 45.746703], [4.808255, 45.746724], [4.808582, 45.747083], [4.80888, 45.747446], [4.809074, 45.747681], [4.809036, 45.747695], [4.809014, 45.747703], [4.809018, 45.747849], [4.809003, 45.747925], [4.808905, 45.748149], [4.808904, 45.748347], [4.808897, 45.748927], [4.808907, 45.748927], [4.808918, 45.748927], [4.808943, 45.749562], [4.808968, 45.750163], [4.808988, 45.750627], [4.808979, 45.750994], [4.808841, 45.751621], [4.808793, 45.751776], [4.808734, 45.751951], [4.808719, 45.751997], [4.808699, 45.752042], [4.808711, 45.752046], [4.808739, 45.752052], [4.808775, 45.75206], [4.808815, 45.75207], [4.808843, 45.752077], [4.808853, 45.75208], [4.808579, 45.752671], [4.808309, 45.753173], [4.807982, 45.753707], [4.807997, 45.753712], [4.808016, 45.753718], [4.807525, 45.75443], [4.807419, 45.754512], [4.807305, 45.754822], [4.807513, 45.754935], [4.807905, 45.755099], [4.807961, 45.7551], [4.808043, 45.755132], [4.808066, 45.755162], [4.808453, 45.755312], [4.808511, 45.755338], [4.808573, 45.755362], [4.808607, 45.755357], [4.808614, 45.75534], [4.808629, 45.755345], [4.808684, 45.755362], [4.808757, 45.755386], [4.808775, 45.755389], [4.808893, 45.75544], [4.808921, 45.75545], [4.808939, 45.755476], [4.809074, 45.755517], [4.809633, 45.755479], [4.810297, 45.755336], [4.810304, 45.755352], [4.81032, 45.755388], [4.81034, 45.755434], [4.810343, 45.755442], [4.810348, 45.755459], [4.810311, 45.755624], [4.810249, 45.755736], [4.810215, 45.755821], [4.810168, 45.756009], [4.8101, 45.756287], [4.8101, 45.756396], [4.810104, 45.756433], [4.810184, 45.756623], [4.810446, 45.757051], [4.810456, 45.757091], [4.810465, 45.757124], [4.810541, 45.757148], [4.810625, 45.75718], [4.810604, 45.757201], [4.810589, 45.757216], [4.810573, 45.757227], [4.810747, 45.757329], [4.810991, 45.757442], [4.811013, 45.757477], [4.8111, 45.757688], [4.811102, 45.757691], [4.811111, 45.757712], [4.810244, 45.757848], [4.809566, 45.757951], [4.808892, 45.758053], [4.8086, 45.758104], [4.808367, 45.758155], [4.807571, 45.758378], [4.806954, 45.758578], [4.805615, 45.759087], [4.805494, 45.759105], [4.805488, 45.759079], [4.805617, 45.759058], [4.806174, 45.758838], [4.80625, 45.758807], [4.806837, 45.758601], [4.806837, 45.758601], [4.80625, 45.758807], [4.806174, 45.758838], [4.805617, 45.759058], [4.805488, 45.759079], [4.805494, 45.759105], [4.805615, 45.759087], [4.806954, 45.758578], [4.807571, 45.758378], [4.808367, 45.758155], [4.8086, 45.758104], [4.808892, 45.758053], [4.809566, 45.757951], [4.810244, 45.757848], [4.810247, 45.757858], [4.810249, 45.757867], [4.810286, 45.757862], [4.810294, 45.757861], [4.810566, 45.758413], [4.810711, 45.758756], [4.810725, 45.75876], [4.811087, 45.758731], [4.811467, 45.7587], [4.811582, 45.75869], [4.811581, 45.758679], [4.811597, 45.758678], [4.81164, 45.758675], [4.811685, 45.758731], [4.811805, 45.758812], [4.811818, 45.758832], [4.811821, 45.759023], [4.811772, 45.759094], [4.811612, 45.75923], [4.811349, 45.759453], [4.811385, 45.75947], [4.811078, 45.759724], [4.810736, 45.760009], [4.810682, 45.760031], [4.810604, 45.760094], [4.810572, 45.760125], [4.810571, 45.76015], [4.810635, 45.760205], [4.810644, 45.760239], [4.810493, 45.76077], [4.810476, 45.760773], [4.810449, 45.760777], [4.810448, 45.760829], [4.810448, 45.760841], [4.810417, 45.760998], [4.810378, 45.76114], [4.810338, 45.761275], [4.81021, 45.761563], [4.810169, 45.761655], [4.810189, 45.762132], [4.810119, 45.762428], [4.809931, 45.762701], [4.809889, 45.762756], [4.809903, 45.762767], [4.809643, 45.763645], [4.809379, 45.764296], [4.809378, 45.764318], [4.809394, 45.764334], [4.809913, 45.764526], [4.810324, 45.764624], [4.81033, 45.764652], [4.810347, 45.764621], [4.81035, 45.764614], [4.810881, 45.764741], [4.811289, 45.764751], [4.811289, 45.764756], [4.811289, 45.764774], [4.811288, 45.7648], [4.8111, 45.764999], [4.810998, 45.765041], [4.811005, 45.765051], [4.811023, 45.765077], [4.81104, 45.765102], [4.811043, 45.765106], [4.810722, 45.765224], [4.810077, 45.76589], [4.81004, 45.765925], [4.80959, 45.76665], [4.809507, 45.766764], [4.809486, 45.766849], [4.809461, 45.766974], [4.809526, 45.767328], [4.809679, 45.768296], [4.80972, 45.768344], [4.809804, 45.768326], [4.809972, 45.768097], [4.810072, 45.767698], [4.810331, 45.76721], [4.810344, 45.767215], [4.810362, 45.76722], [4.810401, 45.767233], [4.810415, 45.767239], [4.810442, 45.767197], [4.810496, 45.76722], [4.810517, 45.767233], [4.810536, 45.767392], [4.810546, 45.767395], [4.810558, 45.767399], [4.810533, 45.76745], [4.810547, 45.767534], [4.810562, 45.767577], [4.810577, 45.767582], [4.810597, 45.767588], [4.810621, 45.767595], [4.810641, 45.7676], [4.810658, 45.767606], [4.810778, 45.767443], [4.811051, 45.767158], [4.811292, 45.766934], [4.811448, 45.766845], [4.811563, 45.766794], [4.811685, 45.766788], [4.81178, 45.766804], [4.811877, 45.766841], [4.811939, 45.766891], [4.81198, 45.76696], [4.811984, 45.767036], [4.811969, 45.767082], [4.811932, 45.767142], [4.811866, 45.767168], [4.811781, 45.76718], [4.811528, 45.76719], [4.811444, 45.76722], [4.81138, 45.767254], [4.811332, 45.767297], [4.811231, 45.767493], [4.810964, 45.768221], [4.810982, 45.768222], [4.810989, 45.768223], [4.810989, 45.768288], [4.811009, 45.768323], [4.811047, 45.768354], [4.811097, 45.768371], [4.81115, 45.768381], [4.811196, 45.76838], [4.811248, 45.768363], [4.81126, 45.768377], [4.811266, 45.768383], [4.81139, 45.768308], [4.811604, 45.768087], [4.811853, 45.767695], [4.811929, 45.767583], [4.812036, 45.767457], [4.812083, 45.767431], [4.812318, 45.767385], [4.812396, 45.767394], [4.812595, 45.767467], [4.812684, 45.767512], [4.813023, 45.767852], [4.813029, 45.767846], [4.813045, 45.767832], [4.813059, 45.767817], [4.813065, 45.767805], [4.813094, 45.767785], [4.813114, 45.767764], [4.813284, 45.767603], [4.813424, 45.767514], [4.813567, 45.767446], [4.813729, 45.767387], [4.813775, 45.767378], [4.814198, 45.767296], [4.814348, 45.767267], [4.814647, 45.767212], [4.814653, 45.767239], [4.814662, 45.767252], [4.814673, 45.767267], [4.814679, 45.767276], [4.814693, 45.767296], [4.814701, 45.767308], [4.815073, 45.767172], [4.815339, 45.767083], [4.815864, 45.766895], [4.815878, 45.76689], [4.815894, 45.766885], [4.815901, 45.766896], [4.815909, 45.766908], [4.815965, 45.766891], [4.8177, 45.766563], [4.817737, 45.766556], [4.817776, 45.76655], [4.817802, 45.766546], [4.817845, 45.766541], [4.818215, 45.766501], [4.818598, 45.766492], [4.818903, 45.766504], [4.819181, 45.766528], [4.819606, 45.766597], [4.819965, 45.766681], [4.820378, 45.766785], [4.820382, 45.766776], [4.820387, 45.766767], [4.82061, 45.766826], [4.820717, 45.766853], [4.820747, 45.766861], [4.820769, 45.766819], [4.820785, 45.766789], [4.820795, 45.766769], [4.820908, 45.766792], [4.821873, 45.767047], [4.822449, 45.767224], [4.822637, 45.767258], [4.82285, 45.767269], [4.823353, 45.767268], [4.823693, 45.76726], [4.82387, 45.767257], [4.825346, 45.767323], [4.825386, 45.76733], [4.825459, 45.767338], [4.825462, 45.767282], [4.825464, 45.76726], [4.825507, 45.767223], [4.826511, 45.766607], [4.82657, 45.766571], [4.827115, 45.76624], [4.827172, 45.766219], [4.827321, 45.766217], [4.827511, 45.766214], [4.827553, 45.766135], [4.827572, 45.766088], [4.827592, 45.765961], [4.827569, 45.765893], [4.827573, 45.765888], [4.827631, 45.765815], [4.827684, 45.765762], [4.827979, 45.765524], [4.827999, 45.765501], [4.828053, 45.765446], [4.828148, 45.765371], [4.828223, 45.765312], [4.828248, 45.765295], [4.828249, 45.765293], [4.828453, 45.765121], [4.828683, 45.764918], [4.828688, 45.764878], [4.828787, 45.764825], [4.828895, 45.764795], [4.82896, 45.764777], [4.828975, 45.764773], [4.828968, 45.764757], [4.828964, 45.764586], [4.82899, 45.764586], [4.828981, 45.764474], [4.828947, 45.764427], [4.828946, 45.764054], [4.828969, 45.763811], [4.82897, 45.763482], [4.829006, 45.763349], [4.829007, 45.763328], [4.829008, 45.763315], [4.82901, 45.763214], [4.829011, 45.763163], [4.828993, 45.763043], [4.828856, 45.762632], [4.828798, 45.762484], [4.828797, 45.762435], [4.828735, 45.762241], [4.828788, 45.762232], [4.828831, 45.762225], [4.828863, 45.76222], [4.828876, 45.762217], [4.828868, 45.762198], [4.828886, 45.762159], [4.828868, 45.76211], [4.828744, 45.761746], [4.828819, 45.761733], [4.828845, 45.761728], [4.828802, 45.761608], [4.828794, 45.761588], [4.828695, 45.761315], [4.828688, 45.761295], [4.828683, 45.761282], [4.828702, 45.761279], [4.828715, 45.761277], [4.828469, 45.760584], [4.828457, 45.760536], [4.828448, 45.760504], [4.828075, 45.759826], [4.828065, 45.759803], [4.828079, 45.759757], [4.828094, 45.759751], [4.828357, 45.759653], [4.82943, 45.759344], [4.829432, 45.75933], [4.82943, 45.759301], [4.82943, 45.759262], [4.82943, 45.759245], [4.829427, 45.759207], [4.829462, 45.759192], [4.829534, 45.759162], [4.82956, 45.759151], [4.829569, 45.759147], [4.82958, 45.759143], [4.829612, 45.759141], [4.829937, 45.759019], [4.829957, 45.759012], [4.829979, 45.759004], [4.830007, 45.758996], [4.83002, 45.758998], [4.830032, 45.759], [4.830669, 45.758818], [4.830699, 45.758794], [4.830721, 45.758788], [4.830748, 45.75878], [4.830801, 45.758764], [4.830821, 45.758759], [4.830866, 45.758746], [4.830899, 45.758736], [4.83093, 45.758721], [4.830953, 45.758709], [4.831181, 45.758637], [4.831335, 45.758593], [4.831734, 45.758487], [4.831685, 45.75839], [4.831695, 45.758387], [4.831788, 45.758362], [4.831826, 45.758351], [4.831788, 45.758283], [4.832152, 45.758176], [4.831955, 45.75781]]}, "properties": {"heading": 252, "length_km": 13.313, "retrace": 0.093}}, {"type": "Feature", "geometry": {"type": "LineString", "coordinates": [[4.831955, 45.75781], [4.831794, 45.757511], [4.831452, 45.757605], [4.830633, 45.757827], [4.830569, 45.757839], [4.83037, 45.757792], [4.830035, 45.75769], [4.829999, 45.757683], [4.829951, 45.757659], [4.829906, 45.757622], [4.829712, 45.75734], [4.829614, 45.757313], [4.829606, 45.757304], [4.82958, 45.757311], [4.829573, 45.757313], [4.828941, 45.757518], [4.828936, 45.75752], [4.828911, 45.757528], [4.828884, 45.757536], [4.828855, 45.757546], [4.828828, 45.757554], [4.828823, 45.757541], [4.828783, 45.757496], [4.828733, 45.757442], [4.828729, 45.757425], [4.828224, 45.756778], [4.827989, 45.756479], [4.827967, 45.75646], [4.827938, 45.756434], [4.827926, 45.756418], [4.827913, 45.756405], [4.827899, 45.75638], [4.8275, 45.755864], [4.827491, 45.755851], [4.827483, 45.755839], [4.827436, 45.755782], [4.827416, 45.755758], [4.827338, 45.755666], [4.827308, 45.755631], [4.827257, 45.75557], [4.827242, 45.755558], [4.827233, 45.75555], [4.826603, 45.75466], [4.826213, 45.754103], [4.826201, 45.754087], [4.826193, 45.754073], [4.826183, 45.754059], [4.826171, 45.75404], [4.826038, 45.753864], [4.826027, 45.753842], [4.826014, 45.753828], [4.826005, 45.753818], [4.825987, 45.753789], [4.825721, 45.753423], [4.825717, 45.753406], [4.825703, 45.753384], [4.825694, 45.753369], [4.82568, 45.753351], [4.825437, 45.753], [4.82542, 45.752976], [4.825405, 45.752956], [4.825385, 45.752928], [4.825369, 45.752905], [4.825116, 45.752559], [4.825103, 45.752537], [4.825095, 45.752523], [4.825084, 45.752505], [4.825071, 45.752482], [4.824549, 45.751749], [4.824525, 45.751752], [4.824514, 45.751737], [4.824509, 45.751728], [4.824503, 45.751719], [4.824498, 45.751712], [4.824491, 45.7517], [4.82444, 45.751632], [4.824433, 45.751623], [4.82446, 45.751614], [4.824462, 45.751593], [4.824134, 45.751124], [4.824016, 45.751018], [4.823995, 45.751003], [4.823585, 45.751139], [4.823566, 45.751147], [4.82354, 45.751156], [4.823519, 45.751163], [4.823507, 45.751148], [4.823461, 45.751097], [4.823421, 45.751052], [4.823371, 45.751002], [4.823337, 45.750967], [4.823302, 45.750931], [4.823277, 45.750911], [4.823262, 45.750869], [4.823107, 45.750692], [4.82297, 45.750569], [4.822908, 45.750527], [4.822804, 45.750458], [4.822805, 45.750442], [4.82281, 45.750416], [4.822816, 45.750379], [4.822813, 45.750366], [4.822787, 45.750287], [4.822773, 45.750264], [4.822761, 45.750244], [4.822743, 45.750214], [4.82275, 45.750199], [4.822537, 45.749948], [4.822282, 45.74965], [4.821926, 45.749217], [4.821906, 45.749198], [4.821888, 45.749179], [4.821875, 45.749165], [4.821861, 45.749147], [4.82104, 45.748185], [4.821056, 45.748179], [4.821111, 45.74816], [4.821077, 45.74812], [4.821043, 45.74808], [4.821002, 45.748031], [4.820966, 45.74799], [4.820924, 45.748008], [4.820902, 45.748017], [4.820154, 45.747156], [4.820138, 45.747138], [4.820095, 45.747156], [4.820083, 45.747141], [4.820072, 45.747126], [4.820045, 45.747091], [4.820033, 45.747078], [4.819658, 45.747233], [4.819653, 45.747226], [4.819601, 45.747165], [4.819592, 45.747153], [4.819423, 45.746951], [4.819398, 45.74691], [4.819383, 45.74681], [4.818955, 45.746297], [4.818945, 45.746267], [4.819004, 45.74609], [4.818921, 45.745981], [4.818939, 45.745964], [4.818948, 45.745935], [4.818948, 45.745913], [4.818937, 45.745895], [4.818913, 45.745874], [4.818889, 45.745864], [4.818843, 45.745863], [4.818741, 45.745742], [4.818469, 45.745417], [4.818318, 45.745238], [4.818307, 45.745224], [4.818235, 45.745138], [4.818195, 45.745152], [4.818128, 45.745066], [4.818161, 45.745052], [4.818189, 45.74504], [4.818033, 45.744849], [4.817507, 45.744237], [4.817416, 45.744113], [4.817513, 45.744065], [4.817476, 45.744027], [4.817455, 45.744005], [4.817431, 45.743981], [4.81741, 45.743961], [4.81735, 45.743986], [4.81734, 45.743975], [4.817097, 45.74369], [4.817048, 45.743628], [4.816998, 45.743574], [4.81709, 45.743536], [4.817127, 45.743521], [4.816909, 45.743263], [4.81691, 45.743262], [4.816909, 45.743263], [4.817127, 45.743521], [4.81709, 45.743536], [4.816998, 45.743574], [4.817048, 45.743628], [4.817097, 45.74369], [4.81734, 45.743975], [4.81735, 45.743986], [4.81741, 45.743961], [4.817431, 45.743981], [4.817455, 45.744005], [4.817476, 45.744027], [4.817513, 45.744065], [4.817416, 45.744113], [4.817507, 45.744237], [4.818033, 45.744849], [4.818189, 45.74504], [4.818161, 45.745052], [4.818128, 45.745066], [4.818099, 45.745078], [4.818084, 45.745084], [4.818046, 45.7451], [4.817444, 45.74535], [4.817088, 45.745498], [4.816965, 45.745549], [4.816918, 45.745611], [4.816959, 45.745659], [4.817045, 45.745757], [4.817051, 45.745813], [4.817572, 45.746428], [4.817715, 45.746596], [4.818599, 45.747641], [4.818589, 45.747645], [4.818515, 45.747692], [4.818527, 45.747702], [4.818661, 45.747796], [4.819672, 45.748532], [4.819901, 45.748699], [4.819974, 45.74875], [4.821038, 45.749495], [4.821197, 45.749606], [4.821717, 45.749978], [4.822028, 45.750195], [4.822054, 45.7502], [4.822115, 45.750211], [4.822466, 45.750454], [4.822732, 45.750644], [4.823126, 45.75091], [4.82314, 45.750932], [4.823152, 45.750953], [4.823155, 45.751005], [4.823123, 45.751076], [4.823086, 45.751094], [4.821771, 45.75152], [4.821706, 45.75152], [4.821677, 45.75152], [4.82104, 45.75124], [4.820974, 45.751289], [4.820941, 45.751305], [4.820876, 45.751305], [4.820709, 45.751313], [4.820655, 45.751309], [4.820629, 45.751357], [4.820449, 45.751429], [4.820311, 45.751507], [4.82017, 45.751603], [4.820101, 45.751672], [4.820046, 45.75174], [4.819958, 45.75189], [4.819922, 45.75198], [4.819898, 45.752103], [4.819925, 45.752208], [4.819875, 45.752251], [4.819741, 45.752154], [4.819678, 45.75207], [4.819657, 45.751975], [4.819628, 45.751913], [4.819531, 45.751859], [4.819495, 45.751874], [4.819507, 45.751892], [4.819508, 45.751932], [4.81947, 45.751934], [4.819445, 45.751948], [4.81916, 45.752201], [4.819104, 45.752235], [4.819037, 45.752252], [4.818893, 45.752318], [4.818765, 45.752439], [4.818736, 45.752457], [4.818687, 45.752468], [4.818448, 45.752462], [4.818366, 45.752476], [4.817816, 45.752706], [4.817381, 45.752871], [4.817344, 45.752909], [4.817338, 45.752905], [4.817338, 45.752864], [4.817321, 45.75286], [4.817309, 45.752917], [4.817291, 45.752915], [4.817253, 45.752911], [4.817219, 45.752907], [4.817186, 45.752903], [4.817149, 45.752899], [4.817113, 45.752894], [4.817104, 45.752893], [4.817079, 45.752967], [4.817032, 45.752983], [4.816542, 45.753142], [4.816423, 45.75318], [4.816289, 45.753211], [4.81621, 45.753211], [4.816214, 45.753225], [4.816201, 45.753242], [4.816169, 45.753242], [4.816178, 45.753356], [4.816168, 45.753356], [4.816124, 45.753359], [4.816081, 45.753361], [4.816057, 45.753363], [4.81605, 45.753284], [4.816049, 45.753275], [4.81605, 45.753254], [4.815828, 45.753269], [4.815039, 45.753536], [4.814616, 45.753724], [4.814191, 45.753893], [4.813776, 45.753982], [4.813206, 45.754268], [4.813194, 45.754261], [4.813176, 45.75425], [4.813149, 45.75423], [4.812629, 45.754626], [4.812564, 45.754675], [4.812568, 45.754687], [4.812572, 45.754698], [4.812475, 45.754785], [4.812502, 45.754827], [4.812487, 45.754834], [4.812451, 45.754851], [4.812408, 45.75487], [4.81236, 45.754894], [4.812312, 45.754878], [4.812131, 45.754932], [4.812112, 45.754961], [4.812089, 45.754962], [4.812044, 45.754971], [4.811993, 45.754981], [4.811977, 45.754985], [4.81195, 45.754984], [4.811733, 45.75504], [4.811003, 45.755291], [4.810343, 45.755442], [4.81034, 45.755434], [4.81032, 45.755388], [4.810304, 45.755352], [4.810297, 45.755336], [4.809633, 45.755479], [4.809074, 45.755517], [4.808939, 45.755476], [4.808921, 45.75545], [4.808893, 45.75544], [4.808775, 45.755389], [4.808757, 45.755386], [4.808684, 45.755362], [4.808629, 45.755345], [4.808614, 45.75534], [4.808607, 45.755357], [4.808573, 45.755362], [4.808511, 45.755338], [4.808453, 45.755312], [4.808066, 45.755162], [4.808043, 45.755132], [4.807961, 45.7551], [4.807905, 45.755099], [4.807513, 45.754935], [4.807305, 45.754822], [4.807419, 45.754512], [4.807525, 45.75443], [4.808016, 45.753718], [4.807997, 45.753712], [4.807982, 45.753707], [4.807905, 45.753683], [4.807834, 45.753662], [4.807819, 45.753657], [4.807804, 45.753653], [4.808002, 45.75334], [4.808316, 45.752775], [4.808643, 45.752097], [4.80859, 45.752109], [4.808294, 45.752661], [4.80795, 45.752783], [4.808294, 45.752661], [4.80859, 45.752109], [4.808643, 45.752097], [4.808316, 45.752775], [4.808002, 45.75334], [4.807804, 45.753653], [4.807697, 45.753821], [4.807415, 45.754225], [4.807227, 45.754481], [4.807028, 45.754726], [4.807049, 45.754732], [4.807065, 45.754738], [4.807079, 45.754742], [4.807093, 45.754747], [4.807156, 45.754769], [4.807255, 45.754805], [4.807305, 45.754822], [4.807513, 45.754935], [4.807905, 45.755099], [4.807961, 45.7551], [4.808043, 45.755132], [4.808066, 45.755162], [4.808453, 45.755312], [4.808511, 45.755338], [4.808573, 45.755362], [4.808607, 45.755357], [4.808614, 45.75534], [4.808629, 45.755345], [4.808684, 45.755362], [4.808757, 45.755386], [4.808775, 45.755389], [4.808893, 45.75544], [4.808921, 45.75545], [4.808939, 45.755476], [4.809074, 45.755517], [4.809633, 45.755479], [4.810297, 45.755336], [4.810304, 45.755352], [4.81032, 45.755388], [4.81034, 45.755434], [4.810343, 45.755442], [4.810348, 45.755459], [4.810311, 45.755624], [4.810249, 45.755736], [4.810215, 45.755821], [4.810168, 45.756009], [4.8101, 45.756287], [4.8101, 45.756396], [4.810104, 45.756433], [4.810184, 45.756623], [4.810446, 45.757051], [4.810456, 45.757091], [4.810465, 45.757124], [4.810541, 45.757148], [4.810625, 45.75718], [4.811072, 45.757371], [4.81107, 45.75738], [4.811068, 45.757413], [4.81107, 45.757444], [4.811084, 45.757473], [4.8111, 45.757475], [4.811142, 45.757486], [4.811214, 45.757674], [4.811223, 45.757694], [4.811228, 45.757705], [4.811231, 45.757713], [4.811245, 45.757744], [4.811684, 45.758673], [4.811677, 45.758673], [4.81164, 45.758675], [4.811685, 45.758731], [4.811805, 45.758812], [4.811818, 45.758832], [4.811846, 45.758831], [4.811867, 45.758831], [4.811852, 45.758871], [4.811867, 45.759069], [4.811385, 45.75947], [4.811078, 45.759724], [4.810736, 45.760009], [4.810682, 45.760031], [4.810604, 45.760094], [4.810572, 45.760125], [4.810571, 45.76015], [4.810562, 45.760158], [4.810533, 45.760184], [4.810509, 45.760205], [4.810499, 45.760213], [4.810477, 45.760211], [4.810424, 45.760239], [4.810341, 45.760308], [4.810246, 45.760388], [4.809735, 45.760769], [4.809468, 45.760964], [4.809338, 45.761101], [4.808896, 45.761576], [4.808844, 45.761631], [4.808747, 45.761767], [4.80851, 45.762109], [4.808344, 45.762368], [4.808144, 45.762615], [4.808086, 45.76269], [4.808006, 45.762789], [4.807935, 45.762877], [4.807539, 45.763354], [4.807339, 45.763597], [4.806755, 45.764433], [4.806606, 45.764669], [4.806197, 45.765384], [4.806163, 45.765428], [4.806018, 45.765567], [4.805672, 45.765837], [4.805632, 45.765895], [4.805607, 45.765971], [4.805595, 45.76605], [4.805584, 45.76615], [4.805581, 45.766164], [4.805577, 45.766197], [4.805588, 45.766322], [4.805541, 45.766527], [4.80553, 45.766575], [4.805524, 45.766678], [4.805537, 45.767056], [4.805542, 45.767081], [4.805532, 45.767305], [4.805511, 45.76764], [4.805488, 45.76806], [4.80565, 45.768066], [4.805661, 45.768066], [4.80568, 45.768128], [4.805736, 45.76813], [4.806212, 45.768152], [4.80629, 45.768163], [4.806348, 45.768184], [4.806393, 45.768208], [4.80642, 45.768227], [4.806444, 45.768245], [4.806516, 45.768315], [4.806609, 45.768405], [4.806683, 45.768477], [4.806709, 45.768501], [4.806733, 45.768523], [4.807302, 45.769087], [4.80733, 45.769188], [4.807324, 45.769305], [4.80732, 45.769384], [4.807312, 45.769484], [4.807281, 45.770244], [4.807303, 45.770313], [4.80732, 45.770362], [4.807318, 45.770382], [4.807317, 45.770405], [4.807328, 45.770466], [4.807333, 45.770508], [4.807296, 45.770837], [4.807364, 45.77089], [4.80743, 45.770944], [4.807461, 45.770997], [4.807468, 45.771055], [4.80748, 45.771055], [4.807479, 45.771073], [4.807479, 45.771094], [4.807756, 45.771101], [4.807786, 45.771153], [4.807846, 45.771381], [4.807837, 45.771527], [4.807827, 45.771684], [4.807833, 45.772], [4.807815, 45.77208], [4.807807, 45.772117], [4.807791, 45.772152], [4.807783, 45.77217], [4.807771, 45.77219], [4.807854, 45.772218], [4.807874, 45.772257], [4.807809, 45.772488], [4.807786, 45.772566], [4.807701, 45.772762], [4.807712, 45.772765], [4.807763, 45.772778], [4.807798, 45.772787], [4.807806, 45.772789], [4.80777, 45.772858], [4.807709, 45.772981], [4.807693, 45.773014], [4.807688, 45.773053], [4.8077, 45.773071], [4.807698, 45.773075], [4.807686, 45.773088], [4.807675, 45.773102], [4.807666, 45.773126], [4.807658, 45.773147], [4.807652, 45.773154], [4.807907, 45.773274], [4.807948, 45.773307], [4.808042, 45.773382], [4.808008, 45.773416], [4.807977, 45.773446], [4.80797, 45.773453], [4.807962, 45.77346], [4.808537, 45.773734], [4.808551, 45.773756], [4.808571, 45.773783], [4.808583, 45.773795], [4.808596, 45.773809], [4.808607, 45.77382], [4.808653, 45.773815], [4.80869, 45.773824], [4.80872, 45.773853], [4.808745, 45.773877], [4.808764, 45.773894], [4.808781, 45.773911], [4.80889, 45.774015], [4.808852, 45.774058], [4.808812, 45.77408], [4.808704, 45.774206], [4.808619, 45.774308], [4.808265, 45.774799], [4.808302, 45.774807], [4.808323, 45.774811], [4.808359, 45.774818], [4.808586, 45.774825], [4.808618, 45.774825], [4.808649, 45.774825], [4.808663, 45.774828], [4.808668, 45.774856], [4.80869, 45.774856], [4.808704, 45.774855], [4.808752, 45.774852], [4.80889, 45.774838], [4.810469, 45.774695], [4.810707, 45.774672], [4.810736, 45.774668], [4.810829, 45.774656], [4.811018, 45.774623], [4.810994, 45.774592], [4.811941, 45.77451], [4.812381, 45.77447], [4.812477, 45.774474], [4.812583, 45.774417], [4.812622, 45.774356], [4.812633, 45.774305], [4.812635, 45.774244], [4.812593, 45.774176], [4.81261, 45.774165], [4.812637, 45.774148], [4.812665, 45.77413], [4.812685, 45.774118], [4.812719, 45.774096], [4.812745, 45.77408], [4.812755, 45.774074], [4.812953, 45.774107], [4.812986, 45.774113], [4.813116, 45.774133], [4.813902, 45.774081], [4.813944, 45.774073], [4.814021, 45.774057], [4.814147, 45.774018], [4.814249, 45.773968], [4.814389, 45.773858], [4.81456, 45.773566], [4.814648, 45.773395], [4.814834, 45.773048], [4.814989, 45.772736], [4.815007, 45.772664], [4.815021, 45.77241], [4.815, 45.772301], [4.814911, 45.772086], [4.814811, 45.771887], [4.8148, 45.771844], [4.814806, 45.771794], [4.814828, 45.771739], [4.814852, 45.771704], [4.81484, 45.771682], [4.814877, 45.771628], [4.814891, 45.771611], [4.814905, 45.771602], [4.814914, 45.771591], [4.814934, 45.771531], [4.814943, 45.771465], [4.814975, 45.771427], [4.815037, 45.771405], [4.815192, 45.771413], [4.815422, 45.771559], [4.815503, 45.771583], [4.815594, 45.771516], [4.815713, 45.771455], [4.815855, 45.771403], [4.815948, 45.771385], [4.815968, 45.77138], [4.815994, 45.77138], [4.816019, 45.77138], [4.816032, 45.771377], [4.816271, 45.77135], [4.816306, 45.771357], [4.81633, 45.771362], [4.816366, 45.771373], [4.816383, 45.771378], [4.816419, 45.771397], [4.816549, 45.771465], [4.816624, 45.771563], [4.816649, 45.771564], [4.816661, 45.771602], [4.816912, 45.771779], [4.817747, 45.772043], [4.817712, 45.772159], [4.817493, 45.772266], [4.817386, 45.772223], [4.817302, 45.772238], [4.816964, 45.772423], [4.816964, 45.772423], [4.817302, 45.772238], [4.817386, 45.772223], [4.817493, 45.772266], [4.817712, 45.772159], [4.817747, 45.772043], [4.817846, 45.772075], [4.817919, 45.772098], [4.817969, 45.772114], [4.817989, 45.77212], [4.818074, 45.772143], [4.818542, 45.772273], [4.818612, 45.772291], [4.818673, 45.772309], [4.818751, 45.772332], [4.818784, 45.772342], [4.818803, 45.772347], [4.819427, 45.772537], [4.819474, 45.772552], [4.819502, 45.77256], [4.820436, 45.772845], [4.820531, 45.772878], [4.820541, 45.772883], [4.820563, 45.772891], [4.820582, 45.772902], [4.820589, 45.772905], [4.820609, 45.772911], [4.820795, 45.772971], [4.821021, 45.773036], [4.821176, 45.773081], [4.821205, 45.773031], [4.821238, 45.772983], [4.821274, 45.77293], [4.821299, 45.772892], [4.821384, 45.77286], [4.821422, 45.77287], [4.821454, 45.772878], [4.821483, 45.772886], [4.82154, 45.772886], [4.821603, 45.772831], [4.821835, 45.772709], [4.821923, 45.772662], [4.82201, 45.772634], [4.822059, 45.772609], [4.822196, 45.772538], [4.822815, 45.772225], [4.823025, 45.772108], [4.82319, 45.77206], [4.823273, 45.772036], [4.823497, 45.77203], [4.823572, 45.772026], [4.824468, 45.771991], [4.824506, 45.771999], [4.824521, 45.772004], [4.824544, 45.772003], [4.824564, 45.772002], [4.824583, 45.772001], [4.824581, 45.771985], [4.824677, 45.771982], [4.825695, 45.771952], [4.825726, 45.771952], [4.825753, 45.771952], [4.825781, 45.771951], [4.825819, 45.771948], [4.825827, 45.771921], [4.825827, 45.771908], [4.825826, 45.771887], [4.825824, 45.771863], [4.825917, 45.771852], [4.826305, 45.771837], [4.82645, 45.771829], [4.826523, 45.771835], [4.826552, 45.771838], [4.826583, 45.771838], [4.826602, 45.771838], [4.826633, 45.771838], [4.826658, 45.771849], [4.826967, 45.771839], [4.827066, 45.771836], [4.827554, 45.771653], [4.827638, 45.771623], [4.8278, 45.771584], [4.827873, 45.771556], [4.827945, 45.771517], [4.828188, 45.771352], [4.828341, 45.771173], [4.828341, 45.771161], [4.828335, 45.771151], [4.828345, 45.771138], [4.828362, 45.771116], [4.82837, 45.771108], [4.828378, 45.771112], [4.828413, 45.771078], [4.828527, 45.770934], [4.828602, 45.770845], [4.82884, 45.770591], [4.828904, 45.770485], [4.828959, 45.770488], [4.829017, 45.770477], [4.82917, 45.77039], [4.829225, 45.770371], [4.829231, 45.770352], [4.829347, 45.770264], [4.829512, 45.770176], [4.829631, 45.770122], [4.829547, 45.770051], [4.82935, 45.769944], [4.829242, 45.769915], [4.829182, 45.769879], [4.829183, 45.769871], [4.829189, 45.769842], [4.829196, 45.769812], [4.829201, 45.769806], [4.829205, 45.769794], [4.829229, 45.769716], [4.829278, 45.769572], [4.829332, 45.769392], [4.829342, 45.769272], [4.829351, 45.769271], [4.829369, 45.769271], [4.829373, 45.769211], [4.829422, 45.769173], [4.829589, 45.769171], [4.829607, 45.769171], [4.829639, 45.769146], [4.829725, 45.769143], [4.830081, 45.769144], [4.830175, 45.769133], [4.830175, 45.769082], [4.830194, 45.769083], [4.830206, 45.769083], [4.8302, 45.768871], [4.830223, 45.768851], [4.830294, 45.768827], [4.830384, 45.768821], [4.83036, 45.768782], [4.830382, 45.768781], [4.83062, 45.768812], [4.830638, 45.768798], [4.830705, 45.768738], [4.831187, 45.768233], [4.831116, 45.768235], [4.831147, 45.768201], [4.831149, 45.768171], [4.831151, 45.768142], [4.831152, 45.768123], [4.831242, 45.768121], [4.831255, 45.768026], [4.831336, 45.767806], [4.831337, 45.767783], [4.831345, 45.767763], [4.831488, 45.767447], [4.831483, 45.767426], [4.831495, 45.767406], [4.831516, 45.767374], [4.831527, 45.767357], [4.831692, 45.76705], [4.831708, 45.767011], [4.831711, 45.767003], [4.831725, 45.766977], [4.83174, 45.766948], [4.83175, 45.766938], [4.83176, 45.766927], [4.831747, 45.766504], [4.831808, 45.766052], [4.831845, 45.766066], [4.831868, 45.766068], [4.831885, 45.766013], [4.83191, 45.765961], [4.831965, 45.765798], [4.831993, 45.765802], [4.83216, 45.765312], [4.832167, 45.765302], [4.83226, 45.765307], [4.832263, 45.765285], [4.832266, 45.765264], [4.832268, 45.765223], [4.83228, 45.765033], [4.83226, 45.764887], [4.832258, 45.764871], [4.832242, 45.764769], [4.832263, 45.76476], [4.832266, 45.764734], [4.83227, 45.764704], [4.832277, 45.764681], [4.832279, 45.764666], [4.832283, 45.764647], [4.832286, 45.764617], [4.832333, 45.764618], [4.832343, 45.764587], [4.832362, 45.764528], [4.832364, 45.76452], [4.832533, 45.763866], [4.832531, 45.763841], [4.832531, 45.763821], [4.832531, 45.763784], [4.83253, 45.763757], [4.832531, 45.763745], [4.832593, 45.763744], [4.832606, 45.763558], [4.832611, 45.763523], [4.832613, 45.763508], [4.832626, 45.763365], [4.832632, 45.763342], [4.832636, 45.763322], [4.832642, 45.763287], [4.832648, 45.76325], [4.832651, 45.763231], [4.832652, 45.763228], [4.832652, 45.763227], [4.832655, 45.763203], [4.83271, 45.762851], [4.83275, 45.762597], [4.832769, 45.762515], [4.832903, 45.762061], [4.832942, 45.761996], [4.832972, 45.761919], [4.833037, 45.761634], [4.833044, 45.761606], [4.83317, 45.761353], [4.833176, 45.761341], [4.833237, 45.761218], [4.833282, 45.761128], [4.833278, 45.761025], [4.833278, 45.76102], [4.833278, 45.761018], [4.833278, 45.761015], [4.833246, 45.760898], [4.833229, 45.760854], [4.833219, 45.760833], [4.833157, 45.760695], [4.833103, 45.760534], [4.833101, 45.760528], [4.833097, 45.760517], [4.833088, 45.760495], [4.833085, 45.760485], [4.833068, 45.76042], [4.833039, 45.76038], [4.832966, 45.760247], [4.832958, 45.760211], [4.832874, 45.759909], [4.832883, 45.759873], [4.832795, 45.759589], [4.832789, 45.759566], [4.832785, 45.75955], [4.832779, 45.759528], [4.832775, 45.759507], [4.832465, 45.758465], [4.832454, 45.758456], [4.832438, 45.758443], [4.832421, 45.758412], [4.832396, 45.758369], [4.83239, 45.758358], [4.832361, 45.758309], [4.831734, 45.758487], [4.831685, 45.75839], [4.831695, 45.758387], [4.831788, 45.758362], [4.831826, 45.758351], [4.831788, 45.758283], [4.832152, 45.758176], [4.831955, 45.75781]]}, "properties": {"heading": 270, "length_km": 12.712, "retrace": 0.14}}, {"type": "Feature", "geometry": {"type": "LineString", "coordinates": [[4.831955, 45.75781], [4.831794, 45.757511], [4.831452, 45.757605], [4.830633, 45.757827], [4.830569, 45.757839], [4.83037, 45.757792], [4.830035, 45.75769], [4.829999, 45.757683], [4.829951, 45.757659], [4.829906, 45.757622], [4.829712, 45.75734], [4.829614, 45.757313], [4.829606, 45.757304], [4.82958, 45.757311], [4.829573, 45.757313], [4.828941, 45.757518], [4.828936, 45.75752], [4.828911, 45.757528], [4.828884, 45.757536], [4.828855, 45.757546], [4.828828, 45.757554], [4.828823, 45.757541], [4.828783, 45.757496], [4.828733, 45.757442], [4.828729, 45.757425], [4.828224, 45.756778], [4.827989, 45.756479], [4.827967, 45.75646], [4.827938, 45.756434], [4.827926, 45.756418], [4.827913, 45.756405], [4.827899, 45.75638], [4.8275, 45.755864], [4.827491, 45.755851], [4.827483, 45.755839], [4.827436, 45.755782], [4.827416, 45.755758], [4.827338, 45.755666], [4.827308, 45.755631], [4.827257, 45.75557], [4.827242, 45.755558], [4.827233, 45.75555], [4.826603, 45.75466], [4.826213, 45.754103], [4.826201, 45.754087], [4.826193, 45.754073], [4.826183, 45.754059], [4.826171, 45.75404], [4.826038, 45.753864], [4.826027, 45.753842], [4.826014, 45.753828], [4.826005, 45.753818], [4.825987, 45.753789], [4.825721, 45.753423], [4.825717, 45.753406], [4.825703, 45.753384], [4.825694, 45.753369], [4.82568, 45.753351], [4.825437, 45.753], [4.82542, 45.752976], [4.825405, 45.752956], [4.825385, 45.752928], [4.825369, 45.752905], [4.825116, 45.752559], [4.825103, 45.752537], [4.825095, 45.752523], [4.825084, 45.752505], [4.825071, 45.752482], [4.824549, 45.751749], [4.824525, 45.751752], [4.82427, 45.75182], [4.824253, 45.751833], [4.824239, 45.75183], [4.824174, 45.751846], [4.824099, 45.751865], [4.824081, 45.75187], [4.82404, 45.751884], [4.823907, 45.751736], [4.823889, 45.751703], [4.823893, 45.751695], [4.823897, 45.751686], [4.8239, 45.751672], [4.823843, 45.751646], [4.823468, 45.751269], [4.823418, 45.751239], [4.823411, 45.751247], [4.823403, 45.751256], [4.823395, 45.751266], [4.823391, 45.751272], [4.823266, 45.751256], [4.823238, 45.751257], [4.821977, 45.751654], [4.821887, 45.751688], [4.821817, 45.751744], [4.821811, 45.751738], [4.821791, 45.751723], [4.821771, 45.751707], [4.821735, 45.751658], [4.821706, 45.751621], [4.821696, 45.751602], [4.821692, 45.751582], [4.821681, 45.751539], [4.821677, 45.75152], [4.82104, 45.75124], [4.820974, 45.751289], [4.820941, 45.751305], [4.820876, 45.751305], [4.820709, 45.751313], [4.820655, 45.751309], [4.820629, 45.751357], [4.820449, 45.751429], [4.820311, 45.751507], [4.82017, 45.751603], [4.820101, 45.751672], [4.820046, 45.75174], [4.819958, 45.75189], [4.819922, 45.75198], [4.819898, 45.752103], [4.819925, 45.752208], [4.819875, 45.752251], [4.819741, 45.752154], [4.819678, 45.75207], [4.819657, 45.751975], [4.819628, 45.751913], [4.819531, 45.751859], [4.819495, 45.751874], [4.819466, 45.751851], [4.819319, 45.751812], [4.819178, 45.751773], [4.818856, 45.751665], [4.818236, 45.751242], [4.817997, 45.751117], [4.817146, 45.75112], [4.817032, 45.751098], [4.816953, 45.751056], [4.816518, 45.750909], [4.816431, 45.750898], [4.816363, 45.750876], [4.816131, 45.750802], [4.815872, 45.750666], [4.815802, 45.750633], [4.815701, 45.750632], [4.81558, 45.750604], [4.815438, 45.75059], [4.815235, 45.750588], [4.814741, 45.750622], [4.814665, 45.750613], [4.814595, 45.750568], [4.814573, 45.750525], [4.814605, 45.750347], [4.814665, 45.750015], [4.814661, 45.749978], [4.814627, 45.749668], [4.814626, 45.749651], [4.814613, 45.749575], [4.814478, 45.749307], [4.814339, 45.748871], [4.814287, 45.74881], [4.813975, 45.748566], [4.813883, 45.748479], [4.813553, 45.748213], [4.813408, 45.748021], [4.813399, 45.748009], [4.813263, 45.747801], [4.813156, 45.747723], [4.812891, 45.747545], [4.812486, 45.747403], [4.812429, 45.747353], [4.812241, 45.746747], [4.812238, 45.746556], [4.812325, 45.746292], [4.81233, 45.746173], [4.812275, 45.746046], [4.812198, 45.745944], [4.811003, 45.746441], [4.810975, 45.746453], [4.810918, 45.746477], [4.810989, 45.746549], [4.811059, 45.746639], [4.811335, 45.74719], [4.811059, 45.746639], [4.810989, 45.746549], [4.810918, 45.746477], [4.810835, 45.746418], [4.810725, 45.746359], [4.810569, 45.746316], [4.810391, 45.746287], [4.810208, 45.74624], [4.810066, 45.746178], [4.809949, 45.74611], [4.809342, 45.745713], [4.809307, 45.745738], [4.809299, 45.745743], [4.809266, 45.74572], [4.809257, 45.745725], [4.808866, 45.745942], [4.808086, 45.746461], [4.808078, 45.746466], [4.808314, 45.746697], [4.808303, 45.746703], [4.808255, 45.746724], [4.808582, 45.747083], [4.80888, 45.747446], [4.809074, 45.747681], [4.809036, 45.747695], [4.809014, 45.747703], [4.809018, 45.747849], [4.809003, 45.747925], [4.808905, 45.748149], [4.808904, 45.748347], [4.808897, 45.748927], [4.808907, 45.748927], [4.808918, 45.748927], [4.808943, 45.749562], [4.808968, 45.750163], [4.808988, 45.750627], [4.808979, 45.750994], [4.808841, 45.751621], [4.808793, 45.751776], [4.808734, 45.751951], [4.808719, 45.751997], [4.808699, 45.752042], [4.808711, 45.752046], [4.808739, 45.752052], [4.808775, 45.75206], [4.808815, 45.75207], [4.808843, 45.752077], [4.808853, 45.75208], [4.808579, 45.752671], [4.808309, 45.753173], [4.807982, 45.753707], [4.807997, 45.753712], [4.808016, 45.753718], [4.807525, 45.75443], [4.807419, 45.754512], [4.807305, 45.754822], [4.807513, 45.754935], [4.807905, 45.755099], [4.807961, 45.7551], [4.808043, 45.755132], [4.808066, 45.755162], [4.808453, 45.755312], [4.808511, 45.755338], [4.808573, 45.755362], [4.808607, 45.755357], [4.808614, 45.75534], [4.808629, 45.755345], [4.808684, 45.755362], [4.808757, 45.755386], [4.808775, 45.755389], [4.808893, 45.75544], [4.808921, 45.75545], [4.808939, 45.755476], [4.809074, 45.755517], [4.809633, 45.755479], [4.810297, 45.755336], [4.810304, 45.755352], [4.81032, 45.755388], [4.81034, 45.755434], [4.810343, 45.755442], [4.810348, 45.755459], [4.810311, 45.755624], [4.810249, 45.755736], [4.810215, 45.755821], [4.810168, 45.756009], [4.8101, 45.756287], [4.8101, 45.756396], [4.810104, 45.756433], [4.810184, 45.756623], [4.810446, 45.757051], [4.810456, 45.757091], [4.810465, 45.757124], [4.810541, 45.757148], [4.810625, 45.75718], [4.810604, 45.757201], [4.810589, 45.757216], [4.810573, 45.757227], [4.810747, 45.757329], [4.810991, 45.757442], [4.811013, 45.757477], [4.8111, 45.757688], [4.811102, 45.757691], [4.811111, 45.757712], [4.810244, 45.757848], [4.809566, 45.757951], [4.808892, 45.758053], [4.8086, 45.758104], [4.808367, 45.758155], [4.807571, 45.758378], [4.806954, 45.758578], [4.805615, 45.759087], [4.805494, 45.759105], [4.805488, 45.759079], [4.805617, 45.759058], [4.806174, 45.758838], [4.80625, 45.758807], [4.806837, 45.758601], [4.806837, 45.758601], [4.80625, 45.758807], [4.806174, 45.758838], [4.805617, 45.759058], [4.805488, 45.759079], [4.805494, 45.759105], [4.805615, 45.759087], [4.806954, 45.758578], [4.807571, 45.758378], [4.808367, 45.758155], [4.8086, 45.758104], [4.808892, 45.758053], [4.809566, 45.757951], [4.810244, 45.757848], [4.810247, 45.757858], [4.810249, 45.757867], [4.810286, 45.757862], [4.810294, 45.757861], [4.810566, 45.758413], [4.810711, 45.758756], [4.810725, 45.75876], [4.811087, 45.758731], [4.811467, 45.7587], [4.811582, 45.75869], [4.811581, 45.758679], [4.811597, 45.758678], [4.81164, 45.758675], [4.811685, 45.758731], [4.811805, 45.758812], [4.811818, 45.758832], [4.811821, 45.759023], [4.811772, 45.759094], [4.811612, 45.75923], [4.811349, 45.759453], [4.811385, 45.75947], [4.811078, 45.759724], [4.810736, 45.760009], [4.810682, 45.760031], [4.810604, 45.760094], [4.810572, 45.760125], [4.810571, 45.76015], [4.810635, 45.760205], [4.810644, 45.760239], [4.810493, 45.76077], [4.810476, 45.760773], [4.810449, 45.760777], [4.810448, 45.760829], [4.810448, 45.760841], [4.810417, 45.760998], [4.810378, 45.76114], [4.810338, 45.761275], [4.81021, 45.761563], [4.810169, 45.761655], [4.810189, 45.762132], [4.810119, 45.762428], [4.809931, 45.762701], [4.809889, 45.762756], [4.809903, 45.762767], [4.809643, 45.763645], [4.809379, 45.764296], [4.809378, 45.764318], [4.809394, 45.764334], [4.809913, 45.764526], [4.810324, 45.764624], [4.81033, 45.764652], [4.810347, 45.764621], [4.81035, 45.764614], [4.810881, 45.764741], [4.811289, 45.764751], [4.811289, 45.764756], [4.811289, 45.764774], [4.811288, 45.7648], [4.8111, 45.764999], [4.810998, 45.765041], [4.811005, 45.765051], [4.811023, 45.765077], [4.81104, 45.765102], [4.811043, 45.765106], [4.810722, 45.765224], [4.810077, 45.76589], [4.81004, 45.765925], [4.80959, 45.76665], [4.809507, 45.766764], [4.809486, 45.766849], [4.809461, 45.766974], [4.809526, 45.767328], [4.809679, 45.768296], [4.80972, 45.768344], [4.809804, 45.768326], [4.809972, 45.768097], [4.810072, 45.767698], [4.810331, 45.76721], [4.810344, 45.767215], [4.810362, 45.76722], [4.810401, 45.767233], [4.810415, 45.767239], [4.810442, 45.767197], [4.810496, 45.76722], [4.810517, 45.767233], [4.810536, 45.767392], [4.810546, 45.767395], [4.810558, 45.767399], [4.810533, 45.76745], [4.810547, 45.767534], [4.810562, 45.767577], [4.810577, 45.767582], [4.810597, 45.767588], [4.810621, 45.767595], [4.810641, 45.7676], [4.810658, 45.767606], [4.810778, 45.767443], [4.811051, 45.767158], [4.811292, 45.766934], [4.811448, 45.766845], [4.811563, 45.766794], [4.811685, 45.766788], [4.81178, 45.766804], [4.811877, 45.766841], [4.811939, 45.766891], [4.81198, 45.76696], [4.811984, 45.767036], [4.811969, 45.767082], [4.811932, 45.767142], [4.811866, 45.767168], [4.811781, 45.76718], [4.811528, 45.76719], [4.811444, 45.76722], [4.81138, 45.767254], [4.811332, 45.767297], [4.811231, 45.767493], [4.810964, 45.768221], [4.810982, 45.768222], [4.810989, 45.768223], [4.810989, 45.768288], [4.811009, 45.768323], [4.811047, 45.768354], [4.811097, 45.768371], [4.81115, 45.768381], [4.811196, 45.76838], [4.811248, 45.768363], [4.81126, 45.768377], [4.811266, 45.768383], [4.81139, 45.768308], [4.811604, 45.768087], [4.811853, 45.767695], [4.811929, 45.767583], [4.812036, 45.767457], [4.812083, 45.767431], [4.812318, 45.767385], [4.812396, 45.767394], [4.812595, 45.767467], [4.812684, 45.767512], [4.813023, 45.767852], [4.812943, 45.768007], [4.812831, 45.768171], [4.812722, 45.768358], [4.812673, 45.768525], [4.812639, 45.768721], [4.812598, 45.769012], [4.812677, 45.76902], [4.812718, 45.769024], [4.81275, 45.769027], [4.812764, 45.769029], [4.812796, 45.769032], [4.812809, 45.769034], [4.812697, 45.769721], [4.812641, 45.769913], [4.812635, 45.769935], [4.812631, 45.769948], [4.812628, 45.76996], [4.812625, 45.769972], [4.812621, 45.769989], [4.812612, 45.770022], [4.812609, 45.770034], [4.812606, 45.770043], [4.812604, 45.770051], [4.812594, 45.770089], [4.812638, 45.770082], [4.812774, 45.770089], [4.81291, 45.770109], [4.813915, 45.770285], [4.814009, 45.770353], [4.814025, 45.770391], [4.814013, 45.7705], [4.813993, 45.770578], [4.813783, 45.771321], [4.813829, 45.771328], [4.813879, 45.771335], [4.81392, 45.771342], [4.813952, 45.771345], [4.813977, 45.771347], [4.81408, 45.771353], [4.814124, 45.771342], [4.814273, 45.771233], [4.814626, 45.771428], [4.814891, 45.771611], [4.814905, 45.771602], [4.814914, 45.771591], [4.814934, 45.771531], [4.814943, 45.771465], [4.814975, 45.771427], [4.815037, 45.771405], [4.815192, 45.771413], [4.815422, 45.771559], [4.815503, 45.771583], [4.815594, 45.771516], [4.815713, 45.771455], [4.815855, 45.771403], [4.815948, 45.771385], [4.815968, 45.77138], [4.815994, 45.77138], [4.816019, 45.77138], [4.816032, 45.771377], [4.816271, 45.77135], [4.816306, 45.771357], [4.81633, 45.771362], [4.816366, 45.771373], [4.816383, 45.771378], [4.816419, 45.771397], [4.816549, 45.771465], [4.816624, 45.771563], [4.816649, 45.771564], [4.816661, 45.771602], [4.816912, 45.771779], [4.817747, 45.772043], [4.817846, 45.772075], [4.817919, 45.772098], [4.817969, 45.772114], [4.817989, 45.77212], [4.818074, 45.772143], [4.818542, 45.772273], [4.818612, 45.772291], [4.818673, 45.772309], [4.818751, 45.772332], [4.818784, 45.772342], [4.818803, 45.772347], [4.819427, 45.772537], [4.819474, 45.772552], [4.819502, 45.77256], [4.820436, 45.772845], [4.820531, 45.772878], [4.820541, 45.772883], [4.820563, 45.772891], [4.820582, 45.772902], [4.820589, 45.772905], [4.820609, 45.772911], [4.820795, 45.772971], [4.821021, 45.773036], [4.821176, 45.773081], [4.821362, 45.773126], [4.821385, 45.773132], [4.821391, 45.773134], [4.821447, 45.77315], [4.821502, 45.773165], [4.821507, 45.773167], [4.821553, 45.773178], [4.822186, 45.773386], [4.82232, 45.773426], [4.822356, 45.773436], [4.822397, 45.773449], [4.823402, 45.773753], [4.82345, 45.773768], [4.823497, 45.773782], [4.823572, 45.773804], [4.823636, 45.773824], [4.823714, 45.77384], [4.823696, 45.773897], [4.823691, 45.773945], [4.823796, 45.774248], [4.823804, 45.774269], [4.823824, 45.774279], [4.823836, 45.774311], [4.823846, 45.774344], [4.823858, 45.774384], [4.823864, 45.774415], [4.823872, 45.774436], [4.82398, 45.774698], [4.824074, 45.774858], [4.824051, 45.774872], [4.824026, 45.774888], [4.824058, 45.774912], [4.824026, 45.774888], [4.824051, 45.774872], [4.824074, 45.774858], [4.82398, 45.774698], [4.823872, 45.774436], [4.823864, 45.774415], [4.823858, 45.774384], [4.823846, 45.774344], [4.823836, 45.774311], [4.823824, 45.774279], [4.823804, 45.774269], [4.823796, 45.774248], [4.823691, 45.773945], [4.823696, 45.773897], [4.823714, 45.77384], [4.823727, 45.773771], [4.823737, 45.773726], [4.823746, 45.773688], [4.823755, 45.773614], [4.823778, 45.773463], [4.824354, 45.773059], [4.824727, 45.772809], [4.824756, 45.772784], [4.824843, 45.772711], [4.825873, 45.77245], [4.826108, 45.772389], [4.826586, 45.772107], [4.826654, 45.772079], [4.826813, 45.772015], [4.826865, 45.772005], [4.82686, 45.771992], [4.826844, 45.771975], [4.826829, 45.77196], [4.826818, 45.771945], [4.826832, 45.77194], [4.826871, 45.771928], [4.826896, 45.77192], [4.82698, 45.7719], [4.826973, 45.771892], [4.82697, 45.771878], [4.826968, 45.771864], [4.826967, 45.771839], [4.827066, 45.771836], [4.827554, 45.771653], [4.827638, 45.771623], [4.8278, 45.771584], [4.827873, 45.771556], [4.827945, 45.771517], [4.828188, 45.771352], [4.828341, 45.771173], [4.828341, 45.771161], [4.828335, 45.771151], [4.828345, 45.771138], [4.828362, 45.771116], [4.82837, 45.771108], [4.828378, 45.771112], [4.828413, 45.771078], [4.828527, 45.770934], [4.828602, 45.770845], [4.82884, 45.770591], [4.828904, 45.770485], [4.828959, 45.770488], [4.829017, 45.770477], [4.82917, 45.77039], [4.829225, 45.770371], [4.829231, 45.770352], [4.829347, 45.770264], [4.829512, 45.770176], [4.829631, 45.770122], [4.829547, 45.770051], [4.82935, 45.769944], [4.829242, 45.769915], [4.829182, 45.769879], [4.829183, 45.769871], [4.829189, 45.769842], [4.829196, 45.769812], [4.829201, 45.769806], [4.829205, 45.769794], [4.829229, 45.769716], [4.829278, 45.769572], [4.829332, 45.769392], [4.829342, 45.769272], [4.829351, 45.769271], [4.829369, 45.769271], [4.829373, 45.769211], [4.829422, 45.769173], [4.829589, 45.769171], [4.829607, 45.769171], [4.829639, 45.769146], [4.829725, 45.769143], [4.830081, 45.769144], [4.830175, 45.769133], [4.830175, 45.769082], [4.830194, 45.769083], [4.830206, 45.769083], [4.8302, 45.768871], [4.830223, 45.768851], [4.830294, 45.768827], [4.830384, 45.768821], [4.83036, 45.768782], [4.830382, 45.768781], [4.83062, 45.768812], [4.830638, 45.768798], [4.830705, 45.768738], [4.831187, 45.768233], [4.831116, 45.768235], [4.831147, 45.768201], [4.831149, 45.768171], [4.831151, 45.768142], [4.831152, 45.768123], [4.831242, 45.768121], [4.831255, 45.768026], [4.831336, 45.767806], [4.831337, 45.767783], [4.831345, 45.767763], [4.831488, 45.767447], [4.831483, 45.767426], [4.831495, 45.767406], [4.831516, 45.767374], [4.831527, 45.767357], [4.831692, 45.76705], [4.831708, 45.767011], [4.831711, 45.767003], [4.831725, 45.766977], [4.83174, 45.766948], [4.83175, 45.766938], [4.83176, 45.766927], [4.831747, 45.766504], [4.831808, 45.766052], [4.831845, 45.766066], [4.831868, 45.766068], [4.831885, 45.766013], [4.83191, 45.765961], [4.831965, 45.765798], [4.831993, 45.765802], [4.83216, 45.765312], [4.832167, 45.765302], [4.83226, 45.765307], [4.832263, 45.765285], [4.832266, 45.765264], [4.832268, 45.765223], [4.83228, 45.765033], [4.83226, 45.764887], [4.832258, 45.764871], [4.832242, 45.764769], [4.832263, 45.76476], [4.832266, 45.764734], [4.83227, 45.764704], [4.832277, 45.764681], [4.832279, 45.764666], [4.832283, 45.764647], [4.832286, 45.764617], [4.832333, 45.764618], [4.832343, 45.764587], [4.832362, 45.764528], [4.832364, 45.76452], [4.832533, 45.763866], [4.832531, 45.763841], [4.832531, 45.763821], [4.832531, 45.763784], [4.83253, 45.763757], [4.832531, 45.763745], [4.832593, 45.763744], [4.832606, 45.763558], [4.832611, 45.763523], [4.832613, 45.763508], [4.832626, 45.763365], [4.832632, 45.763342], [4.832636, 45.763322], [4.832642, 45.763287], [4.832648, 45.76325], [4.832651, 45.763231], [4.832652, 45.763228], [4.832652, 45.763227], [4.832655, 45.763203], [4.83271, 45.762851], [4.83275, 45.762597], [4.832769, 45.762515], [4.832903, 45.762061], [4.832942, 45.761996], [4.832972, 45.761919], [4.833037, 45.761634], [4.833044, 45.761606], [4.83317, 45.761353], [4.833176, 45.761341], [4.833237, 45.761218], [4.833282, 45.761128], [4.833278, 45.761025], [4.833278, 45.76102], [4.833278, 45.761018], [4.833278, 45.761015], [4.833246, 45.760898], [4.833229, 45.760854], [4.833219, 45.760833], [4.833157, 45.760695], [4.833103, 45.760534], [4.833101, 45.760528], [4.833097, 45.760517], [4.833088, 45.760495], [4.833085, 45.760485], [4.833068, 45.76042], [4.833039, 45.76038], [4.832966, 45.760247], [4.832958, 45.760211], [4.832874, 45.759909], [4.832883, 45.759873], [4.832795, 45.759589], [4.832789, 45.759566], [4.832785, 45.75955], [4.832779, 45.759528], [4.832775, 45.759507], [4.832465, 45.758465], [4.832454, 45.758456], [4.832438, 45.758443], [4.832421, 45.758412], [4.832396, 45.758369], [4.83239, 45.758358], [4.832361, 45.758309], [4.831734, 45.758487], [4.831685, 45.75839], [4.831695, 45.758387], [4.831788, 45.758362], [4.831826, 45.758351], [4.831788, 45.758283], [4.832152, 45.758176], [4.831955, 45.75781]]}, "properties": {"heading": 288, "length_km": 12.122, "retrace": 0.121}}, {"type": "Feature", "geometry": {"type": "LineString", "coordinates": [[4.831955, 45.75781], [4.832152, 45.758176], [4.831788, 45.758283], [4.831826, 45.758351], [4.831788, 45.758362], [4.831695, 45.758387], [4.831685, 45.75839], [4.831734, 45.758487], [4.831335, 45.758593], [4.831181, 45.758637], [4.830953, 45.758709], [4.83093, 45.758721], [4.830899, 45.758736], [4.830866, 45.758746], [4.830821, 45.758759], [4.830801, 45.758764], [4.830748, 45.75878], [4.830721, 45.758788], [4.830699, 45.758794], [4.830669, 45.758818], [4.830032, 45.759], [4.83002, 45.758998], [4.830007, 45.758996], [4.829979, 45.759004], [4.829957, 45.759012], [4.829937, 45.759019], [4.829612, 45.759141], [4.82958, 45.759143], [4.829569, 45.759147], [4.82956, 45.759151], [4.829534, 45.759162], [4.829462, 45.759192], [4.829427, 45.759207], [4.829398, 45.7592], [4.829377, 45.759194], [4.829339, 45.759187], [4.829312, 45.759182], [4.829048, 45.759286], [4.828242, 45.759518], [4.827964, 45.759572], [4.827944, 45.759577], [4.827892, 45.759559], [4.827873, 45.759542], [4.827867, 45.759544], [4.827851, 45.759551], [4.827838, 45.759557], [4.827829, 45.759561], [4.827819, 45.759565], [4.827782, 45.759582], [4.827749, 45.759597], [4.827661, 45.759627], [4.827361, 45.759703], [4.827348, 45.759711], [4.827327, 45.759718], [4.827304, 45.759725], [4.827258, 45.759739], [4.826651, 45.759915], [4.826595, 45.759934], [4.826547, 45.759942], [4.826478, 45.759769], [4.826432, 45.759778], [4.826352, 45.759793], [4.826313, 45.759798], [4.826098, 45.759771], [4.825772, 45.759718], [4.825594, 45.759683], [4.825518, 45.75952], [4.825505, 45.759488], [4.825384, 45.759408], [4.824921, 45.759032], [4.824885, 45.759005], [4.82459, 45.758685], [4.824472, 45.758556], [4.824439, 45.75852], [4.824341, 45.758467], [4.824082, 45.758388], [4.823825, 45.758292], [4.823768, 45.758229], [4.823724, 45.758158], [4.82356, 45.757817], [4.823528, 45.757789], [4.823483, 45.757764], [4.823407, 45.757747], [4.823138, 45.757706], [4.822715, 45.757755], [4.822598, 45.757766], [4.822435, 45.757767], [4.822335, 45.757758], [4.822124, 45.757714], [4.822018, 45.757678], [4.82192, 45.757629], [4.821814, 45.757561], [4.821781, 45.757531], [4.821745, 45.7575], [4.821708, 45.757484], [4.821602, 45.757386], [4.821592, 45.757377], [4.821574, 45.757385], [4.821438, 45.757254], [4.821398, 45.757279], [4.821184, 45.757118], [4.82115, 45.75709], [4.821086, 45.757043], [4.82102, 45.757001], [4.820946, 45.75695], [4.820924, 45.756934], [4.820871, 45.756913], [4.820846, 45.756914], [4.820807, 45.75692], [4.820803, 45.75692], [4.820799, 45.756921], [4.820797, 45.75691], [4.820779, 45.756892], [4.820757, 45.756873], [4.820572, 45.756719], [4.820456, 45.756663], [4.820251, 45.756544], [4.820093, 45.756462], [4.819787, 45.756334], [4.819719, 45.75631], [4.819262, 45.756154], [4.819232, 45.756144], [4.819069, 45.756093], [4.818974, 45.756073], [4.818924, 45.756067], [4.818764, 45.756051], [4.818724, 45.756029], [4.818653, 45.756024], [4.818557, 45.756023], [4.817649, 45.756216], [4.817599, 45.756227], [4.817525, 45.756244], [4.817497, 45.756195], [4.81748, 45.756177], [4.817429, 45.756162], [4.816577, 45.755907], [4.816364, 45.755848], [4.815953, 45.755714], [4.815878, 45.755691], [4.815798, 45.755673], [4.815721, 45.755677], [4.815409, 45.755694], [4.815248, 45.755718], [4.815157, 45.755633], [4.815009, 45.755544], [4.814881, 45.755455], [4.814573, 45.755241], [4.814517, 45.755212], [4.81444, 45.7552], [4.814347, 45.755209], [4.813892, 45.755311], [4.813807, 45.755328], [4.813776, 45.755334], [4.81342, 45.755405], [4.813281, 45.755432], [4.813104, 45.755468], [4.812923, 45.755503], [4.812858, 45.755515], [4.812827, 45.755464], [4.812469, 45.754884], [4.812463, 45.754874], [4.812451, 45.754851], [4.812408, 45.75487], [4.81236, 45.754894], [4.812312, 45.754878], [4.812131, 45.754932], [4.812112, 45.754961], [4.812089, 45.754962], [4.812044, 45.754971], [4.811993, 45.754981], [4.811977, 45.754985], [4.81195, 45.754984], [4.811733, 45.75504], [4.811003, 45.755291], [4.810343, 45.755442], [4.81034, 45.755434], [4.81032, 45.755388], [4.810304, 45.755352], [4.810297, 45.755336], [4.809633, 45.755479], [4.809074, 45.755517], [4.808939, 45.755476], [4.808921, 45.75545], [4.808893, 45.75544], [4.808775, 45.755389], [4.808757, 45.755386], [4.808684, 45.755362], [4.808629, 45.755345], [4.808614, 45.75534], [4.808607, 45.755357], [4.808573, 45.755362], [4.808511, 45.755338], [4.808453, 45.755312], [4.808066, 45.755162], [4.808043, 45.755132], [4.807961, 45.7551], [4.807905, 45.755099], [4.807513, 45.754935], [4.807305, 45.754822], [4.807419, 45.754512], [4.807525, 45.75443], [4.808016, 45.753718], [4.807997, 45.753712], [4.807982, 45.753707], [4.807905, 45.753683], [4.807834, 45.753662], [4.807819, 45.753657], [4.807804, 45.753653], [4.808002, 45.75334], [4.808316, 45.752775], [4.808643, 45.752097], [4.80859, 45.752109], [4.808294, 45.752661], [4.80795, 45.752783], [4.808294, 45.752661], [4.80859, 45.752109], [4.808643, 45.752097], [4.808316, 45.752775], [4.808002, 45.75334], [4.807804, 45.753653], [4.807697, 45.753821], [4.807415, 45.754225], [4.807227, 45.754481], [4.807028, 45.754726], [4.807049, 45.754732], [4.807065, 45.754738], [4.807079, 45.754742], [4.807093, 45.754747], [4.807156, 45.754769], [4.807255, 45.754805], [4.807305, 45.754822], [4.807513, 45.754935], [4.807905, 45.755099], [4.807961, 45.7551], [4.808043, 45.755132], [4.808066, 45.755162], [4.808453, 45.755312], [4.808511, 45.755338], [4.808573, 45.755362], [4.808607, 45.755357], [4.808614, 45.75534], [4.808629, 45.755345], [4.808684, 45.755362], [4.808757, 45.755386], [4.808775, 45.755389], [4.808893, 45.75544], [4.808921, 45.75545], [4.808939, 45.755476], [4.809074, 45.755517], [4.809633, 45.755479], [4.810297, 45.755336], [4.810304, 45.755352], [4.81032, 45.755388], [4.81034, 45.755434], [4.810343, 45.755442], [4.810348, 45.755459], [4.810311, 45.755624], [4.810249, 45.755736], [4.810215, 45.755821], [4.810168, 45.756009], [4.8101, 45.756287], [4.8101, 45.756396], [4.810104, 45.756433], [4.810184, 45.756623], [4.810446, 45.757051], [4.810456, 45.757091], [4.810465, 45.757124], [4.810541, 45.757148], [4.810625, 45.75718], [4.811072, 45.757371], [4.81107, 45.75738], [4.811068, 45.757413], [4.81107, 45.757444], [4.811084, 45.757473], [4.8111, 45.757475], [4.811142, 45.757486], [4.811214, 45.757674], [4.811223, 45.757694], [4.811228, 45.757705], [4.811231, 45.757713], [4.811245, 45.757744], [4.811684, 45.758673], [4.811677, 45.758673], [4.81164, 45.758675], [4.811685, 45.758731], [4.811805, 45.758812], [4.811818, 45.758832], [4.811846, 45.758831], [4.811867, 45.758831], [4.811852, 45.758871], [4.811867, 45.759069], [4.811385, 45.75947], [4.811078, 45.759724], [4.810736, 45.760009], [4.810682, 45.760031], [4.810604, 45.760094], [4.810572, 45.760125], [4.810571, 45.76015], [4.810562, 45.760158], [4.810533, 45.760184], [4.810509, 45.760205], [4.810499, 45.760213], [4.810477, 45.760211], [4.810424, 45.760239], [4.810341, 45.760308], [4.810246, 45.760388], [4.809735, 45.760769], [4.809468, 45.760964], [4.809338, 45.761101], [4.808896, 45.761576], [4.808844, 45.761631], [4.808747, 45.761767], [4.80851, 45.762109], [4.808344, 45.762368], [4.808144, 45.762615], [4.808086, 45.76269], [4.808006, 45.762789], [4.807935, 45.762877], [4.807539, 45.763354], [4.807339, 45.763597], [4.806755, 45.764433], [4.806606, 45.764669], [4.806197, 45.765384], [4.806163, 45.765428], [4.806018, 45.765567], [4.805672, 45.765837], [4.805632, 45.765895], [4.805607, 45.765971], [4.805595, 45.76605], [4.805584, 45.76615], [4.805581, 45.766164], [4.805577, 45.766197], [4.805588, 45.766322], [4.805541, 45.766527], [4.80553, 45.766575], [4.805524, 45.766678], [4.805537, 45.767056], [4.805542, 45.767081], [4.805532, 45.767305], [4.805511, 45.76764], [4.805488, 45.76806], [4.80565, 45.768066], [4.805661, 45.768066], [4.80568, 45.768128], [4.805736, 45.76813], [4.806212, 45.768152], [4.80629, 45.768163], [4.806348, 45.768184], [4.806393, 45.768208], [4.80642, 45.768227], [4.806444, 45.768245], [4.806516, 45.768315], [4.806609, 45.768405], [4.806683, 45.768477], [4.806709, 45.768501], [4.806733, 45.768523], [4.807302, 45.769087], [4.80733, 45.769188], [4.807324, 45.769305], [4.80732, 45.769384], [4.807312, 45.769484], [4.807281, 45.770244], [4.807303, 45.770313], [4.80732, 45.770362], [4.807318, 45.770382], [4.807317, 45.770405], [4.807328, 45.770466], [4.807333, 45.770508], [4.807296, 45.770837], [4.807364, 45.77089], [4.80743, 45.770944], [4.807461, 45.770997], [4.807468, 45.771055], [4.80748, 45.771055], [4.807479, 45.771073], [4.807479, 45.771094], [4.807756, 45.771101], [4.807786, 45.771153], [4.807846, 45.771381], [4.807837, 45.771527], [4.807827, 45.771684], [4.807833, 45.772], [4.807815, 45.77208], [4.807807, 45.772117], [4.807791, 45.772152], [4.807783, 45.77217], [4.807771, 45.77219], [4.807854, 45.772218], [4.807874, 45.772257], [4.807809, 45.772488], [4.807786, 45.772566], [4.807701, 45.772762], [4.807712, 45.772765], [4.807763, 45.772778], [4.807798, 45.772787], [4.807806, 45.772789], [4.80777, 45.772858], [4.807709, 45.772981], [4.807693, 45.773014], [4.807688, 45.773053], [4.8077, 45.773071], [4.807698, 45.773075], [4.807686, 45.773088], [4.807675, 45.773102], [4.807666, 45.773126], [4.807658, 45.773147], [4.807652, 45.773154], [4.807907, 45.773274], [4.807948, 45.773307], [4.808042, 45.773382], [4.808008, 45.773416], [4.807977, 45.773446], [4.80797, 45.773453], [4.807962, 45.77346], [4.808537, 45.773734], [4.808551, 45.773756], [4.808571, 45.773783], [4.808583, 45.773795], [4.808596, 45.773809], [4.808607, 45.77382], [4.808653, 45.773815], [4.80869, 45.773824], [4.80872, 45.773853], [4.808745, 45.773877], [4.808764, 45.773894], [4.808781, 45.773911], [4.80889, 45.774015], [4.808852, 45.774058], [4.808812, 45.77408], [4.808704, 45.774206], [4.808619, 45.774308], [4.808265, 45.774799], [4.808302, 45.774807], [4.808323, 45.774811], [4.808359, 45.774818], [4.808586, 45.774825], [4.808618, 45.774825], [4.808649, 45.774825], [4.808663, 45.774828], [4.808668, 45.774856], [4.80869, 45.774856], [4.808704, 45.774855], [4.808752, 45.774852], [4.80889, 45.774838], [4.810469, 45.774695], [4.810707, 45.774672], [4.810736, 45.774668], [4.810829, 45.774656], [4.811018, 45.774623], [4.810994, 45.774592], [4.811941, 45.77451], [4.812381, 45.77447], [4.812477, 45.774474], [4.812583, 45.774417], [4.812622, 45.774356], [4.812633, 45.774305], [4.812635, 45.774244], [4.812593, 45.774176], [4.81261, 45.774165], [4.812637, 45.774148], [4.812665, 45.77413], [4.812685, 45.774118], [4.812719, 45.774096], [4.812745, 45.77408], [4.812755, 45.774074], [4.812953, 45.774107], [4.812986, 45.774113], [4.813116, 45.774133], [4.813902, 45.774081], [4.813944, 45.774073], [4.814021, 45.774057], [4.814147, 45.774018], [4.814249, 45.773968], [4.814389, 45.773858], [4.81456, 45.773566], [4.814648, 45.773395], [4.814834, 45.773048], [4.814989, 45.772736], [4.815007, 45.772664], [4.815021, 45.77241], [4.815, 45.772301], [4.814911, 45.772086], [4.814811, 45.771887], [4.8148, 45.771844], [4.814806, 45.771794], [4.814828, 45.771739], [4.814852, 45.771704], [4.81484, 45.771682], [4.814877, 45.771628], [4.814891, 45.771611], [4.814905, 45.771602], [4.814914, 45.771591], [4.814934, 45.771531], [4.814943, 45.771465], [4.814975, 45.771427], [4.815037, 45.771405], [4.815192, 45.771413], [4.815422, 45.771559], [4.815503, 45.771583], [4.815594, 45.771516], [4.815713, 45.771455], [4.815855, 45.771403], [4.815948, 45.771385], [4.815968, 45.77138], [4.815994, 45.77138], [4.816019, 45.77138], [4.816032, 45.771377], [4.816271, 45.77135], [4.816306, 45.771357], [4.81633, 45.771362], [4.816366, 45.771373], [4.816383, 45.771378], [4.816419, 45.771397], [4.816549, 45.771465], [4.816624, 45.771563], [4.816649, 45.771564], [4.816661, 45.771602], [4.816912, 45.771779], [4.817747, 45.772043], [4.817712, 45.772159], [4.817493, 45.772266], [4.817386, 45.772223], [4.817302, 45.772238], [4.816964, 45.772423], [4.816964, 45.772423], [4.817302, 45.772238], [4.817386, 45.772223], [4.817493, 45.772266], [4.817712, 45.772159], [4.817747, 45.772043], [4.817846, 45.772075], [4.817919, 45.772098], [4.817969, 45.772114], [4.817989, 45.77212], [4.818074, 45.772143], [4.818542, 45.772273], [4.818612, 45.772291], [4.818673, 45.772309], [4.818751, 45.772332], [4.818784, 45.772342], [4.818803, 45.772347], [4.819427, 45.772537], [4.819474, 45.772552], [4.819502, 45.77256], [4.820436, 45.772845], [4.820531, 45.772878], [4.820541, 45.772883], [4.820563, 45.772891], [4.820582, 45.772902], [4.820589, 45.772905], [4.820609, 45.772911], [4.820795, 45.772971], [4.821021, 45.773036], [4.821176, 45.773081], [4.821362, 45.773126], [4.821385, 45.773132], [4.821391, 45.773134], [4.821447, 45.77315], [4.821502, 45.773165], [4.821507, 45.773167], [4.821553, 45.773178], [4.822186, 45.773386], [4.82232, 45.773426], [4.822356, 45.773436], [4.822397, 45.773449], [4.823402, 45.773753], [4.82345, 45.773768], [4.823497, 45.773782], [4.823572, 45.773804], [4.823636, 45.773824], [4.823714, 45.77384], [4.824809, 45.773928], [4.82503, 45.773941], [4.825041, 45.773941], [4.825082, 45.773944], [4.825116, 45.773947], [4.82517, 45.773949], [4.825175, 45.77395], [4.825179, 45.77395], [4.826908, 45.774083], [4.826932, 45.774084], [4.826984, 45.774089], [4.827042, 45.774093], [4.827122, 45.774099], [4.827611, 45.774136], [4.827817, 45.774151], [4.828551, 45.774206], [4.828583, 45.774209], [4.828615, 45.774211], [4.828662, 45.774216], [4.829072, 45.774252], [4.829414, 45.774282], [4.829437, 45.774308], [4.829406, 45.774484], [4.829414, 45.774486], [4.829491, 45.7745], [4.830022, 45.774915], [4.830053, 45.77494], [4.830096, 45.774987], [4.830096, 45.775032], [4.830096, 45.775059], [4.830095, 45.775079], [4.830092, 45.775124], [4.830115, 45.775136], [4.830122, 45.775151], [4.830156, 45.77515], [4.830208, 45.775147], [4.830258, 45.775144], [4.830293, 45.775144], [4.830353, 45.775221], [4.830381, 45.77523], [4.830758, 45.775354], [4.83077, 45.775358], [4.830795, 45.775333], [4.831004, 45.775329], [4.83179, 45.775305], [4.831828, 45.775293], [4.831882, 45.775306], [4.832207, 45.775312], [4.832221, 45.775377], [4.832214, 45.775402], [4.832233, 45.775787], [4.832214, 45.775402], [4.832221, 45.775377], [4.832207, 45.775312], [4.832245, 45.775292], [4.832244, 45.775267], [4.832244, 45.775239], [4.832338, 45.775232], [4.83239, 45.775198], [4.832391, 45.775184], [4.832412, 45.774545], [4.832413, 45.774506], [4.832398, 45.774479], [4.832374, 45.77446], [4.832357, 45.774459], [4.832365, 45.774405], [4.832376, 45.774346], [4.832379, 45.774303], [4.83227, 45.774296], [4.832238, 45.773942], [4.832225, 45.773879], [4.832218, 45.773845], [4.832125, 45.773151], [4.832082, 45.773047], [4.832066, 45.773012], [4.832068, 45.772996], [4.832079, 45.772972], [4.832116, 45.77296], [4.832109, 45.772946], [4.8321, 45.772931], [4.832092, 45.772917], [4.83208, 45.772895], [4.831972, 45.772889], [4.831964, 45.772869], [4.831957, 45.772851], [4.831952, 45.772839], [4.831873, 45.772621], [4.831868, 45.772606], [4.83183, 45.772518], [4.831817, 45.772448], [4.831811, 45.77242], [4.831807, 45.7724], [4.831921, 45.772367], [4.832027, 45.772327], [4.832083, 45.772274], [4.832109, 45.772228], [4.832183, 45.772113], [4.832232, 45.772048], [4.832321, 45.771979], [4.832465, 45.771917], [4.832644, 45.771873], [4.832654, 45.771855], [4.832604, 45.771842], [4.832483, 45.771834], [4.832458, 45.771817], [4.832276, 45.771803], [4.832059, 45.771786], [4.831823, 45.771768], [4.831682, 45.771755], [4.831662, 45.77165], [4.831625, 45.771371], [4.831621, 45.771336], [4.831618, 45.771306], [4.831615, 45.771286], [4.831614, 45.771267], [4.831585, 45.770922], [4.831584, 45.770914], [4.831585, 45.770887], [4.831585, 45.770849], [4.831585, 45.770839], [4.831591, 45.770756], [4.831583, 45.770689], [4.831579, 45.770276], [4.83158, 45.770265], [4.83158, 45.77024], [4.831579, 45.770208], [4.83158, 45.770188], [4.831625, 45.769887], [4.831652, 45.769793], [4.831692, 45.769697], [4.83178, 45.769559], [4.831786, 45.769549], [4.831798, 45.769528], [4.831765, 45.769522], [4.831818, 45.769448], [4.831806, 45.769442], [4.831491, 45.769288], [4.831718, 45.768984], [4.831753, 45.768942], [4.83178, 45.768928], [4.831786, 45.768913], [4.831794, 45.768898], [4.831802, 45.768884], [4.831796, 45.768854], [4.831776, 45.768847], [4.831733, 45.768831], [4.831699, 45.768818], [4.831681, 45.768811], [4.831821, 45.768458], [4.831822, 45.768366], [4.831747, 45.76827], [4.831596, 45.768222], [4.831449, 45.768225], [4.831448, 45.768198], [4.831456, 45.768156], [4.831468, 45.768078], [4.831469, 45.768068], [4.831452, 45.768028], [4.831461, 45.767994], [4.831477, 45.767978], [4.831501, 45.767954], [4.831553, 45.767824], [4.831573, 45.767774], [4.831594, 45.767729], [4.831688, 45.767515], [4.831694, 45.767495], [4.831706, 45.767461], [4.831718, 45.767429], [4.831717, 45.767413], [4.831716, 45.767395], [4.831795, 45.767209], [4.831836, 45.767081], [4.831856, 45.767039], [4.831893, 45.767039], [4.831898, 45.767029], [4.831904, 45.76701], [4.831914, 45.766975], [4.831918, 45.76696], [4.831862, 45.766951], [4.831857, 45.766936], [4.831852, 45.766912], [4.831839, 45.766588], [4.831829, 45.766536], [4.831842, 45.766466], [4.831848, 45.766448], [4.831852, 45.766437], [4.831853, 45.766433], [4.831894, 45.766108], [4.831905, 45.766072], [4.831923, 45.766074], [4.831931, 45.766042], [4.831937, 45.766024], [4.831946, 45.766001], [4.831955, 45.765976], [4.831943, 45.765966], [4.831941, 45.765948], [4.831993, 45.765802], [4.83216, 45.765312], [4.832167, 45.765302], [4.83226, 45.765307], [4.832263, 45.765285], [4.832266, 45.765264], [4.832268, 45.765223], [4.83228, 45.765033], [4.83226, 45.764887], [4.832258, 45.764871], [4.832242, 45.764769], [4.832263, 45.76476], [4.832266, 45.764734], [4.83227, 45.764704], [4.832277, 45.764681], [4.832279, 45.764666], [4.832283, 45.764647], [4.832286, 45.764617], [4.832333, 45.764618], [4.832343, 45.764587], [4.832362, 45.764528], [4.832364, 45.76452], [4.832533, 45.763866], [4.832531, 45.763841], [4.832531, 45.763821], [4.832531, 45.763784], [4.83253, 45.763757], [4.832531, 45.763745], [4.832593, 45.763744], [4.832606, 45.763558], [4.832611, 45.763523], [4.832613, 45.763508], [4.832626, 45.763365], [4.832632, 45.763342], [4.832636, 45.763322], [4.832642, 45.763287], [4.832648, 45.76325], [4.832651, 45.763231], [4.832652, 45.763228], [4.832652, 45.763227], [4.832655, 45.763203], [4.83271, 45.762851], [4.83275, 45.762597], [4.832769, 45.762515], [4.832903, 45.762061], [4.832942, 45.761996], [4.832972, 45.761919], [4.833037, 45.761634], [4.833044, 45.761606], [4.83317, 45.761353], [4.833176, 45.761341], [4.833237, 45.761218], [4.833282, 45.761128], [4.833278, 45.761025], [4.833278, 45.76102], [4.833278, 45.761018], [4.833278, 45.761015], [4.833246, 45.760898], [4.833229, 45.760854], [4.833219, 45.760833], [4.833157, 45.760695], [4.833103, 45.760534], [4.833101, 45.760528], [4.833097, 45.760517], [4.833088, 45.760495], [4.833085, 45.760485], [4.833068, 45.76042], [4.833039, 45.76038], [4.832966, 45.760247], [4.832958, 45.760211], [4.832874, 45.759909], [4.832883, 45.759873], [4.832795, 45.759589], [4.832789, 45.759566], [4.832785, 45.75955], [4.832779, 45.759528], [4.832775, 45.759507], [4.832465, 45.758465], [4.832454, 45.758456], [4.832438, 45.758443], [4.832421, 45.758412], [4.832396, 45.758369], [4.83239, 45.758358], [4.832361, 45.758309], [4.831734, 45.758487], [4.831685, 45.75839], [4.831695, 45.758387], [4.831788, 45.758362], [4.831826, 45.758351], [4.831788, 45.758283], [4.832152, 45.758176], [4.831955, 45.75781]]}, "properties": {"heading": 306, "length_km": 10.979, "retrace": 0.146}}, {"type": "Feature", "geometry": {"type": "LineString", "coordinates": [[4.831955, 45.75781], [4.832152, 45.758176], [4.831788, 45.758283], [4.831826, 45.758351], [4.831788, 45.758362], [4.831695, 45.758387], [4.831685, 45.75839], [4.831734, 45.758487], [4.831335, 45.758593], [4.831181, 45.758637], [4.830953, 45.758709], [4.83093, 45.758721], [4.830899, 45.758736], [4.830866, 45.758746], [4.830821, 45.758759], [4.830801, 45.758764], [4.830748, 45.75878], [4.830721, 45.758788], [4.830699, 45.758794], [4.830669, 45.758818], [4.830032, 45.759], [4.83002, 45.758998], [4.830007, 45.758996], [4.829979, 45.759004], [4.829957, 45.759012], [4.829937, 45.759019], [4.829612, 45.759141], [4.82958, 45.759143], [4.829569, 45.759147], [4.82956, 45.759151], [4.829534, 45.759162], [4.829462, 45.759192], [4.829427, 45.759207], [4.829398, 45.7592], [4.829377, 45.759194], [4.829339, 45.759187], [4.829312, 45.759182], [4.829048, 45.759286], [4.828242, 45.759518], [4.827964, 45.759572], [4.827944, 45.759577], [4.827892, 45.759559], [4.827873, 45.759542], [4.827867, 45.759544], [4.827851, 45.759551], [4.827838, 45.759557], [4.827829, 45.759561], [4.827819, 45.759565], [4.827782, 45.759582], [4.827749, 45.759597], [4.827661, 45.759627], [4.827361, 45.759703], [4.827348, 45.759711], [4.827327, 45.759718], [4.827304, 45.759725], [4.827258, 45.759739], [4.826651, 45.759915], [4.826595, 45.759934], [4.826547, 45.759942], [4.826478, 45.759769], [4.826432, 45.759778], [4.826352, 45.759793], [4.826313, 45.759798], [4.826098, 45.759771], [4.825772, 45.759718], [4.825594, 45.759683], [4.825518, 45.75952], [4.825505, 45.759488], [4.825384, 45.759408], [4.824921, 45.759032], [4.824885, 45.759005], [4.82459, 45.758685], [4.824472, 45.758556], [4.824439, 45.75852], [4.824341, 45.758467], [4.824082, 45.758388], [4.823825, 45.758292], [4.823768, 45.758229], [4.823724, 45.758158], [4.82356, 45.757817], [4.823528, 45.757789], [4.823483, 45.757764], [4.823407, 45.757747], [4.823138, 45.757706], [4.822715, 45.757755], [4.822598, 45.757766], [4.822435, 45.757767], [4.822335, 45.757758], [4.822124, 45.757714], [4.822018, 45.757678], [4.82192, 45.757629], [4.821814, 45.757561], [4.821781, 45.757531], [4.821745, 45.7575], [4.821708, 45.757484], [4.821602, 45.757386], [4.821592, 45.757377], [4.821574, 45.757385], [4.821438, 45.757254], [4.821398, 45.757279], [4.821184, 45.757118], [4.82115, 45.75709], [4.821086, 45.757043], [4.82102, 45.757001], [4.820946, 45.75695], [4.820924, 45.756934], [4.820871, 45.756913], [4.820846, 45.756914], [4.820807, 45.75692], [4.820803, 45.75692], [4.820799, 45.756921], [4.820797, 45.75691], [4.820779, 45.756892], [4.820757, 45.756873], [4.820572, 45.756719], [4.820456, 45.756663], [4.820251, 45.756544], [4.820093, 45.756462], [4.819787, 45.756334], [4.819719, 45.75631], [4.819262, 45.756154], [4.819232, 45.756144], [4.819069, 45.756093], [4.818974, 45.756073], [4.818924, 45.756067], [4.818764, 45.756051], [4.818724, 45.756029], [4.818653, 45.756024], [4.818557, 45.756023], [4.817649, 45.756216], [4.817599, 45.756227], [4.817525, 45.756244], [4.81741, 45.756279], [4.817332, 45.756309], [4.816989, 45.75647], [4.816873, 45.756517], [4.816743, 45.756597], [4.816272, 45.756822], [4.816228, 45.756781], [4.816216, 45.756789], [4.816209, 45.756793], [4.816185, 45.756825], [4.816142, 45.756847], [4.816052, 45.756879], [4.815597, 45.757081], [4.815217, 45.757244], [4.814945, 45.757366], [4.814897, 45.757387], [4.814694, 45.757478], [4.814152, 45.757761], [4.814141, 45.757769], [4.814089, 45.757795], [4.814068, 45.757805], [4.814062, 45.757809], [4.813589, 45.758069], [4.813522, 45.758103], [4.813415, 45.758142], [4.813376, 45.75814], [4.813346, 45.758127], [4.813335, 45.758095], [4.813325, 45.758088], [4.813282, 45.758071], [4.813231, 45.758049], [4.813177, 45.758048], [4.813151, 45.758076], [4.8131, 45.758129], [4.813085, 45.758141], [4.813007, 45.758212], [4.812726, 45.758145], [4.812473, 45.758026], [4.812397, 45.757988], [4.812388, 45.757997], [4.812375, 45.75801], [4.812345, 45.758039], [4.812338, 45.758046], [4.811575, 45.757669], [4.811552, 45.757658], [4.811231, 45.757713], [4.811228, 45.757705], [4.811223, 45.757694], [4.811176, 45.757702], [4.811111, 45.757712], [4.810244, 45.757848], [4.809566, 45.757951], [4.808892, 45.758053], [4.8086, 45.758104], [4.808367, 45.758155], [4.807571, 45.758378], [4.806954, 45.758578], [4.805615, 45.759087], [4.805494, 45.759105], [4.805488, 45.759079], [4.805617, 45.759058], [4.806174, 45.758838], [4.80625, 45.758807], [4.806837, 45.758601], [4.806837, 45.758601], [4.80625, 45.758807], [4.806174, 45.758838], [4.805617, 45.759058], [4.805488, 45.759079], [4.805494, 45.759105], [4.805615, 45.759087], [4.806954, 45.758578], [4.807571, 45.758378], [4.808367, 45.758155], [4.8086, 45.758104], [4.808892, 45.758053], [4.809566, 45.757951], [4.810244, 45.757848], [4.810247, 45.757858], [4.810249, 45.757867], [4.810286, 45.757862], [4.810294, 45.757861], [4.810566, 45.758413], [4.810711, 45.758756], [4.810725, 45.75876], [4.811087, 45.758731], [4.811467, 45.7587], [4.811582, 45.75869], [4.811581, 45.758679], [4.811597, 45.758678], [4.81164, 45.758675], [4.811685, 45.758731], [4.811805, 45.758812], [4.811818, 45.758832], [4.811821, 45.759023], [4.811772, 45.759094], [4.811612, 45.75923], [4.811349, 45.759453], [4.811385, 45.75947], [4.811078, 45.759724], [4.810736, 45.760009], [4.810682, 45.760031], [4.810604, 45.760094], [4.810572, 45.760125], [4.810571, 45.76015], [4.810635, 45.760205], [4.810644, 45.760239], [4.810493, 45.76077], [4.810476, 45.760773], [4.810449, 45.760777], [4.810448, 45.760829], [4.810448, 45.760841], [4.810417, 45.760998], [4.810378, 45.76114], [4.810338, 45.761275], [4.81021, 45.761563], [4.810169, 45.761655], [4.810189, 45.762132], [4.810119, 45.762428], [4.809931, 45.762701], [4.809889, 45.762756], [4.809903, 45.762767], [4.809643, 45.763645], [4.809379, 45.764296], [4.809378, 45.764318], [4.809394, 45.764334], [4.809913, 45.764526], [4.810324, 45.764624], [4.81033, 45.764652], [4.810347, 45.764621], [4.81035, 45.764614], [4.810881, 45.764741], [4.811289, 45.764751], [4.811289, 45.764756], [4.811289, 45.764774], [4.811288, 45.7648], [4.8111, 45.764999], [4.810998, 45.765041], [4.811005, 45.765051], [4.811023, 45.765077], [4.81104, 45.765102], [4.811043, 45.765106], [4.810722, 45.765224], [4.810077, 45.76589], [4.81004, 45.765925], [4.80959, 45.76665], [4.809507, 45.766764], [4.809486, 45.766849], [4.809461, 45.766974], [4.809526, 45.767328], [4.809679, 45.768296], [4.80972, 45.768344], [4.809804, 45.768326], [4.809972, 45.768097], [4.810072, 45.767698], [4.810331, 45.76721], [4.810344, 45.767215], [4.810362, 45.76722], [4.810401, 45.767233], [4.810415, 45.767239], [4.810442, 45.767197], [4.810496, 45.76722], [4.810517, 45.767233], [4.810536, 45.767392], [4.810546, 45.767395], [4.810558, 45.767399], [4.810533, 45.76745], [4.810547, 45.767534], [4.810562, 45.767577], [4.810577, 45.767582], [4.810597, 45.767588], [4.810621, 45.767595], [4.810641, 45.7676], [4.810658, 45.767606], [4.810778, 45.767443], [4.811051, 45.767158], [4.811292, 45.766934], [4.811448, 45.766845], [4.811563, 45.766794], [4.811685, 45.766788], [4.81178, 45.766804], [4.811877, 45.766841], [4.811939, 45.766891], [4.81198, 45.76696], [4.811984, 45.767036], [4.811969, 45.767082], [4.811932, 45.767142], [4.811866, 45.767168], [4.811781, 45.76718], [4.811528, 45.76719], [4.811444, 45.76722], [4.81138, 45.767254], [4.811332, 45.767297], [4.811231, 45.767493], [4.810964, 45.768221], [4.810982, 45.768222], [4.810989, 45.768223], [4.810989, 45.768288], [4.811009, 45.768323], [4.811047, 45.768354], [4.811097, 45.768371], [4.81115, 45.768381], [4.811196, 45.76838], [4.811248, 45.768363], [4.81126, 45.768377], [4.811266, 45.768383], [4.81139, 45.768308], [4.811604, 45.768087], [4.811853, 45.767695], [4.811929, 45.767583], [4.812036, 45.767457], [4.812083, 45.767431], [4.812318, 45.767385], [4.812396, 45.767394], [4.812595, 45.767467], [4.812684, 45.767512], [4.813023, 45.767852], [4.812943, 45.768007], [4.812831, 45.768171], [4.812722, 45.768358], [4.812673, 45.768525], [4.812639, 45.768721], [4.812598, 45.769012], [4.812677, 45.76902], [4.812718, 45.769024], [4.81275, 45.769027], [4.812764, 45.769029], [4.812796, 45.769032], [4.812809, 45.769034], [4.812697, 45.769721], [4.812641, 45.769913], [4.812635, 45.769935], [4.812631, 45.769948], [4.812628, 45.76996], [4.812625, 45.769972], [4.812621, 45.769989], [4.812612, 45.770022], [4.812609, 45.770034], [4.812606, 45.770043], [4.812604, 45.770051], [4.812594, 45.770089], [4.812638, 45.770082], [4.812774, 45.770089], [4.81291, 45.770109], [4.813915, 45.770285], [4.814009, 45.770353], [4.814025, 45.770391], [4.814013, 45.7705], [4.813993, 45.770578], [4.813783, 45.771321], [4.813829, 45.771328], [4.813879, 45.771335], [4.81392, 45.771342], [4.813952, 45.771345], [4.813977, 45.771347], [4.81408, 45.771353], [4.814124, 45.771342], [4.814273, 45.771233], [4.814626, 45.771428], [4.814891, 45.771611], [4.814905, 45.771602], [4.814914, 45.771591], [4.814934, 45.771531], [4.814943, 45.771465], [4.814975, 45.771427], [4.815037, 45.771405], [4.815192, 45.771413], [4.815422, 45.771559], [4.815503, 45.771583], [4.815594, 45.771516], [4.815713, 45.771455], [4.815855, 45.771403], [4.815948, 45.771385], [4.815968, 45.77138], [4.815994, 45.77138], [4.816019, 45.77138], [4.816032, 45.771377], [4.816271, 45.77135], [4.816306, 45.771357], [4.81633, 45.771362], [4.816366, 45.771373], [4.816383, 45.771378], [4.816419, 45.771397], [4.816549, 45.771465], [4.816624, 45.771563], [4.816649, 45.771564], [4.816661, 45.771602], [4.816912, 45.771779], [4.817747, 45.772043], [4.817846, 45.772075], [4.817919, 45.772098], [4.817969, 45.772114], [4.817989, 45.77212], [4.818074, 45.772143], [4.818542, 45.772273], [4.818612, 45.772291], [4.818673, 45.772309], [4.818751, 45.772332], [4.818784, 45.772342], [4.818803, 45.772347], [4.819427, 45.772537], [4.819474, 45.772552], [4.819502, 45.77256], [4.820436, 45.772845], [4.820531, 45.772878], [4.820541, 45.772883], [4.820563, 45.772891], [4.820582, 45.772902], [4.820589, 45.772905], [4.820609, 45.772911], [4.820795, 45.772971], [4.821021, 45.773036], [4.821176, 45.773081], [4.821362, 45.773126], [4.821385, 45.773132], [4.821391, 45.773134], [4.821447, 45.77315], [4.821502, 45.773165], [4.821507, 45.773167], [4.821553, 45.773178], [4.822186, 45.773386], [4.82232, 45.773426], [4.822356, 45.773436], [4.822397, 45.773449], [4.823402, 45.773753], [4.82345, 45.773768], [4.823497, 45.773782], [4.823572, 45.773804], [4.823636, 45.773824], [4.823714, 45.77384], [4.823696, 45.773897], [4.823691, 45.773945], [4.823796, 45.774248], [4.823804, 45.774269], [4.823824, 45.774279], [4.823836, 45.774311], [4.823846, 45.774344], [4.823858, 45.774384], [4.823864, 45.774415], [4.823872, 45.774436], [4.82398, 45.774698], [4.824074, 45.774858], [4.824051, 45.774872], [4.824026, 45.774888], [4.824058, 45.774912], [4.824026, 45.774888], [4.824051, 45.774872], [4.824074, 45.774858], [4.824316, 45.775043], [4.82436, 45.775063], [4.824387, 45.775075], [4.824406, 45.775092], [4.824421, 45.775105], [4.824435, 45.775125], [4.825574, 45.774796], [4.825579, 45.774802], [4.825596, 45.774796], [4.825636, 45.774782], [4.825655, 45.774776], [4.82568, 45.774765], [4.825705, 45.774743], [4.826745, 45.774549], [4.826753, 45.774547], [4.826814, 45.774489], [4.826946, 45.774491], [4.827063, 45.774491], [4.827147, 45.774495], [4.827153, 45.774519], [4.827156, 45.77453], [4.827816, 45.774535], [4.827841, 45.77454], [4.827872, 45.77454], [4.827901, 45.77454], [4.827927, 45.774536], [4.828545, 45.774539], [4.828606, 45.774533], [4.828637, 45.774531], [4.828665, 45.77453], [4.828706, 45.774527], [4.828723, 45.774526], [4.828728, 45.77454], [4.829262, 45.774538], [4.829275, 45.774531], [4.829331, 45.774545], [4.829348, 45.774531], [4.829363, 45.77452], [4.829387, 45.774502], [4.829414, 45.774486], [4.829406, 45.774484], [4.829437, 45.774308], [4.829414, 45.774282], [4.830573, 45.774372], [4.830676, 45.774368], [4.830731, 45.774379], [4.830795, 45.774395], [4.830852, 45.774409], [4.830873, 45.774416], [4.830965, 45.7744], [4.831503, 45.774426], [4.831541, 45.774428], [4.831569, 45.774429], [4.831564, 45.774418], [4.831584, 45.774398], [4.832111, 45.774439], [4.832357, 45.774459], [4.832374, 45.77446], [4.832398, 45.774479], [4.832413, 45.774506], [4.832412, 45.774545], [4.832482, 45.774547], [4.832529, 45.774548], [4.832579, 45.77455], [4.832662, 45.774545], [4.833085, 45.774575], [4.833164, 45.774616], [4.833232, 45.774656], [4.833295, 45.774694], [4.833316, 45.774708], [4.833381, 45.77474], [4.833408, 45.774716], [4.833443, 45.774684], [4.833472, 45.774658], [4.833477, 45.774654], [4.83357, 45.774661], [4.834735, 45.774748], [4.834741, 45.774786], [4.83527, 45.77483], [4.835321, 45.774834], [4.835576, 45.774856], [4.835606, 45.774859], [4.835638, 45.774829], [4.83572, 45.774754], [4.835729, 45.77476], [4.835777, 45.774798], [4.835844, 45.774748], [4.835956, 45.774775], [4.836017, 45.774775], [4.836298, 45.774762], [4.83633, 45.774743], [4.836319, 45.774682], [4.836317, 45.774672], [4.836315, 45.774662], [4.836278, 45.774489], [4.836268, 45.774439], [4.836395, 45.774402], [4.836429, 45.774393], [4.836439, 45.77439], [4.836542, 45.77436], [4.836563, 45.774355], [4.836736, 45.774308], [4.836476, 45.774026], [4.836501, 45.774016], [4.836507, 45.774012], [4.836543, 45.774031], [4.836592, 45.774035], [4.837138, 45.773897], [4.837148, 45.773876], [4.837117, 45.77383], [4.837126, 45.773826], [4.837139, 45.773821], [4.837192, 45.773883], [4.837208, 45.773877], [4.837163, 45.773828], [4.837166, 45.773815], [4.837112, 45.773783], [4.8371, 45.773768], [4.837118, 45.773763], [4.837123, 45.773768], [4.837159, 45.773793], [4.837207, 45.773795], [4.837476, 45.773713], [4.837645, 45.773691], [4.837826, 45.773636], [4.83785, 45.773629], [4.837882, 45.773623], [4.837916, 45.773617], [4.838093, 45.773745], [4.838121, 45.773757], [4.838155, 45.773772], [4.838198, 45.773805], [4.838254, 45.773848], [4.838279, 45.773831], [4.838303, 45.773817], [4.838328, 45.773803], [4.838391, 45.773791], [4.838443, 45.773782], [4.838521, 45.773767], [4.838555, 45.773761], [4.83859, 45.773754], [4.838616, 45.773749], [4.838622, 45.773748], [4.83865, 45.773743], [4.838686, 45.773736], [4.838715, 45.77373], [4.838787, 45.773889], [4.838809, 45.773883], [4.838813, 45.77389], [4.838875, 45.77401], [4.838878, 45.774015], [4.838905, 45.774008], [4.839442, 45.775041], [4.838905, 45.774008], [4.838878, 45.774015], [4.838875, 45.77401], [4.838813, 45.77389], [4.838809, 45.773883], [4.838787, 45.773889], [4.838715, 45.77373], [4.838686, 45.773736], [4.83865, 45.773743], [4.838622, 45.773748], [4.838616, 45.773749], [4.83859, 45.773754], [4.838555, 45.773761], [4.838521, 45.773767], [4.838443, 45.773782], [4.838391, 45.773791], [4.838328, 45.773803], [4.838303, 45.773817], [4.838279, 45.773831], [4.838254, 45.773848], [4.838198, 45.773805], [4.838155, 45.773772], [4.838121, 45.773757], [4.838093, 45.773745], [4.837916, 45.773617], [4.837837, 45.773557], [4.837724, 45.773389], [4.837701, 45.773397], [4.837686, 45.773402], [4.837552, 45.773202], [4.837345, 45.772895], [4.837332, 45.772874], [4.837317, 45.772851], [4.8373, 45.772824], [4.837279, 45.772792], [4.836859, 45.772821], [4.836845, 45.772805], [4.836834, 45.772737], [4.836812, 45.772596], [4.836815, 45.77258], [4.836882, 45.772551], [4.836893, 45.772539], [4.836954, 45.772521], [4.836977, 45.772502], [4.836991, 45.772477], [4.836989, 45.772432], [4.837023, 45.772406], [4.836997, 45.772364], [4.836965, 45.77231], [4.836931, 45.772156], [4.83692, 45.772108], [4.836778, 45.77155], [4.836765, 45.7715], [4.836759, 45.771478], [4.836752, 45.771448], [4.83663, 45.770969], [4.836624, 45.77087], [4.836633, 45.770827], [4.836662, 45.770602], [4.836653, 45.770562], [4.836606, 45.770521], [4.836617, 45.770514], [4.836651, 45.770491], [4.836677, 45.77047], [4.836704, 45.770448], [4.836393, 45.770247], [4.83642, 45.770214], [4.836412, 45.770211], [4.836393, 45.770203], [4.836368, 45.770192], [4.836364, 45.770191], [4.836348, 45.770191], [4.836234, 45.770095], [4.836093, 45.769957], [4.836001, 45.769873], [4.835962, 45.769803], [4.835949, 45.769807], [4.835916, 45.769816], [4.835907, 45.769801], [4.835853, 45.769717], [4.835812, 45.769689], [4.835817, 45.769671], [4.835847, 45.769554], [4.835808, 45.769525], [4.835672, 45.769421], [4.835587, 45.769356], [4.835332, 45.769164], [4.835252, 45.769108], [4.835144, 45.769031], [4.834838, 45.768801], [4.834621, 45.768618], [4.83454, 45.76855], [4.834504, 45.768519], [4.834493, 45.768509], [4.834459, 45.768477], [4.834237, 45.768281], [4.834217, 45.768247], [4.834209, 45.768157], [4.834185, 45.767871], [4.83419, 45.767843], [4.834156, 45.767828], [4.834109, 45.767809], [4.834172, 45.767553], [4.834197, 45.767452], [4.834218, 45.767366], [4.8342, 45.767325], [4.834343, 45.767298], [4.834359, 45.767248], [4.834267, 45.767239], [4.83424, 45.767236], [4.834328, 45.766721], [4.834334, 45.766695], [4.834301, 45.766161], [4.834292, 45.766149], [4.834293, 45.766126], [4.834295, 45.766109], [4.834295, 45.76609], [4.834293, 45.766062], [4.834256, 45.765431], [4.834255, 45.765412], [4.834255, 45.765397], [4.834257, 45.76538], [4.834257, 45.765374], [4.834231, 45.76496], [4.834228, 45.764938], [4.834229, 45.764918], [4.834224, 45.764883], [4.834222, 45.764852], [4.834209, 45.764514], [4.8342, 45.764266], [4.834199, 45.76425], [4.834198, 45.764234], [4.834198, 45.764223], [4.834198, 45.764211], [4.83419, 45.764199], [4.834179, 45.76418], [4.83416, 45.76386], [4.834159, 45.763849], [4.834159, 45.763839], [4.834156, 45.763812], [4.834154, 45.763785], [4.834153, 45.763772], [4.834137, 45.763438], [4.834127, 45.763411], [4.834125, 45.763402], [4.834126, 45.763368], [4.834127, 45.763332], [4.834124, 45.76331], [4.834122, 45.763294], [4.834111, 45.762965], [4.83411, 45.762946], [4.834109, 45.762921], [4.834108, 45.762892], [4.834105, 45.762874], [4.834069, 45.762133], [4.834061, 45.762106], [4.834051, 45.762076], [4.834051, 45.762063], [4.834053, 45.762048], [4.834046, 45.762019], [4.834045, 45.761732], [4.83403, 45.761694], [4.834027, 45.761686], [4.834027, 45.761665], [4.834028, 45.761649], [4.834023, 45.761619], [4.833992, 45.761146], [4.833975, 45.761145], [4.833482, 45.761135], [4.833467, 45.761134], [4.833431, 45.761133], [4.833401, 45.761133], [4.83337, 45.761131], [4.833282, 45.761128], [4.833278, 45.761025], [4.833278, 45.76102], [4.833278, 45.761018], [4.833278, 45.761015], [4.833246, 45.760898], [4.833229, 45.760854], [4.833219, 45.760833], [4.833157, 45.760695], [4.833103, 45.760534], [4.833101, 45.760528], [4.833097, 45.760517], [4.833088, 45.760495], [4.833085, 45.760485], [4.833068, 45.76042], [4.833039, 45.76038], [4.832966, 45.760247], [4.832958, 45.760211], [4.832874, 45.759909], [4.832883, 45.759873], [4.832795, 45.759589], [4.832789, 45.759566], [4.832785, 45.75955], [4.832779, 45.759528], [4.832775, 45.759507], [4.832465, 45.758465], [4.832454, 45.758456], [4.832438, 45.758443], [4.832421, 45.758412], [4.832396, 45.758369], [4.83239, 45.758358], [4.832361, 45.758309], [4.831734, 45.758487], [4.831685, 45.75839], [4.831695, 45.758387], [4.831788, 45.758362], [4.831826, 45.758351], [4.831788, 45.758283], [4.832152, 45.758176], [4.831955, 45.75781]]}, "properties": {"heading": 324, "length_km": 10.879, "retrace": 0.16}}, {"type": "Feature", "geometry": {"type": "LineString", "coordinates": [[4.831955, 45.75781], [4.832152, 45.758176], [4.831788, 45.758283], [4.831826, 45.758351], [4.831788, 45.758362], [4.831695, 45.758387], [4.831685, 45.75839], [4.831734, 45.758487], [4.831335, 45.758593], [4.831181, 45.758637], [4.830953, 45.758709], [4.83093, 45.758721], [4.830899, 45.758736], [4.830866, 45.758746], [4.830821, 45.758759], [4.830801, 45.758764], [4.830748, 45.75878], [4.830721, 45.758788], [4.830699, 45.758794], [4.830669, 45.758818], [4.830032, 45.759], [4.83002, 45.758998], [4.830007, 45.758996], [4.829979, 45.759004], [4.829957, 45.759012], [4.829937, 45.759019], [4.829612, 45.759141], [4.82958, 45.759143], [4.829569, 45.759147], [4.82956, 45.759151], [4.829534, 45.759162], [4.829462, 45.759192], [4.829427, 45.759207], [4.829398, 45.7592], [4.829377, 45.759194], [4.829339, 45.759187], [4.829312, 45.759182], [4.829048, 45.759286], [4.828242, 45.759518], [4.827964, 45.759572], [4.827944, 45.759577], [4.827892, 45.759559], [4.827873, 45.759542], [4.827867, 45.759544], [4.827851, 45.759551], [4.827838, 45.759557], [4.827829, 45.759561], [4.827819, 45.759565], [4.827782, 45.759582], [4.827749, 45.759597], [4.827661, 45.759627], [4.827361, 45.759703], [4.827348, 45.759711], [4.827327, 45.759718], [4.827304, 45.759725], [4.827258, 45.759739], [4.826651, 45.759915], [4.826595, 45.759934], [4.826547, 45.759942], [4.826478, 45.759769], [4.826432, 45.759778], [4.826352, 45.759793], [4.826313, 45.759798], [4.826098, 45.759771], [4.825772, 45.759718], [4.825594, 45.759683], [4.825518, 45.75952], [4.825505, 45.759488], [4.825384, 45.759408], [4.824921, 45.759032], [4.824885, 45.759005], [4.82459, 45.758685], [4.824472, 45.758556], [4.824439, 45.75852], [4.824341, 45.758467], [4.824082, 45.758388], [4.823825, 45.758292], [4.823768, 45.758229], [4.823724, 45.758158], [4.82356, 45.757817], [4.823528, 45.757789], [4.823483, 45.757764], [4.823407, 45.757747], [4.823138, 45.757706], [4.822715, 45.757755], [4.822598, 45.757766], [4.822435, 45.757767], [4.822335, 45.757758], [4.822124, 45.757714], [4.822018, 45.757678], [4.82192, 45.757629], [4.821814, 45.757561], [4.821781, 45.757531], [4.821745, 45.7575], [4.821708, 45.757484], [4.821602, 45.757386], [4.821592, 45.757377], [4.821574, 45.757385], [4.821438, 45.757254], [4.821398, 45.757279], [4.821184, 45.757118], [4.82115, 45.75709], [4.821086, 45.757043], [4.82102, 45.757001], [4.820946, 45.75695], [4.820924, 45.756934], [4.820871, 45.756913], [4.820846, 45.756914], [4.820807, 45.75692], [4.820803, 45.75692], [4.820799, 45.756921], [4.820797, 45.75691], [4.820779, 45.756892], [4.820757, 45.756873], [4.820572, 45.756719], [4.820456, 45.756663], [4.820251, 45.756544], [4.820093, 45.756462], [4.819787, 45.756334], [4.819719, 45.75631], [4.819262, 45.756154], [4.819232, 45.756144], [4.819069, 45.756093], [4.818974, 45.756073], [4.818924, 45.756067], [4.818764, 45.756051], [4.818724, 45.756029], [4.818653, 45.756024], [4.818557, 45.756023], [4.817649, 45.756216], [4.817599, 45.756227], [4.817525, 45.756244], [4.81741, 45.756279], [4.817332, 45.756309], [4.816989, 45.75647], [4.816873, 45.756517], [4.816743, 45.756597], [4.816272, 45.756822], [4.816172, 45.756881], [4.816091, 45.756918], [4.816113, 45.756939], [4.816121, 45.756949], [4.815985, 45.757024], [4.815855, 45.757086], [4.815814, 45.75711], [4.815768, 45.757137], [4.815735, 45.757157], [4.815682, 45.75718], [4.815303, 45.757339], [4.815291, 45.757361], [4.815281, 45.757365], [4.815234, 45.757384], [4.815174, 45.757408], [4.815166, 45.757413], [4.815095, 45.757406], [4.815014, 45.757438], [4.814918, 45.757475], [4.813898, 45.758013], [4.813902, 45.758016], [4.813892, 45.758021], [4.813862, 45.758035], [4.813841, 45.758045], [4.813832, 45.758048], [4.813602, 45.758167], [4.81342, 45.75827], [4.813212, 45.758363], [4.813147, 45.758414], [4.813012, 45.758516], [4.812589, 45.758674], [4.812321, 45.75877], [4.812246, 45.758773], [4.81191, 45.758786], [4.811872, 45.758826], [4.811867, 45.758831], [4.811852, 45.758871], [4.811867, 45.759069], [4.811385, 45.75947], [4.811078, 45.759724], [4.810736, 45.760009], [4.810682, 45.760031], [4.810604, 45.760094], [4.810572, 45.760125], [4.810571, 45.76015], [4.810562, 45.760158], [4.810533, 45.760184], [4.810509, 45.760205], [4.810499, 45.760213], [4.810477, 45.760211], [4.810424, 45.760239], [4.810341, 45.760308], [4.810246, 45.760388], [4.809735, 45.760769], [4.809468, 45.760964], [4.809338, 45.761101], [4.808896, 45.761576], [4.808844, 45.761631], [4.808747, 45.761767], [4.80851, 45.762109], [4.808344, 45.762368], [4.808144, 45.762615], [4.808086, 45.76269], [4.808006, 45.762789], [4.807935, 45.762877], [4.807539, 45.763354], [4.807339, 45.763597], [4.806755, 45.764433], [4.806606, 45.764669], [4.806197, 45.765384], [4.806163, 45.765428], [4.806018, 45.765567], [4.805672, 45.765837], [4.805632, 45.765895], [4.805607, 45.765971], [4.805595, 45.76605], [4.805584, 45.76615], [4.805581, 45.766164], [4.805577, 45.766197], [4.805588, 45.766322], [4.805541, 45.766527], [4.80553, 45.766575], [4.805524, 45.766678], [4.805537, 45.767056], [4.805542, 45.767081], [4.805532, 45.767305], [4.805511, 45.76764], [4.805488, 45.76806], [4.80565, 45.768066], [4.805661, 45.768066], [4.80568, 45.768128], [4.805736, 45.76813], [4.806212, 45.768152], [4.80629, 45.768163], [4.806348, 45.768184], [4.806393, 45.768208], [4.80642, 45.768227], [4.806444, 45.768245], [4.806516, 45.768315], [4.806609, 45.768405], [4.806683, 45.768477], [4.806709, 45.768501], [4.806733, 45.768523], [4.807302, 45.769087], [4.80733, 45.769188], [4.807324, 45.769305], [4.80732, 45.769384], [4.807312, 45.769484], [4.807281, 45.770244], [4.807303, 45.770313], [4.80732, 45.770362], [4.807318, 45.770382], [4.807317, 45.770405], [4.807328, 45.770466], [4.807333, 45.770508], [4.807296, 45.770837], [4.807364, 45.77089], [4.80743, 45.770944], [4.807461, 45.770997], [4.807468, 45.771055], [4.80748, 45.771055], [4.807479, 45.771073], [4.807479, 45.771094], [4.807756, 45.771101], [4.807786, 45.771153], [4.807846, 45.771381], [4.807837, 45.771527], [4.807827, 45.771684], [4.807833, 45.772], [4.807815, 45.77208], [4.807807, 45.772117], [4.807791, 45.772152], [4.807783, 45.77217], [4.807771, 45.77219], [4.807854, 45.772218], [4.807874, 45.772257], [4.807809, 45.772488], [4.807786, 45.772566], [4.807701, 45.772762], [4.807712, 45.772765], [4.807763, 45.772778], [4.807798, 45.772787], [4.807806, 45.772789], [4.80777, 45.772858], [4.807709, 45.772981], [4.807693, 45.773014], [4.807688, 45.773053], [4.8077, 45.773071], [4.807698, 45.773075], [4.807686, 45.773088], [4.807675, 45.773102], [4.807666, 45.773126], [4.807658, 45.773147], [4.807652, 45.773154], [4.807907, 45.773274], [4.807948, 45.773307], [4.808042, 45.773382], [4.808008, 45.773416], [4.807977, 45.773446], [4.80797, 45.773453], [4.807962, 45.77346], [4.808537, 45.773734], [4.808551, 45.773756], [4.808571, 45.773783], [4.808583, 45.773795], [4.808596, 45.773809], [4.808607, 45.77382], [4.808653, 45.773815], [4.80869, 45.773824], [4.80872, 45.773853], [4.808745, 45.773877], [4.808764, 45.773894], [4.808781, 45.773911], [4.80889, 45.774015], [4.808852, 45.774058], [4.808812, 45.77408], [4.808704, 45.774206], [4.808619, 45.774308], [4.808265, 45.774799], [4.808302, 45.774807], [4.808323, 45.774811], [4.808359, 45.774818], [4.808586, 45.774825], [4.808618, 45.774825], [4.808649, 45.774825], [4.808663, 45.774828], [4.808668, 45.774856], [4.80869, 45.774856], [4.808704, 45.774855], [4.808752, 45.774852], [4.80889, 45.774838], [4.810469, 45.774695], [4.810707, 45.774672], [4.810736, 45.774668], [4.810829, 45.774656], [4.811018, 45.774623], [4.810994, 45.774592], [4.811941, 45.77451], [4.812381, 45.77447], [4.812477, 45.774474], [4.812583, 45.774417], [4.812622, 45.774356], [4.812633, 45.774305], [4.812635, 45.774244], [4.812593, 45.774176], [4.81261, 45.774165], [4.812637, 45.774148], [4.812665, 45.77413], [4.812685, 45.774118], [4.812719, 45.774096], [4.812745, 45.77408], [4.812755, 45.774074], [4.812953, 45.774107], [4.812986, 45.774113], [4.813116, 45.774133], [4.813902, 45.774081], [4.813944, 45.774073], [4.814021, 45.774057], [4.814147, 45.774018], [4.814249, 45.773968], [4.814389, 45.773858], [4.81456, 45.773566], [4.814648, 45.773395], [4.814834, 45.773048], [4.814989, 45.772736], [4.815007, 45.772664], [4.815021, 45.77241], [4.815, 45.772301], [4.814911, 45.772086], [4.814811, 45.771887], [4.8148, 45.771844], [4.814806, 45.771794], [4.814828, 45.771739], [4.814852, 45.771704], [4.81484, 45.771682], [4.814877, 45.771628], [4.814891, 45.771611], [4.814905, 45.771602], [4.814914, 45.771591], [4.814934, 45.771531], [4.814943, 45.771465], [4.814975, 45.771427], [4.815037, 45.771405], [4.815192, 45.771413], [4.815422, 45.771559], [4.815503, 45.771583], [4.815594, 45.771516], [4.815713, 45.771455], [4.815855, 45.771403], [4.815948, 45.771385], [4.815968, 45.77138], [4.815994, 45.77138], [4.816019, 45.77138], [4.816032, 45.771377], [4.816271, 45.77135], [4.816306, 45.771357], [4.81633, 45.771362], [4.816366, 45.771373], [4.816383, 45.771378], [4.816419, 45.771397], [4.816549, 45.771465], [4.816624, 45.771563], [4.816649, 45.771564], [4.816661, 45.771602], [4.816912, 45.771779], [4.817747, 45.772043], [4.817712, 45.772159], [4.817493, 45.772266], [4.817386, 45.772223], [4.817302, 45.772238], [4.816964, 45.772423], [4.816964, 45.772423], [4.817302, 45.772238], [4.817386, 45.772223], [4.817493, 45.772266], [4.817712, 45.772159], [4.817747, 45.772043], [4.817846, 45.772075], [4.817919, 45.772098], [4.817969, 45.772114], [4.817989, 45.77212], [4.818074, 45.772143], [4.818542, 45.772273], [4.818612, 45.772291], [4.818673, 45.772309], [4.818751, 45.772332], [4.818784, 45.772342], [4.818803, 45.772347], [4.819427, 45.772537], [4.819474, 45.772552], [4.819502, 45.77256], [4.820436, 45.772845], [4.820531, 45.772878], [4.820541, 45.772883], [4.820563, 45.772891], [4.820582, 45.772902], [4.820589, 45.772905], [4.820609, 45.772911], [4.820795, 45.772971], [4.821021, 45.773036], [4.821176, 45.773081], [4.821362, 45.773126], [4.821385, 45.773132], [4.821391, 45.773134], [4.821447, 45.77315], [4.821502, 45.773165], [4.821507, 45.773167], [4.821553, 45.773178], [4.822186, 45.773386], [4.82232, 45.773426], [4.822356, 45.773436], [4.822397, 45.773449], [4.823402, 45.773753], [4.82345, 45.773768], [4.823497, 45.773782], [4.823572, 45.773804], [4.823636, 45.773824], [4.823714, 45.77384], [4.824809, 45.773928], [4.82503, 45.773941], [4.825041, 45.773941], [4.825082, 45.773944], [4.825116, 45.773947], [4.82517, 45.773949], [4.825175, 45.77395], [4.825179, 45.77395], [4.826908, 45.774083], [4.826932, 45.774084], [4.826984, 45.774089], [4.827042, 45.774093], [4.827122, 45.774099], [4.827611, 45.774136], [4.827817, 45.774151], [4.828551, 45.774206], [4.828583, 45.774209], [4.828615, 45.774211], [4.828662, 45.774216], [4.829072, 45.774252], [4.829414, 45.774282], [4.829437, 45.774308], [4.829406, 45.774484], [4.829414, 45.774486], [4.829491, 45.7745], [4.830022, 45.774915], [4.830053, 45.77494], [4.830096, 45.774987], [4.830096, 45.775032], [4.830096, 45.775059], [4.830095, 45.775079], [4.830092, 45.775124], [4.830115, 45.775136], [4.830122, 45.775151], [4.830156, 45.77515], [4.830208, 45.775147], [4.830258, 45.775144], [4.830293, 45.775144], [4.830353, 45.775221], [4.830381, 45.77523], [4.830758, 45.775354], [4.83077, 45.775358], [4.830795, 45.775333], [4.831004, 45.775329], [4.83179, 45.775305], [4.831828, 45.775293], [4.831882, 45.775306], [4.832207, 45.775312], [4.832221, 45.775377], [4.832214, 45.775402], [4.832233, 45.775787], [4.832247, 45.77606], [4.832323, 45.776058], [4.832347, 45.776058], [4.832371, 45.776057], [4.832397, 45.776056], [4.832397, 45.776071], [4.832409, 45.776073], [4.832464, 45.776077], [4.832867, 45.776055], [4.832891, 45.776088], [4.832958, 45.776075], [4.832987, 45.776107], [4.833016, 45.776095], [4.833034, 45.776088], [4.833085, 45.776114], [4.833611, 45.775904], [4.833744, 45.775851], [4.834587, 45.775506], [4.834611, 45.775482], [4.834662, 45.775432], [4.834688, 45.775412], [4.834723, 45.775385], [4.834733, 45.775378], [4.834748, 45.775382], [4.834824, 45.775402], [4.834919, 45.775391], [4.834946, 45.775379], [4.834958, 45.775372], [4.834991, 45.775355], [4.835193, 45.775197], [4.835606, 45.774859], [4.835638, 45.774829], [4.83572, 45.774754], [4.835729, 45.77476], [4.835777, 45.774798], [4.835844, 45.774748], [4.835956, 45.774775], [4.836017, 45.774775], [4.836298, 45.774762], [4.83633, 45.774743], [4.836319, 45.774682], [4.836317, 45.774672], [4.836315, 45.774662], [4.836278, 45.774489], [4.836268, 45.774439], [4.836395, 45.774402], [4.836429, 45.774393], [4.836439, 45.77439], [4.836542, 45.77436], [4.836563, 45.774355], [4.836736, 45.774308], [4.836476, 45.774026], [4.836501, 45.774016], [4.836507, 45.774012], [4.836543, 45.774031], [4.836592, 45.774035], [4.837138, 45.773897], [4.837148, 45.773876], [4.837117, 45.77383], [4.837126, 45.773826], [4.837139, 45.773821], [4.837192, 45.773883], [4.837208, 45.773877], [4.837163, 45.773828], [4.837166, 45.773815], [4.837112, 45.773783], [4.8371, 45.773768], [4.837118, 45.773763], [4.837123, 45.773768], [4.837159, 45.773793], [4.837207, 45.773795], [4.837476, 45.773713], [4.837645, 45.773691], [4.837826, 45.773636], [4.83785, 45.773629], [4.837882, 45.773623], [4.837916, 45.773617], [4.83794, 45.773613], [4.838027, 45.773605], [4.838089, 45.7736], [4.838124, 45.773597], [4.838156, 45.773595], [4.83818, 45.773593], [4.838232, 45.773587], [4.838245, 45.773569], [4.838194, 45.773287], [4.838152, 45.773058], [4.838126, 45.772914], [4.838117, 45.7729], [4.838109, 45.772861], [4.838105, 45.77284], [4.838099, 45.772799], [4.838089, 45.772773], [4.838106, 45.772771], [4.838432, 45.772741], [4.838476, 45.77274], [4.838546, 45.772738], [4.838547, 45.772685], [4.838561, 45.772651], [4.838604, 45.772622], [4.838672, 45.772602], [4.838767, 45.772594], [4.840833, 45.772431], [4.840895, 45.772426], [4.840943, 45.772422], [4.840983, 45.772427], [4.841068, 45.772464], [4.841085, 45.772487], [4.841107, 45.772485], [4.841152, 45.772483], [4.8412, 45.77248], [4.841217, 45.77248], [4.841263, 45.772477], [4.841311, 45.772475], [4.841359, 45.772472], [4.841375, 45.772439], [4.842067, 45.7725], [4.842089, 45.772502], [4.842102, 45.772504], [4.842154, 45.772509], [4.842226, 45.772515], [4.842247, 45.772516], [4.842675, 45.772554], [4.8427, 45.772564], [4.842747, 45.772568], [4.842778, 45.772563], [4.84289, 45.772575], [4.842916, 45.772584], [4.842983, 45.772602], [4.843063, 45.77261], [4.843129, 45.772616], [4.843215, 45.772611], [4.843278, 45.772607], [4.8441, 45.772687], [4.844194, 45.772692], [4.844241, 45.772689], [4.844283, 45.772693], [4.844345, 45.772698], [4.844359, 45.772708], [4.845226, 45.772786], [4.845253, 45.772788], [4.845307, 45.772793], [4.845374, 45.772798], [4.845403, 45.772801], [4.846458, 45.772899], [4.846485, 45.772902], [4.846559, 45.772908], [4.846609, 45.772912], [4.846639, 45.772916], [4.846653, 45.772895], [4.84666, 45.772858], [4.846665, 45.772833], [4.846668, 45.772819], [4.846673, 45.772789], [4.846679, 45.772759], [4.846673, 45.772728], [4.847344, 45.772791], [4.847373, 45.772766], [4.847411, 45.772596], [4.84746, 45.772348], [4.847144, 45.772318], [4.84746, 45.772348], [4.847483, 45.77222], [4.847551, 45.771831], [4.847467, 45.771817], [4.846841, 45.771763], [4.846857, 45.771737], [4.846863, 45.77171], [4.846879, 45.771631], [4.846881, 45.771624], [4.846875, 45.771577], [4.846902, 45.771434], [4.846984, 45.771018], [4.846944, 45.771017], [4.846914, 45.771014], [4.846868, 45.771009], [4.846832, 45.770995], [4.846828, 45.770971], [4.846833, 45.770952], [4.846839, 45.770931], [4.846852, 45.770904], [4.846834, 45.770906], [4.845816, 45.770805], [4.84578, 45.770798], [4.845774, 45.770778], [4.84584, 45.770427], [4.845801, 45.770426], [4.845759, 45.770423], [4.845729, 45.770421], [4.845685, 45.770415], [4.844814, 45.770329], [4.844817, 45.770316], [4.844824, 45.770284], [4.84483, 45.770255], [4.844831, 45.770242], [4.844816, 45.770241], [4.844923, 45.769651], [4.8449, 45.769649], [4.844853, 45.769644], [4.844802, 45.769639], [4.844783, 45.769638], [4.844781, 45.769625], [4.844771, 45.769618], [4.844773, 45.769608], [4.844779, 45.769578], [4.844783, 45.769555], [4.844788, 45.76953], [4.843902, 45.769447], [4.843872, 45.769431], [4.843837, 45.769413], [4.843729, 45.769403], [4.843619, 45.769392], [4.843593, 45.769389], [4.843704, 45.768876], [4.84303, 45.768805], [4.842964, 45.768809], [4.842937, 45.76881], [4.842872, 45.768805], [4.842802, 45.7688], [4.842762, 45.768796], [4.842768, 45.768763], [4.842732, 45.768752], [4.842187, 45.768572], [4.842198, 45.768544], [4.842198, 45.768515], [4.842182, 45.768485], [4.842159, 45.768463], [4.842128, 45.768446], [4.842051, 45.768435], [4.842018, 45.768441], [4.842021, 45.76835], [4.841983, 45.768347], [4.84188, 45.768337], [4.841835, 45.768334], [4.841627, 45.768319], [4.841578, 45.768315], [4.841565, 45.768314], [4.841459, 45.768306], [4.84136, 45.768298], [4.841344, 45.768297], [4.841301, 45.768296], [4.841364, 45.767756], [4.84136, 45.767743], [4.841354, 45.767687], [4.84135, 45.76765], [4.841349, 45.767637], [4.84135, 45.767625], [4.841317, 45.767607], [4.841277, 45.767605], [4.841227, 45.767602], [4.841193, 45.7676], [4.841176, 45.767599], [4.84109, 45.767592], [4.841168, 45.767009], [4.841235, 45.7667], [4.84125, 45.766575], [4.841332, 45.76579], [4.841338, 45.765739], [4.841087, 45.765707], [4.838538, 45.765465], [4.838467, 45.765458], [4.83847, 45.765424], [4.838469, 45.765367], [4.838473, 45.765123], [4.838492, 45.765099], [4.838459, 45.765099], [4.838405, 45.765099], [4.838347, 45.765098], [4.838199, 45.765095], [4.838119, 45.765094], [4.83807, 45.765093], [4.838025, 45.765091], [4.838025, 45.765073], [4.838025, 45.765069], [4.838024, 45.765032], [4.838023, 45.765004], [4.838023, 45.764986], [4.838046, 45.763694], [4.838048, 45.763633], [4.838048, 45.76359], [4.838048, 45.763554], [4.838048, 45.763514], [4.838048, 45.763459], [4.838045, 45.763414], [4.83804, 45.763296], [4.838039, 45.763273], [4.838038, 45.763227], [4.838036, 45.763175], [4.838038, 45.763146], [4.837962, 45.763153], [4.837755, 45.762938], [4.837643, 45.762805], [4.837594, 45.762747], [4.837622, 45.762702], [4.837574, 45.762688], [4.837544, 45.762651], [4.837531, 45.762635], [4.837526, 45.762627], [4.837455, 45.762532], [4.837238, 45.762244], [4.83719, 45.762179], [4.837177, 45.76216], [4.837168, 45.762147], [4.837166, 45.76214], [4.83714, 45.762123], [4.837093, 45.762065], [4.837011, 45.761964], [4.837014, 45.761886], [4.836959, 45.761886], [4.836927, 45.761884], [4.836911, 45.761884], [4.836884, 45.761841], [4.836766, 45.761668], [4.836742, 45.761639], [4.836421, 45.761204], [4.836395, 45.761143], [4.836388, 45.761117], [4.836386, 45.76111], [4.83638, 45.761086], [4.836373, 45.761061], [4.836327, 45.761063], [4.836306, 45.761038], [4.836053, 45.760716], [4.835925, 45.76072], [4.835928, 45.760681], [4.835926, 45.760635], [4.835926, 45.760622], [4.835912, 45.760281], [4.835912, 45.76027], [4.835872, 45.760222], [4.835806, 45.760226], [4.83576, 45.760195], [4.83575, 45.760188], [4.835734, 45.760186], [4.835563, 45.760165], [4.835472, 45.760008], [4.835185, 45.75951], [4.83503, 45.759267], [4.83466, 45.758624], [4.834343, 45.758132], [4.834213, 45.758011], [4.834176, 45.758019], [4.833939, 45.758066], [4.833919, 45.758082], [4.833908, 45.758083], [4.833839, 45.758096], [4.833784, 45.758107], [4.833768, 45.758111], [4.833739, 45.758105], [4.833248, 45.758231], [4.83324, 45.758235], [4.833201, 45.758251], [4.833166, 45.75826], [4.83313, 45.758269], [4.833119, 45.758272], [4.832561, 45.758424], [4.832553, 45.758412], [4.832536, 45.758381], [4.832509, 45.758337], [4.832457, 45.758352], [4.832396, 45.758369], [4.83239, 45.758358], [4.832361, 45.758309], [4.831734, 45.758487], [4.831685, 45.75839], [4.831695, 45.758387], [4.831788, 45.758362], [4.831826, 45.758351], [4.831788, 45.758283], [4.832152, 45.758176], [4.831955, 45.75781]]}, "properties": {"heading": 342, "length_km": 11.041, "retrace": 0.039}}]}